{
  "ablation": "no_tempo_canon",
  "full_pipeline": {
    "vss_temporal": 0.2365886060127203,
    "vss_pitch": 5.200017799653295,
    "vss_velocity": 0.45434485667409596,
    "vss": 1.963650420780037,
    "wvss": 0.46783843367862715,
    "same_symbol_rc": 0.8612750875287278,
    "vss_temporal_per_section": [
      0.299754631098446,
      0.159923942689857,
      0.35789121371354005,
      0.3031529766380172,
      0.23280800685241093,
      0.30036215143130773,
      0.2184044236642529,
      0.28767707253927943
    ],
    "rc_per_section": [
      0.8457142857142858,
      0.7872744935002991,
      0.8753072853072854,
      0.8940822140822141,
      0.8767062277261308,
      0.8653072853072854,
      0.8795225635741808,
      0.8461253561253561
    ]
  },
  "ablated": {
    "vss_temporal": 0.04970889365828875,
    "vss_pitch": 3.1743800649001344,
    "vss_velocity": 0.4100305990826061,
    "vss": 1.211373185880343,
    "wvss": 0.4123104472182859,
    "same_symbol_rc": 0.7060003189109373,
    "vss_temporal_per_section": [
      0.06274804729140725,
      0.08792193681586435,
      0.0,
      0.07805235639058845,
      0.09799234752290732,
      0.02489725650435256,
      0.08245723267885216,
      0.0
    ],
    "rc_per_section": [
      0.5827582758275827,
      0.7838379872468315,
      0.5827582758275827,
      0.7525252525252525,
      0.8702872517336693,
      0.702020202020202,
      0.87971449042004,
      0.702020202020202
    ]
  },
  "comparison": {
    "pct_change_vss_temporal": -78.9893120822496,
    "pct_change_rc": -18.02847555515895,
    "section_level": {
      "vss_temporal_full_mean": 0.2699968023283889,
      "vss_temporal_full_std": 0.062227404018021536,
      "vss_temporal_ablated_mean": 0.05425864715049651,
      "vss_temporal_ablated_std": 0.04005231793041343,
      "vss_temporal_U": 64.0,
      "vss_temporal_p": 0.0001554001554001554,
      "vss_temporal_r": -1.0,
      "rc_full_mean": 0.8587549639171297,
      "rc_full_std": 0.0332898351346834,
      "rc_ablated_mean": 0.7319902422026703,
      "rc_ablated_std": 0.11363799532170145,
      "rc_U": 53.0,
      "rc_p": 0.028127428127428127,
      "rc_r": -0.65625
    }
  }
}