onset_time,pitch,velocity,voice_id,duration,base_ioi,raw_pitch,raw_velocity,tempo_ratio,trigger_time,compensation_ms
0.0,40,50,0,0.225,0.25,63.97371322408986,400.0,1.0,-0.022179863147605082,22.179863147605083
0.0,48,50,2,0.225,0.25,59.89202220209653,400.0,1.0,-0.022179863147605082,22.179863147605083
0.0,72,50,3,0.225,0.25,62.74894631654769,400.0,1.0,-0.022179863147605082,22.179863147605083
0.25,24,50,0,0.225,0.25,58.893885590630525,400.0,1.0,0.2278201368523949,22.179863147605083
0.25,48,50,1,0.225,0.25,62.51397866076219,400.0,1.0,0.2278201368523949,22.179863147605083
0.25,52,50,2,0.225,0.25,51.538312568352794,400.0,1.0,0.2278201368523949,22.179863147605083
0.25,55,50,3,0.225,0.25,45.895678757098125,400.0,1.0,0.2278201368523949,22.179863147605083
0.5,40,50,0,0.225,0.25,65.18150830480553,400.0,1.0,0.47782013685239494,22.179863147605083
0.5,67,50,2,0.225,0.25,66.5803592968255,400.0,1.0,0.47782013685239494,22.179863147605083
0.5,72,50,3,0.225,0.25,62.592671755158364,400.0,1.0,0.47782013685239494,22.179863147605083
0.75,48,50,0,0.225,0.25,72.1842388512642,400.0,1.0,0.7278201368523949,22.179863147605083
0.75,36,50,1,0.225,0.25,48.701570389317666,400.0,1.0,0.7278201368523949,22.179863147605083
0.75,67,50,3,0.225,0.25,56.91934175666947,400.0,1.0,0.7278201368523949,22.179863147605083
1.0,24,50,0,0.225,0.25,58.12677300221331,400.0,1.0,0.9778201368523949,22.179863147605083
1.0,48,50,1,0.225,0.25,71.72519015137243,400.0,1.0,0.9778201368523949,22.179863147605083
1.0,60,50,2,0.225,0.25,61.670908760038046,400.0,1.0,0.9778201368523949,22.179863147605083
1.0,67,50,3,0.225,0.25,54.58462399755233,400.0,1.0,0.9778201368523949,22.179863147605083
1.25,24,50,0,0.225,0.25,58.126904344406555,400.0,1.0,1.2278201368523949,22.179863147605083
1.25,36,50,1,0.225,0.25,58.19378959610771,400.0,1.0,1.2278201368523949,22.179863147605083
1.25,43,50,2,0.225,0.25,44.322639008961794,400.0,1.0,1.2278201368523949,22.179863147605083
1.25,76,50,3,0.225,0.25,64.89341031072695,400.0,1.0,1.2278201368523949,22.179863147605083
1.5,48,50,0,0.225,0.25,72.63370252405913,400.0,1.0,1.4778201368523949,22.179863147605083
1.5,79,50,3,0.225,0.25,68.2479961799676,400.0,1.0,1.4778201368523949,22.179863147605083
1.75,43,50,0,0.225,0.25,66.13947783322327,400.0,1.0,1.7278201368523949,22.179863147605083
1.75,36,50,1,0.225,0.25,48.60201451029235,400.0,1.0,1.7278201368523949,22.179863147605083
1.75,60,50,2,0.225,0.25,61.57488988695299,400.0,1.0,1.7278201368523949,22.179863147605083
1.75,79,50,3,0.225,0.25,67.45024095292959,400.0,1.0,1.7278201368523949,22.179863147605083
2.0,31,50,0,0.225,0.25,56.24420491252038,400.0,1.0,1.9778201368523949,22.179863147605083
2.0,43,50,1,0.225,0.25,55.64493820379854,400.0,1.0,1.9778201368523949,22.179863147605083
2.0,64,50,2,0.225,0.25,65.90773263996329,400.0,1.0,1.9778201368523949,22.179863147605083
2.25,40,50,0,0.225,0.25,64.34048034868772,400.0,1.0,2.227820136852395,22.179863147605083
2.25,48,50,1,0.225,0.25,60.88738071767893,400.0,1.0,2.227820136852395,22.179863147605083
2.25,60,50,2,0.225,0.25,61.37094624951976,400.0,1.0,2.227820136852395,22.179863147605083
2.25,67,50,3,0.225,0.25,57.52630099319028,400.0,1.0,2.227820136852395,22.179863147605083
2.5,31,50,0,0.225,0.25,56.2926584575003,400.0,1.0,2.477820136852395,22.179863147605083
2.5,36,50,1,0.225,0.25,50.79205138062158,400.0,1.0,2.477820136852395,22.179863147605083
2.5,48,50,2,0.225,0.25,59.07481374089408,400.0,1.0,2.477820136852395,22.179863147605083
2.5,72,50,3,0.225,0.25,62.650107451228514,400.0,1.0,2.477820136852395,22.179863147605083
2.75,31,50,0,0.225,0.25,56.27416197143795,400.0,1.0,2.727820136852395,22.179863147605083
2.75,52,50,1,0.225,0.25,63.00558414676537,400.0,1.0,2.727820136852395,22.179863147605083
2.75,55,50,2,0.225,0.25,57.59117043528569,400.0,1.0,2.727820136852395,22.179863147605083
2.75,79,50,3,0.225,0.25,67.80436101697887,400.0,1.0,2.727820136852395,22.179863147605083
3.0,36,50,0,0.225,0.25,61.93569817252828,400.0,1.0,2.977820136852395,22.179863147605083
3.0,43,50,1,0.225,0.25,55.19489048064956,400.0,1.0,2.977820136852395,22.179863147605083
3.0,48,50,2,0.225,0.25,48.17182407706058,400.0,1.0,2.977820136852395,22.179863147605083
3.0,67,50,3,0.225,0.25,56.16660609723768,400.0,1.0,2.977820136852395,22.179863147605083
3.25,21,50,0,0.225,0.25,44.69375804273761,400.0,1.0,3.227820136852395,22.179863147605083
3.25,43,50,1,0.225,0.25,57.666450001653786,400.0,1.0,3.227820136852395,22.179863147605083
3.25,55,50,2,0.225,0.25,54.24124633284233,400.0,1.0,3.227820136852395,22.179863147605083
3.25,60,50,3,0.225,0.25,58.51472818668946,400.0,1.0,3.227820136852395,22.179863147605083
3.5,21,50,0,0.225,0.25,46.20065733989574,400.0,1.0,3.477820136852395,22.179863147605083
3.5,43,50,1,0.225,0.25,55.186347102164824,400.0,1.0,3.477820136852395,22.179863147605083
3.5,55,50,2,0.225,0.25,56.3148898323217,400.0,1.0,3.477820136852395,22.179863147605083
3.5,64,50,3,0.225,0.25,51.149320207951774,400.0,1.0,3.477820136852395,22.179863147605083
3.75,31,50,0,0.225,0.25,55.50169976607222,400.0,1.0,3.727820136852395,22.179863147605083
3.75,60,50,1,0.225,0.25,74.8182254760715,400.0,1.0,3.727820136852395,22.179863147605083
3.75,67,50,2,0.225,0.25,68.45697780975132,400.0,1.0,3.727820136852395,22.179863147605083
4.0,99,56,2,0.45,0.5,99.0,455.9958552316202,1.0,3.978758553274682,21.241446725317694
4.0,70,59,3,0.45,0.5,70.0,477.7126463324693,1.0,3.979227761485826,20.772238514174
4.0,36,60,3,0.45,0.5,36.0,485.0207422505641,1.0,3.979384164222874,20.6158357771261
4.0,51,63,2,0.45,0.5,51.0,511.9359181470231,1.0,3.9798533724340177,20.146627565982406
4.0,76,63,1,0.45,0.5,76.0,508.53090687387225,1.0,3.9798533724340177,20.146627565982406
4.0,84,63,1,0.45,0.5,84.0,511.4487626171151,1.0,3.9798533724340177,20.146627565982406
4.0,39,64,2,0.45,0.5,39.0,519.8172156650306,1.0,3.9800097751710655,19.990224828934508
4.0,104,64,1,0.45,0.5,104.0,513.2853843950447,1.0,3.9800097751710655,19.990224828934508
4.0,37,65,0,0.45,0.5,37.0,522.4663894043056,1.0,3.9801661779081132,19.83382209188661
4.0,57,68,0,0.45,0.5,57.0,550.6567517796674,1.0,3.980635386119257,19.364613880742915
4.0,68,70,1,0.45,0.5,68.0,563.4460703167457,1.0,3.980948191593353,19.05180840664712
4.0,80,70,0,0.45,0.5,80.0,561.1735601023386,1.0,3.980948191593353,19.05180840664712
4.0,86,70,2,0.45,0.5,86.0,564.3254974231805,1.0,3.980948191593353,19.05180840664712
4.0,93,70,0,0.45,0.5,93.0,567.5509042171107,1.0,3.980948191593353,19.05180840664712
4.0,78,72,3,0.45,0.5,78.0,583.9062623136937,1.0,3.981260997067449,18.73900293255132
4.0,97,72,1,0.45,0.5,97.0,579.4133282904495,1.0,3.981260997067449,18.73900293255132
4.0,30,74,1,0.45,0.5,30.0,599.2619850055427,1.0,3.9815738025415444,18.426197458455523
4.0,54,75,3,0.45,0.5,54.0,607.6894948584571,1.0,3.9817302052785926,18.269794721407624
4.0,66,75,0,0.45,0.5,66.0,600.9144345740137,1.0,3.9817302052785926,18.269794721407624
4.0,28,79,0,0.45,0.5,28.0,633.9820964186644,1.0,3.982355816226784,17.64418377321603
4.0,74,81,0,0.45,0.5,74.0,653.6336032382065,1.0,3.98266862170088,17.331378299120235
4.0,87,81,3,0.45,0.5,87.0,655.6121798533966,1.0,3.98266862170088,17.331378299120235
4.0,89,81,1,0.45,0.5,89.0,652.6448161334696,1.0,3.98266862170088,17.331378299120235
4.0,77,82,2,0.45,0.5,77.0,662.0548215961735,1.0,3.9828250244379277,17.174975562072337
4.0,105,82,2,0.45,0.5,105.0,661.7640845511145,1.0,3.9828250244379277,17.174975562072337
4.0,69,83,2,0.45,0.5,69.0,664.9086732629106,1.0,3.9829814271749755,17.01857282502444
4.0,32,84,2,0.45,0.5,32.0,676.7296838706404,1.0,3.9831378299120233,16.86217008797654
4.0,38,84,1,0.45,0.5,38.0,677.3140855889249,1.0,3.9831378299120233,16.86217008797654
4.0,61,85,3,0.45,0.5,61.0,687.3589415635379,1.0,3.9832942326490715,16.705767350928642
4.0,58,86,1,0.45,0.5,58.0,692.3162608341953,1.0,3.983450635386119,16.549364613880744
4.0,88,88,0,0.45,0.5,88.0,704.3860610918658,1.0,3.983763440860215,16.236559139784944
4.0,100,89,3,0.45,0.5,100.0,719.072725611364,1.0,3.983919843597263,16.080156402737046
4.0,107,90,3,0.45,0.5,107.0,721.7070796980111,1.0,3.9840762463343107,15.923753665689148
4.0,102,91,0,0.45,0.5,102.0,729.9396814264487,1.0,3.984232649071359,15.76735092864125
4.0,41,92,3,0.45,0.5,41.0,738.4015718932678,1.0,3.9843890518084066,15.610948191593351
4.0,44,92,0,0.45,0.5,44.0,740.5205305878188,1.0,3.9843890518084066,15.610948191593351
4.0,46,92,1,0.45,0.5,46.0,739.2325753491903,1.0,3.9843890518084066,15.610948191593351
4.0,90,92,2,0.45,0.5,90.0,736.3886524417105,1.0,3.9843890518084066,15.610948191593351
4.0,60,96,2,0.45,0.5,60.0,770.6604953678462,1.0,3.985014662756598,14.985337243401759
4.0,91,106,3,0.45,0.5,91.0,853.9162716269333,1.0,3.9865786901270774,13.421309872922777
4.5,72,50,1,0.45,0.5,72.0,400.9400450422636,1.0,4.477820136852395,22.179863147605083
4.5,51,51,3,0.45,0.5,51.0,411.96874115474435,1.0,4.477976539589442,22.023460410557185
4.5,21,52,0,0.45,0.5,21.0,419.81120309934397,1.0,4.478132942326491,21.867057673509287
4.5,23,55,2,0.45,0.5,23.0,444.8566055909348,1.0,4.478602150537634,21.397849462365592
4.5,33,55,0,0.45,0.5,33.0,443.94429275627306,1.0,4.478602150537634,21.397849462365592
4.5,90,55,2,0.45,0.5,90.0,445.1171320175908,1.0,4.478602150537634,21.397849462365592
4.5,63,58,1,0.45,0.5,63.0,470.87838868638175,1.0,4.4790713587487785,20.928641251221897
4.5,69,58,0,0.45,0.5,69.0,469.20857003306253,1.0,4.4790713587487785,20.928641251221897
4.5,36,59,2,0.45,0.5,36.0,479.9868262269837,1.0,4.479227761485826,20.772238514174
4.5,77,64,2,0.45,0.5,77.0,514.24511143389,1.0,4.480009775171066,19.990224828934508
4.5,26,65,0,0.45,0.5,26.0,526.7048864956276,1.0,4.480166177908114,19.83382209188661
4.5,64,65,2,0.45,0.5,64.0,523.4490634192662,1.0,4.480166177908114,19.83382209188661
4.5,84,66,1,0.45,0.5,84.0,532.2584332285244,1.0,4.480322580645161,19.67741935483871
4.5,108,67,3,0.45,0.5,108.0,540.7117267539645,1.0,4.480478983382209,19.521016617790814
4.5,24,68,3,0.45,0.5,24.0,548.9506780422404,1.0,4.480635386119257,19.364613880742915
4.5,30,68,2,0.45,0.5,30.0,544.4055102225383,1.0,4.480635386119257,19.364613880742915
4.5,57,68,1,0.45,0.5,57.0,548.9055532713038,1.0,4.480635386119257,19.364613880742915
4.5,103,69,1,0.45,0.5,103.0,553.7074577936352,1.0,4.480791788856305,19.208211143695017
4.5,62,70,0,0.45,0.5,62.0,562.547844090953,1.0,4.4809481915933524,19.05180840664712
4.5,93,70,3,0.45,0.5,93.0,565.6870935895902,1.0,4.4809481915933524,19.05180840664712
4.5,31,73,3,0.45,0.5,31.0,587.2265171536114,1.0,4.481417399804497,18.58260019550342
4.5,60,73,3,0.45,0.5,60.0,584.876403450777,1.0,4.481417399804497,18.58260019550342
4.5,44,76,0,0.45,0.5,44.0,614.9833716339598,1.0,4.48188660801564,18.113391984359726
4.5,46,76,1,0.45,0.5,46.0,614.0907368071322,1.0,4.48188660801564,18.113391984359726
4.5,106,76,2,0.45,0.5,106.0,608.6565814522555,1.0,4.48188660801564,18.113391984359726
4.5,29,77,1,0.45,0.5,29.0,619.5346472546972,1.0,4.4820430107526885,17.956989247311828
4.5,97,77,0,0.45,0.5,97.0,618.3855514409559,1.0,4.4820430107526885,17.956989247311828
4.5,101,77,3,0.45,0.5,101.0,622.6848821980786,1.0,4.4820430107526885,17.956989247311828
4.5,49,79,2,0.45,0.5,49.0,635.4419585119663,1.0,4.482355816226784,17.64418377321603
4.5,22,80,1,0.45,0.5,22.0,646.7717077498116,1.0,4.482512218963832,17.487781036168133
4.5,67,80,3,0.45,0.5,67.0,642.2313761664064,1.0,4.482512218963832,17.487781036168133
4.5,99,82,1,0.45,0.5,99.0,657.7897135098834,1.0,4.482825024437927,17.174975562072337
4.5,78,85,3,0.45,0.5,78.0,684.0005376622429,1.0,4.4832942326490715,16.705767350928642
4.5,52,87,0,0.45,0.5,52.0,696.6392001972417,1.0,4.483607038123167,16.392961876832846
4.5,43,90,3,0.45,0.5,43.0,720.1380444217691,1.0,4.484076246334311,15.923753665689148
4.5,59,90,2,0.45,0.5,59.0,721.0398633136639,1.0,4.484076246334311,15.923753665689148
4.5,102,95,0,0.45,0.5,102.0,765.5461625378921,1.0,4.48485826001955,15.141739980449657
4.5,83,97,0,0.45,0.5,83.0,778.1291077026367,1.0,4.485171065493646,14.82893450635386
4.5,35,100,1,0.45,0.5,35.0,800.0348089106103,1.0,4.48564027370479,14.359726295210166
4.5,100,101,2,0.45,0.5,100.0,813.4641248007408,1.0,4.485796676441837,14.203323558162268
5.0,74,48,0,0.45,0.5,74.0,390.99822513697205,1.0,4.977507331378299,22.49266862170088
5.0,107,49,2,0.45,0.5,107.0,396.2924065027861,1.0,4.977663734115347,22.33626588465298
5.0,51,52,0,0.45,0.5,51.0,420.7954899864785,1.0,4.978132942326491,21.867057673509287
5.0,61,60,3,0.45,0.5,61.0,480.3339530786478,1.0,4.979384164222874,20.6158357771261
5.0,25,66,0,0.45,0.5,25.0,533.0797271818788,1.0,4.980322580645161,19.67741935483871
5.0,65,66,2,0.45,0.5,65.0,530.0853421908083,1.0,4.980322580645161,19.67741935483871
5.0,102,66,0,0.45,0.5,102.0,533.5772556695578,1.0,4.980322580645161,19.67741935483871
5.0,45,67,1,0.45,0.5,45.0,538.6905317091622,1.0,4.980478983382209,19.521016617790814
5.0,35,68,0,0.45,0.5,35.0,547.681190641289,1.0,4.980635386119257,19.364613880742915
5.0,28,69,3,0.45,0.5,28.0,556.0482124525723,1.0,4.980791788856305,19.208211143695017
5.0,29,69,0,0.45,0.5,29.0,559.2084647228704,1.0,4.980791788856305,19.208211143695017
5.0,56,69,1,0.45,0.5,56.0,555.3226488210092,1.0,4.980791788856305,19.208211143695017
5.0,88,69,2,0.45,0.5,88.0,556.669659309744,1.0,4.980791788856305,19.208211143695017
5.0,101,69,3,0.45,0.5,101.0,552.2618269424679,1.0,4.980791788856305,19.208211143695017
5.0,42,71,0,0.45,0.5,42.0,572.8959537711457,1.0,4.981104594330401,18.89540566959922
5.0,80,71,2,0.45,0.5,80.0,569.0907490803078,1.0,4.981104594330401,18.89540566959922
5.0,38,72,2,0.45,0.5,38.0,576.0775202130245,1.0,4.981260997067449,18.73900293255132
5.0,66,74,3,0.45,0.5,66.0,599.1182953754193,1.0,4.981573802541544,18.426197458455523
5.0,33,75,2,0.45,0.5,33.0,601.2146509073225,1.0,4.981730205278592,18.269794721407624
5.0,91,77,3,0.45,0.5,91.0,620.3822727527468,1.0,4.9820430107526885,17.956989247311828
5.0,31,78,1,0.45,0.5,31.0,626.1623055972466,1.0,4.982199413489736,17.80058651026393
5.0,94,81,0,0.45,0.5,94.0,655.9109202614527,1.0,4.9826686217008795,17.331378299120235
5.0,85,82,0,0.45,0.5,85.0,661.3841341475425,1.0,4.982825024437927,17.174975562072337
5.0,64,83,1,0.45,0.5,64.0,666.7056103469791,1.0,4.982981427174976,17.01857282502444
5.0,62,84,0,0.45,0.5,62.0,677.0678329523112,1.0,4.983137829912024,16.86217008797654
5.0,41,85,3,0.45,0.5,41.0,685.3974711067856,1.0,4.9832942326490715,16.705767350928642
5.0,81,85,3,0.45,0.5,81.0,680.3813051376259,1.0,4.9832942326490715,16.705767350928642
5.0,97,85,1,0.45,0.5,97.0,687.2541591430479,1.0,4.9832942326490715,16.705767350928642
5.0,34,86,3,0.45,0.5,34.0,693.0934083974079,1.0,4.983450635386119,16.549364613880744
5.0,37,86,1,0.45,0.5,37.0,694.9142987780998,1.0,4.983450635386119,16.549364613880744
5.0,50,88,3,0.45,0.5,50.0,706.5227082546918,1.0,4.983763440860215,16.236559139784944
5.0,26,89,1,0.45,0.5,26.0,716.1937317746774,1.0,4.983919843597263,16.080156402737046
5.0,99,89,2,0.45,0.5,99.0,715.4354338408924,1.0,4.983919843597263,16.080156402737046
5.0,58,90,2,0.45,0.5,58.0,720.4922921778574,1.0,4.984076246334311,15.923753665689148
5.0,87,91,1,0.45,0.5,87.0,735.7880788099988,1.0,4.984232649071359,15.76735092864125
5.0,105,92,1,0.45,0.5,105.0,736.0111366248171,1.0,4.984389051808407,15.610948191593351
5.0,27,94,2,0.45,0.5,27.0,755.2859775839325,1.0,4.984701857282502,15.298142717497555
5.0,108,94,3,0.45,0.5,108.0,757.0032280542672,1.0,4.984701857282502,15.298142717497555
5.0,76,97,1,0.45,0.5,76.0,777.0431516566719,1.0,4.985171065493646,14.82893450635386
5.0,46,98,2,0.45,0.5,46.0,791.2317639839971,1.0,4.985327468230694,14.672531769305962
5.5,75,31,2,0.45,0.5,75.0,252.18307863634436,1.0,5.474848484848485,25.151515151515152
5.5,22,59,0,0.45,0.5,22.0,476.82692324901745,1.0,5.479227761485826,20.772238514174
5.5,71,63,3,0.45,0.5,71.0,506.3754971722044,1.0,5.479853372434017,20.146627565982406
5.5,70,64,2,0.45,0.5,70.0,515.1479300612086,1.0,5.480009775171066,19.990224828934508
5.5,66,65,0,0.45,0.5,66.0,526.0381230570648,1.0,5.480166177908114,19.83382209188661
5.5,32,66,3,0.45,0.5,32.0,532.2213907006616,1.0,5.480322580645161,19.67741935483871
5.5,44,66,2,0.45,0.5,44.0,530.5854046492506,1.0,5.480322580645161,19.67741935483871
5.5,62,66,2,0.45,0.5,62.0,535.5724819832052,1.0,5.480322580645161,19.67741935483871
5.5,68,66,1,0.45,0.5,68.0,535.075272166629,1.0,5.480322580645161,19.67741935483871
5.5,85,67,2,0.45,0.5,85.0,543.6741388539637,1.0,5.480478983382209,19.521016617790814
5.5,79,68,0,0.45,0.5,79.0,548.2087744194366,1.0,5.480635386119257,19.364613880742915
5.5,27,69,3,0.45,0.5,27.0,555.2571975741862,1.0,5.480791788856305,19.208211143695017
5.5,42,70,1,0.45,0.5,42.0,562.4989371630186,1.0,5.4809481915933524,19.05180840664712
5.5,90,70,1,0.45,0.5,90.0,561.0089608990222,1.0,5.4809481915933524,19.05180840664712
5.5,73,71,1,0.45,0.5,73.0,574.2097835456457,1.0,5.481104594330401,18.89540566959922
5.5,77,71,3,0.45,0.5,77.0,573.1736938050487,1.0,5.481104594330401,18.89540566959922
5.5,29,74,1,0.45,0.5,29.0,598.6222044732808,1.0,5.481573802541544,18.426197458455523
5.5,101,75,2,0.45,0.5,101.0,605.4070874260486,1.0,5.481730205278592,18.269794721407624
5.5,46,76,3,0.45,0.5,46.0,610.9860073043249,1.0,5.48188660801564,18.113391984359726
5.5,24,77,1,0.45,0.5,24.0,618.9584920160589,1.0,5.4820430107526885,17.956989247311828
5.5,50,77,3,0.45,0.5,50.0,619.3278061849386,1.0,5.4820430107526885,17.956989247311828
5.5,94,77,0,0.45,0.5,94.0,623.3465796480243,1.0,5.4820430107526885,17.956989247311828
5.5,49,78,2,0.45,0.5,49.0,631.9537578868715,1.0,5.482199413489736,17.80058651026393
5.5,104,78,3,0.45,0.5,104.0,624.0351156077478,1.0,5.482199413489736,17.80058651026393
5.5,28,79,0,0.45,0.5,28.0,634.061525128836,1.0,5.482355816226784,17.64418377321603
5.5,47,79,0,0.45,0.5,47.0,634.2456918007515,1.0,5.482355816226784,17.64418377321603
5.5,72,79,0,0.45,0.5,72.0,633.3173294839825,1.0,5.482355816226784,17.64418377321603
5.5,93,81,3,0.45,0.5,93.0,652.5211712690948,1.0,5.4826686217008795,17.331378299120235
5.5,60,82,1,0.45,0.5,60.0,660.1053944211536,1.0,5.482825024437927,17.174975562072337
5.5,99,85,1,0.45,0.5,99.0,680.2652255607429,1.0,5.4832942326490715,16.705767350928642
5.5,80,86,1,0.45,0.5,80.0,689.2825364298856,1.0,5.483450635386119,16.549364613880744
5.5,37,89,0,0.45,0.5,37.0,715.3531872007868,1.0,5.483919843597263,16.080156402737046
5.5,91,89,2,0.45,0.5,91.0,714.9623078833082,1.0,5.483919843597263,16.080156402737046
5.5,63,91,3,0.45,0.5,63.0,735.5970385308192,1.0,5.484232649071359,15.76735092864125
5.5,25,92,2,0.45,0.5,25.0,739.9596647852733,1.0,5.484389051808407,15.610948191593351
5.5,30,92,2,0.45,0.5,30.0,737.2377796547246,1.0,5.484389051808407,15.610948191593351
5.5,88,92,0,0.45,0.5,88.0,739.6793578770242,1.0,5.484389051808407,15.610948191593351
5.5,54,94,0,0.45,0.5,54.0,759.6142943901634,1.0,5.484701857282502,15.298142717497555
5.5,48,98,1,0.45,0.5,48.0,791.1529606509428,1.0,5.485327468230694,14.672531769305962
5.5,86,106,3,0.45,0.5,86.0,853.9257791210892,1.0,5.486578690127077,13.421309872922777
6.0,87,46,3,0.45,0.5,87.0,372.2049582189443,1.0,5.977194525904204,22.805474095796676
6.0,56,48,1,0.45,0.5,56.0,388.9300478849822,1.0,5.977507331378299,22.49266862170088
6.0,101,53,2,0.45,0.5,101.0,425.38384413388087,1.0,5.978289345063539,21.71065493646139
6.0,33,54,1,0.45,0.5,33.0,434.0908411612343,1.0,5.978445747800587,21.55425219941349
6.0,81,54,3,0.45,0.5,81.0,436.20059642866113,1.0,5.978445747800587,21.55425219941349
6.0,46,55,2,0.45,0.5,46.0,443.9494085617329,1.0,5.978602150537634,21.397849462365592
6.0,69,55,2,0.45,0.5,69.0,447.6923761119647,1.0,5.978602150537634,21.397849462365592
6.0,44,58,1,0.45,0.5,44.0,470.8963929101885,1.0,5.9790713587487785,20.928641251221897
6.0,59,58,3,0.45,0.5,59.0,469.23429318162425,1.0,5.9790713587487785,20.928641251221897
6.0,32,60,0,0.45,0.5,32.0,483.023156617491,1.0,5.979384164222874,20.6158357771261
6.0,70,60,3,0.45,0.5,70.0,486.4134502492753,1.0,5.979384164222874,20.6158357771261
6.0,22,65,1,0.45,0.5,22.0,521.5488106186698,1.0,5.980166177908114,19.83382209188661
6.0,64,67,1,0.45,0.5,64.0,537.5983271111421,1.0,5.980478983382209,19.521016617790814
6.0,35,68,3,0.45,0.5,35.0,551.1230176544467,1.0,5.980635386119257,19.364613880742915
6.0,55,70,0,0.45,0.5,55.0,565.0216239043148,1.0,5.9809481915933524,19.05180840664712
6.0,84,72,1,0.45,0.5,84.0,580.5748611765965,1.0,5.981260997067449,18.73900293255132
6.0,85,72,2,0.45,0.5,85.0,579.3761041044133,1.0,5.981260997067449,18.73900293255132
6.0,80,74,2,0.45,0.5,80.0,598.8772556620362,1.0,5.981573802541544,18.426197458455523
6.0,94,74,3,0.45,0.5,94.0,592.5492353468827,1.0,5.981573802541544,18.426197458455523
6.0,91,76,1,0.45,0.5,91.0,614.5204060285458,1.0,5.98188660801564,18.113391984359726
6.0,53,77,3,0.45,0.5,53.0,620.6689463001077,1.0,5.9820430107526885,17.956989247311828
6.0,78,77,0,0.45,0.5,78.0,622.5997274094029,1.0,5.9820430107526885,17.956989247311828
6.0,34,78,2,0.45,0.5,34.0,629.3666023609466,1.0,5.982199413489736,17.80058651026393
6.0,40,78,0,0.45,0.5,40.0,625.9921469135729,1.0,5.982199413489736,17.80058651026393
6.0,21,80,0,0.45,0.5,21.0,640.0218970407038,1.0,5.982512218963832,17.487781036168133
6.0,27,80,2,0.45,0.5,27.0,647.1826991266396,1.0,5.982512218963832,17.487781036168133
6.0,65,80,2,0.45,0.5,65.0,640.1560568125999,1.0,5.982512218963832,17.487781036168133
6.0,82,81,0,0.45,0.5,82.0,649.6578158964799,1.0,5.9826686217008795,17.331378299120235
6.0,95,82,0,0.45,0.5,95.0,656.6340130519022,1.0,5.982825024437927,17.174975562072337
6.0,29,83,3,0.45,0.5,29.0,665.1065056670304,1.0,5.982981427174976,17.01857282502444
6.0,90,84,0,0.45,0.5,90.0,679.7484204478314,1.0,5.983137829912024,16.86217008797654
6.0,79,85,1,0.45,0.5,79.0,683.9747437897714,1.0,5.9832942326490715,16.705767350928642
6.0,100,85,1,0.45,0.5,100.0,683.1818176105263,1.0,5.9832942326490715,16.705767350928642
6.0,57,91,2,0.45,0.5,57.0,734.3098818107729,1.0,5.984232649071359,15.76735092864125
6.0,67,93,0,0.45,0.5,67.0,747.9433927828825,1.0,5.984545454545454,15.454545454545453
6.0,66,95,3,0.45,0.5,66.0,764.6949010387185,1.0,5.98485826001955,15.141739980449657
6.0,92,97,2,0.45,0.5,92.0,779.5164556638963,1.0,5.985171065493646,14.82893450635386
6.0,68,99,1,0.45,0.5,68.0,798.6136406226883,1.0,5.985483870967742,14.516129032258064
6.0,61,107,0,0.45,0.5,61.0,857.3324952110432,1.0,5.986735092864125,13.264907135874878
6.0,108,107,3,0.45,0.5,108.0,861.6699946601593,1.0,5.986735092864125,13.264907135874878
6.5,69,47,3,0.45,0.5,69.0,380.3485399167991,1.0,6.477350928641251,22.649071358748778
6.5,28,51,2,0.45,0.5,28.0,413.26481736308904,1.0,6.477976539589442,22.023460410557185
6.5,27,55,1,0.45,0.5,27.0,446.95212568127477,1.0,6.478602150537634,21.397849462365592
6.5,100,56,3,0.45,0.5,100.0,454.77959565291025,1.0,6.478758553274682,21.241446725317694
6.5,104,56,1,0.45,0.5,104.0,449.8835551656913,1.0,6.478758553274682,21.241446725317694
6.5,75,62,2,0.45,0.5,75.0,498.13805518955127,1.0,6.4796969696969695,20.303030303030305
6.5,59,63,1,0.45,0.5,59.0,509.08423829148757,1.0,6.479853372434017,20.146627565982406
6.5,66,63,1,0.45,0.5,66.0,505.26586200578754,1.0,6.479853372434017,20.146627565982406
6.5,36,65,3,0.45,0.5,36.0,523.5208613044549,1.0,6.480166177908114,19.83382209188661
6.5,68,65,2,0.45,0.5,68.0,522.0573804122466,1.0,6.480166177908114,19.83382209188661
6.5,49,68,2,0.45,0.5,49.0,550.3140967327379,1.0,6.480635386119257,19.364613880742915
6.5,79,69,1,0.45,0.5,79.0,552.6411219022891,1.0,6.480791788856305,19.208211143695017
6.5,99,69,2,0.45,0.5,99.0,559.3055766127918,1.0,6.480791788856305,19.208211143695017
6.5,108,69,3,0.45,0.5,108.0,556.0135712384582,1.0,6.480791788856305,19.208211143695017
6.5,105,71,2,0.45,0.5,105.0,573.1165823204824,1.0,6.481104594330401,18.89540566959922
6.5,81,73,3,0.45,0.5,81.0,586.4899692085063,1.0,6.481417399804497,18.58260019550342
6.5,91,73,0,0.45,0.5,91.0,588.8027479405383,1.0,6.481417399804497,18.58260019550342
6.5,45,74,3,0.45,0.5,45.0,596.7669749074886,1.0,6.481573802541544,18.426197458455523
6.5,62,74,3,0.45,0.5,62.0,596.1187717279973,1.0,6.481573802541544,18.426197458455523
6.5,71,75,0,0.45,0.5,71.0,605.5155876418612,1.0,6.481730205278592,18.269794721407624
6.5,80,75,2,0.45,0.5,80.0,602.7264704818879,1.0,6.481730205278592,18.269794721407624
6.5,63,76,0,0.45,0.5,63.0,608.7035228146673,1.0,6.48188660801564,18.113391984359726
6.5,24,78,0,0.45,0.5,24.0,624.2015144067797,1.0,6.482199413489736,17.80058651026393
6.5,52,79,3,0.45,0.5,52.0,638.7844881530466,1.0,6.482355816226784,17.64418377321603
6.5,89,79,3,0.45,0.5,89.0,635.8171845361348,1.0,6.482355816226784,17.64418377321603
6.5,92,79,1,0.45,0.5,92.0,632.6423365070714,1.0,6.482355816226784,17.64418377321603
6.5,85,81,1,0.45,0.5,85.0,651.701573011796,1.0,6.4826686217008795,17.331378299120235
6.5,56,83,0,0.45,0.5,56.0,665.8705125709754,1.0,6.482981427174976,17.01857282502444
6.5,47,85,0,0.45,0.5,47.0,682.8153490390105,1.0,6.4832942326490715,16.705767350928642
6.5,102,85,0,0.45,0.5,102.0,681.3688575956651,1.0,6.4832942326490715,16.705767350928642
6.5,38,86,0,0.45,0.5,38.0,691.6171265604621,1.0,6.483450635386119,16.549364613880744
6.5,48,87,1,0.45,0.5,48.0,700.9894961049661,1.0,6.483607038123167,16.392961876832846
6.5,41,88,1,0.45,0.5,41.0,709.0362911693645,1.0,6.483763440860215,16.236559139784944
6.5,86,89,2,0.45,0.5,86.0,718.1974048621814,1.0,6.483919843597263,16.080156402737046
6.5,78,92,0,0.45,0.5,78.0,741.4251262612413,1.0,6.484389051808407,15.610948191593351
6.5,61,95,2,0.45,0.5,61.0,764.2096171107444,1.0,6.48485826001955,15.141739980449657
6.5,42,96,2,0.45,0.5,42.0,770.5824859337686,1.0,6.4850146627565985,14.985337243401759
6.5,82,96,0,0.45,0.5,82.0,770.6163973397711,1.0,6.4850146627565985,14.985337243401759
6.5,72,106,1,0.45,0.5,72.0,850.5689209641972,1.0,6.486578690127077,13.421309872922777
6.5,77,112,3,0.45,0.5,77.0,897.6196928154973,1.0,6.487517106549364,12.482893450635387
7.0,36,30,3,0.45,0.5,36.0,243.1794700640118,1.0,6.974692082111437,25.30791788856305
7.0,59,47,1,0.45,0.5,59.0,382.5676435913353,1.0,6.977350928641251,22.649071358748778
7.0,70,51,3,0.45,0.5,70.0,411.93082307254883,1.0,6.977976539589442,22.023460410557185
7.0,87,53,2,0.45,0.5,87.0,430.67338252902107,1.0,6.978289345063539,21.71065493646139
7.0,28,62,3,0.45,0.5,28.0,499.937971942706,1.0,6.9796969696969695,20.303030303030305
7.0,90,63,3,0.45,0.5,90.0,509.94671148128566,1.0,6.979853372434017,20.146627565982406
7.0,44,64,0,0.45,0.5,44.0,517.1341963662205,1.0,6.980009775171066,19.990224828934508
7.0,62,65,2,0.45,0.5,62.0,522.9477789165896,1.0,6.980166177908114,19.83382209188661
7.0,98,66,1,0.45,0.5,98.0,528.4024193073794,1.0,6.980322580645161,19.67741935483871
7.0,34,67,2,0.45,0.5,34.0,543.6233557876965,1.0,6.980478983382209,19.521016617790814
7.0,40,67,2,0.45,0.5,40.0,543.228096522431,1.0,6.980478983382209,19.521016617790814
7.0,64,67,3,0.45,0.5,64.0,537.5970706359457,1.0,6.980478983382209,19.521016617790814
7.0,37,70,0,0.45,0.5,37.0,564.3467910055923,1.0,6.9809481915933524,19.05180840664712
7.0,42,72,3,0.45,0.5,42.0,577.8477903315282,1.0,6.981260997067449,18.73900293255132
7.0,50,75,2,0.45,0.5,50.0,606.3633240368555,1.0,6.981730205278592,18.269794721407624
7.0,84,75,0,0.45,0.5,84.0,601.3000506495125,1.0,6.981730205278592,18.269794721407624
7.0,86,75,1,0.45,0.5,86.0,606.1568620625451,1.0,6.981730205278592,18.269794721407624
7.0,68,76,1,0.45,0.5,68.0,614.9005366900325,1.0,6.98188660801564,18.113391984359726
7.0,76,76,0,0.45,0.5,76.0,614.3215452497521,1.0,6.98188660801564,18.113391984359726
7.0,39,77,1,0.45,0.5,39.0,623.8296262121448,1.0,6.9820430107526885,17.956989247311828
7.0,94,77,0,0.45,0.5,94.0,623.0943956388164,1.0,6.9820430107526885,17.956989247311828
7.0,107,77,2,0.45,0.5,107.0,622.7261409134568,1.0,6.9820430107526885,17.956989247311828
7.0,23,78,0,0.45,0.5,23.0,630.3105666100579,1.0,6.982199413489736,17.80058651026393
7.0,102,80,3,0.45,0.5,102.0,646.6782550264862,1.0,6.982512218963832,17.487781036168133
7.0,82,82,3,0.45,0.5,82.0,662.3399438916351,1.0,6.982825024437927,17.174975562072337
7.0,101,83,2,0.45,0.5,101.0,668.8838247032785,1.0,6.982981427174976,17.01857282502444
7.0,108,84,3,0.45,0.5,108.0,674.7980434061916,1.0,6.983137829912024,16.86217008797654
7.0,69,85,2,0.45,0.5,69.0,681.2560596363064,1.0,6.9832942326490715,16.705767350928642
7.0,81,85,2,0.45,0.5,81.0,686.1965085060156,1.0,6.9832942326490715,16.705767350928642
7.0,48,86,1,0.45,0.5,48.0,692.1634718353847,1.0,6.983450635386119,16.549364613880744
7.0,52,86,3,0.45,0.5,52.0,695.1514062942954,1.0,6.983450635386119,16.549364613880744
7.0,104,86,1,0.45,0.5,104.0,695.8253826152571,1.0,6.983450635386119,16.549364613880744
7.0,26,87,2,0.45,0.5,26.0,703.999243982983,1.0,6.983607038123167,16.392961876832846
7.0,79,87,1,0.45,0.5,79.0,697.8292982116258,1.0,6.983607038123167,16.392961876832846
7.0,24,89,1,0.45,0.5,24.0,716.6500829925106,1.0,6.983919843597263,16.080156402737046
7.0,53,90,0,0.45,0.5,53.0,722.2203346207937,1.0,6.984076246334311,15.923753665689148
7.0,103,92,0,0.45,0.5,103.0,736.7370254721993,1.0,6.984389051808407,15.610948191593351
7.0,33,99,1,0.45,0.5,33.0,794.973259560123,1.0,6.985483870967742,14.516129032258064
7.0,32,105,0,0.45,0.5,32.0,842.9847728653968,1.0,6.986422287390029,13.577712609970675
7.0,65,107,0,0.45,0.5,65.0,857.1372359688783,1.0,6.986735092864125,13.264907135874878
7.5,92,54,1,0.45,0.5,92.0,433.90390664840083,1.0,7.478445747800587,21.55425219941349
7.5,63,55,3,0.45,0.5,63.0,442.97752801095436,1.0,7.478602150537634,21.397849462365592
7.5,71,58,1,0.45,0.5,71.0,466.46556412898985,1.0,7.4790713587487785,20.928641251221897
7.5,97,59,1,0.45,0.5,97.0,472.32514241796906,1.0,7.479227761485826,20.772238514174
7.5,98,61,2,0.45,0.5,98.0,491.89434595917373,1.0,7.479540566959922,20.459433040078203
7.5,66,65,0,0.45,0.5,66.0,527.2862824175131,1.0,7.480166177908114,19.83382209188661
7.5,33,66,1,0.45,0.5,33.0,529.6823574874113,1.0,7.480322580645161,19.67741935483871
7.5,21,67,0,0.45,0.5,21.0,542.4362173762227,1.0,7.480478983382209,19.521016617790814
7.5,39,67,0,0.45,0.5,39.0,537.3032942212233,1.0,7.480478983382209,19.521016617790814
7.5,52,67,3,0.45,0.5,52.0,543.7533224105732,1.0,7.480478983382209,19.521016617790814
7.5,67,71,1,0.45,0.5,67.0,575.2481364448495,1.0,7.481104594330401,18.89540566959922
7.5,28,73,3,0.45,0.5,28.0,590.394010027535,1.0,7.481417399804497,18.58260019550342
7.5,35,74,2,0.45,0.5,35.0,596.5011509503038,1.0,7.481573802541544,18.426197458455523
7.5,68,74,2,0.45,0.5,68.0,592.5566570899954,1.0,7.481573802541544,18.426197458455523
7.5,91,74,0,0.45,0.5,91.0,592.9834288541354,1.0,7.481573802541544,18.426197458455523
7.5,103,74,0,0.45,0.5,103.0,596.0444846143345,1.0,7.481573802541544,18.426197458455523
7.5,106,75,2,0.45,0.5,106.0,602.8318376130461,1.0,7.481730205278592,18.269794721407624
7.5,107,75,3,0.45,0.5,107.0,602.9756139495745,1.0,7.481730205278592,18.269794721407624
7.5,23,76,1,0.45,0.5,23.0,612.2009814645362,1.0,7.48188660801564,18.113391984359726
7.5,70,77,0,0.45,0.5,70.0,617.7701000933254,1.0,7.4820430107526885,17.956989247311828
7.5,95,77,3,0.45,0.5,95.0,620.7687687163111,1.0,7.4820430107526885,17.956989247311828
7.5,96,78,0,0.45,0.5,96.0,627.1578837195374,1.0,7.482199413489736,17.80058651026393
7.5,74,79,2,0.45,0.5,74.0,638.0197851005963,1.0,7.482355816226784,17.64418377321603
7.5,90,80,3,0.45,0.5,90.0,645.9180079228437,1.0,7.482512218963832,17.487781036168133
7.5,93,80,2,0.45,0.5,93.0,642.9618219132586,1.0,7.482512218963832,17.487781036168133
7.5,83,81,0,0.45,0.5,83.0,655.979044793104,1.0,7.4826686217008795,17.331378299120235
7.5,53,82,0,0.45,0.5,53.0,663.2407739055521,1.0,7.482825024437927,17.174975562072337
7.5,59,82,2,0.45,0.5,59.0,662.1809962217196,1.0,7.482825024437927,17.174975562072337
7.5,69,82,3,0.45,0.5,69.0,662.0672097550678,1.0,7.482825024437927,17.174975562072337
7.5,77,82,3,0.45,0.5,77.0,661.0585745283823,1.0,7.482825024437927,17.174975562072337
7.5,51,83,2,0.45,0.5,51.0,670.7751935455475,1.0,7.482981427174976,17.01857282502444
7.5,104,83,1,0.45,0.5,104.0,668.1500697372625,1.0,7.482981427174976,17.01857282502444
7.5,85,85,2,0.45,0.5,85.0,683.3922154548904,1.0,7.4832942326490715,16.705767350928642
7.5,55,87,1,0.45,0.5,55.0,697.255444962673,1.0,7.483607038123167,16.392961876832846
7.5,84,88,1,0.45,0.5,84.0,708.0780725554622,1.0,7.483763440860215,16.236559139784944
7.5,99,88,3,0.45,0.5,99.0,705.3152853332904,1.0,7.483763440860215,16.236559139784944
7.5,30,89,0,0.45,0.5,30.0,714.9273326285676,1.0,7.483919843597263,16.080156402737046
7.5,36,97,3,0.45,0.5,36.0,777.080063563551,1.0,7.485171065493646,14.82893450635386
7.5,48,97,1,0.45,0.5,48.0,781.2448557996929,1.0,7.485171065493646,14.82893450635386
7.5,27,107,2,0.45,0.5,27.0,856.0084538268795,1.0,7.486735092864125,13.264907135874878
8.0,42,53,3,0.45,0.5,42.0,429.12323608204207,1.0,7.978289345063539,21.71065493646139
8.0,31,56,3,0.45,0.5,31.0,450.01630886764553,1.0,7.978758553274682,21.241446725317694
8.0,70,56,0,0.45,0.5,70.0,450.61703587857596,1.0,7.978758553274682,21.241446725317694
8.0,84,63,2,0.45,0.5,84.0,509.39642054977253,1.0,7.979853372434017,20.146627565982406
8.0,73,66,1,0.45,0.5,73.0,528.3943879266005,1.0,7.980322580645161,19.67741935483871
8.0,76,67,2,0.45,0.5,76.0,539.537222139827,1.0,7.980478983382209,19.521016617790814
8.0,22,68,1,0.45,0.5,22.0,549.6295519326859,1.0,7.980635386119257,19.364613880742915
8.0,25,69,2,0.45,0.5,25.0,558.4132658588215,1.0,7.980791788856305,19.208211143695017
8.0,82,72,1,0.45,0.5,82.0,579.9287051662716,1.0,7.981260997067449,18.73900293255132
8.0,90,72,0,0.45,0.5,90.0,576.4543277795307,1.0,7.981260997067449,18.73900293255132
8.0,26,73,3,0.45,0.5,26.0,589.5950243200364,1.0,7.981417399804497,18.58260019550342
8.0,47,73,2,0.45,0.5,47.0,591.2891156637611,1.0,7.981417399804497,18.58260019550342
8.0,61,73,2,0.45,0.5,61.0,586.6941915328931,1.0,7.981417399804497,18.58260019550342
8.0,46,74,1,0.45,0.5,46.0,599.6987396816161,1.0,7.981573802541544,18.426197458455523
8.0,78,74,3,0.45,0.5,78.0,596.9049352068065,1.0,7.981573802541544,18.426197458455523
8.0,97,75,3,0.45,0.5,97.0,603.8877607922947,1.0,7.981730205278592,18.269794721407624
8.0,98,75,0,0.45,0.5,98.0,604.3271694744291,1.0,7.981730205278592,18.269794721407624
8.0,29,76,2,0.45,0.5,29.0,609.6545263538775,1.0,7.98188660801564,18.113391984359726
8.0,41,76,2,0.45,0.5,41.0,610.866883106735,1.0,7.98188660801564,18.113391984359726
8.0,93,76,1,0.45,0.5,93.0,610.2128920871033,1.0,7.98188660801564,18.113391984359726
8.0,100,76,2,0.45,0.5,100.0,615.1369474570376,1.0,7.98188660801564,18.113391984359726
8.0,43,77,0,0.45,0.5,43.0,616.9652889470851,1.0,7.9820430107526885,17.956989247311828
8.0,105,80,2,0.45,0.5,105.0,640.941341786913,1.0,7.982512218963832,17.487781036168133
8.0,27,81,0,0.45,0.5,27.0,651.5272852986766,1.0,7.9826686217008795,17.331378299120235
8.0,81,81,0,0.45,0.5,81.0,650.6734662486838,1.0,7.9826686217008795,17.331378299120235
8.0,94,81,2,0.45,0.5,94.0,655.1067745475908,1.0,7.9826686217008795,17.331378299120235
8.0,103,81,0,0.45,0.5,103.0,654.466744431839,1.0,7.9826686217008795,17.331378299120235
8.0,21,82,0,0.45,0.5,21.0,661.8140595280681,1.0,7.982825024437927,17.174975562072337
8.0,32,82,0,0.45,0.5,32.0,663.1446293533937,1.0,7.982825024437927,17.174975562072337
8.0,106,82,3,0.45,0.5,106.0,663.7973270150773,1.0,7.982825024437927,17.174975562072337
8.0,58,83,1,0.45,0.5,58.0,668.3585745201083,1.0,7.982981427174976,17.01857282502444
8.0,101,85,3,0.45,0.5,101.0,686.279698579049,1.0,7.9832942326490715,16.705767350928642
8.0,48,86,3,0.45,0.5,48.0,694.5409899977133,1.0,7.983450635386119,16.549364613880744
8.0,85,87,3,0.45,0.5,85.0,697.485028469613,1.0,7.983607038123167,16.392961876832846
8.0,99,87,1,0.45,0.5,99.0,703.047342043583,1.0,7.983607038123167,16.392961876832846
8.0,28,89,1,0.45,0.5,28.0,719.4181962551069,1.0,7.983919843597263,16.080156402737046
8.0,67,89,3,0.45,0.5,67.0,712.5678784369629,1.0,7.983919843597263,16.080156402737046
8.0,56,92,0,0.45,0.5,56.0,737.8274786335724,1.0,7.984389051808407,15.610948191593351
8.0,104,100,1,0.45,0.5,104.0,801.6887544186916,1.0,7.98564027370479,14.359726295210166
8.0,39,105,1,0.45,0.5,39.0,845.3842174145709,1.0,7.986422287390029,13.577712609970675
8.5,46,51,2,0.45,0.5,46.0,415.3227565528598,1.0,8.477976539589443,22.023460410557185
8.5,21,53,0,0.45,0.5,21.0,429.4913330756275,1.0,8.478289345063539,21.71065493646139
8.5,94,56,0,0.45,0.5,94.0,451.32292172996637,1.0,8.478758553274682,21.241446725317694
8.5,91,57,2,0.45,0.5,91.0,457.3874467330703,1.0,8.47891495601173,21.085043988269796
8.5,90,58,1,0.45,0.5,90.0,465.87253289817136,1.0,8.479071358748778,20.928641251221897
8.5,29,59,1,0.45,0.5,29.0,477.50649498110477,1.0,8.479227761485825,20.772238514174
8.5,72,59,0,0.45,0.5,72.0,478.424662583275,1.0,8.479227761485825,20.772238514174
8.5,70,60,2,0.45,0.5,70.0,483.67794599095964,1.0,8.479384164222873,20.6158357771261
8.5,81,60,3,0.45,0.5,81.0,481.3358482634952,1.0,8.479384164222873,20.6158357771261
8.5,107,62,3,0.45,0.5,107.0,500.4644636075983,1.0,8.47969696969697,20.303030303030305
8.5,55,63,1,0.45,0.5,55.0,507.06678058977263,1.0,8.479853372434018,20.146627565982406
8.5,57,65,2,0.45,0.5,57.0,521.9698346143095,1.0,8.480166177908114,19.83382209188661
8.5,86,66,2,0.45,0.5,86.0,535.002678813653,1.0,8.480322580645161,19.67741935483871
8.5,48,67,3,0.45,0.5,48.0,543.3330587489894,1.0,8.48047898338221,19.521016617790814
8.5,36,68,0,0.45,0.5,36.0,545.7395158241721,1.0,8.480635386119257,19.364613880742915
8.5,44,68,0,0.45,0.5,44.0,551.5690819413632,1.0,8.480635386119257,19.364613880742915
8.5,26,69,3,0.45,0.5,26.0,554.3032676422575,1.0,8.480791788856305,19.208211143695017
8.5,45,70,1,0.45,0.5,45.0,564.5375817066506,1.0,8.480948191593352,19.05180840664712
8.5,82,70,0,0.45,0.5,82.0,562.979057718675,1.0,8.480948191593352,19.05180840664712
8.5,89,72,0,0.45,0.5,89.0,583.8374254537529,1.0,8.481260997067448,18.73900293255132
8.5,28,73,0,0.45,0.5,28.0,588.7008218131914,1.0,8.481417399804496,18.58260019550342
8.5,77,73,2,0.45,0.5,77.0,584.1344504131414,1.0,8.481417399804496,18.58260019550342
8.5,85,75,1,0.45,0.5,85.0,602.330760088587,1.0,8.481730205278593,18.269794721407624
8.5,31,76,2,0.45,0.5,31.0,608.8952272609702,1.0,8.48188660801564,18.113391984359726
8.5,75,76,1,0.45,0.5,75.0,615.4247313734068,1.0,8.48188660801564,18.113391984359726
8.5,96,78,1,0.45,0.5,96.0,631.6426073049083,1.0,8.482199413489736,17.80058651026393
8.5,41,80,2,0.45,0.5,41.0,646.3723857390432,1.0,8.482512218963832,17.487781036168133
8.5,67,80,0,0.45,0.5,67.0,640.2768291993093,1.0,8.482512218963832,17.487781036168133
8.5,102,80,2,0.45,0.5,102.0,644.4655185666959,1.0,8.482512218963832,17.487781036168133
8.5,42,82,3,0.45,0.5,42.0,657.7816890881139,1.0,8.482825024437927,17.174975562072337
8.5,92,82,3,0.45,0.5,92.0,660.6165090611456,1.0,8.482825024437927,17.174975562072337
8.5,64,83,3,0.45,0.5,64.0,664.0189823707124,1.0,8.482981427174975,17.01857282502444
8.5,69,83,1,0.45,0.5,69.0,668.98632497963,1.0,8.482981427174975,17.01857282502444
8.5,40,85,1,0.45,0.5,40.0,687.7101978786293,1.0,8.48329423264907,16.705767350928642
8.5,87,86,3,0.45,0.5,87.0,693.7223621534849,1.0,8.48345063538612,16.549364613880744
8.5,24,89,2,0.45,0.5,24.0,713.660477170456,1.0,8.483919843597263,16.080156402737046
8.5,35,89,3,0.45,0.5,35.0,716.59137153714,1.0,8.483919843597263,16.080156402737046
8.5,53,89,0,0.45,0.5,53.0,716.348545803126,1.0,8.483919843597263,16.080156402737046
8.5,23,92,1,0.45,0.5,23.0,738.2904434464799,1.0,8.484389051808407,15.610948191593351
8.5,71,107,3,0.45,0.5,71.0,856.4057949300346,1.0,8.486735092864125,13.264907135874878
9.0,102,47,2,0.45,0.5,102.0,376.5573557685797,1.0,8.97735092864125,22.649071358748778
9.0,49,51,0,0.45,0.5,49.0,413.5668471690905,1.0,8.977976539589443,22.023460410557185
9.0,62,54,2,0.45,0.5,62.0,436.70477194580167,1.0,8.978445747800587,21.55425219941349
9.0,87,54,2,0.45,0.5,87.0,434.9508789962238,1.0,8.978445747800587,21.55425219941349
9.0,54,55,2,0.45,0.5,54.0,443.81931386045284,1.0,8.978602150537634,21.397849462365592
9.0,72,59,3,0.45,0.5,72.0,474.6191766206743,1.0,8.979227761485825,20.772238514174
9.0,34,60,0,0.45,0.5,34.0,487.2172779498694,1.0,8.979384164222873,20.6158357771261
9.0,21,62,0,0.45,0.5,21.0,496.8423753129842,1.0,8.97969696969697,20.303030303030305
9.0,29,63,2,0.45,0.5,29.0,506.67865923544025,1.0,8.979853372434018,20.146627565982406
9.0,51,63,1,0.45,0.5,51.0,509.83992539644277,1.0,8.979853372434018,20.146627565982406
9.0,80,66,3,0.45,0.5,80.0,531.4389718918192,1.0,8.980322580645161,19.67741935483871
9.0,63,67,3,0.45,0.5,63.0,542.7231575451474,1.0,8.98047898338221,19.521016617790814
9.0,23,68,1,0.45,0.5,23.0,547.070176245378,1.0,8.980635386119257,19.364613880742915
9.0,36,68,2,0.45,0.5,36.0,549.7744283805877,1.0,8.980635386119257,19.364613880742915
9.0,83,71,1,0.45,0.5,83.0,570.8510021006509,1.0,8.9811045943304,18.89540566959922
9.0,27,73,1,0.45,0.5,27.0,590.3371093376779,1.0,8.981417399804496,18.58260019550342
9.0,44,73,1,0.45,0.5,44.0,588.9266570919305,1.0,8.981417399804496,18.58260019550342
9.0,56,73,0,0.45,0.5,56.0,589.4608074562674,1.0,8.981417399804496,18.58260019550342
9.0,91,73,0,0.45,0.5,91.0,584.3269601777474,1.0,8.981417399804496,18.58260019550342
9.0,88,74,3,0.45,0.5,88.0,594.9577148278512,1.0,8.981573802541545,18.426197458455523
9.0,39,77,3,0.45,0.5,39.0,621.1594970380394,1.0,8.982043010752689,17.956989247311828
9.0,68,77,1,0.45,0.5,68.0,617.9274604426685,1.0,8.982043010752689,17.956989247311828
9.0,103,77,3,0.45,0.5,103.0,623.5199828854701,1.0,8.982043010752689,17.956989247311828
9.0,82,79,0,0.45,0.5,82.0,632.3800127605946,1.0,8.982355816226784,17.64418377321603
9.0,79,80,2,0.45,0.5,79.0,640.1625505491473,1.0,8.982512218963832,17.487781036168133
9.0,69,81,2,0.45,0.5,69.0,653.2859892813459,1.0,8.98266862170088,17.331378299120235
9.0,24,82,2,0.45,0.5,24.0,661.8686547847906,1.0,8.982825024437927,17.174975562072337
9.0,35,82,1,0.45,0.5,35.0,656.4277388026736,1.0,8.982825024437927,17.174975562072337
9.0,32,84,3,0.45,0.5,32.0,675.3325760377242,1.0,8.983137829912023,16.86217008797654
9.0,78,84,1,0.45,0.5,78.0,677.7016095757289,1.0,8.983137829912023,16.86217008797654
9.0,47,85,3,0.45,0.5,47.0,687.3158548619149,1.0,8.98329423264907,16.705767350928642
9.0,64,85,0,0.45,0.5,64.0,680.0498241765972,1.0,8.98329423264907,16.705767350928642
9.0,45,86,2,0.45,0.5,45.0,693.2879084328622,1.0,8.98345063538612,16.549364613880744
9.0,43,88,0,0.45,0.5,43.0,709.1046102164668,1.0,8.983763440860216,16.236559139784944
9.0,100,88,1,0.45,0.5,100.0,706.240150987512,1.0,8.983763440860216,16.236559139784944
9.0,25,89,3,0.45,0.5,25.0,712.9324437539501,1.0,8.983919843597263,16.080156402737046
9.0,77,92,0,0.45,0.5,77.0,737.6803492878929,1.0,8.984389051808407,15.610948191593351
9.0,57,97,1,0.45,0.5,57.0,778.0829212966643,1.0,8.985171065493645,14.82893450635386
9.0,55,100,3,0.45,0.5,55.0,800.1737102530135,1.0,8.98564027370479,14.359726295210166
9.0,26,112,0,0.45,0.5,26.0,896.5010351720723,1.0,8.987517106549365,12.482893450635387
9.5,99,48,3,0.45,0.5,99.0,384.30193553003267,1.0,9.477507331378298,22.49266862170088
9.5,46,51,0,0.45,0.5,46.0,414.9059642104732,1.0,9.477976539589443,22.023460410557185
9.5,93,56,3,0.45,0.5,93.0,453.79640284981144,1.0,9.478758553274682,21.241446725317694
9.5,88,58,1,0.45,0.5,88.0,466.5196161781023,1.0,9.479071358748778,20.928641251221897
9.5,24,59,1,0.45,0.5,24.0,478.10274774638737,1.0,9.479227761485825,20.772238514174
9.5,50,61,3,0.45,0.5,50.0,488.83746722612733,1.0,9.479540566959923,20.459433040078203
9.5,61,65,1,0.45,0.5,61.0,521.4646857487946,1.0,9.480166177908114,19.83382209188661
9.5,58,68,3,0.45,0.5,58.0,549.2320217534339,1.0,9.480635386119257,19.364613880742915
9.5,38,69,2,0.45,0.5,38.0,559.7965189654776,1.0,9.480791788856305,19.208211143695017
9.5,53,70,1,0.45,0.5,53.0,560.1679093976038,1.0,9.480948191593352,19.05180840664712
9.5,71,70,0,0.45,0.5,71.0,563.5797516512063,1.0,9.480948191593352,19.05180840664712
9.5,54,71,2,0.45,0.5,54.0,573.8033563681447,1.0,9.4811045943304,18.89540566959922
9.5,79,71,2,0.45,0.5,79.0,568.044323768092,1.0,9.4811045943304,18.89540566959922
9.5,104,71,2,0.45,0.5,104.0,569.6968359001971,1.0,9.4811045943304,18.89540566959922
9.5,66,73,3,0.45,0.5,66.0,586.1137412805328,1.0,9.481417399804496,18.58260019550342
9.5,27,74,2,0.45,0.5,27.0,594.8371527707731,1.0,9.481573802541545,18.426197458455523
9.5,106,74,3,0.45,0.5,106.0,596.529667997011,1.0,9.481573802541545,18.426197458455523
9.5,42,76,1,0.45,0.5,42.0,614.1036655822564,1.0,9.48188660801564,18.113391984359726
9.5,29,77,3,0.45,0.5,29.0,619.6582073487738,1.0,9.482043010752689,17.956989247311828
9.5,33,77,0,0.45,0.5,33.0,618.3771134623042,1.0,9.482043010752689,17.956989247311828
9.5,36,77,1,0.45,0.5,36.0,616.6769619596517,1.0,9.482043010752689,17.956989247311828
9.5,39,78,3,0.45,0.5,39.0,627.9030425462539,1.0,9.482199413489736,17.80058651026393
9.5,59,78,0,0.45,0.5,59.0,630.2398844238224,1.0,9.482199413489736,17.80058651026393
9.5,49,79,2,0.45,0.5,49.0,634.2427765221274,1.0,9.482355816226784,17.64418377321603
9.5,44,81,2,0.45,0.5,44.0,650.5939836533724,1.0,9.48266862170088,17.331378299120235
9.5,41,82,0,0.45,0.5,41.0,661.8028710983621,1.0,9.482825024437927,17.174975562072337
9.5,72,84,1,0.45,0.5,72.0,675.287567761397,1.0,9.483137829912023,16.86217008797654
9.5,23,85,0,0.45,0.5,23.0,680.5192674780948,1.0,9.48329423264907,16.705767350928642
9.5,52,85,0,0.45,0.5,52.0,680.2470882319689,1.0,9.48329423264907,16.705767350928642
9.5,98,85,2,0.45,0.5,98.0,687.4834438269131,1.0,9.48329423264907,16.705767350928642
9.5,47,86,1,0.45,0.5,47.0,694.3463841865367,1.0,9.48345063538612,16.549364613880744
9.5,62,86,2,0.45,0.5,62.0,690.1474629947786,1.0,9.48345063538612,16.549364613880744
9.5,81,86,3,0.45,0.5,81.0,694.8176825362301,1.0,9.48345063538612,16.549364613880744
9.5,45,87,3,0.45,0.5,45.0,699.0353411037507,1.0,9.483607038123168,16.392961876832846
9.5,84,87,0,0.45,0.5,84.0,697.9592950840865,1.0,9.483607038123168,16.392961876832846
9.5,92,88,2,0.45,0.5,92.0,710.9260202222924,1.0,9.483763440860216,16.236559139784944
9.5,100,88,0,0.45,0.5,100.0,706.3565719386019,1.0,9.483763440860216,16.236559139784944
9.5,95,89,0,0.45,0.5,95.0,717.158052688251,1.0,9.483919843597263,16.080156402737046
9.5,97,100,1,0.45,0.5,97.0,802.835719223024,1.0,9.48564027370479,14.359726295210166
9.5,103,103,1,0.45,0.5,103.0,824.6128965936011,1.0,9.486109481915934,13.890518084066471
10.0,101,50,1,0.45,0.5,101.0,402.5862551664113,1.0,9.977820136852396,22.179863147605083
10.0,72,51,3,0.45,0.5,72.0,410.78157511763334,1.0,9.977976539589443,22.023460410557185
10.0,99,51,0,0.45,0.5,99.0,413.1799600044855,1.0,9.977976539589443,22.023460410557185
10.0,80,58,0,0.45,0.5,80.0,467.3579313141007,1.0,9.979071358748778,20.928641251221897
10.0,59,60,2,0.45,0.5,59.0,485.78734567038265,1.0,9.979384164222873,20.6158357771261
10.0,30,61,0,0.45,0.5,30.0,494.0607869530056,1.0,9.979540566959923,20.459433040078203
10.0,49,61,3,0.45,0.5,49.0,494.1700395040873,1.0,9.979540566959923,20.459433040078203
10.0,74,63,1,0.45,0.5,74.0,506.222016613009,1.0,9.979853372434018,20.146627565982406
10.0,47,64,2,0.45,0.5,47.0,514.2725580258274,1.0,9.980009775171066,19.990224828934508
10.0,75,66,2,0.45,0.5,75.0,529.9651192542046,1.0,9.980322580645161,19.67741935483871
10.0,77,66,3,0.45,0.5,77.0,535.7001776519121,1.0,9.980322580645161,19.67741935483871
10.0,89,66,1,0.45,0.5,89.0,530.911958771379,1.0,9.980322580645161,19.67741935483871
10.0,55,67,0,0.45,0.5,55.0,543.2244936825806,1.0,9.98047898338221,19.521016617790814
10.0,73,68,0,0.45,0.5,73.0,545.2509643001189,1.0,9.980635386119257,19.364613880742915
10.0,82,68,2,0.45,0.5,82.0,545.2904702612899,1.0,9.980635386119257,19.364613880742915
10.0,105,68,3,0.45,0.5,105.0,548.0146608451246,1.0,9.980635386119257,19.364613880742915
10.0,85,69,0,0.45,0.5,85.0,556.5174238089755,1.0,9.980791788856305,19.208211143695017
10.0,62,70,1,0.45,0.5,62.0,563.948578327611,1.0,9.980948191593352,19.05180840664712
10.0,38,71,3,0.45,0.5,38.0,574.6253319172416,1.0,9.9811045943304,18.89540566959922
10.0,60,71,3,0.45,0.5,60.0,574.9681288267006,1.0,9.9811045943304,18.89540566959922
10.0,83,77,3,0.45,0.5,83.0,616.3573335588654,1.0,9.982043010752689,17.956989247311828
10.0,21,78,0,0.45,0.5,21.0,624.749779683721,1.0,9.982199413489736,17.80058651026393
10.0,40,78,0,0.45,0.5,40.0,631.6742058804438,1.0,9.982199413489736,17.80058651026393
10.0,28,80,3,0.45,0.5,28.0,642.2013160706969,1.0,9.982512218963832,17.487781036168133
10.0,34,80,1,0.45,0.5,34.0,647.7553716125647,1.0,9.982512218963832,17.487781036168133
10.0,51,80,1,0.45,0.5,51.0,645.7542636198081,1.0,9.982512218963832,17.487781036168133
10.0,58,80,1,0.45,0.5,58.0,643.2192651465405,1.0,9.982512218963832,17.487781036168133
10.0,61,81,0,0.45,0.5,61.0,650.2799230966405,1.0,9.98266862170088,17.331378299120235
10.0,53,82,3,0.45,0.5,53.0,656.979381190377,1.0,9.982825024437927,17.174975562072337
10.0,50,83,0,0.45,0.5,50.0,669.2699325994213,1.0,9.982981427174975,17.01857282502444
10.0,37,84,2,0.45,0.5,37.0,673.9749939878259,1.0,9.983137829912023,16.86217008797654
10.0,81,84,1,0.45,0.5,81.0,675.2702148572628,1.0,9.983137829912023,16.86217008797654
10.0,95,86,3,0.45,0.5,95.0,692.2932182209408,1.0,9.98345063538612,16.549364613880744
10.0,52,87,2,0.45,0.5,52.0,702.8838295412812,1.0,9.983607038123168,16.392961876832846
10.0,102,88,2,0.45,0.5,102.0,704.2608835636487,1.0,9.983763440860216,16.236559139784944
10.0,27,91,2,0.45,0.5,27.0,732.5269051038331,1.0,9.984232649071359,15.76735092864125
10.0,44,93,1,0.45,0.5,44.0,750.9662458396041,1.0,9.984545454545454,15.454545454545453
10.0,91,95,2,0.45,0.5,91.0,767.2279236086849,1.0,9.98485826001955,15.141739980449657
10.0,22,103,1,0.45,0.5,22.0,825.045476781627,1.0,9.986109481915934,13.890518084066471
10.0,69,105,2,0.45,0.5,69.0,846.8052182229827,1.0,9.98642228739003,13.577712609970675
10.5,40,43,0,0.45,0.5,40.0,348.4961547464993,1.0,10.47672531769306,23.27468230694037
10.5,38,50,2,0.45,0.5,38.0,400.60691637319644,1.0,10.477820136852396,22.179863147605083
10.5,72,50,0,0.45,0.5,72.0,403.0852714026453,1.0,10.477820136852396,22.179863147605083
10.5,24,55,1,0.45,0.5,24.0,446.21526740711295,1.0,10.478602150537634,21.397849462365592
10.5,105,55,2,0.45,0.5,105.0,441.8742429080519,1.0,10.478602150537634,21.397849462365592
10.5,27,59,2,0.45,0.5,27.0,477.96826227842246,1.0,10.479227761485825,20.772238514174
10.5,21,60,0,0.45,0.5,21.0,484.3250329663944,1.0,10.479384164222873,20.6158357771261
10.5,98,61,1,0.45,0.5,98.0,494.8305111900298,1.0,10.479540566959923,20.459433040078203
10.5,77,62,2,0.45,0.5,77.0,497.6580689649354,1.0,10.47969696969697,20.303030303030305
10.5,29,66,3,0.45,0.5,29.0,528.1318074556721,1.0,10.480322580645161,19.67741935483871
10.5,51,66,2,0.45,0.5,51.0,529.6937101998856,1.0,10.480322580645161,19.67741935483871
10.5,60,68,1,0.45,0.5,60.0,547.7597865772974,1.0,10.480635386119257,19.364613880742915
10.5,65,68,3,0.45,0.5,65.0,545.622056677666,1.0,10.480635386119257,19.364613880742915
10.5,63,69,2,0.45,0.5,63.0,556.5889820504019,1.0,10.480791788856305,19.208211143695017
10.5,73,72,1,0.45,0.5,73.0,578.1748836257163,1.0,10.481260997067448,18.73900293255132
10.5,34,73,3,0.45,0.5,34.0,590.3726691797904,1.0,10.481417399804496,18.58260019550342
10.5,87,73,1,0.45,0.5,87.0,588.4377885042545,1.0,10.481417399804496,18.58260019550342
10.5,97,74,0,0.45,0.5,97.0,593.9479477693692,1.0,10.481573802541545,18.426197458455523
10.5,31,75,1,0.45,0.5,31.0,603.9163904361859,1.0,10.481730205278593,18.269794721407624
10.5,44,75,1,0.45,0.5,44.0,602.8202711521927,1.0,10.481730205278593,18.269794721407624
10.5,107,75,3,0.45,0.5,107.0,603.6110175330128,1.0,10.481730205278593,18.269794721407624
10.5,66,76,0,0.45,0.5,66.0,608.7314974008564,1.0,10.48188660801564,18.113391984359726
10.5,68,76,2,0.45,0.5,68.0,612.3230272914662,1.0,10.48188660801564,18.113391984359726
10.5,32,77,2,0.45,0.5,32.0,619.3330666952734,1.0,10.482043010752689,17.956989247311828
10.5,79,78,3,0.45,0.5,79.0,630.1722512682899,1.0,10.482199413489736,17.80058651026393
10.5,85,78,0,0.45,0.5,85.0,628.6917428672323,1.0,10.482199413489736,17.80058651026393
10.5,35,79,0,0.45,0.5,35.0,636.5300993021789,1.0,10.482355816226784,17.64418377321603
10.5,48,79,0,0.45,0.5,48.0,637.3058935320637,1.0,10.482355816226784,17.64418377321603
10.5,53,80,3,0.45,0.5,53.0,643.3967422465048,1.0,10.482512218963832,17.487781036168133
10.5,67,81,1,0.45,0.5,67.0,654.6691605771313,1.0,10.48266862170088,17.331378299120235
10.5,89,81,2,0.45,0.5,89.0,651.0279010532071,1.0,10.48266862170088,17.331378299120235
10.5,57,82,0,0.45,0.5,57.0,657.8117097473893,1.0,10.482825024437927,17.174975562072337
10.5,46,83,3,0.45,0.5,46.0,668.0657939531544,1.0,10.482981427174975,17.01857282502444
10.5,71,83,3,0.45,0.5,71.0,670.9461817429856,1.0,10.482981427174975,17.01857282502444
10.5,95,87,3,0.45,0.5,95.0,699.7812718264028,1.0,10.483607038123168,16.392961876832846
10.5,39,90,3,0.45,0.5,39.0,721.833731558538,1.0,10.484076246334311,15.923753665689148
10.5,30,91,0,0.45,0.5,30.0,731.0073094437853,1.0,10.484232649071359,15.76735092864125
10.5,36,92,1,0.45,0.5,36.0,740.2072147217843,1.0,10.484389051808407,15.610948191593351
10.5,49,100,1,0.45,0.5,49.0,800.1945966802973,1.0,10.48564027370479,14.359726295210166
10.5,45,102,2,0.45,0.5,45.0,819.1907354744415,1.0,10.485953079178886,14.04692082111437
11.0,88,44,0,0.45,0.5,88.0,356.60977434519657,1.0,10.976881720430107,23.118279569892472
11.0,74,47,3,0.45,0.5,74.0,383.8154538247369,1.0,10.97735092864125,22.649071358748778
11.0,101,47,3,0.45,0.5,101.0,379.6839539174138,1.0,10.97735092864125,22.649071358748778
11.0,21,53,0,0.45,0.5,21.0,425.7175668266425,1.0,10.978289345063539,21.71065493646139
11.0,73,63,2,0.45,0.5,73.0,505.12781770788746,1.0,10.979853372434018,20.146627565982406
11.0,102,65,0,0.45,0.5,102.0,520.2040522258555,1.0,10.980166177908114,19.83382209188661
11.0,64,66,3,0.45,0.5,64.0,528.9547450165048,1.0,10.980322580645161,19.67741935483871
11.0,84,67,0,0.45,0.5,84.0,539.5660928436688,1.0,10.98047898338221,19.521016617790814
11.0,96,67,0,0.45,0.5,96.0,538.9110108431411,1.0,10.98047898338221,19.521016617790814
11.0,28,70,2,0.45,0.5,28.0,561.0403393141207,1.0,10.980948191593352,19.05180840664712
11.0,78,71,1,0.45,0.5,78.0,574.30455096465,1.0,10.9811045943304,18.89540566959922
11.0,61,72,1,0.45,0.5,61.0,583.3275966913161,1.0,10.981260997067448,18.73900293255132
11.0,49,73,1,0.45,0.5,49.0,588.3342790167729,1.0,10.981417399804496,18.58260019550342
11.0,82,73,3,0.45,0.5,82.0,586.9484920103006,1.0,10.981417399804496,18.58260019550342
11.0,104,73,1,0.45,0.5,104.0,585.526934871428,1.0,10.981417399804496,18.58260019550342
11.0,23,74,1,0.45,0.5,23.0,599.5038015959962,1.0,10.981573802541545,18.426197458455523
11.0,67,74,0,0.45,0.5,67.0,598.1650979095893,1.0,10.981573802541545,18.426197458455523
11.0,85,74,1,0.45,0.5,85.0,592.4182604181786,1.0,10.981573802541545,18.426197458455523
11.0,95,74,3,0.45,0.5,95.0,598.175003479948,1.0,10.981573802541545,18.426197458455523
11.0,108,75,3,0.45,0.5,108.0,603.4852876391766,1.0,10.981730205278593,18.269794721407624
11.0,56,77,3,0.45,0.5,56.0,616.6652828563514,1.0,10.982043010752689,17.956989247311828
11.0,89,77,1,0.45,0.5,89.0,618.5767492086771,1.0,10.982043010752689,17.956989247311828
11.0,90,77,2,0.45,0.5,90.0,623.5762132401405,1.0,10.982043010752689,17.956989247311828
11.0,46,79,3,0.45,0.5,46.0,632.1052333332163,1.0,10.982355816226784,17.64418377321603
11.0,58,79,0,0.45,0.5,58.0,632.5176796529064,1.0,10.982355816226784,17.64418377321603
11.0,75,79,0,0.45,0.5,75.0,636.6457166297972,1.0,10.982355816226784,17.64418377321603
11.0,50,80,2,0.45,0.5,50.0,646.5045461015183,1.0,10.982512218963832,17.487781036168133
11.0,34,81,3,0.45,0.5,34.0,655.3833331781545,1.0,10.98266862170088,17.331378299120235
11.0,44,81,1,0.45,0.5,44.0,653.3014079151139,1.0,10.98266862170088,17.331378299120235
11.0,47,81,0,0.45,0.5,47.0,649.4595748321099,1.0,10.98266862170088,17.331378299120235
11.0,87,82,3,0.45,0.5,87.0,657.5369627192375,1.0,10.982825024437927,17.174975562072337
11.0,62,85,2,0.45,0.5,62.0,680.8929200471298,1.0,10.98329423264907,16.705767350928642
11.0,106,86,2,0.45,0.5,106.0,694.8508203716669,1.0,10.98345063538612,16.549364613880744
11.0,45,87,2,0.45,0.5,45.0,701.1903311826745,1.0,10.983607038123168,16.392961876832846
11.0,79,87,2,0.45,0.5,79.0,701.0862240371839,1.0,10.983607038123168,16.392961876832846
11.0,42,88,0,0.45,0.5,42.0,709.1551424313997,1.0,10.983763440860216,16.236559139784944
11.0,86,88,2,0.45,0.5,86.0,709.306858661321,1.0,10.983763440860216,16.236559139784944
11.0,97,89,1,0.45,0.5,97.0,719.4531874506445,1.0,10.983919843597263,16.080156402737046
11.0,100,90,2,0.45,0.5,100.0,724.4033948134862,1.0,10.984076246334311,15.923753665689148
11.0,68,91,1,0.45,0.5,68.0,731.1783900207575,1.0,10.984232649071359,15.76735092864125
11.5,72,48,3,0.45,0.5,72.0,390.58793723362226,1.0,11.477507331378298,22.49266862170088
11.5,79,53,2,0.45,0.5,79.0,430.11508001963546,1.0,11.478289345063539,21.71065493646139
11.5,62,56,2,0.45,0.5,62.0,455.01434345190944,1.0,11.478758553274682,21.241446725317694
11.5,48,57,3,0.45,0.5,48.0,459.9492039725057,1.0,11.47891495601173,21.085043988269796
11.5,57,61,3,0.45,0.5,57.0,488.97766134904003,1.0,11.479540566959923,20.459433040078203
11.5,63,61,3,0.45,0.5,63.0,489.36918187716583,1.0,11.479540566959923,20.459433040078203
11.5,43,63,3,0.45,0.5,43.0,507.32868975078185,1.0,11.479853372434018,20.146627565982406
11.5,68,64,1,0.45,0.5,68.0,517.9656175469304,1.0,11.480009775171066,19.990224828934508
11.5,71,64,2,0.45,0.5,71.0,518.2814533391005,1.0,11.480009775171066,19.990224828934508
11.5,92,64,1,0.45,0.5,92.0,516.4237864979091,1.0,11.480009775171066,19.990224828934508
11.5,84,65,1,0.45,0.5,84.0,524.9094450219886,1.0,11.480166177908114,19.83382209188661
11.5,102,66,1,0.45,0.5,102.0,531.2062612536173,1.0,11.480322580645161,19.67741935483871
11.5,24,67,2,0.45,0.5,24.0,537.7621805009197,1.0,11.48047898338221,19.521016617790814
11.5,90,67,3,0.45,0.5,90.0,542.7002195009054,1.0,11.48047898338221,19.521016617790814
11.5,53,68,2,0.45,0.5,53.0,548.5358450781853,1.0,11.480635386119257,19.364613880742915
11.5,46,69,1,0.45,0.5,46.0,557.7188038914456,1.0,11.480791788856305,19.208211143695017
11.5,67,69,0,0.45,0.5,67.0,554.5810441688484,1.0,11.480791788856305,19.208211143695017
11.5,26,71,0,0.45,0.5,26.0,574.9531961008089,1.0,11.4811045943304,18.89540566959922
11.5,97,71,3,0.45,0.5,97.0,570.3982772670103,1.0,11.4811045943304,18.89540566959922
11.5,27,74,1,0.45,0.5,27.0,598.0376514189526,1.0,11.481573802541545,18.426197458455523
11.5,101,76,0,0.45,0.5,101.0,612.6449022823463,1.0,11.48188660801564,18.113391984359726
11.5,91,77,0,0.45,0.5,91.0,618.1116510211061,1.0,11.482043010752689,17.956989247311828
11.5,47,78,2,0.45,0.5,47.0,626.0662833150408,1.0,11.482199413489736,17.80058651026393
11.5,58,78,0,0.45,0.5,58.0,627.7983064742708,1.0,11.482199413489736,17.80058651026393
11.5,21,79,0,0.45,0.5,21.0,632.8652160373209,1.0,11.482355816226784,17.64418377321603
11.5,77,79,1,0.45,0.5,77.0,633.8720502869635,1.0,11.482355816226784,17.64418377321603
11.5,25,80,3,0.45,0.5,25.0,647.8089996627456,1.0,11.482512218963832,17.487781036168133
11.5,76,82,0,0.45,0.5,76.0,658.9056947405868,1.0,11.482825024437927,17.174975562072337
11.5,49,83,0,0.45,0.5,49.0,671.9837290871391,1.0,11.482981427174975,17.01857282502444
11.5,39,85,2,0.45,0.5,39.0,682.8454515695107,1.0,11.48329423264907,16.705767350928642
11.5,23,86,1,0.45,0.5,23.0,690.0228658915236,1.0,11.48345063538612,16.549364613880744
11.5,89,89,2,0.45,0.5,89.0,716.6548590977006,1.0,11.483919843597263,16.080156402737046
11.5,44,91,0,0.45,0.5,44.0,728.7982473801939,1.0,11.484232649071359,15.76735092864125
11.5,51,93,1,0.45,0.5,51.0,744.6503935946578,1.0,11.484545454545454,15.454545454545453
11.5,59,93,1,0.45,0.5,59.0,745.4810644991743,1.0,11.484545454545454,15.454545454545453
11.5,81,93,3,0.45,0.5,81.0,745.7195759956246,1.0,11.484545454545454,15.454545454545453
11.5,83,96,0,0.45,0.5,83.0,768.1092314930488,1.0,11.485014662756598,14.985337243401759
11.5,106,98,2,0.45,0.5,106.0,786.1315597236395,1.0,11.485327468230693,14.672531769305962
11.5,108,98,3,0.45,0.5,108.0,788.6614646089411,1.0,11.485327468230693,14.672531769305962
11.5,96,102,2,0.45,0.5,96.0,821.4251523462276,1.0,11.485953079178886,14.04692082111437
12.0,107,46,3,0.45,0.5,107.0,371.585214251766,1.0,11.977194525904203,22.805474095796676
12.0,32,50,3,0.45,0.5,32.0,406.3481265491884,1.0,11.977820136852396,22.179863147605083
12.0,49,50,2,0.45,0.5,49.0,405.2113362736528,1.0,11.977820136852396,22.179863147605083
12.0,30,61,2,0.45,0.5,30.0,493.07494060478416,1.0,11.979540566959923,20.459433040078203
12.0,85,61,3,0.45,0.5,85.0,493.59657647989025,1.0,11.979540566959923,20.459433040078203
12.0,22,62,1,0.45,0.5,22.0,500.06872423498623,1.0,11.97969696969697,20.303030303030305
12.0,27,63,0,0.45,0.5,27.0,504.59382522536777,1.0,11.979853372434018,20.146627565982406
12.0,28,63,1,0.45,0.5,28.0,504.6395386980302,1.0,11.979853372434018,20.146627565982406
12.0,91,64,2,0.45,0.5,91.0,517.688193865192,1.0,11.980009775171066,19.990224828934508
12.0,56,65,1,0.45,0.5,56.0,527.1843223932212,1.0,11.980166177908114,19.83382209188661
12.0,76,66,1,0.45,0.5,76.0,529.6728477436527,1.0,11.980322580645161,19.67741935483871
12.0,33,68,0,0.45,0.5,33.0,551.9797625852981,1.0,11.980635386119257,19.364613880742915
12.0,46,68,1,0.45,0.5,46.0,551.1018512570841,1.0,11.980635386119257,19.364613880742915
12.0,81,68,2,0.45,0.5,81.0,544.2718875895919,1.0,11.980635386119257,19.364613880742915
12.0,63,70,3,0.45,0.5,63.0,562.3085774586104,1.0,11.980948191593352,19.05180840664712
12.0,21,71,0,0.45,0.5,21.0,572.577164294547,1.0,11.9811045943304,18.89540566959922
12.0,43,72,3,0.45,0.5,43.0,583.0749115943694,1.0,11.981260997067448,18.73900293255132
12.0,58,72,3,0.45,0.5,58.0,576.3000828939839,1.0,11.981260997067448,18.73900293255132
12.0,93,72,3,0.45,0.5,93.0,583.5820588379495,1.0,11.981260997067448,18.73900293255132
12.0,57,73,2,0.45,0.5,57.0,584.9164379393444,1.0,11.981417399804496,18.58260019550342
12.0,87,73,1,0.45,0.5,87.0,586.8597093977762,1.0,11.981417399804496,18.58260019550342
12.0,23,74,2,0.45,0.5,23.0,594.6255491030875,1.0,11.981573802541545,18.426197458455523
12.0,71,74,3,0.45,0.5,71.0,599.5300595559828,1.0,11.981573802541545,18.426197458455523
12.0,45,76,0,0.45,0.5,45.0,612.9064798240169,1.0,11.98188660801564,18.113391984359726
12.0,41,77,2,0.45,0.5,41.0,617.3916083833763,1.0,11.982043010752689,17.956989247311828
12.0,86,78,0,0.45,0.5,86.0,630.7064516570243,1.0,11.982199413489736,17.80058651026393
12.0,60,79,0,0.45,0.5,60.0,635.1288809424542,1.0,11.982355816226784,17.64418377321603
12.0,70,80,2,0.45,0.5,70.0,640.8345164394779,1.0,11.982512218963832,17.487781036168133
12.0,73,80,0,0.45,0.5,73.0,644.6000094667186,1.0,11.982512218963832,17.487781036168133
12.0,95,80,0,0.45,0.5,95.0,646.999826076317,1.0,11.982512218963832,17.487781036168133
12.0,64,81,0,0.45,0.5,64.0,654.2463861500237,1.0,11.98266862170088,17.331378299120235
12.0,36,83,1,0.45,0.5,36.0,671.4086112952531,1.0,11.982981427174975,17.01857282502444
12.0,52,84,3,0.45,0.5,52.0,678.3718781814566,1.0,11.983137829912023,16.86217008797654
12.0,25,85,3,0.45,0.5,25.0,681.2957112365649,1.0,11.98329423264907,16.705767350928642
12.0,97,87,2,0.45,0.5,97.0,701.2067864703859,1.0,11.983607038123168,16.392961876832846
12.0,55,88,0,0.45,0.5,55.0,707.1124573784651,1.0,11.983763440860216,16.236559139784944
12.0,62,89,2,0.45,0.5,62.0,715.9791245289306,1.0,11.983919843597263,16.080156402737046
12.0,66,90,1,0.45,0.5,66.0,725.4356868572713,1.0,11.984076246334311,15.923753665689148
12.0,61,96,1,0.45,0.5,61.0,768.9893456626289,1.0,11.985014662756598,14.985337243401759
12.0,96,98,1,0.45,0.5,96.0,791.4712305997992,1.0,11.985327468230693,14.672531769305962
12.5,93,46,1,0.45,0.5,93.0,375.9950101480497,1.0,12.477194525904203,22.805474095796676
12.5,82,50,1,0.45,0.5,82.0,404.4723573689899,1.0,12.477820136852396,22.179863147605083
12.5,31,60,1,0.45,0.5,31.0,483.6810538946361,1.0,12.479384164222873,20.6158357771261
12.5,54,60,0,0.45,0.5,54.0,481.0988717619965,1.0,12.479384164222873,20.6158357771261
12.5,64,64,2,0.45,0.5,64.0,519.4628172949656,1.0,12.480009775171066,19.990224828934508
12.5,102,64,1,0.45,0.5,102.0,516.0119103489264,1.0,12.480009775171066,19.990224828934508
12.5,32,65,2,0.45,0.5,32.0,526.4196084957171,1.0,12.480166177908114,19.83382209188661
12.5,103,67,2,0.45,0.5,103.0,543.4715223600919,1.0,12.48047898338221,19.521016617790814
12.5,21,68,0,0.45,0.5,21.0,545.3492605491246,1.0,12.480635386119257,19.364613880742915
12.5,23,68,1,0.45,0.5,23.0,548.4282930066997,1.0,12.480635386119257,19.364613880742915
12.5,95,68,2,0.45,0.5,95.0,550.1637607807553,1.0,12.480635386119257,19.364613880742915
12.5,105,69,3,0.45,0.5,105.0,558.9291340897583,1.0,12.480791788856305,19.208211143695017
12.5,55,71,1,0.45,0.5,55.0,574.4748057897747,1.0,12.4811045943304,18.89540566959922
12.5,57,71,3,0.45,0.5,57.0,573.3085287985679,1.0,12.4811045943304,18.89540566959922
12.5,78,71,0,0.45,0.5,78.0,569.6338476126004,1.0,12.4811045943304,18.89540566959922
12.5,29,72,0,0.45,0.5,29.0,580.0471326670591,1.0,12.481260997067448,18.73900293255132
12.5,87,72,2,0.45,0.5,87.0,583.4600981856488,1.0,12.481260997067448,18.73900293255132
12.5,92,73,0,0.45,0.5,92.0,590.8830880443813,1.0,12.481417399804496,18.58260019550342
12.5,50,74,1,0.45,0.5,50.0,595.4973177171133,1.0,12.481573802541545,18.426197458455523
12.5,44,75,3,0.45,0.5,44.0,600.581055854245,1.0,12.481730205278593,18.269794721407624
12.5,56,75,2,0.45,0.5,56.0,603.2724491540707,1.0,12.481730205278593,18.269794721407624
12.5,33,77,3,0.45,0.5,33.0,620.3672084893099,1.0,12.482043010752689,17.956989247311828
12.5,38,77,0,0.45,0.5,38.0,619.1520963865964,1.0,12.482043010752689,17.956989247311828
12.5,63,77,1,0.45,0.5,63.0,622.3955278089735,1.0,12.482043010752689,17.956989247311828
12.5,26,78,2,0.45,0.5,26.0,629.7982236377452,1.0,12.482199413489736,17.80058651026393
12.5,39,78,1,0.45,0.5,39.0,624.1238137655348,1.0,12.482199413489736,17.80058651026393
12.5,49,78,0,0.45,0.5,49.0,626.5056044840312,1.0,12.482199413489736,17.80058651026393
12.5,67,78,0,0.45,0.5,67.0,627.0974538846193,1.0,12.482199413489736,17.80058651026393
12.5,68,78,1,0.45,0.5,68.0,630.4192919553421,1.0,12.482199413489736,17.80058651026393
12.5,76,79,3,0.45,0.5,76.0,635.0785175754809,1.0,12.482355816226784,17.64418377321603
12.5,43,81,2,0.45,0.5,43.0,652.1295290595756,1.0,12.48266862170088,17.331378299120235
12.5,100,81,0,0.45,0.5,100.0,654.5817174562015,1.0,12.48266862170088,17.331378299120235
12.5,65,82,3,0.45,0.5,65.0,659.6442339560671,1.0,12.482825024437927,17.174975562072337
12.5,28,84,3,0.45,0.5,28.0,676.0904743156908,1.0,12.483137829912023,16.86217008797654
12.5,97,87,3,0.45,0.5,97.0,699.2688538912793,1.0,12.483607038123168,16.392961876832846
12.5,51,89,2,0.45,0.5,51.0,714.8733482929439,1.0,12.483919843597263,16.080156402737046
12.5,89,91,3,0.45,0.5,89.0,730.5969917327188,1.0,12.484232649071359,15.76735092864125
12.5,53,92,3,0.45,0.5,53.0,743.2342031217502,1.0,12.484389051808407,15.610948191593351
12.5,62,97,0,0.45,0.5,62.0,779.2922591330873,1.0,12.485171065493645,14.82893450635386
12.5,70,97,2,0.45,0.5,70.0,780.787615879919,1.0,12.485171065493645,14.82893450635386
13.0,52,54,0,0.45,0.5,52.0,437.3988908223447,1.0,12.978445747800587,21.55425219941349
13.0,70,55,3,0.45,0.5,70.0,447.8472346607688,1.0,12.978602150537634,21.397849462365592
13.0,105,55,1,0.45,0.5,105.0,445.1237077876721,1.0,12.978602150537634,21.397849462365592
13.0,64,59,0,0.45,0.5,64.0,477.4066635015797,1.0,12.979227761485825,20.772238514174
13.0,79,60,2,0.45,0.5,79.0,487.9577340088383,1.0,12.979384164222873,20.6158357771261
13.0,82,62,0,0.45,0.5,82.0,501.3361015360434,1.0,12.97969696969697,20.303030303030305
13.0,96,63,0,0.45,0.5,96.0,510.4001193185498,1.0,12.979853372434018,20.146627565982406
13.0,97,63,1,0.45,0.5,97.0,506.9118805806596,1.0,12.979853372434018,20.146627565982406
13.0,25,67,1,0.45,0.5,25.0,541.997199751156,1.0,12.98047898338221,19.521016617790814
13.0,104,67,0,0.45,0.5,104.0,537.6394565070793,1.0,12.98047898338221,19.521016617790814
13.0,27,68,3,0.45,0.5,27.0,544.716496537882,1.0,12.980635386119257,19.364613880742915
13.0,50,68,2,0.45,0.5,50.0,549.516943515505,1.0,12.980635386119257,19.364613880742915
13.0,57,68,1,0.45,0.5,57.0,550.4141589263187,1.0,12.980635386119257,19.364613880742915
13.0,93,68,3,0.45,0.5,93.0,549.7400539393767,1.0,12.980635386119257,19.364613880742915
13.0,83,69,1,0.45,0.5,83.0,553.1417068089984,1.0,12.980791788856305,19.208211143695017
13.0,108,69,3,0.45,0.5,108.0,553.0447820938667,1.0,12.980791788856305,19.208211143695017
13.0,44,70,2,0.45,0.5,44.0,564.289763019226,1.0,12.980948191593352,19.05180840664712
13.0,92,70,2,0.45,0.5,92.0,563.7262086515552,1.0,12.980948191593352,19.05180840664712
13.0,85,71,3,0.45,0.5,85.0,572.8475524508617,1.0,12.9811045943304,18.89540566959922
13.0,81,73,3,0.45,0.5,81.0,589.0062284629817,1.0,12.981417399804496,18.58260019550342
13.0,69,74,2,0.45,0.5,69.0,593.6776543517041,1.0,12.981573802541545,18.426197458455523
13.0,100,74,3,0.45,0.5,100.0,598.0214684785035,1.0,12.981573802541545,18.426197458455523
13.0,22,76,0,0.45,0.5,22.0,608.5840396726503,1.0,12.98188660801564,18.113391984359726
13.0,107,76,2,0.45,0.5,107.0,610.6178767822212,1.0,12.98188660801564,18.113391984359726
13.0,73,77,0,0.45,0.5,73.0,618.158684594879,1.0,12.982043010752689,17.956989247311828
13.0,62,79,2,0.45,0.5,62.0,635.3392837596908,1.0,12.982355816226784,17.64418377321603
13.0,99,79,2,0.45,0.5,99.0,635.3207394507843,1.0,12.982355816226784,17.64418377321603
13.0,47,81,0,0.45,0.5,47.0,655.9159288903185,1.0,12.98266862170088,17.331378299120235
13.0,30,83,0,0.45,0.5,30.0,665.5610398252892,1.0,12.982981427174975,17.01857282502444
13.0,46,84,3,0.45,0.5,46.0,679.4383417979177,1.0,12.983137829912023,16.86217008797654
13.0,51,84,3,0.45,0.5,51.0,679.5071616805784,1.0,12.983137829912023,16.86217008797654
13.0,65,84,1,0.45,0.5,65.0,678.6090640741111,1.0,12.983137829912023,16.86217008797654
13.0,26,85,2,0.45,0.5,26.0,682.9962173071372,1.0,12.98329423264907,16.705767350928642
13.0,91,88,1,0.45,0.5,91.0,710.9054047931586,1.0,12.983763440860216,16.236559139784944
13.0,63,92,3,0.45,0.5,63.0,739.3159969089781,1.0,12.984389051808407,15.610948191593351
13.0,84,92,2,0.45,0.5,84.0,743.2170143524634,1.0,12.984389051808407,15.610948191593351
13.0,88,92,0,0.45,0.5,88.0,740.1565737515327,1.0,12.984389051808407,15.610948191593351
13.0,39,94,1,0.45,0.5,39.0,752.7723619523765,1.0,12.984701857282502,15.298142717497555
13.0,76,96,1,0.45,0.5,76.0,770.9161232978212,1.0,12.985014662756598,14.985337243401759
13.0,49,103,1,0.45,0.5,49.0,825.288688221975,1.0,12.986109481915934,13.890518084066471
13.5,45,44,0,0.45,0.5,45.0,354.7593076567738,1.0,13.476881720430107,23.118279569892472
13.5,105,45,2,0.45,0.5,105.0,365.04716930081344,1.0,13.477038123167155,22.961876832844574
13.5,75,48,3,0.45,0.5,75.0,384.38989686251836,1.0,13.477507331378298,22.49266862170088
13.5,51,56,1,0.45,0.5,51.0,451.4977841719102,1.0,13.478758553274682,21.241446725317694
13.5,64,57,0,0.45,0.5,64.0,459.0306230466533,1.0,13.47891495601173,21.085043988269796
13.5,26,60,0,0.45,0.5,26.0,485.92205913141095,1.0,13.479384164222873,20.6158357771261
13.5,35,61,3,0.45,0.5,35.0,492.510094269088,1.0,13.479540566959923,20.459433040078203
13.5,101,62,3,0.45,0.5,101.0,497.0365317672124,1.0,13.47969696969697,20.303030303030305
13.5,72,63,2,0.45,0.5,72.0,507.1020045677375,1.0,13.479853372434018,20.146627565982406
13.5,49,65,3,0.45,0.5,49.0,523.1313685929957,1.0,13.480166177908114,19.83382209188661
13.5,54,65,0,0.45,0.5,54.0,526.136918797393,1.0,13.480166177908114,19.83382209188661
13.5,53,70,3,0.45,0.5,53.0,566.4604277226207,1.0,13.480948191593352,19.05180840664712
13.5,91,70,3,0.45,0.5,91.0,565.4390485303302,1.0,13.480948191593352,19.05180840664712
13.5,48,72,2,0.45,0.5,48.0,581.387765224783,1.0,13.481260997067448,18.73900293255132
13.5,50,72,0,0.45,0.5,50.0,582.536214819007,1.0,13.481260997067448,18.73900293255132
13.5,56,72,1,0.45,0.5,56.0,583.1944934311634,1.0,13.481260997067448,18.73900293255132
13.5,102,73,0,0.45,0.5,102.0,584.5534481132024,1.0,13.481417399804496,18.58260019550342
13.5,90,74,2,0.45,0.5,90.0,592.1729336196585,1.0,13.481573802541545,18.426197458455523
13.5,27,75,1,0.45,0.5,27.0,600.6803098392771,1.0,13.481730205278593,18.269794721407624
13.5,62,76,3,0.45,0.5,62.0,613.1458400781221,1.0,13.48188660801564,18.113391984359726
13.5,24,77,2,0.45,0.5,24.0,623.2360277683866,1.0,13.482043010752689,17.956989247311828
13.5,36,77,0,0.45,0.5,36.0,620.991208964187,1.0,13.482043010752689,17.956989247311828
13.5,108,79,3,0.45,0.5,108.0,633.4499201778118,1.0,13.482355816226784,17.64418377321603
13.5,30,80,2,0.45,0.5,30.0,645.1632701649596,1.0,13.482512218963832,17.487781036168133
13.5,65,80,1,0.45,0.5,65.0,646.4980829741082,1.0,13.482512218963832,17.487781036168133
13.5,87,80,1,0.45,0.5,87.0,645.7229874827689,1.0,13.482512218963832,17.487781036168133
13.5,100,80,2,0.45,0.5,100.0,644.8780518566516,1.0,13.482512218963832,17.487781036168133
13.5,104,80,1,0.45,0.5,104.0,643.0572672094049,1.0,13.482512218963832,17.487781036168133
13.5,42,81,2,0.45,0.5,42.0,655.8769784560627,1.0,13.48266862170088,17.331378299120235
13.5,25,86,3,0.45,0.5,25.0,691.3594791779199,1.0,13.48345063538612,16.549364613880744
13.5,43,86,3,0.45,0.5,43.0,691.7545206664121,1.0,13.48345063538612,16.549364613880744
13.5,52,88,2,0.45,0.5,52.0,704.7942061752142,1.0,13.483763440860216,16.236559139784944
13.5,58,88,2,0.45,0.5,58.0,711.8015654576141,1.0,13.483763440860216,16.236559139784944
13.5,22,91,0,0.45,0.5,22.0,733.0183086306214,1.0,13.484232649071359,15.76735092864125
13.5,23,91,1,0.45,0.5,23.0,732.6968531056676,1.0,13.484232649071359,15.76735092864125
13.5,92,92,0,0.45,0.5,92.0,739.7079500733316,1.0,13.484389051808407,15.610948191593351
13.5,80,93,0,0.45,0.5,80.0,749.6007212717178,1.0,13.484545454545454,15.454545454545453
13.5,46,94,1,0.45,0.5,46.0,755.7968849152924,1.0,13.484701857282502,15.298142717497555
13.5,38,96,1,0.45,0.5,38.0,768.6639185804345,1.0,13.485014662756598,14.985337243401759
13.5,99,113,1,0.45,0.5,99.0,908.7155150198405,1.0,13.487673509286413,12.32649071358749
14.0,60,62,0,0.03,0.03333333333333333,60.0,502.01311709121796,1.0,13.97969696969697,20.303030303030305
14.033333333333333,61,76,1,0.03,0.03333333333333333,61.0,615.7623508685348,1.0,14.015219941348974,18.113391984359726
14.066666666666666,60,92,0,0.03,0.03333333333333333,60.0,737.516077778404,1.0,14.051055718475073,15.610948191593351
14.1,61,84,1,0.03,0.03333333333333333,61.0,678.7966526550446,1.0,14.083137829912022,16.86217008797654
14.133333333333333,60,66,0,0.03,0.03333333333333333,60.0,530.3779743845477,1.0,14.113655913978494,19.67741935483871
14.166666666666666,61,94,1,0.03,0.03333333333333333,61.0,754.1418469081354,1.0,14.151368523949168,15.298142717497555
14.2,60,82,0,0.03,0.03333333333333333,60.0,659.3256034655728,1.0,14.182825024437927,17.174975562072337
14.233333333333333,61,94,1,0.03,0.03333333333333333,61.0,752.5170085234029,1.0,14.218035190615835,15.298142717497555
14.266666666666667,60,84,0,0.03,0.03333333333333333,60.0,674.0664556355089,1.0,14.24980449657869,16.86217008797654
14.3,61,83,1,0.03,0.03333333333333333,61.0,667.906533451382,1.0,14.282981427174976,17.01857282502444
14.333333333333334,60,66,0,0.03,0.03333333333333333,60.0,531.5777555591037,1.0,14.313655913978495,19.67741935483871
14.366666666666667,61,68,1,0.03,0.03333333333333333,61.0,550.2079199415884,1.0,14.347302052785924,19.364613880742915
14.4,60,98,0,0.03,0.03333333333333333,60.0,791.6075769489773,1.0,14.385327468230694,14.672531769305962
14.433333333333334,61,71,1,0.03,0.03333333333333333,61.0,568.5460240264313,1.0,14.414437927663734,18.89540566959922
14.466666666666667,60,99,0,0.03,0.03333333333333333,60.0,793.2356353971104,1.0,14.45215053763441,14.516129032258064
14.5,61,82,1,0.03,0.03333333333333333,61.0,659.5738119572791,1.0,14.482825024437927,17.174975562072337
14.533333333333333,60,67,0,0.03,0.03333333333333333,60.0,540.7367141191811,1.0,14.513812316715542,19.521016617790814
14.566666666666666,61,66,1,0.03,0.03333333333333333,61.0,529.7906608261079,1.0,14.546989247311828,19.67741935483871
14.6,60,70,0,0.03,0.03333333333333333,60.0,562.659221211722,1.0,14.580948191593352,19.05180840664712
14.633333333333333,61,97,1,0.03,0.03333333333333333,61.0,777.6911990076007,1.0,14.618504398826978,14.82893450635386
14.666666666666666,60,78,0,0.03,0.03333333333333333,60.0,624.245067298468,1.0,14.648866080156402,17.80058651026393
14.7,61,77,1,0.03,0.03333333333333333,61.0,618.6302803978743,1.0,14.682043010752688,17.956989247311828
14.733333333333333,60,74,0,0.03,0.03333333333333333,60.0,593.9618783210522,1.0,14.714907135874878,18.426197458455523
14.766666666666666,61,68,1,0.03,0.03333333333333333,61.0,544.1185551699765,1.0,14.747302052785923,19.364613880742915
14.8,60,80,0,0.03,0.03333333333333333,60.0,646.355359157722,1.0,14.782512218963832,17.487781036168133
14.833333333333334,61,67,1,0.03,0.03333333333333333,61.0,539.0143347533416,1.0,14.813812316715543,19.521016617790814
14.866666666666667,60,93,0,0.03,0.03333333333333333,60.0,750.6440709146983,1.0,14.851212121212122,15.454545454545453
14.9,61,76,1,0.03,0.03333333333333333,61.0,611.119095882592,1.0,14.881886608015641,18.113391984359726
14.933333333333334,60,76,0,0.03,0.03333333333333333,60.0,612.441070334539,1.0,14.915219941348974,18.113391984359726
14.966666666666667,61,80,1,0.03,0.03333333333333333,61.0,642.2019285449468,1.0,14.949178885630499,17.487781036168133
15.0,60,79,0,0.03,0.03333333333333333,60.0,633.2383139497255,1.0,14.982355816226784,17.64418377321603
15.033333333333333,61,99,1,0.03,0.03333333333333333,61.0,798.4573919177965,1.0,15.018817204301076,14.516129032258064
15.066666666666666,60,82,0,0.03,0.03333333333333333,60.0,663.6143363654908,1.0,15.049491691104594,17.174975562072337
15.1,61,65,1,0.03,0.03333333333333333,61.0,526.4605111369613,1.0,15.080166177908113,19.83382209188661
15.133333333333333,60,85,0,0.03,0.03333333333333333,60.0,682.063202473079,1.0,15.116627565982403,16.705767350928642
15.166666666666666,61,68,1,0.03,0.03333333333333333,61.0,545.475287860964,1.0,15.147302052785923,19.364613880742915
15.2,60,63,0,0.03,0.03333333333333333,60.0,509.2812934194026,1.0,15.179853372434017,20.146627565982406
15.233333333333334,61,98,1,0.03,0.03333333333333333,61.0,791.2226461031744,1.0,15.218660801564027,14.672531769305962
15.266666666666666,60,91,0,0.03,0.03333333333333333,60.0,732.0616674603691,1.0,15.250899315738025,15.76735092864125
15.3,61,99,1,0.03,0.03333333333333333,61.0,794.03269772413,1.0,15.285483870967743,14.516129032258064
15.333333333333334,60,80,0,0.03,0.03333333333333333,60.0,643.3635344066727,1.0,15.315845552297166,17.487781036168133
15.366666666666667,61,82,1,0.03,0.03333333333333333,61.0,659.6772593446929,1.0,15.349491691104594,17.174975562072337
15.4,60,68,0,0.03,0.03333333333333333,60.0,550.501086775739,1.0,15.380635386119257,19.364613880742915
15.433333333333334,61,71,1,0.03,0.03333333333333333,61.0,574.0722280002757,1.0,15.414437927663734,18.89540566959922
15.466666666666667,60,93,0,0.03,0.03333333333333333,60.0,751.5647644708484,1.0,15.451212121212121,15.454545454545453
15.5,61,75,1,0.03,0.03333333333333333,61.0,606.8556941352782,1.0,15.481730205278593,18.269794721407624
15.533333333333333,60,93,0,0.03,0.03333333333333333,60.0,748.0444921389258,1.0,15.517878787878788,15.454545454545453
15.566666666666666,61,89,1,0.03,0.03333333333333333,61.0,712.7041172861095,1.0,15.55058651026393,16.080156402737046
15.6,60,69,0,0.03,0.03333333333333333,60.0,553.1512775815596,1.0,15.580791788856304,19.208211143695017
15.633333333333333,61,81,1,0.03,0.03333333333333333,61.0,652.2339098359226,1.0,15.616001955034212,17.331378299120235
15.666666666666666,60,87,0,0.03,0.03333333333333333,60.0,703.2161964556151,1.0,15.650273704789834,16.392961876832846
15.7,61,71,1,0.03,0.03333333333333333,61.0,570.5111644411476,1.0,15.6811045943304,18.89540566959922
15.733333333333334,60,93,0,0.03,0.03333333333333333,60.0,749.2065531560231,1.0,15.717878787878789,15.454545454545453
15.766666666666666,61,82,1,0.03,0.03333333333333333,61.0,663.448297263556,1.0,15.749491691104593,17.174975562072337
15.8,60,68,0,0.03,0.03333333333333333,60.0,549.5726151327809,1.0,15.780635386119258,19.364613880742915
15.833333333333334,61,84,1,0.03,0.03333333333333333,61.0,674.8953278493807,1.0,15.816471163245357,16.86217008797654
15.866666666666667,60,99,0,0.03,0.03333333333333333,60.0,799.9141412467742,1.0,15.85215053763441,14.516129032258064
15.9,61,68,1,0.03,0.03333333333333333,61.0,545.1564474990241,1.0,15.880635386119257,19.364613880742915
15.933333333333334,60,93,0,0.03,0.03333333333333333,60.0,745.0270790358584,1.0,15.917878787878788,15.454545454545453
15.966666666666667,61,70,1,0.03,0.03333333333333333,61.0,562.1927009562673,1.0,15.94761485826002,19.05180840664712
16.0,60,91,0,0.03,0.03333333333333333,60.0,734.7164988380262,1.0,15.984232649071359,15.76735092864125
16.03333333333333,61,90,1,0.03,0.03333333333333333,61.0,720.3733769364239,1.0,16.017409579667643,15.923753665689148
16.066666666666666,60,73,0,0.03,0.03333333333333333,60.0,590.1468156801297,1.0,16.048084066471162,18.58260019550342
16.1,61,74,1,0.03,0.03333333333333333,61.0,597.7469352693349,1.0,16.081573802541545,18.426197458455523
16.133333333333333,60,92,0,0.03,0.03333333333333333,60.0,737.7564175888757,1.0,16.11772238514174,15.610948191593351
16.166666666666668,61,79,1,0.03,0.03333333333333333,61.0,638.4336535661938,1.0,16.14902248289345,17.64418377321603
16.2,60,89,0,0.03,0.03333333333333333,60.0,719.2454086135426,1.0,16.183919843597263,16.080156402737046
16.233333333333334,61,68,1,0.03,0.03333333333333333,61.0,544.3952442097504,1.0,16.21396871945259,19.364613880742915
16.266666666666666,60,94,0,0.03,0.03333333333333333,60.0,755.7673345704661,1.0,16.251368523949168,15.298142717497555
16.3,61,89,1,0.03,0.03333333333333333,61.0,713.2654150046958,1.0,16.283919843597264,16.080156402737046
16.333333333333332,60,96,0,0.03,0.03333333333333333,60.0,772.0828426504502,1.0,16.31834799608993,14.985337243401759
16.366666666666667,61,67,1,0.03,0.03333333333333333,61.0,539.7117137104917,1.0,16.347145650048876,19.521016617790814
16.4,60,84,0,0.03,0.03333333333333333,60.0,677.9043501081793,1.0,16.383137829912023,16.86217008797654
16.433333333333334,61,84,1,0.03,0.03333333333333333,61.0,679.7361755120976,1.0,16.416471163245358,16.86217008797654
16.46666666666667,60,75,0,0.03,0.03333333333333333,60.0,606.0382221640348,1.0,16.44839687194526,18.269794721407624
16.5,61,79,1,0.03,0.03333333333333333,61.0,637.5399273707774,1.0,16.482355816226782,17.64418377321603
16.53333333333333,60,63,0,0.03,0.03333333333333333,60.0,511.39446898695604,1.0,16.51318670576735,20.146627565982406
16.566666666666666,61,90,1,0.03,0.03333333333333333,61.0,723.7580115881036,1.0,16.550742913000978,15.923753665689148
16.6,60,83,0,0.03,0.03333333333333333,60.0,664.7967438209522,1.0,16.58298142717498,17.01857282502444
16.633333333333333,61,64,1,0.03,0.03333333333333333,61.0,517.3223155607521,1.0,16.6133431085044,19.990224828934508
16.666666666666668,60,88,0,0.03,0.03333333333333333,60.0,704.2267678881457,1.0,16.650430107526883,16.236559139784944
16.7,61,80,1,0.03,0.03333333333333333,61.0,640.0346231693563,1.0,16.682512218963833,17.487781036168133
16.733333333333334,60,63,0,0.03,0.03333333333333333,60.0,510.3383778275,1.0,16.713186705767352,20.146627565982406
16.766666666666666,61,98,1,0.03,0.03333333333333333,61.0,790.8823180544287,1.0,16.75199413489736,14.672531769305962
16.8,60,98,0,0.03,0.03333333333333333,60.0,784.7336429268321,1.0,16.785327468230694,14.672531769305962
16.833333333333332,61,81,1,0.03,0.03333333333333333,61.0,653.8707248441592,1.0,16.816001955034213,17.331378299120235
16.866666666666667,60,66,0,0.03,0.03333333333333333,60.0,528.1017262117731,1.0,16.84698924731183,19.67741935483871
16.9,61,90,1,0.03,0.03333333333333333,61.0,726.3863664795775,1.0,16.88407624633431,15.923753665689148
16.933333333333334,60,80,0,0.03,0.03333333333333333,60.0,647.5793300317187,1.0,16.915845552297167,17.487781036168133
16.96666666666667,61,73,1,0.03,0.03333333333333333,61.0,590.734243486814,1.0,16.948084066471164,18.58260019550342
17.0,60,80,0,0.03,0.03333333333333333,60.0,647.425453258567,1.0,16.982512218963834,17.487781036168133
17.03333333333333,61,82,1,0.03,0.03333333333333333,61.0,656.7332436216393,1.0,17.01615835777126,17.174975562072337
17.066666666666666,60,83,0,0.03,0.03333333333333333,60.0,668.8135097067018,1.0,17.049648093841643,17.01857282502444
17.1,61,79,1,0.03,0.03333333333333333,61.0,632.367114096598,1.0,17.082355816226784,17.64418377321603
17.133333333333333,60,85,0,0.03,0.03333333333333333,60.0,681.726590941717,1.0,17.116627565982405,16.705767350928642
17.166666666666668,61,96,1,0.03,0.03333333333333333,61.0,775.6204131819131,1.0,17.151681329423266,14.985337243401759
17.2,60,76,0,0.03,0.03333333333333333,60.0,608.6804261295773,1.0,17.18188660801564,18.113391984359726
17.233333333333334,61,89,1,0.03,0.03333333333333333,61.0,717.7149389659847,1.0,17.217253176930598,16.080156402737046
17.266666666666666,60,96,0,0.03,0.03333333333333333,60.0,768.3357670472697,1.0,17.251681329423263,14.985337243401759
17.3,61,79,1,0.03,0.03333333333333333,61.0,636.7937827279811,1.0,17.282355816226783,17.64418377321603
17.333333333333332,60,79,0,0.03,0.03333333333333333,60.0,633.0367509145713,1.0,17.315689149560114,17.64418377321603
17.366666666666667,61,85,1,0.03,0.03333333333333333,61.0,680.6350956064339,1.0,17.34996089931574,16.705767350928642
17.4,60,84,0,0.03,0.03333333333333333,60.0,677.4220278267464,1.0,17.383137829912023,16.86217008797654
17.433333333333334,61,92,1,0.03,0.03333333333333333,61.0,741.9768026978832,1.0,17.41772238514174,15.610948191593351
17.46666666666667,60,80,0,0.03,0.03333333333333333,60.0,642.9450151334878,1.0,17.449178885630502,17.487781036168133
17.5,61,99,1,0.03,0.03333333333333333,61.0,798.8368848918324,1.0,17.48548387096774,14.516129032258064
17.53333333333333,60,64,0,0.03,0.03333333333333333,60.0,517.8414706601842,1.0,17.513343108504397,19.990224828934508
17.566666666666666,61,62,1,0.03,0.03333333333333333,61.0,500.9503545742105,1.0,17.546363636363637,20.303030303030305
17.6,60,86,0,0.03,0.03333333333333333,60.0,692.0594934678871,1.0,17.58345063538612,16.549364613880744
17.633333333333333,61,73,1,0.03,0.03333333333333333,61.0,589.530473708563,1.0,17.61475073313783,18.58260019550342
17.666666666666668,60,71,0,0.03,0.03333333333333333,60.0,572.1147166098451,1.0,17.647771260997068,18.89540566959922
17.7,61,74,1,0.03,0.03333333333333333,61.0,593.5697240012842,1.0,17.681573802541543,18.426197458455523
17.733333333333334,60,72,0,0.03,0.03333333333333333,60.0,576.8142695314863,1.0,17.714594330400782,18.73900293255132
17.766666666666666,61,63,1,0.03,0.03333333333333333,61.0,509.23701489813436,1.0,17.746520039100684,20.146627565982406
17.8,60,98,0,0.03,0.03333333333333333,60.0,791.4599127171766,1.0,17.785327468230694,14.672531769305962
17.833333333333332,61,70,1,0.03,0.03333333333333333,61.0,566.2236465358345,1.0,17.814281524926685,19.05180840664712
17.866666666666667,60,90,0,0.03,0.03333333333333333,60.0,720.2089287767919,1.0,17.85074291300098,15.923753665689148
17.9,61,91,1,0.03,0.03333333333333333,61.0,728.7789184082526,1.0,17.884232649071357,15.76735092864125
17.933333333333334,60,97,0,0.03,0.03333333333333333,60.0,778.7772194021688,1.0,17.91850439882698,14.82893450635386
17.96666666666667,61,63,1,0.03,0.03333333333333333,61.0,509.16483712801397,1.0,17.946520039100687,20.146627565982406
18.0,60,95,0,0.03,0.03333333333333333,60.0,761.6145015341024,1.0,17.98485826001955,15.141739980449657
18.03333333333333,61,82,1,0.03,0.03333333333333333,61.0,658.1678542519401,1.0,18.01615835777126,17.174975562072337
18.066666666666666,60,86,0,0.03,0.03333333333333333,60.0,689.7632329897483,1.0,18.050117302052787,16.549364613880744
18.1,61,86,1,0.03,0.03333333333333333,61.0,693.3410831363101,1.0,18.08345063538612,16.549364613880744
18.133333333333333,60,93,0,0.03,0.03333333333333333,60.0,745.9393414954183,1.0,18.117878787878787,15.454545454545453
18.166666666666668,61,75,1,0.03,0.03333333333333333,61.0,600.0221966477332,1.0,18.14839687194526,18.269794721407624
18.2,60,89,0,0.03,0.03333333333333333,60.0,719.915356957998,1.0,18.183919843597263,16.080156402737046
18.233333333333334,61,82,1,0.03,0.03333333333333333,61.0,658.5734329166592,1.0,18.216158357771263,17.174975562072337
18.266666666666666,60,92,0,0.03,0.03333333333333333,60.0,738.0182042916043,1.0,18.251055718475072,15.610948191593351
18.3,61,99,1,0.03,0.03333333333333333,61.0,797.16380983104,1.0,18.28548387096774,14.516129032258064
18.333333333333332,60,70,0,0.03,0.03333333333333333,60.0,560.1953052211284,1.0,18.314281524926685,19.05180840664712
18.366666666666667,61,99,1,0.03,0.03333333333333333,61.0,798.3945924679994,1.0,18.352150537634408,14.516129032258064
18.4,60,65,0,0.03,0.03333333333333333,60.0,526.9436462848322,1.0,18.380166177908112,19.83382209188661
18.433333333333334,61,62,1,0.03,0.03333333333333333,61.0,500.6952643714442,1.0,18.413030303030304,20.303030303030305
18.46666666666667,60,64,0,0.03,0.03333333333333333,60.0,513.2485808533494,1.0,18.446676441837734,19.990224828934508
18.5,61,75,1,0.03,0.03333333333333333,61.0,602.5347214210285,1.0,18.48173020527859,18.269794721407624
18.53333333333333,60,86,0,0.03,0.03333333333333333,60.0,689.8718992035302,1.0,18.51678396871945,16.549364613880744
18.566666666666666,61,65,1,0.03,0.03333333333333333,61.0,520.7088622663549,1.0,18.54683284457478,19.83382209188661
18.6,60,62,0,0.03,0.03333333333333333,60.0,501.6997443588702,1.0,18.579696969696972,20.303030303030305
18.633333333333333,61,97,1,0.03,0.03333333333333333,61.0,781.1273085376384,1.0,18.61850439882698,14.82893450635386
18.666666666666668,60,93,0,0.03,0.03333333333333333,60.0,746.5779907819789,1.0,18.651212121212122,15.454545454545453
18.7,61,92,1,0.03,0.03333333333333333,61.0,742.7549513417093,1.0,18.684389051808406,15.610948191593351
18.733333333333334,60,95,0,0.03,0.03333333333333333,60.0,765.3272826505931,1.0,18.718191593352884,15.141739980449657
18.766666666666666,61,88,1,0.03,0.03333333333333333,61.0,710.0102818316313,1.0,18.75043010752688,16.236559139784944
18.8,60,66,0,0.03,0.03333333333333333,60.0,531.3212389244244,1.0,18.780322580645162,19.67741935483871
18.833333333333332,61,77,1,0.03,0.03333333333333333,61.0,619.730056422117,1.0,18.81537634408602,17.956989247311828
18.866666666666667,60,89,0,0.03,0.03333333333333333,60.0,716.9448459393889,1.0,18.85058651026393,16.080156402737046
18.9,61,73,1,0.03,0.03333333333333333,61.0,584.1003382374563,1.0,18.881417399804494,18.58260019550342
18.933333333333334,60,88,0,0.03,0.03333333333333333,60.0,706.2219092408712,1.0,18.91709677419355,16.236559139784944
18.96666666666667,61,63,1,0.03,0.03333333333333333,61.0,507.3495344802957,1.0,18.946520039100687,20.146627565982406
19.0,60,73,0,0.03,0.03333333333333333,60.0,591.8412022638779,1.0,18.981417399804496,18.58260019550342
19.03333333333333,61,83,1,0.03,0.03333333333333333,61.0,664.7391008831518,1.0,19.01631476050831,17.01857282502444
19.066666666666666,60,86,0,0.03,0.03333333333333333,60.0,689.6269488518726,1.0,19.050117302052787,16.549364613880744
19.1,61,84,1,0.03,0.03333333333333333,61.0,673.1121993385732,1.0,19.083137829912026,16.86217008797654
19.133333333333333,60,88,0,0.03,0.03333333333333333,60.0,709.3268828220289,1.0,19.11709677419355,16.236559139784944
19.166666666666668,61,62,1,0.03,0.03333333333333333,61.0,501.82662447195173,1.0,19.14636363636364,20.303030303030305
19.2,60,66,0,0.03,0.03333333333333333,60.0,530.2823599932565,1.0,19.18032258064516,19.67741935483871
19.233333333333334,61,95,1,0.03,0.03333333333333333,61.0,760.6832756837435,1.0,19.218191593352884,15.141739980449657
19.266666666666666,60,88,0,0.03,0.03333333333333333,60.0,704.5245932270484,1.0,19.25043010752688,16.236559139784944
19.3,61,66,1,0.03,0.03333333333333333,61.0,533.8794928058034,1.0,19.280322580645162,19.67741935483871
19.333333333333332,60,94,0,0.03,0.03333333333333333,60.0,752.6223312195738,1.0,19.318035190615834,15.298142717497555
19.366666666666667,61,71,1,0.03,0.03333333333333333,61.0,572.6693653473701,1.0,19.347771260997067,18.89540566959922
19.4,60,80,0,0.03,0.03333333333333333,60.0,643.4779652585671,1.0,19.382512218963832,17.487781036168133
19.433333333333334,61,67,1,0.03,0.03333333333333333,61.0,543.558953865398,1.0,19.413812316715543,19.521016617790814
19.46666666666667,60,89,0,0.03,0.03333333333333333,60.0,713.033016926512,1.0,19.450586510263932,16.080156402737046
19.5,61,87,1,0.03,0.03333333333333333,61.0,700.0563263042803,1.0,19.483607038123168,16.392961876832846
19.53333333333333,60,70,0,0.03,0.03333333333333333,60.0,563.3337413498408,1.0,19.514281524926684,19.05180840664712
19.566666666666666,61,94,1,0.03,0.03333333333333333,61.0,759.0202300571005,1.0,19.55136852394917,15.298142717497555
19.6,60,77,0,0.03,0.03333333333333333,60.0,620.3918072659137,1.0,19.582043010752688,17.956989247311828
19.633333333333333,61,73,1,0.03,0.03333333333333333,61.0,587.7545273212226,1.0,19.61475073313783,18.58260019550342
19.666666666666668,60,68,0,0.03,0.03333333333333333,60.0,545.6988768393607,1.0,19.647302052785925,19.364613880742915
19.7,61,72,1,0.03,0.03333333333333333,61.0,579.8504037546612,1.0,19.681260997067447,18.73900293255132
19.733333333333334,60,63,0,0.03,0.03333333333333333,60.0,506.6080763671451,1.0,19.713186705767352,20.146627565982406
19.766666666666666,61,84,1,0.03,0.03333333333333333,61.0,674.9772477368347,1.0,19.74980449657869,16.86217008797654
19.8,60,94,0,0.03,0.03333333333333333,60.0,752.6692239031844,1.0,19.784701857282503,15.298142717497555
19.833333333333332,61,83,1,0.03,0.03333333333333333,61.0,664.6941348324925,1.0,19.81631476050831,17.01857282502444
19.866666666666667,60,70,0,0.03,0.03333333333333333,60.0,565.7821885771627,1.0,19.84761485826002,19.05180840664712
19.9,61,63,1,0.03,0.03333333333333333,61.0,510.1007534641618,1.0,19.879853372434017,20.146627565982406
19.933333333333334,60,70,0,0.03,0.03333333333333333,60.0,564.3884219776409,1.0,19.914281524926686,19.05180840664712
19.96666666666667,61,78,1,0.03,0.03333333333333333,61.0,624.8364284213277,1.0,19.948866080156403,17.80058651026393
20.0,60,90,0,0.03,0.03333333333333333,60.0,727.883428609939,1.0,19.98407624633431,15.923753665689148
20.03333333333333,61,69,1,0.03,0.03333333333333333,61.0,556.3528557613322,1.0,20.014125122189636,19.208211143695017
20.066666666666666,60,89,0,0.03,0.03333333333333333,60.0,715.9374360064058,1.0,20.05058651026393,16.080156402737046
20.1,61,95,1,0.03,0.03333333333333333,61.0,760.0800405055651,1.0,20.08485826001955,15.141739980449657
20.133333333333333,60,79,0,0.03,0.03333333333333333,60.0,636.1840544325071,1.0,20.115689149560115,17.64418377321603
20.166666666666668,61,93,1,0.03,0.03333333333333333,61.0,746.4295974927779,1.0,20.151212121212122,15.454545454545453
20.2,60,83,0,0.03,0.03333333333333333,60.0,666.3972044105287,1.0,20.182981427174976,17.01857282502444
20.233333333333334,61,86,1,0.03,0.03333333333333333,61.0,691.1272511242714,1.0,20.216783968719454,16.549364613880744
20.266666666666666,60,82,0,0.03,0.03333333333333333,60.0,657.8835381014608,1.0,20.249491691104595,17.174975562072337
20.3,61,79,1,0.03,0.03333333333333333,61.0,638.9518150254025,1.0,20.282355816226783,17.64418377321603
20.333333333333332,60,71,0,0.03,0.03333333333333333,60.0,570.3960325327548,1.0,20.314437927663732,18.89540566959922
20.366666666666667,61,73,1,0.03,0.03333333333333333,61.0,590.9582178383138,1.0,20.348084066471163,18.58260019550342
20.4,60,73,0,0.03,0.03333333333333333,60.0,586.9910356830827,1.0,20.381417399804494,18.58260019550342
20.433333333333334,61,83,1,0.03,0.03333333333333333,61.0,668.9866792861444,1.0,20.41631476050831,17.01857282502444
20.46666666666667,60,66,0,0.03,0.03333333333333333,60.0,535.986107907167,1.0,20.44698924731183,19.67741935483871
20.5,61,96,1,0.03,0.03333333333333333,61.0,775.0375072107006,1.0,20.485014662756598,14.985337243401759
20.53333333333333,60,89,0,0.03,0.03333333333333333,60.0,716.196543584934,1.0,20.517253176930595,16.080156402737046
20.566666666666666,61,77,1,0.03,0.03333333333333333,61.0,620.4336892739581,1.0,20.548709677419353,17.956989247311828
20.6,60,68,0,0.03,0.03333333333333333,60.0,547.5872433579134,1.0,20.58063538611926,19.364613880742915
20.633333333333333,61,95,1,0.03,0.03333333333333333,61.0,764.5976509164907,1.0,20.618191593352883,15.141739980449657
20.666666666666668,60,93,0,0.03,0.03333333333333333,60.0,747.1334270303496,1.0,20.651212121212122,15.454545454545453
20.7,61,89,1,0.03,0.03333333333333333,61.0,716.5164658151538,1.0,20.683919843597263,16.080156402737046
20.733333333333334,60,72,0,0.03,0.03333333333333333,60.0,581.4641142233727,1.0,20.714594330400782,18.73900293255132
20.766666666666666,61,77,1,0.03,0.03333333333333333,61.0,620.7339912301006,1.0,20.748709677419352,17.956989247311828
20.8,60,66,0,0.03,0.03333333333333333,60.0,530.824475735727,1.0,20.780322580645162,19.67741935483871
20.833333333333332,61,69,1,0.03,0.03333333333333333,61.0,556.7118574182596,1.0,20.814125122189637,19.208211143695017
20.866666666666667,60,91,0,0.03,0.03333333333333333,60.0,734.9049911950199,1.0,20.850899315738026,15.76735092864125
20.9,61,89,1,0.03,0.03333333333333333,61.0,714.5116156552051,1.0,20.883919843597262,16.080156402737046
20.933333333333334,60,84,0,0.03,0.03333333333333333,60.0,678.0457288927804,1.0,20.916471163245358,16.86217008797654
20.96666666666667,61,96,1,0.03,0.03333333333333333,61.0,768.7180177778519,1.0,20.951681329423266,14.985337243401759
21.0,60,84,0,0.03,0.03333333333333333,60.0,674.9799553439136,1.0,20.983137829912025,16.86217008797654
21.03333333333333,61,80,1,0.03,0.03333333333333333,61.0,640.0903999890832,1.0,21.015845552297165,17.487781036168133
21.066666666666666,60,75,0,0.03,0.03333333333333333,60.0,602.1112238917289,1.0,21.048396871945258,18.269794721407624
21.1,61,97,1,0.03,0.03333333333333333,61.0,782.1345517208517,1.0,21.085171065493647,14.82893450635386
21.133333333333333,60,65,0,0.03,0.03333333333333333,60.0,524.814638457306,1.0,21.113499511241447,19.83382209188661
21.166666666666668,61,97,1,0.03,0.03333333333333333,61.0,779.2662116182426,1.0,21.151837732160313,14.82893450635386
21.2,60,93,0,0.03,0.03333333333333333,60.0,748.0143979793055,1.0,21.184545454545454,15.454545454545453
21.233333333333334,61,67,1,0.03,0.03333333333333333,61.0,538.9789773607104,1.0,21.213812316715543,19.521016617790814
21.266666666666666,60,83,0,0.03,0.03333333333333333,60.0,669.4953073025761,1.0,21.249648093841643,17.01857282502444
21.3,61,94,1,0.03,0.03333333333333333,61.0,759.964394524726,1.0,21.284701857282503,15.298142717497555
21.333333333333332,60,83,0,0.03,0.03333333333333333,60.0,671.5427490821461,1.0,21.31631476050831,17.01857282502444
21.366666666666667,61,96,1,0.03,0.03333333333333333,61.0,772.1599464681867,1.0,21.351681329423265,14.985337243401759
21.4,60,97,0,0.03,0.03333333333333333,60.0,782.8951450448128,1.0,21.385171065493644,14.82893450635386
21.433333333333334,61,78,1,0.03,0.03333333333333333,61.0,626.7153566552918,1.0,21.415532746823068,17.80058651026393
21.46666666666667,60,76,0,0.03,0.03333333333333333,60.0,613.194098421897,1.0,21.448553274682308,18.113391984359726
21.5,61,97,1,0.03,0.03333333333333333,61.0,780.8963461907471,1.0,21.485171065493645,14.82893450635386
21.53333333333333,60,87,0,0.03,0.03333333333333333,60.0,702.5420183449004,1.0,21.5169403714565,16.392961876832846
21.566666666666666,61,66,1,0.03,0.03333333333333333,61.0,534.8068044044508,1.0,21.546989247311828,19.67741935483871
21.6,60,64,0,0.03,0.03333333333333333,60.0,512.6875247668044,1.0,21.580009775171067,19.990224828934508
21.633333333333333,61,83,1,0.03,0.03333333333333333,61.0,669.3887152991789,1.0,21.61631476050831,17.01857282502444
21.666666666666668,60,97,0,0.03,0.03333333333333333,60.0,779.0512896315274,1.0,21.651837732160313,14.82893450635386
21.7,61,94,1,0.03,0.03333333333333333,61.0,753.2746107217455,1.0,21.6847018572825,15.298142717497555
21.733333333333334,60,87,0,0.03,0.03333333333333333,60.0,702.7543239393009,1.0,21.716940371456502,16.392961876832846
21.766666666666666,61,67,1,0.03,0.03333333333333333,61.0,541.7347546673262,1.0,21.747145650048875,19.521016617790814
21.8,60,72,0,0.03,0.03333333333333333,60.0,576.2694151246087,1.0,21.78126099706745,18.73900293255132
21.833333333333332,61,95,1,0.03,0.03333333333333333,61.0,762.6533679657848,1.0,21.818191593352882,15.141739980449657
21.866666666666667,60,69,0,0.03,0.03333333333333333,60.0,554.8421709970702,1.0,21.847458455522972,19.208211143695017
21.9,61,72,1,0.03,0.03333333333333333,61.0,583.5318224751304,1.0,21.881260997067447,18.73900293255132
21.933333333333334,60,67,0,0.03,0.03333333333333333,60.0,538.8801953586326,1.0,21.913812316715543,19.521016617790814
21.96666666666667,61,87,1,0.03,0.03333333333333333,61.0,702.8324694243233,1.0,21.950273704789836,16.392961876832846
22.0,24,101,0,0.022500000000000003,0.025,24.0,812.0567284510365,1.0,21.985796676441836,14.203323558162268
22.025,25,84,0,0.022500000000000003,0.025,25.0,679.4859282014502,1.0,22.008137829912023,16.86217008797654
22.05,26,72,0,0.022500000000000003,0.025,26.0,578.73928610637,1.0,22.03126099706745,18.73900293255132
22.075,27,87,0,0.022500000000000003,0.025,27.0,698.4914166685433,1.0,22.058607038123167,16.392961876832846
22.1,28,87,0,0.022500000000000003,0.025,28.0,696.3483260090599,1.0,22.08360703812317,16.392961876832846
22.125,29,94,0,0.022500000000000003,0.025,29.0,755.5859283762094,1.0,22.109701857282502,15.298142717497555
22.15,30,89,0,0.022500000000000003,0.025,30.0,714.4063118363852,1.0,22.133919843597262,16.080156402737046
22.175,31,82,0,0.022500000000000003,0.025,31.0,658.3082408280098,1.0,22.15782502443793,17.174975562072337
22.2,32,85,0,0.022500000000000003,0.025,32.0,685.6804063251611,1.0,22.18329423264907,16.705767350928642
22.225,33,89,0,0.022500000000000003,0.025,33.0,716.3709885825494,1.0,22.208919843597265,16.080156402737046
22.25,34,73,0,0.022500000000000003,0.025,34.0,591.7642874844795,1.0,22.231417399804496,18.58260019550342
22.275,35,95,0,0.022500000000000003,0.025,35.0,766.9310867195226,1.0,22.25985826001955,15.141739980449657
22.3,36,82,0,0.022500000000000003,0.025,36.0,658.4415057097667,1.0,22.28282502443793,17.174975562072337
22.325,37,96,0,0.022500000000000003,0.025,37.0,770.8521910473809,1.0,22.310014662756597,14.985337243401759
22.35,38,89,0,0.022500000000000003,0.025,38.0,719.6232570563294,1.0,22.333919843597265,16.080156402737046
22.375,39,91,0,0.022500000000000003,0.025,39.0,731.4797068196987,1.0,22.35923264907136,15.76735092864125
22.4,40,94,0,0.022500000000000003,0.025,40.0,757.4711718000636,1.0,22.3847018572825,15.298142717497555
22.425,41,91,0,0.022500000000000003,0.025,41.0,728.656602634625,1.0,22.40923264907136,15.76735092864125
22.45,42,91,0,0.022500000000000003,0.025,42.0,733.6443108158726,1.0,22.434232649071358,15.76735092864125
22.475,43,86,0,0.022500000000000003,0.025,43.0,691.7791779769309,1.0,22.45845063538612,16.549364613880744
22.5,44,89,0,0.022500000000000003,0.025,44.0,718.6084340736047,1.0,22.483919843597263,16.080156402737046
22.525,45,83,0,0.022500000000000003,0.025,45.0,670.6251092514128,1.0,22.507981427174975,17.01857282502444
22.55,46,85,0,0.022500000000000003,0.025,46.0,682.8294450206016,1.0,22.533294232649073,16.705767350928642
22.575,47,99,0,0.022500000000000003,0.025,47.0,798.2347523984454,1.0,22.56048387096774,14.516129032258064
22.6,48,82,0,0.022500000000000003,0.025,48.0,659.5903207474789,1.0,22.58282502443793,17.174975562072337
22.625,49,88,0,0.022500000000000003,0.025,49.0,707.715856331814,1.0,22.608763440860216,16.236559139784944
22.65,50,88,0,0.022500000000000003,0.025,50.0,705.6734518357738,1.0,22.633763440860214,16.236559139784944
22.675,51,85,0,0.022500000000000003,0.025,51.0,684.46227641096,1.0,22.658294232649073,16.705767350928642
22.7,52,90,0,0.022500000000000003,0.025,52.0,725.7200468285218,1.0,22.68407624633431,15.923753665689148
22.725,53,91,0,0.022500000000000003,0.025,53.0,729.4861046370692,1.0,22.70923264907136,15.76735092864125
22.75,54,81,0,0.022500000000000003,0.025,54.0,653.709040842621,1.0,22.73266862170088,17.331378299120235
22.775,55,88,0,0.022500000000000003,0.025,55.0,705.0678355773275,1.0,22.758763440860214,16.236559139784944
22.8,56,80,0,0.022500000000000003,0.025,56.0,645.8816330613821,1.0,22.782512218963834,17.487781036168133
22.825,57,92,0,0.022500000000000003,0.025,57.0,739.4274309158651,1.0,22.809389051808406,15.610948191593351
22.85,58,88,0,0.022500000000000003,0.025,58.0,708.8243655181312,1.0,22.833763440860217,16.236559139784944
22.875,59,88,0,0.022500000000000003,0.025,59.0,704.1164943358543,1.0,22.858763440860216,16.236559139784944
22.9,60,91,0,0.022500000000000003,0.025,60.0,732.9515674436202,1.0,22.884232649071357,15.76735092864125
22.925,61,85,0,0.022500000000000003,0.025,61.0,686.22448547658,1.0,22.908294232649073,16.705767350928642
22.95,62,93,0,0.022500000000000003,0.025,62.0,745.7010979609103,1.0,22.934545454545454,15.454545454545453
22.975,63,81,0,0.022500000000000003,0.025,63.0,652.5777563621932,1.0,22.957668621700883,17.331378299120235
23.0,64,96,0,0.022500000000000003,0.025,64.0,770.5938259447264,1.0,22.985014662756598,14.985337243401759
23.025,65,84,0,0.022500000000000003,0.025,65.0,672.4544408722574,1.0,23.008137829912023,16.86217008797654
23.05,66,76,0,0.022500000000000003,0.025,66.0,615.1910466152206,1.0,23.03188660801564,18.113391984359726
23.075,67,85,0,0.022500000000000003,0.025,67.0,683.5732545768634,1.0,23.05829423264907,16.705767350928642
23.1,68,84,0,0.022500000000000003,0.025,68.0,677.9015901372895,1.0,23.083137829912026,16.86217008797654
23.125,69,85,0,0.022500000000000003,0.025,69.0,683.1963006924982,1.0,23.108294232649072,16.705767350928642
23.15,70,88,0,0.022500000000000003,0.025,70.0,711.5824007741992,1.0,23.133763440860214,16.236559139784944
23.175,71,94,0,0.022500000000000003,0.025,71.0,754.8921180444137,1.0,23.159701857282503,15.298142717497555
23.2,72,86,0,0.022500000000000003,0.025,72.0,690.4147043051431,1.0,23.18345063538612,16.549364613880744
23.225,73,83,0,0.022500000000000003,0.025,73.0,665.419121509055,1.0,23.20798142717498,17.01857282502444
23.25,74,80,0,0.022500000000000003,0.025,74.0,643.6726593858101,1.0,23.232512218963834,17.487781036168133
23.275,75,84,0,0.022500000000000003,0.025,75.0,676.5908604345478,1.0,23.258137829912023,16.86217008797654
23.3,76,75,0,0.022500000000000003,0.025,76.0,605.6087580374824,1.0,23.281730205278592,18.269794721407624
23.325,77,82,0,0.022500000000000003,0.025,77.0,663.743345324182,1.0,23.30782502443793,17.174975562072337
23.35,78,95,0,0.022500000000000003,0.025,78.0,762.2026947931093,1.0,23.33485826001955,15.141739980449657
23.375,79,82,0,0.022500000000000003,0.025,79.0,658.8320397710788,1.0,23.35782502443793,17.174975562072337
23.4,80,91,0,0.022500000000000003,0.025,80.0,731.4357930400153,1.0,23.384232649071357,15.76735092864125
23.425,81,79,0,0.022500000000000003,0.025,81.0,638.6758955095755,1.0,23.407355816226783,17.64418377321603
23.45,82,98,0,0.022500000000000003,0.025,82.0,788.5547949655277,1.0,23.435327468230692,14.672531769305962
23.475,83,98,0,0.022500000000000003,0.025,83.0,791.8803366532355,1.0,23.460327468230695,14.672531769305962
23.5,84,91,0,0.022500000000000003,0.025,84.0,729.5510778279938,1.0,23.48423264907136,15.76735092864125
23.525,85,99,0,0.022500000000000003,0.025,85.0,799.562630082176,1.0,23.51048387096774,14.516129032258064
23.55,86,89,0,0.022500000000000003,0.025,86.0,717.7896487463831,1.0,23.533919843597264,16.080156402737046
23.575,87,92,0,0.022500000000000003,0.025,87.0,738.4258557074778,1.0,23.559389051808406,15.610948191593351
23.6,88,95,0,0.022500000000000003,0.025,88.0,763.0966938365767,1.0,23.58485826001955,15.141739980449657
23.625,89,88,0,0.022500000000000003,0.025,89.0,708.9859226549224,1.0,23.608763440860216,16.236559139784944
23.65,90,77,0,0.022500000000000003,0.025,90.0,622.381126920747,1.0,23.632043010752685,17.956989247311828
23.675,91,92,0,0.022500000000000003,0.025,91.0,739.4481677617199,1.0,23.659389051808407,15.610948191593351
23.7,92,84,0,0.022500000000000003,0.025,92.0,676.4070202783269,1.0,23.683137829912024,16.86217008797654
23.725,93,85,0,0.022500000000000003,0.025,93.0,680.123508952227,1.0,23.708294232649074,16.705767350928642
23.75,94,89,0,0.022500000000000003,0.025,94.0,714.8947458239345,1.0,23.733919843597263,16.080156402737046
23.775,95,91,0,0.022500000000000003,0.025,95.0,728.3140439858686,1.0,23.759232649071357,15.76735092864125
23.8,96,88,0,0.022500000000000003,0.025,96.0,707.5067317003109,1.0,23.783763440860216,16.236559139784944
23.825,24,91,0,0.022500000000000003,0.025,24.0,731.7864768078655,1.0,23.809232649071358,15.76735092864125
23.85,25,83,0,0.022500000000000003,0.025,25.0,664.6571432969902,1.0,23.83298142717498,17.01857282502444
23.875,26,87,0,0.022500000000000003,0.025,26.0,697.8648102638358,1.0,23.858607038123168,16.392961876832846
23.9,27,92,0,0.022500000000000003,0.025,27.0,742.4542725225435,1.0,23.884389051808405,15.610948191593351
23.925,28,98,0,0.022500000000000003,0.025,28.0,788.6395588218357,1.0,23.910327468230694,14.672531769305962
23.95,29,100,0,0.022500000000000003,0.025,29.0,806.3217794486604,1.0,23.935640273704788,14.359726295210166
23.975,30,90,0,0.022500000000000003,0.025,30.0,721.6488341363865,1.0,23.959076246334313,15.923753665689148
24.0,31,92,0,0.022500000000000003,0.025,31.0,742.0004913372803,1.0,23.984389051808407,15.610948191593351
24.025,32,99,0,0.022500000000000003,0.025,32.0,799.0789582407596,1.0,24.01048387096774,14.516129032258064
24.05,33,83,0,0.022500000000000003,0.025,33.0,666.4581981633253,1.0,24.032981427174978,17.01857282502444
24.075,34,91,0,0.022500000000000003,0.025,34.0,731.4849926356292,1.0,24.059232649071358,15.76735092864125
24.1,35,92,0,0.022500000000000003,0.025,35.0,738.4171474743073,1.0,24.084389051808408,15.610948191593351
24.125,36,96,0,0.022500000000000003,0.025,36.0,772.3930718038372,1.0,24.110014662756598,14.985337243401759
24.15,37,80,0,0.022500000000000003,0.025,37.0,643.1429309731889,1.0,24.132512218963832,17.487781036168133
24.175,38,81,0,0.022500000000000003,0.025,38.0,653.0297108099742,1.0,24.157668621700882,17.331378299120235
24.2,39,87,0,0.022500000000000003,0.025,39.0,701.0691105552353,1.0,24.183607038123167,16.392961876832846
24.225,40,89,0,0.022500000000000003,0.025,40.0,718.8863831160818,1.0,24.208919843597265,16.080156402737046
24.25,41,94,0,0.022500000000000003,0.025,41.0,756.1431976866904,1.0,24.234701857282502,15.298142717497555
24.275,42,90,0,0.022500000000000003,0.025,42.0,725.8771887906136,1.0,24.25907624633431,15.923753665689148
24.3,43,86,0,0.022500000000000003,0.025,43.0,692.4293384944858,1.0,24.28345063538612,16.549364613880744
24.325,44,90,0,0.022500000000000003,0.025,44.0,720.8230722378071,1.0,24.30907624633431,15.923753665689148
24.35,45,89,0,0.022500000000000003,0.025,45.0,715.0522238137225,1.0,24.333919843597265,16.080156402737046
24.375,46,98,0,0.022500000000000003,0.025,46.0,787.2508214993894,1.0,24.360327468230693,14.672531769305962
24.4,47,88,0,0.022500000000000003,0.025,47.0,708.2829471784266,1.0,24.383763440860214,16.236559139784944
24.425,48,85,0,0.022500000000000003,0.025,48.0,680.8458293223719,1.0,24.408294232649073,16.705767350928642
24.45,49,90,0,0.022500000000000003,0.025,49.0,722.4804515035914,1.0,24.43407624633431,15.923753665689148
24.475,50,88,0,0.022500000000000003,0.025,50.0,709.9242659669266,1.0,24.458763440860217,16.236559139784944
24.5,51,77,0,0.022500000000000003,0.025,51.0,621.4503322162664,1.0,24.482043010752687,17.956989247311828
24.525,52,87,0,0.022500000000000003,0.025,52.0,699.2173969188916,1.0,24.508607038123166,16.392961876832846
24.55,53,86,0,0.022500000000000003,0.025,53.0,694.9630877296997,1.0,24.53345063538612,16.549364613880744
24.575,54,84,0,0.022500000000000003,0.025,54.0,672.8064067110342,1.0,24.558137829912024,16.86217008797654
24.6,55,93,0,0.022500000000000003,0.025,55.0,751.7791643811486,1.0,24.584545454545456,15.454545454545453
24.625,56,82,0,0.022500000000000003,0.025,56.0,660.7160201694002,1.0,24.60782502443793,17.174975562072337
24.65,57,90,0,0.022500000000000003,0.025,57.0,722.780930976227,1.0,24.63407624633431,15.923753665689148
24.675,58,86,0,0.022500000000000003,0.025,58.0,692.6071500078135,1.0,24.65845063538612,16.549364613880744
24.7,59,88,0,0.022500000000000003,0.025,59.0,705.3847502823392,1.0,24.683763440860215,16.236559139784944
24.725,60,90,0,0.022500000000000003,0.025,60.0,720.5893145522933,1.0,24.709076246334313,15.923753665689148
24.75,61,79,0,0.022500000000000003,0.025,61.0,634.6212808054499,1.0,24.732355816226782,17.64418377321603
24.775,62,88,0,0.022500000000000003,0.025,62.0,709.5830445867391,1.0,24.758763440860214,16.236559139784944
24.8,63,101,0,0.022500000000000003,0.025,63.0,814.4473744856604,1.0,24.785796676441837,14.203323558162268
24.825,64,77,0,0.022500000000000003,0.025,64.0,622.1618327060638,1.0,24.807043010752686,17.956989247311828
24.85,65,87,0,0.022500000000000003,0.025,65.0,697.1196018142248,1.0,24.83360703812317,16.392961876832846
24.875,66,94,0,0.022500000000000003,0.025,66.0,756.161966241191,1.0,24.859701857282502,15.298142717497555
24.9,67,89,0,0.022500000000000003,0.025,67.0,715.0809623976799,1.0,24.883919843597262,16.080156402737046
24.925,68,91,0,0.022500000000000003,0.025,68.0,734.3983476058016,1.0,24.90923264907136,15.76735092864125
24.95,69,72,0,0.022500000000000003,0.025,69.0,581.2166994453692,1.0,24.931260997067447,18.73900293255132
24.975,70,91,0,0.022500000000000003,0.025,70.0,729.9124687314975,1.0,24.95923264907136,15.76735092864125
25.0,71,82,0,0.022500000000000003,0.025,71.0,661.9155896883201,1.0,24.98282502443793,17.174975562072337
25.025,72,89,0,0.022500000000000003,0.025,72.0,715.4938642291573,1.0,25.008919843597262,16.080156402737046
25.05,73,87,0,0.022500000000000003,0.025,73.0,698.5282634545255,1.0,25.03360703812317,16.392961876832846
25.075,74,101,0,0.022500000000000003,0.025,74.0,813.9166514580817,1.0,25.060796676441836,14.203323558162268
25.1,75,90,0,0.022500000000000003,0.025,75.0,727.3347661882938,1.0,25.084076246334313,15.923753665689148
25.125,76,86,0,0.022500000000000003,0.025,76.0,694.3688085368607,1.0,25.10845063538612,16.549364613880744
25.15,77,78,0,0.022500000000000003,0.025,77.0,624.5153620373222,1.0,25.132199413489733,17.80058651026393
25.175,78,88,0,0.022500000000000003,0.025,78.0,706.0573450924949,1.0,25.158763440860216,16.236559139784944
25.2,79,92,0,0.022500000000000003,0.025,79.0,741.1614439173411,1.0,25.184389051808406,15.610948191593351
25.225,80,86,0,0.022500000000000003,0.025,80.0,695.9724054090389,1.0,25.20845063538612,16.549364613880744
25.25,81,84,0,0.022500000000000003,0.025,81.0,674.717182003128,1.0,25.233137829912025,16.86217008797654
25.275,82,83,0,0.022500000000000003,0.025,82.0,671.3706668076841,1.0,25.257981427174975,17.01857282502444
25.3,83,90,0,0.022500000000000003,0.025,83.0,726.757071772766,1.0,25.284076246334312,15.923753665689148
25.325,84,92,0,0.022500000000000003,0.025,84.0,737.9693969654579,1.0,25.309389051808406,15.610948191593351
25.35,85,96,0,0.022500000000000003,0.025,85.0,768.0605057660559,1.0,25.3350146627566,14.985337243401759
25.375,86,81,0,0.022500000000000003,0.025,86.0,650.2500053394821,1.0,25.35766862170088,17.331378299120235
25.4,87,90,0,0.022500000000000003,0.025,87.0,726.2988779208808,1.0,25.38407624633431,15.923753665689148
25.425,88,86,0,0.022500000000000003,0.025,88.0,693.9148022791067,1.0,25.40845063538612,16.549364613880744
25.45,89,86,0,0.022500000000000003,0.025,89.0,695.388289768336,1.0,25.43345063538612,16.549364613880744
25.475,90,90,0,0.022500000000000003,0.025,90.0,720.0912927017001,1.0,25.459076246334313,15.923753665689148
25.5,91,90,0,0.022500000000000003,0.025,91.0,720.3828126812474,1.0,25.48407624633431,15.923753665689148
25.525,92,90,0,0.022500000000000003,0.025,92.0,726.4384052895787,1.0,25.50907624633431,15.923753665689148
25.55,93,80,0,0.022500000000000003,0.025,93.0,647.1264403902095,1.0,25.532512218963834,17.487781036168133
25.575,94,82,0,0.022500000000000003,0.025,94.0,662.5094296416771,1.0,25.55782502443793,17.174975562072337
25.6,95,96,0,0.022500000000000003,0.025,95.0,774.2934137758842,1.0,25.5850146627566,14.985337243401759
25.625,96,86,0,0.022500000000000003,0.025,96.0,688.971376625958,1.0,25.60845063538612,16.549364613880744
25.65,24,89,0,0.022500000000000003,0.025,24.0,715.3007199008948,1.0,25.633919843597262,16.080156402737046
25.675,25,94,0,0.022500000000000003,0.025,25.0,752.7333156021593,1.0,25.659701857282503,15.298142717497555
25.7,26,90,0,0.022500000000000003,0.025,26.0,723.172153618041,1.0,25.68407624633431,15.923753665689148
25.725,27,90,0,0.022500000000000003,0.025,27.0,727.326131548602,1.0,25.709076246334313,15.923753665689148
25.75,28,93,0,0.022500000000000003,0.025,28.0,744.7288839621879,1.0,25.734545454545454,15.454545454545453
25.775,29,74,0,0.022500000000000003,0.025,29.0,594.16681195515,1.0,25.756573802541542,18.426197458455523
25.8,30,84,0,0.022500000000000003,0.025,30.0,675.5024922419733,1.0,25.783137829912025,16.86217008797654
25.825,31,90,0,0.022500000000000003,0.025,31.0,723.4302898249796,1.0,25.80907624633431,15.923753665689148
25.85,32,96,0,0.022500000000000003,0.025,32.0,769.3822153528829,1.0,25.8350146627566,14.985337243401759
25.875,33,87,0,0.022500000000000003,0.025,33.0,703.3047779827887,1.0,25.858607038123168,16.392961876832846
25.9,34,82,0,0.022500000000000003,0.025,34.0,657.7641769121952,1.0,25.882825024437928,17.174975562072337
25.925,35,82,0,0.022500000000000003,0.025,35.0,659.0956975194749,1.0,25.90782502443793,17.174975562072337
25.95,36,93,0,0.022500000000000003,0.025,36.0,744.1930601726538,1.0,25.934545454545454,15.454545454545453
25.975,37,86,0,0.022500000000000003,0.025,37.0,689.1113208804056,1.0,25.95845063538612,16.549364613880744
26.0,38,87,0,0.022500000000000003,0.025,38.0,699.6399977104832,1.0,25.983607038123168,16.392961876832846
26.025,39,91,0,0.022500000000000003,0.025,39.0,730.751509688616,1.0,26.009232649071357,15.76735092864125
26.05,40,69,0,0.022500000000000003,0.025,40.0,554.9238158653211,1.0,26.030791788856305,19.208211143695017
26.075,41,100,0,0.022500000000000003,0.025,41.0,800.0183755754041,1.0,26.060640273704788,14.359726295210166
26.1,42,82,0,0.022500000000000003,0.025,42.0,663.446308247447,1.0,26.08282502443793,17.174975562072337
26.125,43,89,0,0.022500000000000003,0.025,43.0,712.0968184736786,1.0,26.108919843597263,16.080156402737046
26.15,44,76,0,0.022500000000000003,0.025,44.0,614.7651493251865,1.0,26.131886608015638,18.113391984359726
26.175,45,84,0,0.022500000000000003,0.025,45.0,678.8729444797481,1.0,26.158137829912025,16.86217008797654
26.2,46,95,0,0.022500000000000003,0.025,46.0,762.2344023182549,1.0,26.18485826001955,15.141739980449657
26.225,47,75,0,0.022500000000000003,0.025,47.0,604.1916410167061,1.0,26.206730205278593,18.269794721407624
26.25,48,94,0,0.022500000000000003,0.025,48.0,756.310004359457,1.0,26.234701857282502,15.298142717497555
26.275,49,85,0,0.022500000000000003,0.025,49.0,686.3151951883808,1.0,26.25829423264907,16.705767350928642
26.3,50,90,0,0.022500000000000003,0.025,50.0,724.3582220110096,1.0,26.284076246334312,15.923753665689148
26.325,51,91,0,0.022500000000000003,0.025,51.0,732.8762206742555,1.0,26.309232649071358,15.76735092864125
26.35,52,90,0,0.022500000000000003,0.025,52.0,722.0710749745463,1.0,26.334076246334313,15.923753665689148
26.375,53,82,0,0.022500000000000003,0.025,53.0,656.7524674184587,1.0,26.35782502443793,17.174975562072337
26.4,54,85,0,0.022500000000000003,0.025,54.0,681.7725426732488,1.0,26.38329423264907,16.705767350928642
26.425,55,78,0,0.022500000000000003,0.025,55.0,626.9221911374592,1.0,26.407199413489735,17.80058651026393
26.45,56,90,0,0.022500000000000003,0.025,56.0,724.589816579404,1.0,26.43407624633431,15.923753665689148
26.475,57,98,0,0.022500000000000003,0.025,57.0,785.1027577007962,1.0,26.460327468230695,14.672531769305962
26.5,58,76,0,0.022500000000000003,0.025,58.0,608.7779556661769,1.0,26.48188660801564,18.113391984359726
26.525,59,82,0,0.022500000000000003,0.025,59.0,661.9177046930982,1.0,26.507825024437928,17.174975562072337
26.55,60,86,0,0.022500000000000003,0.025,60.0,690.9112362058534,1.0,26.53345063538612,16.549364613880744
26.575,61,88,0,0.022500000000000003,0.025,61.0,708.6670711856777,1.0,26.558763440860215,16.236559139784944
26.6,62,92,0,0.022500000000000003,0.025,62.0,743.9588150717213,1.0,26.584389051808408,15.610948191593351
26.625,63,86,0,0.022500000000000003,0.025,63.0,692.3900009821167,1.0,26.60845063538612,16.549364613880744
26.65,64,85,0,0.022500000000000003,0.025,64.0,684.2020636777174,1.0,26.63329423264907,16.705767350928642
26.675,65,94,0,0.022500000000000003,0.025,65.0,755.1565353034871,1.0,26.659701857282503,15.298142717497555
26.7,66,91,0,0.022500000000000003,0.025,66.0,733.0997783531652,1.0,26.684232649071358,15.76735092864125
26.725,67,90,0,0.022500000000000003,0.025,67.0,726.9488987850549,1.0,26.709076246334313,15.923753665689148
26.75,68,88,0,0.022500000000000003,0.025,68.0,705.6257855794057,1.0,26.733763440860216,16.236559139784944
26.775,69,93,0,0.022500000000000003,0.025,69.0,749.157610545993,1.0,26.759545454545453,15.454545454545453
26.8,70,83,0,0.022500000000000003,0.025,70.0,667.1845304384867,1.0,26.782981427174978,17.01857282502444
26.825,71,82,0,0.022500000000000003,0.025,71.0,660.3652858906961,1.0,26.80782502443793,17.174975562072337
26.85,72,92,0,0.022500000000000003,0.025,72.0,737.3050493434662,1.0,26.834389051808408,15.610948191593351
26.875,73,77,0,0.022500000000000003,0.025,73.0,618.7482015376546,1.0,26.857043010752687,17.956989247311828
26.9,74,88,0,0.022500000000000003,0.025,74.0,704.6089754818244,1.0,26.883763440860214,16.236559139784944
26.925,75,85,0,0.022500000000000003,0.025,75.0,684.1720823868744,1.0,26.908294232649073,16.705767350928642
26.95,76,78,0,0.022500000000000003,0.025,76.0,629.7122634673522,1.0,26.932199413489734,17.80058651026393
26.975,77,81,0,0.022500000000000003,0.025,77.0,653.4366210141868,1.0,26.957668621700883,17.331378299120235
27.0,78,86,0,0.022500000000000003,0.025,78.0,694.5511953852325,1.0,26.98345063538612,16.549364613880744
27.025,79,93,0,0.022500000000000003,0.025,79.0,751.6981628249512,1.0,27.009545454545453,15.454545454545453
27.05,80,83,0,0.022500000000000003,0.025,80.0,667.3521004371095,1.0,27.032981427174978,17.01857282502444
27.075,81,95,0,0.022500000000000003,0.025,81.0,760.6690699952496,1.0,27.05985826001955,15.141739980449657
27.1,82,87,0,0.022500000000000003,0.025,82.0,703.1589613778258,1.0,27.08360703812317,16.392961876832846
27.125,83,95,0,0.022500000000000003,0.025,83.0,765.5192351084986,1.0,27.10985826001955,15.141739980449657
27.15,84,83,0,0.022500000000000003,0.025,84.0,669.7754195609975,1.0,27.132981427174975,17.01857282502444
27.175,85,87,0,0.022500000000000003,0.025,85.0,697.5595205947316,1.0,27.15860703812317,16.392961876832846
27.2,86,89,0,0.022500000000000003,0.025,86.0,718.4241801668497,1.0,27.183919843597263,16.080156402737046
27.225,87,86,0,0.022500000000000003,0.025,87.0,691.0244768629244,1.0,27.20845063538612,16.549364613880744
27.25,88,93,0,0.022500000000000003,0.025,88.0,747.6512073572618,1.0,27.234545454545454,15.454545454545453
27.275,89,73,0,0.022500000000000003,0.025,89.0,589.6218137354867,1.0,27.256417399804494,18.58260019550342
27.3,90,102,0,0.022500000000000003,0.025,90.0,821.120276939497,1.0,27.285953079178885,14.04692082111437
27.325,91,92,0,0.022500000000000003,0.025,91.0,742.8887303497581,1.0,27.309389051808406,15.610948191593351
27.35,92,86,0,0.022500000000000003,0.025,92.0,691.3234085482492,1.0,27.33345063538612,16.549364613880744
27.375,93,84,0,0.022500000000000003,0.025,93.0,672.3839163211328,1.0,27.358137829912025,16.86217008797654
27.4,94,82,0,0.022500000000000003,0.025,94.0,656.6789694275723,1.0,27.382825024437928,17.174975562072337
27.425,95,91,0,0.022500000000000003,0.025,95.0,732.2807737084869,1.0,27.40923264907136,15.76735092864125
27.45,96,93,0,0.022500000000000003,0.025,96.0,749.7490834396177,1.0,27.434545454545454,15.454545454545453
27.475,24,86,0,0.022500000000000003,0.025,24.0,691.873693593505,1.0,27.45845063538612,16.549364613880744
27.5,25,94,0,0.022500000000000003,0.025,25.0,755.3495206489251,1.0,27.484701857282502,15.298142717497555
27.525,26,81,0,0.022500000000000003,0.025,26.0,654.6369976619438,1.0,27.50766862170088,17.331378299120235
27.55,27,80,0,0.022500000000000003,0.025,27.0,645.8094575006583,1.0,27.532512218963834,17.487781036168133
27.575,28,98,0,0.022500000000000003,0.025,28.0,790.6670602622775,1.0,27.560327468230692,14.672531769305962
27.6,29,91,0,0.022500000000000003,0.025,29.0,729.5554306769271,1.0,27.58423264907136,15.76735092864125
27.625,30,96,0,0.022500000000000003,0.025,30.0,769.8424100906664,1.0,27.610014662756598,14.985337243401759
27.65,31,82,0,0.022500000000000003,0.025,31.0,657.3030145806154,1.0,27.632825024437928,17.174975562072337
27.675,32,81,0,0.022500000000000003,0.025,32.0,653.8237304115635,1.0,27.657668621700882,17.331378299120235
27.7,33,85,0,0.022500000000000003,0.025,33.0,682.0695340271229,1.0,27.68329423264907,16.705767350928642
27.725,34,82,0,0.022500000000000003,0.025,34.0,658.7970579230494,1.0,27.70782502443793,17.174975562072337
27.75,35,91,0,0.022500000000000003,0.025,35.0,735.2682605114226,1.0,27.73423264907136,15.76735092864125
27.775,36,82,0,0.022500000000000003,0.025,36.0,662.4436971536777,1.0,27.757825024437928,17.174975562072337
27.8,37,80,0,0.022500000000000003,0.025,37.0,641.4165070966354,1.0,27.782512218963834,17.487781036168133
27.825,38,88,0,0.022500000000000003,0.025,38.0,707.1007706127616,1.0,27.808763440860215,16.236559139784944
27.85,39,79,0,0.022500000000000003,0.025,39.0,635.5006912087393,1.0,27.832355816226784,17.64418377321603
27.875,40,76,0,0.022500000000000003,0.025,40.0,610.0268034262306,1.0,27.85688660801564,18.113391984359726
27.9,41,88,0,0.022500000000000003,0.025,41.0,706.6628616930639,1.0,27.883763440860214,16.236559139784944
27.925,42,76,0,0.022500000000000003,0.025,42.0,612.5389978494895,1.0,27.90688660801564,18.113391984359726
27.95,43,92,0,0.022500000000000003,0.025,43.0,738.7639698147711,1.0,27.934389051808406,15.610948191593351
27.975,44,78,0,0.022500000000000003,0.025,44.0,630.2333136873602,1.0,27.957199413489736,17.80058651026393
28.0,45,73,0,0.022500000000000003,0.025,45.0,587.9663106790126,1.0,27.981417399804496,18.58260019550342
28.025,46,85,0,0.022500000000000003,0.025,46.0,685.3101674929603,1.0,28.00829423264907,16.705767350928642
28.05,47,88,0,0.022500000000000003,0.025,47.0,707.2297251648242,1.0,28.033763440860216,16.236559139784944
28.075,48,90,0,0.022500000000000003,0.025,48.0,724.573753184097,1.0,28.05907624633431,15.923753665689148
28.1,49,88,0,0.022500000000000003,0.025,49.0,708.6007849507927,1.0,28.083763440860217,16.236559139784944
28.125,50,80,0,0.022500000000000003,0.025,50.0,647.0343689441129,1.0,28.107512218963834,17.487781036168133
28.15,51,91,0,0.022500000000000003,0.025,51.0,735.6530590463302,1.0,28.134232649071357,15.76735092864125
28.175,52,93,0,0.022500000000000003,0.025,52.0,748.0069253239873,1.0,28.159545454545455,15.454545454545453
28.2,53,79,0,0.022500000000000003,0.025,53.0,639.711893577223,1.0,28.18235581622678,17.64418377321603
28.225,54,86,0,0.022500000000000003,0.025,54.0,690.9496930670193,1.0,28.20845063538612,16.549364613880744
28.25,55,85,0,0.022500000000000003,0.025,55.0,686.277998644549,1.0,28.233294232649072,16.705767350928642
28.275,56,88,0,0.022500000000000003,0.025,56.0,711.0190791394017,1.0,28.258763440860214,16.236559139784944
28.3,57,86,0,0.022500000000000003,0.025,57.0,689.7538104112946,1.0,28.28345063538612,16.549364613880744
28.325,58,87,0,0.022500000000000003,0.025,58.0,696.6061113963511,1.0,28.308607038123167,16.392961876832846
28.35,59,91,0,0.022500000000000003,0.025,59.0,732.0907765120845,1.0,28.33423264907136,15.76735092864125
28.375,60,80,0,0.022500000000000003,0.025,60.0,644.3073450199433,1.0,28.357512218963834,17.487781036168133
28.4,61,92,0,0.022500000000000003,0.025,61.0,736.8686567630413,1.0,28.384389051808405,15.610948191593351
28.425,62,94,0,0.022500000000000003,0.025,62.0,757.0566365765626,1.0,28.409701857282503,15.298142717497555
28.45,63,97,0,0.022500000000000003,0.025,63.0,781.7067496744435,1.0,28.435171065493645,14.82893450635386
28.475,64,74,0,0.022500000000000003,0.025,64.0,592.831633793132,1.0,28.456573802541545,18.426197458455523
28.5,65,86,0,0.022500000000000003,0.025,65.0,690.8549171442392,1.0,28.48345063538612,16.549364613880744
28.525,66,75,0,0.022500000000000003,0.025,66.0,601.7449712823205,1.0,28.50673020527859,18.269794721407624
28.55,67,72,0,0.022500000000000003,0.025,67.0,578.2468155113588,1.0,28.53126099706745,18.73900293255132
28.575,68,88,0,0.022500000000000003,0.025,68.0,707.2046523803739,1.0,28.558763440860215,16.236559139784944
28.6,69,85,0,0.022500000000000003,0.025,69.0,680.0424103574819,1.0,28.583294232649074,16.705767350928642
28.625,70,89,0,0.022500000000000003,0.025,70.0,714.9925475885374,1.0,28.608919843597263,16.080156402737046
28.65,71,90,0,0.022500000000000003,0.025,71.0,724.3063845043658,1.0,28.63407624633431,15.923753665689148
28.675,72,95,0,0.022500000000000003,0.025,72.0,762.394797905396,1.0,28.65985826001955,15.141739980449657
28.7,73,87,0,0.022500000000000003,0.025,73.0,702.696021265289,1.0,28.683607038123167,16.392961876832846
28.725,74,105,0,0.022500000000000003,0.025,74.0,846.1677808659545,1.0,28.711422287390032,13.577712609970675
28.75,75,89,0,0.022500000000000003,0.025,75.0,715.3204927492607,1.0,28.733919843597263,16.080156402737046
28.775,76,99,0,0.022500000000000003,0.025,76.0,792.1239522283606,1.0,28.76048387096774,14.516129032258064
28.8,77,72,0,0.022500000000000003,0.025,77.0,583.3581099737876,1.0,28.78126099706745,18.73900293255132
28.825,78,95,0,0.022500000000000003,0.025,78.0,767.4869764775312,1.0,28.80985826001955,15.141739980449657
28.85,79,86,0,0.022500000000000003,0.025,79.0,690.961975510222,1.0,28.83345063538612,16.549364613880744
28.875,80,75,0,0.022500000000000003,0.025,80.0,602.5826370286364,1.0,28.85673020527859,18.269794721407624
28.9,81,90,0,0.022500000000000003,0.025,81.0,721.027255461406,1.0,28.88407624633431,15.923753665689148
28.925,82,85,0,0.022500000000000003,0.025,82.0,684.8522231007842,1.0,28.908294232649073,16.705767350928642
28.95,83,91,0,0.022500000000000003,0.025,83.0,729.0026624224071,1.0,28.934232649071358,15.76735092864125
28.975,84,93,0,0.022500000000000003,0.025,84.0,750.5538228775539,1.0,28.959545454545456,15.454545454545453
29.0,85,78,0,0.022500000000000003,0.025,85.0,625.5424941619202,1.0,28.982199413489734,17.80058651026393
29.025,86,93,0,0.022500000000000003,0.025,86.0,750.7459491227579,1.0,29.009545454545453,15.454545454545453
29.05,87,87,0,0.022500000000000003,0.025,87.0,700.3239742110359,1.0,29.03360703812317,16.392961876832846
29.075,88,95,0,0.022500000000000003,0.025,88.0,767.6420587346636,1.0,29.05985826001955,15.141739980449657
29.1,89,86,0,0.022500000000000003,0.025,89.0,689.7425885501066,1.0,29.08345063538612,16.549364613880744
29.125,90,84,0,0.022500000000000003,0.025,90.0,676.479555373429,1.0,29.108137829912025,16.86217008797654
29.15,91,87,0,0.022500000000000003,0.025,91.0,701.3527020344476,1.0,29.133607038123166,16.392961876832846
29.175,92,88,0,0.022500000000000003,0.025,92.0,705.0930353189926,1.0,29.158763440860216,16.236559139784944
29.2,93,83,0,0.022500000000000003,0.025,93.0,666.8607599254133,1.0,29.182981427174976,17.01857282502444
29.225,94,84,0,0.022500000000000003,0.025,94.0,675.1847634522358,1.0,29.208137829912026,16.86217008797654
29.25,95,79,0,0.022500000000000003,0.025,95.0,638.6562232743105,1.0,29.232355816226782,17.64418377321603
29.275,96,84,0,0.022500000000000003,0.025,96.0,678.2677455104903,1.0,29.258137829912023,16.86217008797654
29.3,24,91,0,0.022500000000000003,0.025,24.0,733.815502999879,1.0,29.28423264907136,15.76735092864125
29.325,25,86,0,0.022500000000000003,0.025,25.0,693.1322913046928,1.0,29.30845063538612,16.549364613880744
29.35,26,93,0,0.022500000000000003,0.025,26.0,750.4532648023664,1.0,29.334545454545456,15.454545454545453
29.375,27,86,0,0.022500000000000003,0.025,27.0,690.7285266173463,1.0,29.35845063538612,16.549364613880744
29.4,28,78,0,0.022500000000000003,0.025,28.0,628.4241001138344,1.0,29.382199413489733,17.80058651026393
29.425,29,91,0,0.022500000000000003,0.025,29.0,729.8637443778291,1.0,29.40923264907136,15.76735092864125
29.45,30,83,0,0.022500000000000003,0.025,30.0,666.3188429483299,1.0,29.432981427174976,17.01857282502444
29.475,31,86,0,0.022500000000000003,0.025,31.0,688.3316355618233,1.0,29.45845063538612,16.549364613880744
29.5,32,95,0,0.022500000000000003,0.025,32.0,761.8786023742059,1.0,29.48485826001955,15.141739980449657
29.525,33,80,0,0.022500000000000003,0.025,33.0,641.9564770139243,1.0,29.507512218963832,17.487781036168133
29.55,34,88,0,0.022500000000000003,0.025,34.0,708.2371893732193,1.0,29.533763440860216,16.236559139784944
29.575,35,87,0,0.022500000000000003,0.025,35.0,697.9740824982104,1.0,29.558607038123167,16.392961876832846
29.6,36,91,0,0.022500000000000003,0.025,36.0,735.0462857718552,1.0,29.58423264907136,15.76735092864125
29.625,37,92,0,0.022500000000000003,0.025,37.0,742.7576682741011,1.0,29.609389051808407,15.610948191593351
29.65,38,89,0,0.022500000000000003,0.025,38.0,713.1919502124446,1.0,29.633919843597262,16.080156402737046
29.675,39,85,0,0.022500000000000003,0.025,39.0,681.9812676709801,1.0,29.658294232649073,16.705767350928642
29.7,40,90,0,0.022500000000000003,0.025,40.0,723.668625201298,1.0,29.68407624633431,15.923753665689148
29.725,41,95,0,0.022500000000000003,0.025,41.0,766.782794857228,1.0,29.70985826001955,15.141739980449657
29.75,42,87,0,0.022500000000000003,0.025,42.0,698.635503018015,1.0,29.733607038123168,16.392961876832846
29.775,43,85,0,0.022500000000000003,0.025,43.0,686.6371942788487,1.0,29.75829423264907,16.705767350928642
29.8,44,89,0,0.022500000000000003,0.025,44.0,719.4085128833996,1.0,29.783919843597264,16.080156402737046
29.825,45,87,0,0.022500000000000003,0.025,45.0,701.9363510184805,1.0,29.808607038123167,16.392961876832846
29.85,46,79,0,0.022500000000000003,0.025,46.0,633.11452880411,1.0,29.832355816226784,17.64418377321603
29.875,47,88,0,0.022500000000000003,0.025,47.0,711.9665400198741,1.0,29.858763440860216,16.236559139784944
29.9,48,79,0,0.022500000000000003,0.025,48.0,632.6618795618118,1.0,29.88235581622678,17.64418377321603
29.925,49,89,0,0.022500000000000003,0.025,49.0,718.7240323204222,1.0,29.908919843597264,16.080156402737046
29.95,50,82,0,0.022500000000000003,0.025,50.0,660.1428637796716,1.0,29.93282502443793,17.174975562072337
29.975,51,87,0,0.022500000000000003,0.025,51.0,701.8437402093173,1.0,29.95860703812317,16.392961876832846
30.0,40,50,0,0.225,0.25,63.12475124959389,400.0,1.0,29.977820136852394,22.179863147605083
30.0,55,50,1,0.225,0.25,68.06122794080318,400.0,1.0,29.977820136852394,22.179863147605083
30.0,64,50,2,0.225,0.25,65.77910342662534,400.0,1.0,29.977820136852394,22.179863147605083
30.25,55,50,0,0.225,0.25,79.63122676754857,400.0,1.0,30.227820136852394,22.179863147605083
30.25,31,50,1,0.225,0.25,43.950958375180846,400.0,1.0,30.227820136852394,22.179863147605083
30.25,52,50,2,0.225,0.25,52.84373848690889,400.0,1.0,30.227820136852394,22.179863147605083
30.25,76,50,3,0.225,0.25,65.1996925292311,400.0,1.0,30.227820136852394,22.179863147605083
30.5,40,50,0,0.225,0.25,65.94199969429539,400.0,1.0,30.477820136852394,22.179863147605083
30.5,64,50,1,0.225,0.25,75.58936766177189,400.0,1.0,30.477820136852394,22.179863147605083
30.5,60,50,2,0.225,0.25,71.39569610506108,400.0,1.0,30.477820136852394,22.179863147605083
30.5,79,50,3,0.225,0.25,68.47584424138671,400.0,1.0,30.477820136852394,22.179863147605083
30.75,36,50,0,0.225,0.25,70.91839047793867,400.0,1.0,30.727820136852394,22.179863147605083
30.75,43,50,1,0.225,0.25,55.5318820632489,400.0,1.0,30.727820136852394,22.179863147605083
30.75,64,50,2,0.225,0.25,65.58098696585951,400.0,1.0,30.727820136852394,22.179863147605083
30.75,76,50,3,0.225,0.25,64.09973212952309,400.0,1.0,30.727820136852394,22.179863147605083
31.0,48,50,0,0.225,0.25,74.9739825495514,400.0,1.0,30.977820136852394,22.179863147605083
31.0,55,50,1,0.225,0.25,66.22363818234204,400.0,1.0,30.977820136852394,22.179863147605083
31.0,64,50,2,0.225,0.25,65.17037895522859,400.0,1.0,30.977820136852394,22.179863147605083
31.0,60,50,3,0.225,0.25,59.40698314855965,400.0,1.0,30.977820136852394,22.179863147605083
31.25,40,50,0,0.225,0.25,63.914047335995555,400.0,1.0,31.227820136852394,22.179863147605083
31.25,67,50,1,0.225,0.25,80.19039832493625,400.0,1.0,31.227820136852394,22.179863147605083
31.25,52,50,2,0.225,0.25,51.05864058390405,400.0,1.0,31.227820136852394,22.179863147605083
31.25,60,50,3,0.225,0.25,58.062806193408555,400.0,1.0,31.227820136852394,22.179863147605083
31.5,36,50,0,0.225,0.25,62.28551840213759,400.0,1.0,31.477820136852394,22.179863147605083
31.5,64,50,1,0.225,0.25,77.24266198552493,400.0,1.0,31.477820136852394,22.179863147605083
31.5,72,50,2,0.225,0.25,73.59705933315398,400.0,1.0,31.477820136852394,22.179863147605083
31.5,60,50,3,0.225,0.25,58.02952195706554,400.0,1.0,31.477820136852394,22.179863147605083
31.75,28,50,0,0.225,0.25,51.46623112939027,400.0,1.0,31.727820136852394,22.179863147605083
31.75,40,50,1,0.225,0.25,52.1795029962185,400.0,1.0,31.727820136852394,22.179863147605083
31.75,48,50,2,0.225,0.25,59.89027120506985,400.0,1.0,31.727820136852394,22.179863147605083
31.75,76,50,3,0.225,0.25,65.5822152080897,400.0,1.0,31.727820136852394,22.179863147605083
32.0,24,50,0,0.225,0.25,59.06696054079684,400.0,1.0,31.977820136852394,22.179863147605083
32.0,36,50,1,0.225,0.25,48.44386130398182,400.0,1.0,31.977820136852394,22.179863147605083
32.0,64,50,2,0.225,0.25,65.82439089943873,400.0,1.0,31.977820136852394,22.179863147605083
32.0,60,50,3,0.225,0.25,48.74300803952298,400.0,1.0,31.977820136852394,22.179863147605083
32.25,31,50,0,0.225,0.25,54.2152981629131,400.0,1.0,32.227820136852394,22.179863147605083
32.25,48,50,1,0.225,0.25,71.44277279078342,400.0,1.0,32.227820136852394,22.179863147605083
32.25,55,50,2,0.225,0.25,57.41740429002713,400.0,1.0,32.227820136852394,22.179863147605083
32.25,67,50,3,0.225,0.25,57.02501471315675,400.0,1.0,32.227820136852394,22.179863147605083
32.5,31,50,0,0.225,0.25,56.79152919900491,400.0,1.0,32.477820136852394,22.179863147605083
32.5,48,50,1,0.225,0.25,61.136446492752,400.0,1.0,32.477820136852394,22.179863147605083
32.5,60,50,2,0.225,0.25,62.087112517456774,400.0,1.0,32.477820136852394,22.179863147605083
32.5,84,50,3,0.225,0.25,72.76487858408758,400.0,1.0,32.477820136852394,22.179863147605083
32.75,48,50,0,0.225,0.25,74.96530700953974,400.0,1.0,32.727820136852394,22.179863147605083
32.75,43,50,1,0.225,0.25,55.99294846958336,400.0,1.0,32.727820136852394,22.179863147605083
32.75,60,50,2,0.225,0.25,62.377018816955236,400.0,1.0,32.727820136852394,22.179863147605083
32.75,84,50,3,0.225,0.25,73.07356213261741,400.0,1.0,32.727820136852394,22.179863147605083
33.0,36,50,0,0.225,0.25,60.916972073599915,400.0,1.0,32.977820136852394,22.179863147605083
33.0,52,50,1,0.225,0.25,64.96974837551238,400.0,1.0,32.977820136852394,22.179863147605083
33.0,60,50,3,0.225,0.25,48.174823297586705,400.0,1.0,32.977820136852394,22.179863147605083
33.25,28,50,0,0.225,0.25,52.992803378271134,400.0,1.0,33.227820136852394,22.179863147605083
33.25,36,50,1,0.225,0.25,58.69696338032447,400.0,1.0,33.227820136852394,22.179863147605083
33.25,64,50,2,0.225,0.25,64.65958499723865,400.0,1.0,33.227820136852394,22.179863147605083
33.25,60,50,3,0.225,0.25,50.94869110989113,400.0,1.0,33.227820136852394,22.179863147605083
33.5,36,50,0,0.225,0.25,70.99626763753044,400.0,1.0,33.477820136852394,22.179863147605083
33.5,52,50,1,0.225,0.25,65.61059309638995,400.0,1.0,33.477820136852394,22.179863147605083
33.5,76,50,2,0.225,0.25,75.72273169377668,400.0,1.0,33.477820136852394,22.179863147605083
33.5,67,50,3,0.225,0.25,57.835035363776505,400.0,1.0,33.477820136852394,22.179863147605083
33.75,43,50,0,0.225,0.25,67.6422038098996,400.0,1.0,33.727820136852394,22.179863147605083
33.75,48,50,1,0.225,0.25,60.535854462549864,400.0,1.0,33.727820136852394,22.179863147605083
33.75,64,50,2,0.225,0.25,64.31824207193566,400.0,1.0,33.727820136852394,22.179863147605083
33.75,79,50,3,0.225,0.25,67.14071613691482,400.0,1.0,33.727820136852394,22.179863147605083
