onset_time,pitch,velocity,voice_id,duration,base_ioi,raw_pitch,raw_velocity,tempo_ratio,trigger_time,compensation_ms
0.0,50,80,0,0.06,0.2,63.97371322408986,640.0,3.0,-0.017487781036168132,17.487781036168133
0.0,62,80,1,0.045000000000000005,0.2,62.77158567597581,640.0,4.0,-0.017487781036168132,17.487781036168133
0.05,53,80,1,0.045000000000000005,0.2,54.559802227372074,640.0,4.0,0.03251221896383187,17.487781036168133
0.06666666666666667,45,80,0,0.06,0.2,58.893885590630525,640.0,3.0,0.049178885630498534,17.487781036168133
0.1,60,80,1,0.045000000000000005,0.2,61.85802957728803,640.0,4.0,0.08251221896383187,17.487781036168133
0.13333333333333333,53,80,0,0.06,0.2,65.18150830480553,640.0,3.0,0.1158455522971652,17.487781036168133
0.15000000000000002,62,80,1,0.045000000000000005,0.2,62.34457978638945,640.0,4.0,0.1325122189638319,17.487781036168133
0.2,60,80,0,0.06,0.2,72.1842388512642,640.0,3.0,0.18251221896383188,17.487781036168133
0.2,53,80,1,0.045000000000000005,0.2,54.28518865578906,640.0,4.0,0.18251221896383188,17.487781036168133
0.25,74,80,1,0.045000000000000005,0.2,74.92619608915805,640.0,4.0,0.23251221896383187,17.487781036168133
0.26666666666666666,45,80,0,0.06,0.2,58.12677300221331,640.0,3.0,0.24917888563049853,17.487781036168133
0.3,62,80,1,0.045000000000000005,0.2,63.7906633672943,640.0,4.0,0.28251221896383183,17.487781036168133
0.3333333333333333,45,80,0,0.06,0.2,58.126904344406555,640.0,3.0,0.31584555229716516,17.487781036168133
0.35,50,80,1,0.045000000000000005,0.2,50.46957202237881,640.0,4.0,0.3325122189638319,17.487781036168133
0.39999999999999997,60,80,0,0.06,0.2,72.63370252405913,640.0,3.0,0.3825122189638318,17.487781036168133
0.39999999999999997,65,80,1,0.045000000000000005,0.2,65.25242886907064,640.0,4.0,0.3825122189638318,17.487781036168133
0.44999999999999996,52,80,1,0.045000000000000005,0.2,52.20254663818143,640.0,4.0,0.43251221896383185,17.487781036168133
0.4666666666666666,53,80,0,0.06,0.2,66.13947783322327,640.0,3.0,0.44917888563049846,17.487781036168133
0.49999999999999994,65,80,1,0.045000000000000005,0.2,66.29667682993961,640.0,4.0,0.4825122189638318,17.487781036168133
0.5333333333333333,43,80,0,0.06,0.2,56.24420491252038,640.0,3.0,0.5158455522971652,17.487781036168133
0.5499999999999999,69,80,1,0.045000000000000005,0.2,69.26876463205923,640.0,4.0,0.5325122189638318,17.487781036168133
0.6,52,80,0,0.06,0.2,64.34048034868772,640.0,3.0,0.5825122189638319,17.487781036168133
0.6,53,80,1,0.045000000000000005,0.2,53.43454145318631,640.0,4.0,0.5825122189638319,17.487781036168133
0.65,67,80,1,0.045000000000000005,0.2,67.70700903395458,640.0,4.0,0.6325122189638319,17.487781036168133
0.6666666666666666,43,80,0,0.06,0.2,56.2926584575003,640.0,3.0,0.6491788856304985,17.487781036168133
0.7000000000000001,62,80,1,0.045000000000000005,0.2,63.30224741549198,640.0,4.0,0.682512218963832,17.487781036168133
0.7333333333333333,43,80,0,0.06,0.2,56.27416197143795,640.0,3.0,0.7158455522971652,17.487781036168133
0.7500000000000001,65,80,1,0.045000000000000005,0.2,66.57648127995591,640.0,4.0,0.732512218963832,17.487781036168133
0.7999999999999999,48,80,0,0.06,0.2,61.93569817252828,640.0,3.0,0.7825122189638318,17.487781036168133
0.8000000000000002,74,80,1,0.045000000000000005,0.2,75.17434386123158,640.0,4.0,0.782512218963832,17.487781036168133
0.8500000000000002,57,80,1,0.045000000000000005,0.2,58.036895071977035,640.0,4.0,0.8325122189638321,17.487781036168133
0.8666666666666666,31,80,0,0.06,0.2,44.69375804273761,640.0,3.0,0.8491788856304985,17.487781036168133
0.9000000000000002,53,80,1,0.045000000000000005,0.2,53.970110685140085,640.0,4.0,0.8825122189638321,17.487781036168133
0.9333333333333332,33,80,0,0.06,0.2,46.20065733989574,640.0,3.0,0.9158455522971651,17.487781036168133
0.9500000000000003,52,80,1,0.045000000000000005,0.2,52.88388456299582,640.0,4.0,0.9325122189638322,17.487781036168133
0.9999999999999999,43,80,0,0.06,0.2,55.50169976607222,640.0,3.0,0.9825122189638318,17.487781036168133
1.0000000000000002,53,80,1,0.045000000000000005,0.2,53.47351772027649,640.0,4.0,0.9825122189638321,17.487781036168133
1.0500000000000003,59,80,1,0.045000000000000005,0.2,59.383186324687166,640.0,4.0,1.032512218963832,17.487781036168133
1.0666666666666667,38,80,0,0.06,0.2,51.89735103732461,640.0,3.0,1.0491788856304984,17.487781036168133
1.1000000000000003,62,80,1,0.045000000000000005,0.2,62.729215798533154,640.0,4.0,1.082512218963832,17.487781036168133
1.1333333333333333,50,80,0,0.06,0.2,62.51397866076219,640.0,3.0,1.115845552297165,17.487781036168133
1.1500000000000004,62,80,1,0.045000000000000005,0.2,62.213526394640155,640.0,4.0,1.1325122189638321,17.487781036168133
1.2,40,80,0,0.06,0.2,52.735807395830314,640.0,3.0,1.1825122189638317,17.487781036168133
1.2000000000000004,65,80,1,0.045000000000000005,0.2,66.61746599228819,640.0,4.0,1.1825122189638322,17.487781036168133
1.2500000000000004,60,80,1,0.045000000000000005,0.2,60.10401513502325,640.0,4.0,1.2325122189638322,17.487781036168133
1.2666666666666666,36,80,0,0.06,0.2,48.701570389317666,640.0,3.0,1.2491788856304984,17.487781036168133
1.3000000000000005,71,80,1,0.045000000000000005,0.2,71.62827261725853,640.0,4.0,1.2825122189638323,17.487781036168133
1.3333333333333333,59,80,0,0.06,0.2,71.72519015137243,640.0,3.0,1.315845552297165,17.487781036168133
1.3500000000000005,57,80,1,0.045000000000000005,0.2,57.88274533409635,640.0,4.0,1.3325122189638323,17.487781036168133
1.4,45,80,0,0.06,0.2,58.19378959610771,640.0,3.0,1.3825122189638317,17.487781036168133
1.4000000000000006,81,80,1,0.045000000000000005,0.2,81.76135333271695,640.0,4.0,1.3825122189638324,17.487781036168133
1.4500000000000006,65,80,1,0.045000000000000005,0.2,65.00533878212005,640.0,4.0,1.4325122189638324,17.487781036168133
1.4666666666666666,48,80,0,0.06,0.2,60.54022563750339,640.0,3.0,1.4491788856304983,17.487781036168133
1.5000000000000007,53,80,1,0.045000000000000005,0.2,53.14273954866974,640.0,4.0,1.4825122189638325,17.487781036168133
1.5333333333333332,36,80,0,0.06,0.2,48.60201451029235,640.0,3.0,1.515845552297165,17.487781036168133
1.5500000000000007,50,80,1,0.045000000000000005,0.2,51.4328600155111,640.0,4.0,1.5325122189638325,17.487781036168133
1.5999999999999999,43,80,0,0.06,0.2,55.64493820379854,640.0,3.0,1.5825122189638317,17.487781036168133
1.6000000000000008,62,80,1,0.045000000000000005,0.2,63.85977932194548,640.0,4.0,1.5825122189638325,17.487781036168133
1.6500000000000008,57,80,1,0.045000000000000005,0.2,58.21229771739319,640.0,4.0,1.6325122189638326,17.487781036168133
1.6666666666666665,48,80,0,0.06,0.2,60.88738071767893,640.0,3.0,1.6491788856304983,17.487781036168133
1.7000000000000008,65,80,1,0.045000000000000005,0.2,65.71200395273674,640.0,4.0,1.6825122189638326,17.487781036168133
1.7333333333333332,38,80,0,0.06,0.2,50.79205138062158,640.0,3.0,1.715845552297165,17.487781036168133
1.7500000000000009,62,80,1,0.045000000000000005,0.2,63.78590099658836,640.0,4.0,1.7325122189638327,17.487781036168133
1.7999999999999998,50,80,0,0.06,0.2,63.00558414676537,640.0,3.0,1.7825122189638316,17.487781036168133
1.800000000000001,59,80,1,0.045000000000000005,0.2,59.417368698745015,640.0,4.0,1.7825122189638327,17.487781036168133
1.850000000000001,53,80,1,0.045000000000000005,0.2,53.22565025545276,640.0,4.0,1.8325122189638328,17.487781036168133
1.8666666666666665,43,80,0,0.06,0.2,55.19489048064956,640.0,3.0,1.8491788856304983,17.487781036168133
1.900000000000001,47,80,1,0.045000000000000005,0.2,47.88122220251309,640.0,4.0,1.8825122189638328,17.487781036168133
1.9333333333333331,45,80,0,0.06,0.2,57.666450001653786,640.0,3.0,1.915845552297165,17.487781036168133
1.950000000000001,55,80,1,0.045000000000000005,0.2,56.42788038346383,640.0,4.0,1.9325122189638329,17.487781036168133
1.9999999999999998,43,80,0,0.06,0.2,55.186347102164824,640.0,3.0,1.9825122189638316,17.487781036168133
2.000000000000001,65,80,1,0.045000000000000005,0.2,66.85119035458777,640.0,4.0,1.9825122189638327,17.487781036168133
2.0500000000000007,60,80,1,0.045000000000000005,0.2,61.71274995304163,640.0,4.0,2.0325122189638325,17.487781036168133
2.0666666666666664,62,80,0,0.06,0.2,74.8182254760715,640.0,3.0,2.049178885630498,17.487781036168133
2.1000000000000005,50,80,1,0.045000000000000005,0.2,50.03408977030409,640.0,4.0,2.0825122189638323,17.487781036168133
2.1333333333333333,47,80,0,0.06,0.2,59.89202220209653,640.0,3.0,2.115845552297165,17.487781036168133
2.1500000000000004,60,80,1,0.045000000000000005,0.2,61.385447406809455,640.0,4.0,2.132512218963832,17.487781036168133
2.2,38,80,0,0.06,0.2,51.538312568352794,640.0,3.0,2.182512218963832,17.487781036168133
2.2,62,80,1,0.045000000000000005,0.2,63.08253903783069,640.0,4.0,2.182512218963832,17.487781036168133
2.25,52,80,1,0.045000000000000005,0.2,52.92914051039094,640.0,4.0,2.232512218963832,17.487781036168133
2.266666666666667,53,80,0,0.06,0.2,66.5803592968255,640.0,3.0,2.249178885630499,17.487781036168133
2.3,60,80,1,0.045000000000000005,0.2,61.22980084756422,640.0,4.0,2.2825122189638316,17.487781036168133
2.333333333333334,38,80,0,0.06,0.2,50.23325080023182,640.0,3.0,2.3158455522971657,17.487781036168133
2.3499999999999996,60,80,1,0.045000000000000005,0.2,60.465669747568,640.0,4.0,2.3325122189638314,17.487781036168133
2.3999999999999995,50,80,1,0.045000000000000005,0.2,50.85623761735501,640.0,4.0,2.3825122189638313,17.487781036168133
2.400000000000001,48,80,0,0.06,0.2,61.670908760038046,640.0,3.0,2.3825122189638326,17.487781036168133
2.4499999999999993,62,80,1,0.045000000000000005,0.2,62.86229888278626,640.0,4.0,2.432512218963831,17.487781036168133
2.4666666666666677,31,80,0,0.06,0.2,44.322639008961794,640.0,3.0,2.4491788856304995,17.487781036168133
2.499999999999999,64,80,1,0.045000000000000005,0.2,64.48627621094587,640.0,4.0,2.482512218963831,17.487781036168133
2.5333333333333345,36,80,0,0.06,0.2,49.374511608812554,640.0,3.0,2.5158455522971663,17.487781036168133
2.549999999999999,67,80,1,0.045000000000000005,0.2,68.66440994540221,640.0,4.0,2.5325122189638307,17.487781036168133
2.5999999999999988,67,80,1,0.045000000000000005,0.2,68.43041641627923,640.0,4.0,2.5825122189638305,17.487781036168133
2.6000000000000014,48,80,0,0.06,0.2,61.57488988695299,640.0,3.0,2.582512218963833,17.487781036168133
2.6499999999999986,48,80,1,0.045000000000000005,0.2,48.97864505634327,640.0,4.0,2.6325122189638304,17.487781036168133
2.6666666666666683,53,80,0,0.06,0.2,65.90773263996329,640.0,3.0,2.6491788856305,17.487781036168133
2.6999999999999984,52,80,1,0.045000000000000005,0.2,52.49739968067902,640.0,4.0,2.68251221896383,17.487781036168133
2.733333333333335,48,80,0,0.06,0.2,61.37094624951976,640.0,3.0,2.715845552297167,17.487781036168133
2.7499999999999982,64,80,1,0.045000000000000005,0.2,64.12028213766928,640.0,4.0,2.73251221896383,17.487781036168133
2.799999999999998,64,80,1,0.045000000000000005,0.2,64.11028760729766,640.0,4.0,2.78251221896383,17.487781036168133
2.800000000000002,47,80,0,0.06,0.2,59.07481374089408,640.0,3.0,2.782512218963834,17.487781036168133
2.849999999999998,64,80,1,0.045000000000000005,0.2,64.12038149044838,640.0,4.0,2.8325122189638297,17.487781036168133
2.866666666666669,45,80,0,0.06,0.2,57.59117043528569,640.0,3.0,2.8491788856305007,17.487781036168133
2.8999999999999977,89,80,1,0.045000000000000005,0.2,90.82185192523777,640.0,4.0,2.8825122189638295,17.487781036168133
2.933333333333336,36,80,0,0.06,0.2,48.17182407706058,640.0,3.0,2.9158455522971676,17.487781036168133
2.9499999999999975,64,80,1,0.045000000000000005,0.2,64.56712408554533,640.0,4.0,2.9325122189638293,17.487781036168133
2.9999999999999973,69,80,1,0.045000000000000005,0.2,69.08452512144478,640.0,4.0,2.982512218963829,17.487781036168133
3.0000000000000027,41,80,0,0.06,0.2,54.24124633284233,640.0,3.0,2.9825122189638344,17.487781036168133
3.049999999999997,67,80,1,0.045000000000000005,0.2,67.63201410794562,640.0,4.0,3.032512218963829,17.487781036168133
3.0666666666666695,43,80,0,0.06,0.2,56.3148898323217,640.0,3.0,3.0491788856305013,17.487781036168133
3.099999999999997,65,80,1,0.045000000000000005,0.2,65.21113001044638,640.0,4.0,3.0825122189638288,17.487781036168133
3.1333333333333364,55,80,0,0.06,0.2,68.45697780975132,640.0,3.0,3.115845552297168,17.487781036168133
3.149999999999997,57,80,1,0.045000000000000005,0.2,57.47784604287723,640.0,4.0,3.1325122189638286,17.487781036168133
3.1999999999999966,65,80,1,0.045000000000000005,0.2,66.07175376394613,640.0,4.0,3.1825122189638284,17.487781036168133
3.2000000000000033,50,80,0,0.06,0.2,62.74894631654769,640.0,3.0,3.182512218963835,17.487781036168133
3.2499999999999964,53,80,1,0.045000000000000005,0.2,53.817398283699426,640.0,4.0,3.2325122189638282,17.487781036168133
3.26666666666667,33,80,0,0.06,0.2,45.895678757098125,640.0,3.0,3.249178885630502,17.487781036168133
3.2999999999999963,57,80,1,0.045000000000000005,0.2,58.10545114607993,640.0,4.0,3.282512218963828,17.487781036168133
3.333333333333337,50,80,0,0.06,0.2,62.592671755158364,640.0,3.0,3.315845552297169,17.487781036168133
3.349999999999996,55,80,1,0.045000000000000005,0.2,56.11709161736717,640.0,4.0,3.332512218963828,17.487781036168133
3.399999999999996,60,80,1,0.045000000000000005,0.2,60.65499311509058,640.0,4.0,3.3825122189638277,17.487781036168133
3.400000000000004,43,80,0,0.06,0.2,56.91934175666947,640.0,3.0,3.3825122189638357,17.487781036168133
3.4499999999999957,77,80,1,0.045000000000000005,0.2,78.51726853338806,640.0,4.0,3.4325122189638275,17.487781036168133
3.466666666666671,41,80,0,0.06,0.2,54.58462399755233,640.0,3.0,3.4491788856305026,17.487781036168133
3.4999999999999956,45,80,1,0.045000000000000005,0.2,45.06187845926601,640.0,4.0,3.4825122189638273,17.487781036168133
3.5333333333333377,52,80,0,0.06,0.2,64.89341031072695,640.0,3.0,3.5158455522971694,17.487781036168133
3.5499999999999954,65,80,1,0.045000000000000005,0.2,65.4900815229961,640.0,4.0,3.532512218963827,17.487781036168133
3.599999999999995,47,80,1,0.045000000000000005,0.2,47.09827303048279,640.0,4.0,3.582512218963827,17.487781036168133
3.6000000000000045,55,80,0,0.06,0.2,68.2479961799676,640.0,3.0,3.5825122189638363,17.487781036168133
3.649999999999995,55,80,1,0.045000000000000005,0.2,56.22454507368453,640.0,4.0,3.632512218963827,17.487781036168133
3.699999999999995,67,80,1,0.045000000000000005,0.2,68.71160477573893,640.0,4.0,3.6825122189638266,17.487781036168133
3.7333333333333383,41,80,0,0.06,0.2,53.286259814218894,640.0,3.0,3.71584555229717,17.487781036168133
3.7499999999999947,60,80,1,0.045000000000000005,0.2,60.514240152763705,640.0,4.0,3.7325122189638265,17.487781036168133
3.7999999999999945,50,80,1,0.045000000000000005,0.2,51.37804177656555,640.0,4.0,3.7825122189638263,17.487781036168133
3.800000000000005,45,80,0,0.06,0.2,57.52630099319028,640.0,3.0,3.782512218963837,17.487781036168133
3.8499999999999943,53,80,1,0.045000000000000005,0.2,54.27757032592025,640.0,4.0,3.832512218963826,17.487781036168133
3.866666666666672,50,80,0,0.06,0.2,62.650107451228514,640.0,3.0,3.849178885630504,17.487781036168133
3.899999999999994,65,80,1,0.045000000000000005,0.2,65.4367819914774,640.0,4.0,3.882512218963826,17.487781036168133
3.933333333333339,55,80,0,0.06,0.2,67.80436101697887,640.0,3.0,3.9158455522971707,17.487781036168133
3.949999999999994,53,80,1,0.045000000000000005,0.2,54.15706694626291,640.0,4.0,3.9325122189638257,17.487781036168133
3.999999999999994,60,80,1,0.045000000000000005,0.2,61.7316687166558,640.0,4.0,3.9825122189638256,17.487781036168133
4.000000000000005,43,80,0,0.06,0.2,56.16660609723768,640.0,3.0,3.982512218963837,17.487781036168133
4.049999999999994,60,80,1,0.045000000000000005,0.2,60.36457471923051,640.0,4.0,4.032512218963825,17.487781036168133
4.066666666666672,45,80,0,0.06,0.2,58.51472818668946,640.0,3.0,4.0491788856305035,17.487781036168133
4.099999999999993,53,80,1,0.045000000000000005,0.2,54.78719721915346,640.0,4.0,4.082512218963825,17.487781036168133
4.133333333333338,38,80,0,0.06,0.2,51.149320207951774,640.0,3.0,4.11584555229717,17.487781036168133
4.149999999999993,77,80,1,0.045000000000000005,0.2,77.1515527146026,640.0,4.0,4.132512218963825,17.487781036168133
4.199999999999993,65,80,1,0.045000000000000005,0.2,65.07135217854409,640.0,4.0,4.182512218963825,17.487781036168133
4.200000000000005,38,80,0,0.06,0.2,50.430347007354634,640.0,3.0,4.182512218963836,17.487781036168133
4.249999999999993,43,80,1,0.045000000000000005,0.2,43.798859306739146,640.0,4.0,4.232512218963825,17.487781036168133
4.266666666666671,53,80,0,0.06,0.2,66.50020657915358,640.0,3.0,4.249178885630503,17.487781036168133
4.299999999999993,60,80,1,0.045000000000000005,0.2,61.49163451815542,640.0,4.0,4.2825122189638245,17.487781036168133
4.3333333333333375,57,80,0,0.06,0.2,70.84992022856659,640.0,3.0,4.315845552297169,17.487781036168133
4.3499999999999925,53,80,1,0.045000000000000005,0.2,54.70570828185289,640.0,4.0,4.332512218963824,17.487781036168133
4.399999999999992,65,80,1,0.045000000000000005,0.2,66.81946667836979,640.0,4.0,4.382512218963824,17.487781036168133
4.400000000000004,47,80,0,0.06,0.2,59.42391902735733,640.0,3.0,4.382512218963836,17.487781036168133
4.449999999999992,53,80,1,0.045000000000000005,0.2,53.6598340925384,640.0,4.0,4.432512218963824,17.487781036168133
4.46666666666667,55,80,0,0.06,0.2,68.02826318313619,640.0,3.0,4.449178885630502,17.487781036168133
4.499999999999992,59,80,1,0.045000000000000005,0.2,59.082108468264806,640.0,4.0,4.482512218963824,17.487781036168133
4.533333333333337,50,80,0,0.06,0.2,62.89308820038107,640.0,3.0,4.5158455522971686,17.487781036168133
4.549999999999992,64,80,1,0.045000000000000005,0.2,64.03989823184365,640.0,4.0,4.532512218963824,17.487781036168133
4.599999999999992,65,80,1,0.045000000000000005,0.2,66.92604155336097,640.0,4.0,4.582512218963823,17.487781036168133
4.600000000000003,41,80,0,0.06,0.2,54.839041963159005,640.0,3.0,4.582512218963835,17.487781036168133
4.6499999999999915,50,80,1,0.045000000000000005,0.2,50.39762874355379,640.0,4.0,4.632512218963823,17.487781036168133
4.699999999999991,57,80,1,0.045000000000000005,0.2,57.323990113272416,640.0,4.0,4.682512218963823,17.487781036168133
4.733333333333336,60,80,0,0.06,0.2,72.30429253172775,640.0,3.0,4.715845552297168,17.487781036168133
4.749999999999991,55,80,1,0.045000000000000005,0.2,56.20043751071235,640.0,4.0,4.732512218963823,17.487781036168133
4.799999999999991,53,80,1,0.045000000000000005,0.2,54.77336613941031,640.0,4.0,4.782512218963823,17.487781036168133
4.8000000000000025,47,80,0,0.06,0.2,59.713391687120385,640.0,3.0,4.782512218963834,17.487781036168133
4.849999999999991,74,80,1,0.045000000000000005,0.2,74.12363392224877,640.0,4.0,4.8325122189638225,17.487781036168133
4.866666666666669,60,80,0,0.06,0.2,72.51714924651205,640.0,3.0,4.849178885630501,17.487781036168133
4.899999999999991,62,80,1,0.045000000000000005,0.2,63.23985368768764,640.0,4.0,4.882512218963822,17.487781036168133
4.933333333333335,26,80,0,0.06,0.2,39.04203916728204,640.0,3.0,4.915845552297167,17.487781036168133
4.94999999999999,48,80,1,0.045000000000000005,0.2,49.91292836531964,640.0,4.0,4.932512218963822,17.487781036168133
4.99999999999999,67,80,1,0.045000000000000005,0.2,67.34289557643821,640.0,4.0,4.982512218963822,17.487781036168133
5.000000000000002,53,80,0,0.06,0.2,66.57522003500179,640.0,3.0,4.982512218963834,17.487781036168133
5.04999999999999,76,80,1,0.045000000000000005,0.2,76.97724957610106,640.0,4.0,5.032512218963822,17.487781036168133
5.066666666666668,48,80,0,0.06,0.2,60.69637654590537,640.0,3.0,5.0491788856305,17.487781036168133
5.09999999999999,67,80,1,0.045000000000000005,0.2,68.25972208440918,640.0,4.0,5.082512218963822,17.487781036168133
5.133333333333335,45,80,0,0.06,0.2,57.60794119627306,640.0,3.0,5.115845552297166,17.487781036168133
5.14999999999999,47,80,1,0.045000000000000005,0.2,47.845040272367896,640.0,4.0,5.1325122189638215,17.487781036168133
5.1999999999999895,55,80,1,0.045000000000000005,0.2,56.12612741706999,640.0,4.0,5.182512218963821,17.487781036168133
5.200000000000001,48,80,0,0.06,0.2,60.73408621228402,640.0,3.0,5.182512218963833,17.487781036168133
5.249999999999989,69,80,1,0.045000000000000005,0.2,70.13528919349298,640.0,4.0,5.232512218963821,17.487781036168133
5.2666666666666675,31,80,0,0.06,0.2,44.09944868319286,640.0,3.0,5.249178885630499,17.487781036168133
5.299999999999989,53,80,1,0.045000000000000005,0.2,54.33864427504975,640.0,4.0,5.282512218963821,17.487781036168133
5.333333333333334,45,80,0,0.06,0.2,58.242624897299905,640.0,3.0,5.315845552297166,17.487781036168133
5.349999999999989,62,80,1,0.045000000000000005,0.2,63.550555425169826,640.0,4.0,5.332512218963821,17.487781036168133
5.399999999999989,65,80,1,0.045000000000000005,0.2,66.19707242743469,640.0,4.0,5.382512218963821,17.487781036168133
5.4,50,80,0,0.06,0.2,62.85690057209397,640.0,3.0,5.382512218963832,17.487781036168133
5.449999999999989,52,80,1,0.045000000000000005,0.2,52.58455622737534,640.0,4.0,5.43251221896382,17.487781036168133
5.466666666666667,59,80,0,0.06,0.2,71.82315235793213,640.0,3.0,5.449178885630499,17.487781036168133
5.533333333333333,43,80,0,0.06,0.2,55.85383825381082,640.0,3.0,5.515845552297165,17.487781036168133
5.549999999999988,33,80,1,0.045000000000000005,0.2,34.06986127944742,640.0,4.0,5.53251221896382,17.487781036168133
5.599999999999988,50,80,1,0.045000000000000005,0.2,51.80489886932568,640.0,4.0,5.58251221896382,17.487781036168133
5.6,41,80,0,0.06,0.2,53.5320511768545,640.0,3.0,5.582512218963831,17.487781036168133
5.649999999999988,57,80,1,0.045000000000000005,0.2,57.97945478885472,640.0,4.0,5.63251221896382,17.487781036168133
5.666666666666666,43,80,0,0.06,0.2,55.98594365132371,640.0,3.0,5.649178885630498,17.487781036168133
5.699999999999988,50,80,1,0.045000000000000005,0.2,50.017734544281204,640.0,4.0,5.6825122189638195,17.487781036168133
5.7333333333333325,55,80,0,0.06,0.2,67.3232169416166,640.0,3.0,5.715845552297164,17.487781036168133
5.749999999999988,72,80,1,0.045000000000000005,0.2,73.05929043145308,640.0,4.0,5.732512218963819,17.487781036168133
5.799999999999987,48,80,1,0.045000000000000005,0.2,48.55886897631494,640.0,4.0,5.782512218963819,17.487781036168133
5.799999999999999,50,80,0,0.06,0.2,62.630008877277476,640.0,3.0,5.782512218963831,17.487781036168133
5.849999999999987,55,80,1,0.045000000000000005,0.2,56.47964410642413,640.0,4.0,5.832512218963819,17.487781036168133
5.866666666666665,43,80,0,0.06,0.2,55.76191836986369,640.0,3.0,5.849178885630497,17.487781036168133
5.899999999999987,60,80,1,0.045000000000000005,0.2,61.04592461828873,640.0,4.0,5.882512218963819,17.487781036168133
5.933333333333332,52,80,0,0.06,0.2,64.10613946490685,640.0,3.0,5.915845552297164,17.487781036168133
5.949999999999987,71,80,1,0.045000000000000005,0.2,71.53018631252893,640.0,4.0,5.932512218963819,17.487781036168133
5.999999999999987,48,80,1,0.045000000000000005,0.2,48.51310279056449,640.0,4.0,5.9825122189638185,17.487781036168133
6.0499999999999865,69,80,1,0.045000000000000005,0.2,69.30531001723968,640.0,4.0,6.032512218963818,17.487781036168133
6.066666666666665,55,80,0,0.06,0.2,67.74915992426311,640.0,3.0,6.049178885630496,17.487781036168133
6.099999999999986,60,80,1,0.045000000000000005,0.2,60.0818644881567,640.0,4.0,6.082512218963818,17.487781036168133
6.133333333333331,41,80,0,0.06,0.2,54.38357524898118,640.0,3.0,6.115845552297163,17.487781036168133
6.149999999999986,52,80,1,0.045000000000000005,0.2,52.14793079161639,640.0,4.0,6.132512218963818,17.487781036168133
6.199999999999986,62,80,1,0.045000000000000005,0.2,63.69682779410616,640.0,4.0,6.182512218963818,17.487781036168133
6.1999999999999975,45,80,0,0.06,0.2,57.37870282721786,640.0,3.0,6.182512218963829,17.487781036168133
6.249999999999986,60,80,1,0.045000000000000005,0.2,61.59247756458776,640.0,4.0,6.232512218963818,17.487781036168133
6.266666666666664,43,80,0,0.06,0.2,56.863134774942736,640.0,3.0,6.249178885630496,17.487781036168133
6.299999999999986,55,80,1,0.045000000000000005,0.2,55.19826498272964,640.0,4.0,6.282512218963817,17.487781036168133
6.33333333333333,36,80,0,0.06,0.2,48.29188041494305,640.0,3.0,6.315845552297162,17.487781036168133
6.349999999999985,60,80,1,0.045000000000000005,0.2,60.55841667992015,640.0,4.0,6.332512218963817,17.487781036168133
6.399999999999985,55,80,1,0.045000000000000005,0.2,56.91749122510592,640.0,4.0,6.382512218963817,17.487781036168133
6.399999999999997,50,80,0,0.06,0.2,62.36896221651661,640.0,3.0,6.382512218963829,17.487781036168133
6.449999999999985,60,80,1,0.045000000000000005,0.2,60.90813876200998,640.0,4.0,6.432512218963817,17.487781036168133
6.466666666666663,50,80,0,0.06,0.2,62.08844217743911,640.0,3.0,6.449178885630495,17.487781036168133
6.499999999999985,65,80,1,0.045000000000000005,0.2,65.29704539616837,640.0,4.0,6.482512218963817,17.487781036168133
6.53333333333333,48,80,0,0.06,0.2,60.04090765313969,640.0,3.0,6.5158455522971614,17.487781036168133
6.549999999999985,72,80,1,0.045000000000000005,0.2,72.68813452916282,640.0,4.0,6.5325122189638165,17.487781036168133
6.5999999999999845,50,80,1,0.045000000000000005,0.2,50.097476009385204,640.0,4.0,6.582512218963816,17.487781036168133
6.599999999999996,45,80,0,0.06,0.2,58.123302932998826,640.0,3.0,6.582512218963828,17.487781036168133
6.649999999999984,77,80,1,0.045000000000000005,0.2,77.06426699725013,640.0,4.0,6.632512218963816,17.487781036168133
6.6666666666666625,36,80,0,0.06,0.2,48.677034063596686,640.0,3.0,6.649178885630494,17.487781036168133
6.699999999999984,43,80,1,0.045000000000000005,0.2,44.38329760381998,640.0,4.0,6.682512218963816,17.487781036168133
6.749999999999984,57,80,1,0.045000000000000005,0.2,58.785719239715334,640.0,4.0,6.732512218963816,17.487781036168133
6.799999999999984,64,80,1,0.045000000000000005,0.2,64.70653765187662,640.0,4.0,6.782512218963816,17.487781036168133
6.799999999999995,45,80,0,0.06,0.2,57.25828386778584,640.0,3.0,6.782512218963827,17.487781036168133
6.849999999999984,62,80,1,0.045000000000000005,0.2,62.24793494188026,640.0,4.0,6.832512218963815,17.487781036168133
6.866666666666662,41,80,0,0.06,0.2,53.581781846227045,640.0,3.0,6.849178885630494,17.487781036168133
6.8999999999999835,55,80,1,0.045000000000000005,0.2,55.01840384143525,640.0,4.0,6.882512218963815,17.487781036168133
6.933333333333328,45,80,0,0.06,0.2,58.70971430667193,640.0,3.0,6.91584555229716,17.487781036168133
6.949999999999983,57,80,1,0.045000000000000005,0.2,58.3350219971418,640.0,4.0,6.932512218963815,17.487781036168133
6.999999999999983,55,80,1,0.045000000000000005,0.2,56.05599252272934,640.0,4.0,6.982512218963815,17.487781036168133
6.999999999999995,50,80,0,0.06,0.2,63.232406854516306,640.0,3.0,6.9825122189638265,17.487781036168133
7.049999999999983,55,80,1,0.045000000000000005,0.2,55.285081944446304,640.0,4.0,7.032512218963815,17.487781036168133
7.066666666666661,62,80,0,0.06,0.2,75.08948720968424,640.0,3.0,7.049178885630493,17.487781036168133
7.099999999999983,65,80,1,0.045000000000000005,0.2,66.7968167761682,640.0,4.0,7.0825122189638146,17.487781036168133
7.1333333333333275,48,80,0,0.06,0.2,61.396622502654715,640.0,3.0,7.115845552297159,17.487781036168133
7.149999999999983,62,80,1,0.045000000000000005,0.2,62.85612388772038,640.0,4.0,7.132512218963814,17.487781036168133
7.199999999999982,53,80,1,0.045000000000000005,0.2,54.456723237914765,640.0,4.0,7.182512218963814,17.487781036168133
7.199999999999994,50,80,0,0.06,0.2,62.060403125782116,640.0,3.0,7.182512218963826,17.487781036168133
7.249999999999982,67,80,1,0.045000000000000005,0.2,67.19679900346601,640.0,4.0,7.232512218963814,17.487781036168133
7.26666666666666,47,80,0,0.06,0.2,59.40443267387066,640.0,3.0,7.249178885630492,17.487781036168133
7.299999999999982,62,80,1,0.045000000000000005,0.2,62.45839616701287,640.0,4.0,7.282512218963814,17.487781036168133
7.333333333333327,31,80,0,0.06,0.2,44.64983027760767,640.0,3.0,7.315845552297159,17.487781036168133
7.349999999999982,65,80,1,0.045000000000000005,0.2,66.50289695071169,640.0,4.0,7.332512218963814,17.487781036168133
7.399999999999982,65,80,1,0.045000000000000005,0.2,65.0370307353889,640.0,4.0,7.3825122189638135,17.487781036168133
7.399999999999993,47,80,0,0.06,0.2,59.78788899640627,640.0,3.0,7.382512218963825,17.487781036168133
7.4499999999999815,53,80,1,0.045000000000000005,0.2,53.36803991262342,640.0,4.0,7.432512218963813,17.487781036168133
7.46666666666666,48,80,0,0.06,0.2,60.48184167952821,640.0,3.0,7.4491788856304915,17.487781036168133
7.499999999999981,55,80,1,0.045000000000000005,0.2,55.518551678424245,640.0,4.0,7.482512218963813,17.487781036168133
7.533333333333326,67,80,0,0.06,0.2,79.70593689988229,640.0,3.0,7.515845552297158,17.487781036168133
7.549999999999981,65,80,1,0.045000000000000005,0.2,65.9783488409861,640.0,4.0,7.532512218963813,17.487781036168133
7.599999999999981,64,80,1,0.045000000000000005,0.2,64.88296212346772,640.0,4.0,7.582512218963813,17.487781036168133
7.5999999999999925,45,80,0,0.06,0.2,58.46111228175102,640.0,3.0,7.582512218963824,17.487781036168133
7.649999999999981,59,80,1,0.045000000000000005,0.2,59.83278724828681,640.0,4.0,7.632512218963813,17.487781036168133
7.666666666666659,50,80,0,0.06,0.2,62.4123787386689,640.0,3.0,7.649178885630491,17.487781036168133
7.699999999999981,60,80,1,0.045000000000000005,0.2,60.93861906647025,640.0,4.0,7.682512218963812,17.487781036168133
7.733333333333325,47,80,0,0.06,0.2,59.722305842358054,640.0,3.0,7.715845552297157,17.487781036168133
7.7499999999999805,69,80,1,0.045000000000000005,0.2,70.2213191663074,640.0,4.0,7.732512218963812,17.487781036168133
7.79999999999998,55,80,1,0.045000000000000005,0.2,55.26742888931336,640.0,4.0,7.782512218963812,17.487781036168133
7.799999999999992,38,80,0,0.06,0.2,50.65057569904374,640.0,3.0,7.782512218963824,17.487781036168133
7.84999999999998,64,80,1,0.045000000000000005,0.2,64.37677904936031,640.0,4.0,7.832512218963812,17.487781036168133
7.866666666666658,57,80,0,0.06,0.2,69.14258251612017,640.0,3.0,7.84917888563049,17.487781036168133
7.933333333333325,53,80,0,0.06,0.2,66.01546426149419,640.0,3.0,7.9158455522971565,17.487781036168133
7.94999999999998,57,80,1,0.045000000000000005,0.2,58.258550374182235,640.0,4.0,7.9325122189638115,17.487781036168133
7.99999999999998,67,80,1,0.045000000000000005,0.2,68.79021481589751,640.0,4.0,7.982512218963811,17.487781036168133
7.999999999999991,53,80,0,0.06,0.2,66.32825557634438,640.0,3.0,7.982512218963823,17.487781036168133
8.04999999999998,65,80,1,0.045000000000000005,0.2,66.60333079190424,640.0,4.0,8.032512218963811,17.487781036168133
8.066666666666658,40,80,0,0.06,0.2,52.724900361642085,640.0,3.0,8.04917888563049,17.487781036168133
8.09999999999998,65,80,1,0.045000000000000005,0.2,66.50807708800511,640.0,4.0,8.082512218963812,17.487781036168133
8.133333333333324,59,80,0,0.06,0.2,71.22235448748879,640.0,3.0,8.115845552297156,17.487781036168133
8.14999999999998,69,80,1,0.045000000000000005,0.2,70.44383045723464,640.0,4.0,8.132512218963813,17.487781036168133
8.199999999999982,60,80,1,0.045000000000000005,0.2,60.168030733062075,640.0,4.0,8.182512218963813,17.487781036168133
8.19999999999999,36,80,0,0.06,0.2,48.785191497661756,640.0,3.0,8.182512218963822,17.487781036168133
8.249999999999982,65,80,1,0.045000000000000005,0.2,65.45562377035971,640.0,4.0,8.232512218963814,17.487781036168133
8.266666666666657,52,80,0,0.06,0.2,64.69485675040217,640.0,3.0,8.249178885630489,17.487781036168133
8.299999999999983,57,80,1,0.045000000000000005,0.2,57.51786594725235,640.0,4.0,8.282512218963815,17.487781036168133
8.333333333333323,65,80,0,0.06,0.2,77.52364500647982,640.0,3.0,8.315845552297155,17.487781036168133
8.349999999999984,62,80,1,0.045000000000000005,0.2,62.593330819907536,640.0,4.0,8.332512218963815,17.487781036168133
8.399999999999984,57,80,1,0.045000000000000005,0.2,58.95885556505852,640.0,4.0,8.382512218963816,17.487781036168133
8.39999999999999,40,80,0,0.06,0.2,52.075709398954494,640.0,3.0,8.382512218963821,17.487781036168133
8.449999999999985,60,80,1,0.045000000000000005,0.2,60.77596771994175,640.0,4.0,8.432512218963817,17.487781036168133
8.466666666666656,43,80,0,0.06,0.2,55.46961816317783,640.0,3.0,8.449178885630488,17.487781036168133
8.499999999999986,64,80,1,0.045000000000000005,0.2,64.76125620349531,640.0,4.0,8.482512218963818,17.487781036168133
8.533333333333323,48,80,0,0.06,0.2,60.79721092070113,640.0,3.0,8.515845552297154,17.487781036168133
8.549999999999986,53,80,1,0.045000000000000005,0.2,53.45423453413222,640.0,4.0,8.532512218963818,17.487781036168133
8.599999999999987,76,80,1,0.045000000000000005,0.2,76.73909820548369,640.0,4.0,8.582512218963819,17.487781036168133
8.599999999999989,43,80,0,0.06,0.2,55.972194767070405,640.0,3.0,8.58251221896382,17.487781036168133
8.649999999999988,50,80,1,0.045000000000000005,0.2,51.951860948002384,640.0,4.0,8.63251221896382,17.487781036168133
8.666666666666655,35,80,0,0.06,0.2,47.59469255147094,640.0,3.0,8.649178885630487,17.487781036168133
8.699999999999989,50,80,1,0.045000000000000005,0.2,50.286491097698146,640.0,4.0,8.68251221896382,17.487781036168133
8.733333333333322,48,80,0,0.06,0.2,60.548503798448216,640.0,3.0,8.715845552297154,17.487781036168133
8.74999999999999,69,80,1,0.045000000000000005,0.2,69.26488698800054,640.0,4.0,8.732512218963821,17.487781036168133
8.799999999999988,38,80,0,0.06,0.2,51.50157029019116,640.0,3.0,8.78251221896382,17.487781036168133
8.79999999999999,65,80,1,0.045000000000000005,0.2,66.33330155170349,640.0,4.0,8.782512218963822,17.487781036168133
8.84999999999999,64,80,1,0.045000000000000005,0.2,64.99295853641723,640.0,4.0,8.832512218963823,17.487781036168133
8.866666666666655,50,80,0,0.06,0.2,63.788739445081454,640.0,3.0,8.849178885630486,17.487781036168133
8.899999999999991,65,80,1,0.045000000000000005,0.2,65.02676407411424,640.0,4.0,8.882512218963823,17.487781036168133
8.933333333333321,40,80,0,0.06,0.2,52.644606126129574,640.0,3.0,8.915845552297153,17.487781036168133
8.949999999999992,59,80,1,0.045000000000000005,0.2,59.90202581722468,640.0,4.0,8.932512218963824,17.487781036168133
8.999999999999988,60,80,0,0.06,0.2,72.39947524014032,640.0,3.0,8.98251221896382,17.487781036168133
8.999999999999993,52,80,1,0.045000000000000005,0.2,52.82196502811335,640.0,4.0,8.982512218963825,17.487781036168133
9.049999999999994,60,80,1,0.045000000000000005,0.2,60.60643646554981,640.0,4.0,9.032512218963825,17.487781036168133
9.066666666666654,41,80,0,0.06,0.2,53.7339736613101,640.0,3.0,9.049178885630486,17.487781036168133
9.099999999999994,53,80,1,0.045000000000000005,0.2,54.58270630790311,640.0,4.0,9.082512218963826,17.487781036168133
9.13333333333332,45,80,0,0.06,0.2,57.4235078703546,640.0,3.0,9.115845552297152,17.487781036168133
9.149999999999995,67,80,1,0.045000000000000005,0.2,67.800957867342,640.0,4.0,9.132512218963827,17.487781036168133
9.199999999999987,53,80,0,0.06,0.2,66.50813773895736,640.0,3.0,9.182512218963819,17.487781036168133
9.199999999999996,57,80,1,0.045000000000000005,0.2,58.82354094798289,640.0,4.0,9.182512218963828,17.487781036168133
9.249999999999996,53,80,1,0.045000000000000005,0.2,53.39602242565991,640.0,4.0,9.232512218963828,17.487781036168133
9.266666666666653,38,80,0,0.06,0.2,50.15308546852836,640.0,3.0,9.249178885630485,17.487781036168133
9.299999999999997,57,80,1,0.045000000000000005,0.2,57.42891326677605,640.0,4.0,9.282512218963829,17.487781036168133
9.33333333333332,48,80,0,0.06,0.2,61.81967947683304,640.0,3.0,9.315845552297151,17.487781036168133
9.349999999999998,62,80,1,0.045000000000000005,0.2,63.303451634205,640.0,4.0,9.33251221896383,17.487781036168133
9.399999999999986,57,80,0,0.06,0.2,70.45714203425942,640.0,3.0,9.382512218963818,17.487781036168133
9.399999999999999,55,80,1,0.045000000000000005,0.2,55.4902035775682,640.0,4.0,9.38251221896383,17.487781036168133
9.45,53,80,1,0.045000000000000005,0.2,53.422236835468546,640.0,4.0,9.432512218963831,17.487781036168133
9.466666666666653,35,80,0,0.06,0.2,47.14013412351018,640.0,3.0,9.449178885630484,17.487781036168133
9.5,60,80,1,0.045000000000000005,0.2,61.9494976919353,640.0,4.0,9.482512218963832,17.487781036168133
9.533333333333319,48,80,0,0.06,0.2,61.47707086825844,640.0,3.0,9.51584555229715,17.487781036168133
9.55,60,80,1,0.045000000000000005,0.2,61.95973256886978,640.0,4.0,9.532512218963832,17.487781036168133
9.599999999999985,50,80,0,0.06,0.2,62.07906235398739,640.0,3.0,9.582512218963817,17.487781036168133
9.600000000000001,55,80,1,0.045000000000000005,0.2,55.94445459703096,640.0,4.0,9.582512218963833,17.487781036168133
9.650000000000002,55,80,1,0.045000000000000005,0.2,56.23169355505342,640.0,4.0,9.632512218963834,17.487781036168133
9.666666666666652,53,80,0,0.06,0.2,66.25458297421848,640.0,3.0,9.649178885630484,17.487781036168133
9.700000000000003,60,80,1,0.045000000000000005,0.2,61.85639949886109,640.0,4.0,9.682512218963835,17.487781036168133
9.733333333333318,38,80,0,0.06,0.2,50.104394312975344,640.0,3.0,9.71584555229715,17.487781036168133
9.750000000000004,48,80,1,0.045000000000000005,0.2,48.415325268021405,640.0,4.0,9.732512218963835,17.487781036168133
9.799999999999985,36,80,0,0.06,0.2,49.436347095325786,640.0,3.0,9.782512218963817,17.487781036168133
9.800000000000004,48,80,1,0.045000000000000005,0.2,48.740289804987555,640.0,4.0,9.782512218963836,17.487781036168133
9.850000000000005,53,80,1,0.045000000000000005,0.2,54.252446229980514,640.0,4.0,9.832512218963837,17.487781036168133
9.866666666666651,52,80,0,0.06,0.2,64.17553252493518,640.0,3.0,9.849178885630483,17.487781036168133
9.900000000000006,57,80,1,0.045000000000000005,0.2,58.292422786305224,640.0,4.0,9.882512218963837,17.487781036168133
9.933333333333318,50,80,0,0.06,0.2,62.375877385865486,640.0,3.0,9.91584555229715,17.487781036168133
9.950000000000006,62,80,1,0.045000000000000005,0.2,62.487260524784034,640.0,4.0,9.932512218963838,17.487781036168133
9.999999999999984,50,80,0,0.06,0.2,62.003942802767014,640.0,3.0,9.982512218963816,17.487781036168133
10.0,74,90,1,0.011494477690461942,0.01806182915805139,74.25218206498248,721.7888475982625,1.4142135623730951,9.984076246334311,15.923753665689148
10.0,82,106,0,0.014904894383234292,0.016560993759149212,82.13034325424329,853.177192547368,1.0,9.986578690127077,13.421309872922777
10.012771641878292,54,53,1,0.014269231687344685,0.022421934418763088,54.457175747666554,430.1760419952819,1.4142135623730951,9.99106098694183,21.71065493646139
10.01656099375915,55,79,0,0.009000000000000001,0.003536406239156407,55.46513636885538,634.3303209970632,1.0,9.998916809985934,17.64418377321603
10.02656099375915,59,57,0,0.009000000000000001,0.0017385129319777732,59.93155756514555,459.40895813403597,1.0,10.00547594977088,21.085043988269796
10.02862634375312,63,59,1,0.009000000000000001,0.008514814726197492,63.06824094136118,479.7723400565942,1.4142135623730951,10.007854105238945,20.772238514174
10.03656099375915,79,86,0,0.009000000000000001,0.003750786960223688,79.06707338971373,691.6843825485798,1.0,10.02001162914527,16.549364613880744
10.03862634375312,44,99,1,0.039215406721176446,0.06162106671007195,44.52635629694763,794.8492535712396,1.4142135623730951,10.024110214720862,14.516129032258064
10.04656099375915,71,73,0,0.08841744564576418,0.09824160627307131,71.5629465219606,587.435289761852,1.0,10.027978393563645,18.58260019550342
10.08219901788776,52,81,1,0.02052408371442528,0.03225048616024556,52.060526436806704,649.0978582265695,1.4142135623730951,10.06486763958864,17.331378299120235
10.105003555348233,46,112,1,0.015473938773010086,0.024314948973468618,46.001798885316035,898.166958028371,1.4142135623730951,10.092520661897598,12.482893450635387
10.122196820651578,71,90,1,0.07027034816175454,0.11041919933670284,71.29988640565863,725.1628431734684,1.4142135623730951,10.106273066985889,15.923753665689148
10.14480260003222,54,110,0,0.009084667250355085,0.010094074722616761,54.85198145053248,881.6112697203057,1.0,10.132006901107488,12.795698924731184
10.154896674754836,66,110,0,0.009000000000000001,0.00036686833076907924,66.86514681643258,884.9394133538195,1.0,10.142100975830104,12.795698924731184
10.164896674754836,61,112,0,0.009000000000000001,0.0013235699585550569,61.04478996778319,896.4823980596502,1.0,10.152413781304201,12.482893450635387
10.174896674754836,74,84,0,0.009000000000000001,0.002299841278633648,74.75256459537698,676.9271422006605,1.0,10.158034504666858,16.86217008797654
10.184896674754835,94,93,0,0.09405653097391214,0.10450725663768015,94.13641946350805,747.8743444923086,1.0,10.16944212930029,15.454545454545453
10.20027498527575,52,51,1,0.009000000000000001,0.0066771533540668,52.466164257088145,415.32625110290303,1.4142135623730951,10.178251524865193,22.023460410557185
10.210274985275749,63,78,1,0.009000000000000001,0.008939362594166896,63.1739245557059,631.3114783696582,1.4142135623730951,10.192474398765485,17.80058651026393
10.220274985275749,73,76,1,0.03869962743697267,0.06081059775572521,73.99318626492932,612.7466672240377,1.4142135623730951,10.20216159329139,18.113391984359726
10.27327457131683,36,95,1,0.08389095411577328,0.13182191674549512,36.57289707906793,762.6288302075682,1.4142135623730951,10.258132831336379,15.141739980449657
10.289403931392515,66,89,0,0.016365449403277672,0.018183832670308524,66.09340027574892,713.7790400420317,1.0,10.273323774989779,16.080156402737046
10.307587764062824,58,88,0,0.023701298268755402,0.026334775854172668,58.336020965557346,710.0662989007683,1.0,10.29135120492304,16.236559139784944
10.333922539916996,74,61,0,0.009000000000000001,0.009746202596853904,74.64463689721654,494.0605798618807,1.0,10.313463106876918,20.459433040078203
10.343922539916996,75,54,0,0.016822582167710667,0.018691757964122962,75.48900606026965,438.8673184824924,1.0,10.322368287717582,21.55425219941349
10.362614297881118,32,111,0,0.09895392330810932,0.10994880367567701,32.84803012505976,893.1053722398015,1.0,10.349975001693435,12.639296187683286
10.366486742556578,90,104,1,0.012731122566075956,0.02000502910797642,90.02605653795203,836.7116190408303,1.4142135623730951,10.35275262720956,13.734115347018573
10.380632434296663,35,87,1,0.04409515691895085,0.06928885438861124,35.505715791870244,696.175164296681,1.4142135623730951,10.36423947241983,16.392961876832846
10.429627053095498,51,63,1,0.04648025737840832,0.07303667818570797,51.40847363177211,505.3310945028333,1.4142135623730951,10.409480425529516,20.146627565982406
10.472563101556794,31,100,0,0.03234232481164531,0.03593591645738368,31.309402244036715,806.8975098534743,1.0,10.458203375261585,14.359726295210166
10.481271783515952,80,58,1,0.018622632435864397,0.029262643730987265,80.65205239318394,465.7838425636299,1.4142135623730951,10.46034314226473,20.928641251221897
10.508499018014177,65,60,0,0.03116689875851802,0.03462988750946447,65.43714688207953,481.30846967244565,1.0,10.48788318223705,20.6158357771261
10.50196359733358,71,106,1,0.02402073735555786,0.03774494727381329,71.65524143635933,854.5162603328205,1.4142135623730951,10.488542287460657,13.421309872922777
10.528653305506422,64,80,1,0.009000000000000001,0.005941936823404337,64.85700191408918,646.1389282240174,1.4142135623730951,10.511165524470254,17.487781036168133
10.538653305506422,55,104,1,0.009000000000000001,0.008519909099831113,55.62765031509765,835.3749506362557,1.4142135623730951,10.524919190159403,13.734115347018573
10.548653305506422,26,87,1,0.011251559321364294,0.01768011976679867,26.48360336528696,696.4754257174637,1.4142135623730951,10.53226034362959,16.392961876832846
10.561155038085715,63,74,1,0.009000000000000001,0.005356718928528941,63.52799743282051,595.5407683258803,1.4142135623730951,10.54272884062726,18.426197458455523
10.571155038085715,72,70,1,0.06657641365790519,0.10461474125463431,72.10939687216626,562.5950321123474,1.4142135623730951,10.552103229679068,19.05180840664712
10.615677938283614,82,104,0,0.07287349576177218,0.08097055084641354,82.14987938144444,833.0319447502042,1.0,10.601943822936596,13.734115347018573
10.645128831038942,41,58,1,0.028349378563318033,0.044546750721214945,41.313509113504516,465.4368303591749,1.4142135623730951,10.62420018978772,20.928641251221897
10.67662814055374,36,54,1,0.06683324554663239,0.105018313632732,36.66152024265156,436.74837366500634,1.4142135623730951,10.655073888354327,21.55425219941349
10.696648489130027,58,100,0,0.009000000000000001,0.0013881881595936836,58.8958332631214,805.2766653909164,1.0,10.682288762834817,14.359726295210166
10.706648489130027,55,59,0,0.11783543764194451,0.13092826404660501,55.76668216519184,475.2084455517641,1.0,10.685876250615852,20.772238514174
10.76088730227222,56,65,1,0.009000000000000001,0.012329552394155,56.111243361296616,524.357136293815,1.4142135623730951,10.741053480180334,19.83382209188661
10.77088730227222,78,94,1,0.018330096272011823,0.028802967497204034,78.50530382064053,753.3886084427229,1.4142135623730951,10.755589159554722,15.298142717497555
10.791254075907789,72,79,1,0.009000000000000001,0.0054831584305754045,72.70618514977552,637.3154378749069,1.4142135623730951,10.773609892134573,17.64418377321603
10.840689261797747,55,56,1,0.016807176794631253,0.02640993040907765,55.45037307096077,455.9598096988639,1.4142135623730951,10.81944781507243,21.241446725317694
10.837576753176632,65,102,0,0.024346551515824863,0.02705172390647207,65.11383297838431,821.0594615678543,1.0,10.823529832355518,14.04692082111437
10.864628477083105,58,79,0,0.04919913125468615,0.05466570139409572,58.7037973975258,634.3465798974851,1.0,10.84698429330989,17.64418377321603
10.885433202176628,44,81,1,0.009000000000000001,0.01140076833170361,44.47567703201801,653.6174043441962,1.4142135623730951,10.868101823877508,17.331378299120235
10.895433202176628,62,104,1,0.009000000000000001,0.0012738519900315508,62.09013890431896,833.959147260011,1.4142135623730951,10.88169908682961,13.734115347018573
10.905433202176628,66,82,1,0.011579079497728758,0.018194768072760284,66.78802337732002,657.7980142896251,1.4142135623730951,10.888258226614555,17.174975562072337
10.918298846062994,46,51,1,0.01281228590138426,0.020132564985265798,46.93299353943725,414.986794936339,1.4142135623730951,10.896275385652437,22.023460410557185
10.919294178477202,58,104,0,0.014467543280838421,0.01607504808982047,58.37057003866717,832.3611881275266,1.0,10.905560063130183,13.734115347018573
10.935369226567023,59,112,0,0.045255170859747916,0.05028352317749769,59.16772562553489,899.8588366430653,1.0,10.922886333116388,12.482893450635387
10.942534719286755,64,77,1,0.009000000000000001,0.00676389163309831,64.14853728892392,621.8751096522856,1.4142135623730951,10.924577730039443,17.956989247311828
10.952534719286755,50,61,1,0.03868075887168825,0.06078094866580549,50.23929693982366,488.574894723693,1.4142135623730951,10.932075286246677,20.459433040078203
10.98565274974452,82,109,0,0.15376158182009697,0.17084620202232997,82.74349984400844,872.3828649412139,1.0,10.972700648082741,12.952101661779082
10.995513340255297,59,88,1,0.022522501204713035,0.03539069629141061,59.5366854664263,708.923620100607,1.4142135623730951,10.979276781115512,16.236559139784944
11.020538341593866,90,85,1,0.038791516368205124,0.060954987281037334,90.05110900773157,685.3048733194148,1.4142135623730951,11.003832574242937,16.705767350928642
11.063640026447427,62,92,1,0.009000000000000001,0.0009257495320171558,62.96348985258573,738.2566928886233,1.4142135623730951,11.048029078255833,15.610948191593351
11.073640026447427,66,91,1,0.009000000000000001,0.007287959940540718,66.73842652379618,729.4427351163285,1.4142135623730951,11.057872675518785,15.76735092864125
11.083640026447426,48,91,1,0.009558381146837002,0.015019546946875763,48.42557516374683,728.922652301518,1.4142135623730951,11.067872675518785,15.76735092864125
11.094260449943912,64,53,1,0.14207650379540832,0.22325168729113215,64.44942479514263,424.106019430278,1.4142135623730951,11.07254979500745,21.71065493646139
11.156498951766851,64,65,0,0.051158844397149635,0.05684316044127737,64.68687721646921,523.6740508715989,1.0,11.136665129674965,19.83382209188661
11.213342112208128,39,91,0,0.01616832433979634,0.017964804821995934,39.47114826687214,735.8503422029283,1.0,11.197574761279487,15.76735092864125
11.231306917030125,68,72,0,0.025992101738062934,0.028880113042292148,68.03237714962808,579.0813590164203,1.0,11.212567914097573,18.73900293255132
11.25212323193881,75,98,1,0.07216470464894034,0.11339589337686685,75.07713859917027,791.1927420291368,1.4142135623730951,11.237450700169504,14.672531769305962
11.260187030072418,63,98,0,0.009000000000000001,0.003616173641954078,63.635005291246685,786.1591958678197,1.0,11.24551449830311,14.672531769305962
11.270187030072417,90,103,0,0.019826366231434907,0.022029295812705452,90.71098381695357,826.0907501592701,1.0,11.256296511988351,13.890518084066471
11.316298949455767,62,51,0,0.009000000000000001,0.004316638661708968,62.49132198762227,414.39133815666946,1.0,11.29427548904521,22.023460410557185
11.326298949455767,82,63,0,0.037990551221889816,0.04221172357987757,82.33567760826719,506.48208075445535,1.0,11.306152321889785,20.146627565982406
11.3323062371043,56,96,1,0.015980958223942205,0.02511165317779657,56.21429934803326,769.2246046256632,1.4142135623730951,11.317320899860897,14.985337243401759
11.350062857353125,34,91,1,0.0402450996371225,0.06323907302875019,34.72821907769307,733.7966927817923,1.4142135623730951,11.334295506424484,15.76735092864125
11.368510673035644,73,50,0,0.009000000000000001,0.004398376536848359,73.16737752720171,407.27233283394094,1.0,11.34633080988804,22.179863147605083
11.391461290881095,81,71,0,0.06331666112049893,0.07035184568944325,81.66508187972717,574.1277335116501,1.0,11.372565885211495,18.89540566959922
11.394779634727705,45,97,1,0.031491256303246895,0.0494837352891322,45.99416620889666,781.142567388308,1.4142135623730951,11.37995070022135,14.82893450635386
11.42976991950909,79,57,1,0.03051962519130701,0.04795696429343326,79.34634792563061,460.1045276853042,1.4142135623730951,11.40868487552082,21.085043988269796
11.463680614166098,56,50,1,0.015012627887452334,0.023590068850328487,56.07900112567316,402.8793302490608,1.4142135623730951,11.441500751018493,22.179863147605083
11.461813136570537,52,88,0,0.01948117575795267,0.02164575084216963,52.69928255935876,711.0433501139368,1.0,11.445576577430753,16.236559139784944
11.480361311818822,40,93,1,0.009000000000000001,0.011772875728295634,40.82966124845436,747.7336033449311,1.4142135623730951,11.464906766364276,15.454545454545453
11.483458887412707,80,109,0,0.05354479737947628,0.0594942193105292,80.01668461296204,874.760311828821,1.0,11.470506785750928,12.952101661779082
11.490361311818821,35,78,1,0.009391972051887222,0.014758060281342194,35.34388926617913,624.3468113112654,1.4142135623730951,11.472560725308558,17.80058651026393
11.510796836320917,50,91,1,0.017659029539846695,0.027748487859553684,50.98539055494958,734.1063992775081,1.4142135623730951,11.495029485392276,15.76735092864125
11.53041798025408,26,103,1,0.018447412334407137,0.028987311904452546,26.263564079160915,831.6668247859127,1.4142135623730951,11.516527462170014,13.890518084066471
11.542953106723237,59,66,0,0.009000000000000001,0.004772456379445079,59.77922612047595,529.1221941494791,1.0,11.523275687368399,19.67741935483871
11.550915105070088,49,79,1,0.013976366798855881,0.021961741644047808,49.75511504473316,639.5909388148655,1.4142135623730951,11.533270921296872,17.64418377321603
11.552953106723237,71,111,0,0.016593848119008832,0.018437609021120925,71.9460814454449,890.0162876427385,1.0,11.540313810535554,12.639296187683286
11.56644440151326,42,74,1,0.009000000000000001,0.0007792966182604341,42.64883662422077,599.4113904484502,1.4142135623730951,11.548018204054806,18.426197458455523
11.571390715744357,76,65,0,0.01831926490201871,0.02035473878002079,76.84016527197032,520.0728093890965,1.0,11.55155689365247,19.83382209188661
11.57644440151326,37,83,1,0.016570056393774065,0.026037331645958117,37.008062216064815,666.8012733634392,1.4142135623730951,11.559425828688235,17.01857282502444
11.591745454524379,38,58,0,0.009000000000000001,0.002366859149287051,38.382063592560016,464.4398609553246,1.0,11.570816813273156,20.928641251221897
11.59485557528412,70,94,1,0.017874801476943505,0.028087540748244592,70.19959613275134,759.0615381132473,1.4142135623730951,11.579557432566622,15.298142717497555
11.601745454524378,43,71,0,0.009000000000000001,0.004110552722010214,43.48122142729332,572.8336416619316,1.0,11.582850048854779,18.89540566959922
11.614716465814057,68,51,1,0.05942918934682144,0.09338396175012616,68.63203001241645,409.1162913381808,1.4142135623730951,11.5926930054035,22.023460410557185
11.611745454524378,67,79,0,0.061316301378465665,0.06812922375385073,67.31509912384941,636.9808201314362,1.0,11.594101270751162,17.64418377321603
11.679874678278228,53,52,0,0.029734805258614275,0.03303867250957142,53.29974793963999,420.4343081332394,1.0,11.65800762060472,21.867057673509287
11.680748898421637,56,107,1,0.009000000000000001,0.006536397321375388,56.20971467998554,863.5172723981533,1.4142135623730951,11.667483991285762,13.264907135874878
11.690748898421637,65,108,1,0.009000000000000001,0.001864797058161619,65.88126794551304,867.2180134027572,1.4142135623730951,11.67764039402281,13.10850439882698
11.700748898421637,59,66,1,0.009000000000000001,0.012998474379196151,59.49470209636926,528.388283860254,1.4142135623730951,11.681071479066798,19.67741935483871
11.710748898421636,45,69,1,0.009000000000000001,0.010058849777749857,45.74477725347398,553.6449824631433,1.4142135623730951,11.691540687277941,19.208211143695017
11.7129133507878,52,67,0,0.009000000000000001,0.005551420321967426,52.864929780470966,539.2951695159793,1.0,11.693392334170008,19.521016617790814
11.722913350787799,38,72,0,0.009000000000000001,0.005844354524493238,38.48866696151214,582.1349305240377,1.0,11.704174347855247,18.73900293255132
11.720748898421636,31,88,1,0.031018258278797124,0.0487404905989627,31.318452583727098,705.1668916554593,1.4142135623730951,11.704512339281852,16.236559139784944
11.732913350787799,57,93,0,0.01890013998728692,0.02100015554142991,57.12700764130061,745.1974143146826,1.0,11.717458805333253,15.454545454545453
11.753913506329228,67,55,0,0.009000000000000001,0.0012031719030004627,67.71883486035809,440.87951597443595,1.0,11.732515656866862,21.397849462365592
11.755213629842522,65,67,1,0.024042632223412765,0.03777935173944304,65.95257998773208,536.3120003667668,1.4142135623730951,11.735692613224732,19.521016617790814
11.763913506329228,78,107,0,0.05583963685917844,0.062044040954642714,78.06952608863737,860.4362002659066,1.0,11.750648599193353,13.264907135874878
11.793248438155318,57,82,1,0.009000000000000001,0.006006196844509417,57.611641828549345,662.5816918335302,1.4142135623730951,11.776073462593246,17.174975562072337
11.803248438155318,62,66,1,0.02357066702778332,0.03703772998319056,62.40714310498269,528.2813918506819,1.4142135623730951,11.78357101880048,19.67741935483871
11.82595754728387,72,96,0,0.009000000000000001,0.001890684826804902,72.77031396900765,774.1298451918292,1.0,11.810972210040468,14.985337243401759
11.829438068186189,45,80,1,0.0629051386620378,0.09884588915423777,45.941579267492656,641.7728233599623,1.4142135623730951,11.81195028715002,17.487781036168133
11.83595754728387,50,63,0,0.009000000000000001,0.006119388961854014,50.69454416196672,504.67466166835516,1.0,11.815810919717888,20.146627565982406
11.84595754728387,95,73,0,0.012495197970657982,0.013883553300731091,95.61212615100894,584.4568197848862,1.0,11.827374947088366,18.58260019550342
11.859841100584601,55,96,0,0.016764059948964776,0.01862673327662753,55.3391360307421,773.7354690668783,1.0,11.844855763341199,14.985337243401759
11.87846783386123,72,105,0,0.009000000000000001,0.0011211885696443538,72.77103138568243,847.6034188435997,1.0,11.864890121251259,13.577712609970675
11.88846783386123,45,83,0,0.019353036029626822,0.021503373366252024,45.18096231305188,666.0567426326578,1.0,11.871449261036204,17.01857282502444
11.899332666699564,51,89,1,0.031307990920733254,0.04919576152306077,51.31555117208744,716.5756877970111,1.4142135623730951,11.883252510296828,16.080156402737046
11.909971207227482,82,65,0,0.009000000000000001,0.003400840156219901,82.85681115290713,521.2352518173648,1.0,11.890137385135596,19.83382209188661
11.919971207227482,23,73,0,0.009000000000000001,0.009410238356356316,23.14879414704781,588.6420815523113,1.0,11.901388607031977,18.58260019550342
11.929971207227482,44,70,0,0.009000000000000001,0.0006082608225094355,44.08106050580115,563.7486760889574,1.0,11.910919398820834,19.05180840664712
11.934119323278157,60,87,1,0.057737682777098225,0.09072601560374198,60.95532590477424,700.8059100731656,1.4142135623730951,11.917726361401325,16.392961876832846
11.939971207227481,50,105,0,0.009000000000000001,0.0038268930985434378,50.18439980830476,845.2636403699476,1.0,11.92639349461751,13.577712609970675
11.949971207227481,75,81,0,0.024310767974748113,0.027011964416386793,75.82996494819622,649.2210994645286,1.0,11.93263982892836,17.331378299120235
11.976983171643868,69,83,0,0.009000000000000001,0.0027279628355236754,69.80451392002986,668.5532709092738,1.0,11.959964598818843,17.01857282502444
11.986983171643868,53,57,0,0.023865922562527085,0.026517691736141207,53.39243161689713,463.79015139778187,1.0,11.965898127655597,21.085043988269796
11.998272304141599,55,63,1,0.032652889935251554,0.05130906644123187,55.74087283676198,506.02241995411333,1.4142135623730951,11.978125676575617,20.146627565982406
12.013500863380008,83,72,0,0.009011578867066005,0.010012865407851117,83.73057274445671,581.5411481993176,1.0,11.994761860447456,18.73900293255132
12.02351372878786,31,111,0,0.028032064513790263,0.031146738348655847,31.293336295974655,893.2576243964899,1.0,12.010874432600177,12.639296187683286
12.034553292958545,66,75,1,0.018025163543462196,0.028323811941285908,66.01788324490335,605.5142349033524,1.4142135623730951,12.016283498237138,18.269794721407624
12.054581252451282,55,64,1,0.03497088829750133,0.05495144946506771,55.87015164741855,518.435279487241,1.4142135623730951,12.034591027622348,19.990224828934508
12.054660467136516,74,64,0,0.02513249122861465,0.027924990254016277,74.11926867090713,518.6133958679973,1.0,12.034670242307582,19.990224828934508
12.082585457390532,53,60,0,0.009000000000000001,0.0032202901387466056,53.128351457529355,480.34068662977785,1.0,12.061969621613406,20.6158357771261
12.092585457390532,50,67,0,0.009000000000000001,0.006194752363637412,50.610106046183994,542.5475843469235,1.0,12.073064440772741,19.521016617790814
12.09343779500406,71,67,1,0.028953209102087374,0.04549557887377346,71.27063980613919,537.4030177740681,1.4142135623730951,12.07391677838627,19.521016617790814
12.102585457390532,22,111,0,0.009000000000000001,0.0057120730098866096,22.458607175066767,891.1893084543033,1.0,12.08994616120285,12.639296187683286
12.112585457390532,70,74,0,0.009000000000000001,0.003564820370922147,70.26963302332753,598.9277995228708,1.0,12.094159259932077,18.426197458455523
12.122585457390532,63,66,0,0.09420461093142131,0.10467178992380145,63.55986577139615,528.9514135224699,1.0,12.102908038035693,19.67741935483871
12.125608027339712,87,55,1,0.0330180548619962,0.05188286776557104,87.29359570047984,447.7676569173341,1.4142135623730951,12.104210177877347,21.397849462365592
12.162294754964153,47,78,1,0.01866789187091688,0.029333762071961225,47.57709028101355,625.8838393686145,1.4142135623730951,12.144494168453889,17.80058651026393
12.18303685704295,67,103,1,0.016865007835009063,0.026500803121998144,67.86544120879365,831.3985387716143,1.4142135623730951,12.169146338958884,13.890518084066471
12.201775754637405,48,55,1,0.009000000000000001,0.00732870980065618,48.976343782833005,447.8572777600809,1.4142135623730951,12.180377905175039,21.397849462365592
12.211775754637404,78,84,1,0.009000000000000001,0.0007176737979472197,78.36876656439215,673.348706357035,1.4142135623730951,12.194913584549427,16.86217008797654
12.221775754637404,84,74,1,0.009000000000000001,0.007916899888238665,84.35094843448569,595.4529979527573,1.4142135623730951,12.20334955717895,18.426197458455523
12.231775754637404,64,58,1,0.01723187638129337,0.02707728142617966,64.7157524108227,468.21987627836654,1.4142135623730951,12.210847113386182,20.928641251221897
12.237257247314332,90,67,0,0.0715603975639188,0.07951155284879866,90.64980734523458,539.9895468301421,1.0,12.217736230696541,19.521016617790814
12.250922283949953,59,75,1,0.022679583224708796,0.03563752687261391,59.96874303869724,602.159384052146,1.4142135623730951,12.232652489228546,18.269794721407624
12.276121820866296,74,111,1,0.010671700649844825,0.01676895976955147,74.64575930193155,895.6279968510942,1.4142135623730951,12.263482524678613,12.639296187683286
12.28797926603279,76,56,1,0.009000000000000001,0.004122543724097493,76.56073704725031,452.0548246920832,1.4142135623730951,12.266737819307473,21.241446725317694
12.29797926603279,35,54,1,0.024601471516652693,0.03865748297020626,35.65431159801382,439.70968449449333,1.4142135623730951,12.276425013833377,21.55425219941349
12.31676880016313,84,61,0,0.03962179147712639,0.04402421275236265,84.29418233155967,493.5218742787617,1.0,12.296309367123053,20.459433040078203
12.325314234384626,68,105,1,0.009000000000000001,0.0026865261319172383,68.45018193757537,847.0954373320592,1.4142135623730951,12.311736521774655,13.577712609970675
12.335314234384626,43,72,1,0.009000000000000001,0.006390870955798921,43.488310757449725,577.4981529159686,1.4142135623730951,12.316575231452074,18.73900293255132
12.345314234384626,49,82,1,0.009000000000000001,0.002158540821948895,49.330520628591934,659.5298954541352,1.4142135623730951,12.328139258822553,17.174975562072337
12.355314234384625,50,83,1,0.009000000000000001,0.002100205391323241,50.672725492404126,670.0059573022553,1.4142135623730951,12.3382956615596,17.01857282502444
12.360793012915492,64,65,0,0.010559370954219282,0.011732634393576979,64.19636024680064,521.2048662075401,1.0,12.340959190823606,19.83382209188661
12.365314234384625,70,90,1,0.04049241045965553,0.06362768449469225,70.52059597258834,725.4386845235971,1.4142135623730951,12.349390480718936,15.923753665689148
12.372525647309068,21,88,0,0.009000000000000001,0.003659498164324063,18.885677333104475,705.3100212208162,1.0,12.356289088169284,16.236559139784944
12.382525647309068,42,80,0,0.00919521094778663,0.010216901053096254,42.91287407115176,640.5700509274087,1.0,12.3650378662729,17.487781036168133
12.415558965806037,50,92,0,0.011080357237271427,0.012311508041412697,50.97046981655423,740.7513611119646,1.0,12.399948017614443,15.610948191593351
12.426456169218596,41,91,1,0.09812266966542366,0.15418490024121914,41.497978480798416,730.9195949246894,1.4142135623730951,12.410688818289955,15.76735092864125
12.427870473847449,71,87,0,0.03855778801636163,0.042841986684846255,71.4037664195304,697.8193703039221,1.0,12.411477511970617,16.392961876832846
12.470712460532296,33,108,0,0.017222129389222338,0.01913569932135815,33.44635217487162,864.7645721239129,1.0,12.457603956133468,13.10850439882698
12.489848159853654,44,110,0,0.047941390920828546,0.05326821213425394,44.51056396448558,882.5134553332563,1.0,12.477052460928922,12.795698924731184
12.535481357735733,56,53,1,0.015578127223703834,0.024478665329039435,56.09252157091916,430.0711713003926,1.4142135623730951,12.513770702799272,21.71065493646139
12.543116371987908,62,61,0,0.009000000000000001,0.003981856255083166,62.54593926585561,490.6165330828301,1.0,12.522656938947831,20.459433040078203
12.553116371987908,61,96,0,0.009000000000000001,0.002064309524174906,61.340908787184745,770.5603246450296,1.0,12.538131034744506,14.985337243401759
12.552790387984293,85,109,1,0.015773986063642168,0.02478642780431883,85.9025076332814,878.8126422526901,1.4142135623730951,12.539838286322514,12.952101661779082
12.563116371987908,58,99,0,0.02306953289336408,0.02563281432596009,58.202236209516016,797.6336559299451,1.0,12.54860024295565,14.516129032258064
12.570317039166119,45,83,1,0.009000000000000001,0.005782174888221106,45.13961417043445,667.9138422365406,1.4142135623730951,12.553298466341094,17.01857282502444
12.580317039166118,69,78,1,0.009000000000000001,0.0030502345110708265,69.44120377330181,625.1854681290926,1.4142135623730951,12.562516452655855,17.80058651026393
12.590317039166118,79,99,1,0.026943547137751052,0.042337699756273696,79.71014211965849,797.7249803948646,1.4142135623730951,12.57580091013386,14.516129032258064
12.598749186313867,68,82,0,0.009000000000000001,0.005383339696798521,68.15224729445666,661.5327123845597,1.0,12.581574210751794,17.174975562072337
12.608749186313867,75,104,0,0.012000457845307838,0.013333842050342043,75.52381390620899,838.6002704065542,1.0,12.595015070966848,13.734115347018573
12.620254313763619,41,64,1,0.05001566848526166,0.07859204078112626,41.7818476541039,517.3210409277268,1.4142135623730951,12.600264088934685,19.990224828934508
12.622083028364209,56,73,0,0.013454444241831013,0.014949382490923348,56.24816098388233,588.4722147124538,1.0,12.603500428168704,18.58260019550342
12.65566724265212,36,106,0,0.03717298744929737,0.04130331938810818,36.29622094884709,849.7872866372843,1.0,12.642245932779197,13.421309872922777
12.675827278747242,61,102,1,0.009730868063236617,0.015290583987436043,61.094951339600364,821.0166471882106,1.4142135623730951,12.661780357926128,14.04692082111437
12.68663935437306,71,88,1,0.01405099507015714,0.022079008658948587,71.70117269574874,711.7928440013799,1.4142135623730951,12.670402795233276,16.236559139784944
12.696970562040228,60,83,0,0.013076957043685203,0.014529952270761337,60.24080127965896,671.7764305569942,1.0,12.679951989215203,17.01857282502444
12.70225157111768,52,101,1,0.009000000000000001,0.0028004693862906543,52.08796014579215,813.0338151262642,1.4142135623730951,12.688048247559518,14.203323558162268
12.71225157111768,65,94,1,0.02908436597120734,0.045701672010559954,65.42514878135482,754.3723488714882,1.4142135623730951,12.696953428400182,15.298142717497555
12.71150051431099,46,108,0,0.06397638143515992,0.07108486826128879,46.72776087123023,869.9160618067376,1.0,12.698392009912162,13.10850439882698
12.74456753330791,43,72,1,0.009000000000000001,0.0011049110415465935,43.94108492646597,580.0682037357595,1.4142135623730951,12.725828530375358,18.73900293255132
12.76456753330791,47,77,1,0.015407016370316506,0.024209790562895444,47.278519509911526,623.6012702524179,1.4142135623730951,12.746610544060598,17.956989247311828
12.782585382572279,64,70,0,0.026678077081240308,0.029642307868044785,64.30411891836447,567.452807328543,1.0,12.763533574165631,19.05180840664712
12.78168644038604,35,82,1,0.017522103984337248,0.02753333010662376,35.98471053447372,657.839713848249,1.4142135623730951,12.764511464823967,17.174975562072337
12.80115544481308,63,103,1,0.048076359939503543,0.0755447113955294,63.769584612095706,825.7124788725479,1.4142135623730951,12.787264926729014,13.890518084066471
12.812227690440324,67,83,0,0.009000000000000001,0.004499304618492774,67.64067174504159,666.7305459881608,1.0,12.795209117615299,17.01857282502444
12.822227690440323,78,99,0,0.06056918992448402,0.06729909991609336,78.70990582847587,794.2986056122654,1.0,12.807711561408066,14.516129032258064
12.85457362252364,59,108,1,0.009000000000000001,0.007015160515182956,59.97674241246146,865.2976073219581,1.4142135623730951,12.841465118124813,13.10850439882698
12.86457362252364,53,104,1,0.009000000000000001,0.003711383385298288,53.421191906140564,838.9871602225348,1.4142135623730951,12.850839507176621,13.734115347018573
12.87457362252364,77,100,1,0.03866837390912741,0.0607614875746688,77.49454120855185,802.9627000588106,1.4142135623730951,12.86021389622843,14.359726295210166
12.889526790356417,43,96,0,0.009000000000000001,0.004934739603790226,43.62914344059794,771.9731462863385,1.0,12.874541453113014,14.985337243401759
12.899526790356417,47,85,0,0.009000000000000001,0.0010232261957351379,47.74497841108659,684.9448424356583,1.0,12.882821023005487,16.705767350928642
12.909526790356416,54,101,0,0.03881017032821403,0.04312241147579336,54.78709899340568,810.6286523360064,1.0,12.895323466798255,14.203323558162268
12.91753848242267,52,75,1,0.029798471636434065,0.04682378080692783,52.39315409915115,601.4900893825807,1.4142135623730951,12.899268687701262,18.269794721407624
12.95064789535204,56,93,1,0.009000000000000001,0.005717550700999726,56.454678943665066,747.4755444512309,1.4142135623730951,12.935193349897494,15.454545454545453
12.95264920183221,72,102,0,0.009000000000000001,0.00351731655296332,72.43708026877903,823.2261458672591,1.0,12.938602281011097,14.04692082111437
12.96264920183221,79,59,0,0.009000000000000001,0.004091388915842125,79.30462445774391,474.9587136743869,1.0,12.941876963318036,20.772238514174
12.96064789535204,60,101,1,0.009000000000000001,0.012744012786393191,60.758037233910095,811.2402818171804,1.4142135623730951,12.946444571793878,14.203323558162268
12.97064789535204,62,103,1,0.009000000000000001,0.004265046262996783,62.557458525606464,831.0072411363112,1.4142135623730951,12.956757377267973,13.890518084066471
12.97264920183221,53,95,0,0.009000000000000001,0.0078117906733425274,53.3304366263154,761.1262841965331,1.0,12.95750746185176,15.141739980449657
12.98264920183221,80,83,0,0.034373596643775754,0.03819288515975084,80.78854981936648,671.3622216737981,1.0,12.965630629007185,17.01857282502444
12.980647895352039,96,97,1,0.04889052187889764,0.07682404345848398,96.97316453786524,782.4049004514977,1.4142135623730951,12.965818960845684,14.82893450635386
13.02084208699196,75,71,0,0.009000000000000001,0.008702510977782296,75.12904424773254,572.8479967519597,1.0,13.00194668132236,18.89540566959922
13.03084208699196,62,75,0,0.009000000000000001,0.006012038235495955,62.55891305371295,600.42570838182,1.0,13.012572292270553,18.269794721407624
13.034970697439704,55,81,1,0.009000000000000001,0.005765289253637378,55.49789573411263,651.2830382317212,1.4142135623730951,13.017639319140583,17.331378299120235
13.044970697439703,54,54,1,0.009710128221394847,0.015257994470087034,54.42430645060649,434.0861546927468,1.4142135623730951,13.02341644524029,21.55425219941349
13.04084208699196,72,109,0,0.016737502670671412,0.0185972251896349,72.53348097524855,873.6416698059077,1.0,13.02788998533018,12.952101661779082
13.05575972879681,45,58,1,0.009000000000000001,0.0007845263990643793,45.115301009458584,467.58314457741136,1.4142135623730951,13.034831087545587,20.928641251221897
13.06575972879681,67,77,1,0.06300232337601924,0.09899860019931322,67.6163650546725,616.248939165066,1.4142135623730951,13.047802739549498,17.956989247311828
13.069439312181595,99,104,0,0.009000000000000001,0.000548285412194917,99.65357375097825,836.0619544720757,1.0,13.055705196834577,13.734115347018573
13.079439312181595,86,107,0,0.0726296904906638,0.08069965610073755,86.73245427804119,861.2496905886478,1.0,13.06617440504572,13.264907135874878
13.13576231032572,60,81,1,0.009000000000000001,0.011210976849921122,60.80982627668689,653.0709314201221,1.4142135623730951,13.1184309320266,17.331378299120235
13.14576231032572,64,63,1,0.011053186352340266,0.01736840671879645,64.24949127660236,508.01909125479983,1.4142135623730951,13.125615682759738,20.146627565982406
13.160138968282332,68,59,0,0.03316673124159799,0.03685192360177554,68.85411928592683,476.2695214571307,1.0,13.139366729768158,20.772238514174
13.158043628494987,48,90,1,0.01845231044020433,0.028995008535172912,48.1007715924949,725.1005461990767,1.4142135623730951,13.142119874829298,15.923753665689148
13.17854619565077,49,112,1,0.009000000000000001,0.0049471185466333925,49.66999867555585,897.4331585848836,1.4142135623730951,13.166063302200135,12.482893450635387
13.188546195650769,59,93,1,0.009000000000000001,0.0017855124427327105,59.06014565696333,747.5176144292766,1.4142135623730951,13.173091650196223,15.454545454545453
13.198546195650769,51,57,1,0.07856878978751025,0.12345894232970858,51.54526458860486,460.69246971121447,1.4142135623730951,13.177461151662499,21.085043988269796
13.196990891884107,39,96,0,0.023184958046019125,0.025761064495576805,39.87832263300454,768.2221178123614,1.0,13.182005554640705,14.985337243401759
13.222751956379684,88,107,0,0.07353927591558682,0.08171030657287424,88.30242168186355,862.7842564533881,1.0,13.209487049243808,13.264907135874878
13.285844850970225,53,56,1,0.009000000000000001,0.010840941178233294,53.83603265551224,450.52290550532337,1.4142135623730951,13.264603404244907,21.241446725317694
13.295844850970225,60,112,1,0.02249366470130674,0.035345384097845496,60.235300706934034,898.3484269264884,1.4142135623730951,13.28336195751959,12.482893450635387
13.304462262952558,98,74,0,0.016182836000197678,0.01798092888910853,98.0803665260623,599.5013519350651,1.0,13.286036065494104,18.426197458455523
13.322443191841668,67,70,0,0.009000000000000001,0.0016895444772988136,67.8592900066169,567.5986208229505,1.0,13.30339138343502,19.05180840664712
13.320837811749454,49,88,1,0.03210966022279693,0.05045546330030146,49.06902477938395,707.6097191155054,1.4142135623730951,13.30460125260967,16.236559139784944
13.332443191841667,72,107,0,0.04384281359878683,0.04871423733198536,72.78369733545402,859.9278082063802,1.0,13.319178284705792,13.264907135874878
13.366515211997006,94,105,1,0.009000000000000001,0.004202367775810354,94.33023103196508,843.3021076202333,1.4142135623730951,13.352937499387036,13.577712609970675
13.376515211997006,52,75,1,0.011406360208663775,0.017923365893783464,52.393381588010875,607.0648762644635,1.4142135623730951,13.358245417275599,18.269794721407624
13.381157429173653,25,71,0,0.011479781994051332,0.012755313326723703,25.188939390328045,573.4766009481139,1.0,13.362262023504053,18.89540566959922
13.389188945562188,42,95,1,0.03355546894898538,0.052727332532716,42.434372187362186,766.807190280701,1.4142135623730951,13.374047205581737,15.141739980449657
13.393912742500376,37,78,0,0.03611274169497027,0.040125268549966966,37.45852473554095,626.2197580663467,1.0,13.376112155990112,17.80058651026393
13.426472799949948,59,80,1,0.02800126929920365,0.04399974978510575,59.551642891465505,640.6720758176618,1.4142135623730951,13.40898501891378,17.487781036168133
13.434038011050344,56,61,0,0.009000000000000001,0.004554597657941611,56.08897252662271,488.1934932531117,1.0,13.413578578010267,20.459433040078203
13.444038011050344,72,72,0,0.018626977155676076,0.02069664128408453,72.06658665166297,581.1969495583165,1.0,13.425299008117792,18.73900293255132
13.457585321393507,57,66,1,0.009000000000000001,0.000581365183993389,57.38529442447878,529.9066043725171,1.4142135623730951,13.437907902038669,19.67741935483871
13.467585321393507,61,63,1,0.027269407840761553,0.04284974045143134,61.632684453136804,507.60093600861876,1.4142135623730951,13.447438693827525,20.146627565982406
13.490801723847987,44,110,0,0.009000000000000001,0.00039542834476977677,44.74211744181914,880.5351587347276,1.0,13.478006024923255,12.795698924731184
13.497884663438798,43,65,1,0.009000000000000001,0.0003658449074633286,43.22052857701789,520.6007287997708,1.4142135623730951,13.478050841346912,19.83382209188661
13.500801723847987,67,75,0,0.009000000000000001,0.004828407129305402,67.75003962972184,607.3120618635119,1.0,13.48253192912658,18.269794721407624
13.507884663438798,45,84,1,0.07110685988339298,0.11173365069428634,45.08840650436711,673.9797444868465,1.4142135623730951,13.49102249335082,16.86217008797654
13.510801723847987,60,87,0,0.009000000000000001,0.002676403129515094,60.01048676335762,697.6925086600219,1.0,13.494408761971155,16.392961876832846
13.520801723847987,62,96,0,0.009000000000000001,0.002082961524847625,62.373839714300516,774.9802351995888,1.0,13.505816386604584,14.985337243401759
13.530801723847986,58,61,0,0.009000000000000001,0.007068085147507896,58.27733970775465,495.3438603318333,1.0,13.510342290807909,20.459433040078203
13.550801723847986,80,77,0,0.022465190799256875,0.024961323110285417,80.82873403560433,620.3813734691141,1.0,13.532844734600674,17.956989247311828
13.57576304695827,21,84,0,0.013826651434422877,0.01536294603824764,20.10972964425941,679.8201656541089,1.0,13.558900876870293,16.86217008797654
13.586892285531457,59,102,1,0.011566390306637227,0.018174828932607853,59.535915042665636,822.178541369808,1.4142135623730951,13.572845364710343,14.04692082111437
13.591125992996519,64,109,0,0.009000000000000001,0.005061090202828664,64.34763396252701,873.0577310668164,1.0,13.578173891334739,12.952101661779082
13.599743830316608,42,70,1,0.009000000000000001,0.0030969694825987147,42.104100676346455,562.33796344503,1.4142135623730951,13.580692021909961,19.05180840664712
13.601125992996518,56,66,0,0.012617159061828741,0.014019065624254156,56.17768097441453,535.3723365717769,1.0,13.58144857364168,19.67741935483871
13.615145058620772,54,59,0,0.027886228157550343,0.030984697952833713,54.571635431504944,478.07629868309516,1.0,13.594372820106598,20.772238514174
13.638105032194378,46,99,1,0.009000408101039687,0.014142776892647778,46.877694298858216,792.5082719185284,1.4142135623730951,13.623588903162121,14.516129032258064
13.646129756573606,58,91,0,0.03398444801603223,0.03776049779559137,58.956152656304845,729.4619709550757,1.0,13.630362405644965,15.76735092864125
13.648105485639977,25,109,1,0.04250633110876803,0.06679225548971239,25.854397371119965,877.6673432519642,1.4142135623730951,13.635153383978198,12.952101661779082
13.683890254369198,49,91,0,0.009000000000000001,0.0008240957365332029,49.432948448107055,735.9463717993642,1.0,13.668122903440556,15.76735092864125
13.695334742427498,77,77,1,0.02951623512382317,0.04638028891367093,77.13489681807528,618.8015620276959,1.4142135623730951,13.677377753180187,17.956989247311828
13.703890254369197,67,64,0,0.04344349753699852,0.048270552818887244,67.50716279130948,519.0913905233633,1.0,13.683900029540263,19.990224828934508
13.728130559231746,43,102,1,0.009000000000000001,0.008817871207469331,43.18766451719419,820.4357897129613,1.4142135623730951,13.714083638410631,14.04692082111437
13.738130559231745,58,89,1,0.009000000000000001,0.0011755235023126816,58.67486011486358,718.6007384041402,1.4142135623730951,13.722050402829009,16.080156402737046
13.752160807188085,44,65,0,0.009000000000000001,0.0031422010045461394,44.20111919032506,521.586095499727,1.0,13.732326985096199,19.83382209188661
13.748130559231745,73,105,1,0.02056026341279574,0.03230733707148786,73.82024404479745,847.5588703532682,1.4142135623730951,13.734552846621774,13.577712609970675
13.762160807188085,63,74,0,0.03458955995361986,0.038432844392910955,63.519780077326295,598.5917648092275,1.0,13.74373460972963,18.426197458455523
13.770975296357074,50,82,1,0.019329441331509163,0.030373286760128133,50.39259847846223,659.204010972602,1.4142135623730951,13.753800320795001,17.174975562072337
13.792452453392084,62,96,1,0.009000000000000001,0.004881533212698645,62.525927887128695,768.7168843607428,1.4142135623730951,13.777467116148681,14.985337243401759
13.802452453392084,56,55,1,0.013705962301946116,0.021536841969762847,56.5652570776463,442.3960080229016,1.4142135623730951,13.781054603929718,21.397849462365592
13.817681300394247,61,54,1,0.024054252599908597,0.0377976113994878,61.350642564799294,436.0421679993367,1.4142135623730951,13.796127048194833,21.55425219941349
13.833679954933134,34,105,0,0.009367206892537954,0.010408007658375504,34.953312418973994,846.3358555384874,1.0,13.820102242323163,13.577712609970675
13.844408247727479,47,68,1,0.009000000000000001,0.0022176878060703622,47.96260900182529,548.2677906438277,1.4142135623730951,13.825043633846736,19.364613880742915
13.844087962591509,86,71,0,0.04591878938152592,0.05102087709058435,86.47030401394078,570.908675848938,1.0,13.825192556921909,18.89540566959922
13.854408247727479,79,98,1,0.009000000000000001,0.012909793520006402,79.48216987270578,787.3267655905909,1.4142135623730951,13.839735715958172,14.672531769305962
13.864408247727479,53,56,1,0.020673626850890258,0.032485470528855094,53.228855135990415,449.1978248566987,1.4142135623730951,13.84316680100216,21.241446725317694
13.905108839682093,33,75,0,0.026421180629771366,0.029356867366412628,33.70339429592677,604.7058260956202,1.0,13.886839044960686,18.269794721407624
13.910282848676006,69,73,1,0.009000000000000001,0.009238438486607709,69.10696651175428,590.969819826448,1.4142135623730951,13.891700248480502,18.58260019550342
13.920282848676006,79,57,1,0.009000000000000001,0.006908340568677105,79.66738329477158,460.6932090797032,1.4142135623730951,13.899197804687736,21.085043988269796
13.958557728043951,51,58,0,0.03894087160078118,0.043267635111979084,51.82616647561637,470.05658788322626,1.0,13.937629086792729,20.928641251221897
13.950531819281501,78,110,1,0.009000000000000001,0.001285697619273271,78.36940630839499,884.244388797192,1.4142135623730951,13.93773612035677,12.795698924731184
13.9605318192815,81,96,1,0.030604850830428677,0.048090883465330796,81.83428035121675,774.036589714766,1.4142135623730951,13.945546482038099,14.985337243401759
13.994537209093089,86,91,1,0.031885154133381506,0.050102686015316304,86.98907362528499,728.2393036657513,1.4142135623730951,13.978769858164448,15.76735092864125
14.00182536315593,74,99,0,0.054769633048421744,0.06085514783157971,74.57734035259104,799.9276279736575,1.0,13.987309234123673,14.516129032258064
14.02996515813018,68,64,1,0.009000000000000001,0.004112269859411549,68.35231261162497,512.3078059219259,1.4142135623730951,14.009974933301246,19.990224828934508
14.03996515813018,56,77,1,0.009000000000000001,0.01396443328238039,56.844447621584315,616.0384414720979,1.4142135623730951,14.022008168882868,17.956989247311828
14.06268051098751,59,51,0,0.014951428719982398,0.01661269857775822,59.5356262404514,411.2346541600587,1.0,14.040657050576954,22.023460410557185
14.062242438372468,62,62,1,0.009000000000000001,0.00388622814014857,62.215489878401655,498.73524492996864,1.4142135623730951,14.041939408069439,20.303030303030305
14.072242438372468,39,100,1,0.041614636399724104,0.06539109243301655,39.89170229994258,807.9734694843087,1.4142135623730951,14.057882712077259,14.359726295210166
14.079293209565268,92,66,0,0.009000000000000001,0.0093870164332946,92.3285930764961,528.9438427166011,1.0,14.05961579021043,19.67741935483871
14.089293209565268,70,102,0,0.009000000000000001,0.004502232564921466,70.08385926620659,817.4651183996496,1.0,14.075246288744154,14.04692082111437
14.099293209565268,40,67,0,0.11233685240605532,0.12481872489561702,40.67328930364013,536.1536632596844,1.0,14.079772192947477,19.521016617790814
14.11848092326105,73,102,1,0.03772454414089187,0.05927840217599086,73.6950033041145,823.257169345139,1.4142135623730951,14.104434002439936,14.04692082111437
14.160397083417596,72,78,1,0.047966438360678244,0.07537198629822696,72.56344055037559,630.26974863707,1.4142135623730951,14.142596496907332,17.80058651026393
14.213693126040571,47,95,1,0.03522740884155092,0.05535453261220355,47.795319659104884,764.2453385808067,1.4142135623730951,14.198551386060121,15.141739980449657
14.224111934460884,61,107,0,0.009000000000000001,0.0005568566223229801,61.512261333810784,857.1494032802495,1.0,14.21084702732501,13.264907135874878
14.234111934460884,35,84,0,0.009000000000000001,0.00375843131538609,35.55610521035509,677.0890012578967,1.0,14.217249764372907,16.86217008797654
14.244111934460884,68,101,0,0.02845499311762273,0.03161665901958081,68.27795482964251,814.8709018536008,1.0,14.229908610902722,14.203323558162268
14.252834691420071,44,84,1,0.028601717187958803,0.04494326261596778,44.41797257996166,672.5134594484691,1.4142135623730951,14.235972521332094,16.86217008797654
14.275728593480466,84,91,0,0.009000000000000001,0.006936075825136075,84.30800167748816,732.5183372731277,1.0,14.259961242551825,15.76735092864125
14.28461437718447,67,108,1,0.07976448611917482,0.12533779785050836,67.54350607371204,868.6940332485594,1.4142135623730951,14.271505872785642,13.10850439882698
14.285728593480465,83,107,0,0.009000000000000001,0.005784660859156565,83.55741952891708,857.2059729624799,1.0,14.27246368634459,13.264907135874878
14.295728593480465,65,52,0,0.014650460127350586,0.01627828903038954,65.75420930725156,423.4829833875275,1.0,14.273861535806956,21.867057673509287
14.312006882510854,24,96,0,0.009000000000000001,0.00545585115147817,24.45417885773329,769.0168082131852,1.0,14.297021545267452,14.985337243401759
14.322006882510854,38,74,0,0.009000000000000001,0.002592848270155308,38.484525492617315,594.6478070209882,1.0,14.303580685052399,18.426197458455523
14.332006882510854,68,72,0,0.009197609182761942,0.010219565758624378,68.71533014798979,577.8363582324746,1.0,14.313267879578301,18.73900293255132
14.373241583983553,58,95,1,0.009000000000000001,0.0013240033835275821,58.58442374946928,762.9899549926478,1.4142135623730951,14.358099844003103,15.141739980449657
14.38031336786864,33,108,0,0.029420979923502316,0.03268997769278035,33.696394231369695,868.414869662379,1.0,14.367204863469812,13.10850439882698
14.41300334556142,69,53,0,0.03561044232388616,0.039567158137651284,69.11350296497038,425.7129067421252,1.0,14.391292690624958,21.71065493646139
14.419358543104753,67,83,1,0.013458281040474186,0.02114764841518587,67.41665121125428,671.1186027459241,1.4142135623730951,14.402339970279728,17.01857282502444
14.43431218870528,70,81,1,0.017038484331147925,0.026773395137100968,70.85420428766669,654.1802734581399,1.4142135623730951,14.416980810406159,17.331378299120235
14.45257050369907,37,87,0,0.0185194608127071,0.020577178680785665,37.212300255207346,698.4214244584446,1.0,14.436177541822238,16.392961876832846
14.45324383796211,87,104,1,0.009000000000000001,0.010595365500048616,87.17062542997472,836.6614579304039,1.4142135623730951,14.439509722615092,13.734115347018573
14.46324383796211,69,97,1,0.0193095716999048,0.030342064646245632,69.35323285352456,780.560768521579,1.4142135623730951,14.448414903455756,14.82893450635386
14.473147682379855,54,54,0,0.01098446070432871,0.012204956338143011,54.71740524600614,437.5688908679044,1.0,14.451593430180441,21.55425219941349
14.484698917628672,56,65,1,0.009000000000000001,0.005233160114673714,56.24297941512134,523.3394322608115,1.4142135623730951,14.464865095536785,19.83382209188661
14.485352638717998,63,80,0,0.0351714800758426,0.03907942230649178,63.63780638418779,647.7456581030992,1.0,14.46786485768183,17.487781036168133
14.494698917628671,59,111,1,0.02474906933629799,0.03888941056833857,59.70564771284288,895.9049756746817,1.4142135623730951,14.482059621440989,12.639296187683286
14.522197883557892,79,62,1,0.009000000000000001,0.003133431291332783,79.31973710702907,502.0178173144494,1.4142135623730951,14.501894853254862,20.303030303030305
14.52443206102449,36,101,0,0.03148315170479481,0.03498127967199423,36.63071523484999,809.5511588370998,1.0,14.510228737466328,14.203323558162268
14.532197883557892,53,95,1,0.01546197987006494,0.02429615737042847,53.65782058371685,766.5356480148374,1.4142135623730951,14.517056143577442,15.141739980449657
14.549377861191298,52,98,1,0.018272360901479844,0.02871224511494297,52.280376761727794,791.8958922426987,1.4142135623730951,14.53470532942199,14.672531769305962
14.569680484415164,43,50,1,0.015425178792438779,0.024238330055885292,43.346649202356005,402.61480677145636,1.4142135623730951,14.54750062126756,22.179863147605083
14.586819571962318,38,59,1,0.0273253162269921,0.04293759200482871,38.252151517786416,474.44402516622233,1.4142135623730951,14.566047333448143,20.772238514174
14.60760898761529,33,55,0,0.009000000000000001,0.009529608449640962,33.5569960669344,445.7910366633171,1.0,14.586211138152924,21.397849462365592
14.61760898761529,77,58,0,0.06730289577551632,0.07478099530612924,77.16202803924628,468.4093154594807,1.0,14.596680346364067,20.928641251221897
14.617181034436753,43,104,1,0.009000000000000001,0.010941395590465718,43.40537728157487,838.3253809141003,1.4142135623730951,14.603446919089734,13.734115347018573
14.627181034436752,47,95,1,0.10708152732959926,0.16826238692127168,47.742218000865066,761.0354691013686,1.4142135623730951,14.612039294456302,15.141739980449657
14.69238998292142,40,83,0,0.08101324763431458,0.09001471959368287,40.209781662938916,670.950473689179,1.0,14.675371410096394,17.01857282502444
14.746160509247417,28,87,1,0.041491925199074665,0.06519827038389042,28.588190585043343,696.522167093392,1.4142135623730951,14.729767547370585,16.392961876832846
14.782404702515102,56,95,0,0.055704828445615584,0.06189425382846176,56.60632171486986,766.1124432047807,1.0,14.767262962534652,15.141739980449657
14.7922626483575,85,50,1,0.009484858964866436,0.014904017983677943,85.2163847239573,401.60913180213936,1.4142135623730951,14.770082785209896,22.179863147605083
14.802801380540686,48,72,1,0.01845237982749264,0.028995117566777556,48.736416753298286,577.7465052206787,1.4142135623730951,14.784062377608134,18.73900293255132
14.823304024793455,62,80,1,0.0301811645105204,0.04742512464332387,62.71674765316591,640.4864449430619,1.4142135623730951,14.805816243757286,17.487781036168133
14.844298956343563,79,103,0,0.04435543330399145,0.04928381478221272,79.29402920106901,824.5978257826596,1.0,14.830408438259497,13.890518084066471
14.856838652027367,47,54,1,0.01962897587987629,0.03084395989423934,47.46356797468637,432.42679724148417,1.4142135623730951,14.835284399827954,21.55425219941349
14.87864862522723,87,87,1,0.01656148246243511,0.026023859012644326,87.91973395854592,701.7438332982274,1.4142135623730951,14.862255663350398,16.392961876832846
14.893582771125775,75,80,0,0.009000000000000001,0.008617185466203603,75.93314776370568,644.7124818215702,1.0,14.876094990089607,17.487781036168133
14.903582771125775,72,52,0,0.009000000000000001,0.00750039387318367,72.2772710195781,416.9729892928994,1.0,14.881715713452266,21.867057673509287
14.897050272407714,88,100,1,0.021544370222354902,0.03385371173471262,88.29921969134115,802.4944998403848,1.4142135623730951,14.882690546112505,14.359726295210166
14.913582771125775,62,68,0,0.0322760823361079,0.03586231370678656,62.00771481369,548.6745036862753,1.0,14.894218157245032,19.364613880742915
14.920988461543665,59,54,1,0.009000000000000001,0.00943395558378748,59.89435801612897,438.5291395671656,1.4142135623730951,14.899434209344252,21.55425219941349
14.930988461543665,79,70,1,0.009000000000000001,0.0018100507822517281,79.68612932613948,567.1191593480304,1.4142135623730951,14.911936653137017,19.05180840664712
14.940988461543665,74,82,1,0.029337316666726756,0.046099145681910245,74.21738704255824,658.6345282208047,1.4142135623730951,14.923813485981592,17.174975562072337
14.949445084832561,76,102,0,0.06972071412660324,0.07746746014067027,76.93604156302715,822.2746992675352,1.0,14.935398164011447,14.04692082111437
14.97358548006225,70,59,1,0.011076612499004414,0.017405217356937095,70.2305167506589,473.726263353142,1.4142135623730951,14.952813241548075,20.772238514174
14.985892827283365,47,63,1,0.009000000000000001,0.011933514459970958,47.35109093559386,510.3059763556056,1.4142135623730951,14.965746199717383,20.146627565982406
14.995892827283365,57,95,1,0.01740919669238136,0.02735591341376283,57.97135656551953,767.8315571195949,1.4142135623730951,14.980751087302915,15.141739980449657
15.015236379163788,62,76,1,0.12229253938627913,0.19216418641902427,62.84771754318697,610.624026647036,1.4142135623730951,14.997122987179429,18.113391984359726
15.026912544973232,58,101,0,0.010377194081027427,0.01153021564558603,58.79376339436511,814.4577370753386,1.0,15.01270922141507,14.203323558162268
15.038442760618818,38,57,0,0.009000000000000001,0.0011312938580672917,38.922601164533106,460.2834428886394,1.0,15.017357716630547,21.085043988269796
15.048442760618817,67,93,0,0.009000000000000001,0.0024022602991314824,67.51550015276017,748.1443879390699,1.0,15.032988215164272,15.454545454545453
15.058442760618817,56,69,0,0.011213802352851309,0.01245978039205701,56.08459120129807,557.6451689153051,1.0,15.039234549475122,19.208211143695017
15.070902541010874,62,99,0,0.02093643488880134,0.023262705432001485,62.02477081229533,795.3615824194817,1.0,15.056386411978616,14.516129032258064
15.094165246442875,73,88,0,0.010363399390084292,0.011514888211204768,73.01647536256333,707.9315940911523,1.0,15.07792868730309,16.236559139784944
15.10568013465408,64,51,0,0.009000000000000001,0.007956469288975485,64.24548308092824,412.200390778269,1.0,15.083656674243523,22.023460410557185
15.11568013465408,70,99,0,0.0551065055321029,0.06122945059122544,70.70099385308168,799.3916178868327,1.0,15.101164005621822,14.516129032258064
15.151116978481877,68,99,1,0.019303589084697235,0.030332663873395633,68.65137099289608,792.8258090401159,1.4142135623730951,15.13660084944962,14.516129032258064
15.172565410798207,77,73,1,0.009000000000000001,0.0037783339345810207,77.21113995287409,591.9164759665221,1.4142135623730951,15.153982810602702,18.58260019550342
15.176909585245305,60,71,0,0.1669192490928778,0.18546583232541977,60.70525819685618,575.3559077258551,1.0,15.158014179575705,18.89540566959922
15.182565410798206,55,86,1,0.016196287751077627,0.02545001088630135,55.43664178242279,693.8846804310991,1.4142135623730951,15.166016046184327,16.549364613880744
15.200561286077182,38,51,1,0.009000000000000001,0.0061177421385105275,38.83763252868187,413.0983542660324,1.4142135623730951,15.178537825666625,22.023460410557185
15.210561286077182,42,101,1,0.009000000000000001,0.0007346757381159095,42.38294209849925,815.8485218378867,1.4142135623730951,15.19635796251902,14.203323558162268
15.220561286077182,31,108,1,0.009000000000000001,0.009567786192901051,31.560527380390663,870.3396225576703,1.4142135623730951,15.207452781678354,13.10850439882698
15.230561286077181,62,76,1,0.009000000000000001,0.00900465654601783,62.554475432435915,614.8284063694675,1.4142135623730951,15.212447894092822,18.113391984359726
15.240561286077181,54,100,1,0.03935689430153912,0.061843392993467784,54.4675465561119,801.3216548978552,1.4142135623730951,15.226201559781972,14.359726295210166
15.284291168634446,66,80,1,0.011700157879451174,0.018385024394473648,66.0265692383786,641.4844360426775,1.4142135623730951,15.266803387598278,17.487781036168133
15.29729134405606,63,81,1,0.009000000000000001,0.0042981017069370795,63.085295624410264,648.2305761776499,1.4142135623730951,15.27995996575694,17.331378299120235
15.30729134405606,54,95,1,0.010962759815281982,0.017226315124233938,54.32318922230311,764.7541143261983,1.4142135623730951,15.29214960407561,15.141739980449657
15.319472188295261,65,58,1,0.027690002354671516,0.043510640969021554,65.321677232553,467.67704113884275,1.4142135623730951,15.298543547044039,20.928641251221897
15.35023885757823,43,91,1,0.026572271664740583,0.041754296634820484,43.532064624761645,728.4775781335698,1.4142135623730951,15.334471506649589,15.76735092864125
15.362375417570725,52,89,0,0.03935318199600936,0.04372575777334373,52.352136337500376,713.752731609185,1.0,15.346295261167988,16.080156402737046
15.379763603872386,45,65,1,0.05990331833529618,0.09412898357880972,45.354370930749425,523.489399536,1.4142135623730951,15.3599297817805,19.83382209188661
15.406101175344068,22,111,0,0.055860679728874534,0.0620674219209717,22.730826313712782,892.0417345996475,1.0,15.393461879156385,12.639296187683286
15.44632284646716,46,65,1,0.04519378013642523,0.07101517422648927,46.61316240964645,524.7730999247531,1.4142135623730951,15.426489024375273,19.83382209188661
15.46816859726504,34,96,0,0.03947932197915908,0.04386591331017675,34.77269512300157,768.7911507944457,1.0,15.453183260021637,14.985337243401759
15.496538157729855,55,98,1,0.009000000000000001,0.009521555269625843,55.442537280206764,788.3552784775907,1.4142135623730951,15.481865625960548,14.672531769305962
15.506538157729855,83,80,1,0.009000000000000001,0.0020280131628577546,83.52157192077314,643.7855968366921,1.4142135623730951,15.489050376693687,17.487781036168133
15.512034510575216,33,56,0,0.009000000000000001,0.008184873601787828,33.621015000087795,455.23705656569734,1.0,15.490793063849898,21.241446725317694
15.516538157729855,61,75,1,0.009000000000000001,0.001025745748138495,61.52466431534265,605.5478013003533,1.4142135623730951,15.498268363008448,18.269794721407624
15.522034510575216,44,64,0,0.011823821953041146,0.013137579947823495,44.90826160374756,516.803875524955,1.0,15.502044285746281,19.990224828934508
15.526538157729854,43,106,1,0.009000000000000001,0.012801121667836096,43.03460412762085,849.9166728436362,1.4142135623730951,15.513116847856931,13.421309872922777
15.536538157729854,63,85,1,0.009000000000000001,0.0006619514806500458,63.70616066709455,680.084091730921,1.4142135623730951,15.519832390378925,16.705767350928642
15.545172090523039,30,92,0,0.11879940543603215,0.13199933937336905,30.994825483386595,739.8236413465349,1.0,15.529561142331445,15.610948191593351
15.60512491986537,73,111,1,0.010360188448087912,0.01627946556891888,73.26910184794039,890.6485452486233,1.4142135623730951,15.592485623677687,12.639296187683286
15.616636240363245,46,90,1,0.009000000000000001,0.008892808427509542,46.212297919189254,727.0873007370373,1.4142135623730951,15.600712486697557,15.923753665689148
15.626636240363245,40,110,1,0.009000000000000001,0.006623052454028389,40.00264034019517,886.0026648157685,1.4142135623730951,15.613840541438513,12.795698924731184
15.636636240363245,96,71,1,0.017905120719199048,0.028135182841132,96.22186497987947,574.7531860434094,1.4142135623730951,15.617740834693645,18.89540566959922
15.656530818940134,53,65,1,0.009000000000000001,0.0036343933072686047,53.59864324676469,525.483330670149,1.4142135623730951,15.636696996848247,19.83382209188661
15.666530818940133,51,85,1,0.03629816578690207,0.05703706482789331,51.87247518497038,680.6113941412625,1.4142135623730951,15.649825051589204,16.705767350928642
15.677171429896408,41,109,0,0.009000000000000001,0.007386757678228,41.88906252530438,874.9805919751127,1.0,15.664219328234628,12.952101661779082
15.687171429896408,57,104,0,0.04167160511064083,0.046301783456267585,57.514154202800775,839.5591537810824,1.0,15.673437314549389,13.734115347018573
15.706862114258913,55,94,1,0.014148205010586898,0.022231759343563303,55.566881397801765,753.9175486148843,1.4142135623730951,15.691563971541415,15.298142717497555
15.722582342048455,62,55,1,0.014972815054281795,0.023527509018521516,62.28473270364936,440.8626728733891,1.4142135623730951,15.701184492586089,21.397849462365592
15.733473213352676,47,79,0,0.07818016328426247,0.08686684809362497,47.616227354738086,633.7007556249348,1.0,15.71582902957946,17.64418377321603
15.73921880321988,41,109,1,0.011704166680883659,0.01839132361820107,41.004892415614435,872.8490735001412,1.4142135623730951,15.7262667015581,12.952101661779082
15.752223432865305,59,91,1,0.03621645852157675,0.05690867424704055,59.13024078851649,734.5111686645541,1.4142135623730951,15.736456081936664,15.76735092864125
15.792463942333724,86,84,1,0.011845487072652199,0.01861338719006657,86.5479363101545,672.7159347034527,1.4142135623730951,15.775601772245746,16.86217008797654
15.80562559463667,44,82,1,0.009000000000000001,0.0019288959008137965,44.48440758114603,656.2513243851658,1.4142135623730951,15.788450619074597,17.174975562072337
15.81562559463667,50,99,1,0.03134848615901168,0.04925939365104397,50.291390430179305,793.1390996920165,1.4142135623730951,15.801109465604412,14.516129032258064
15.8203400614463,77,82,0,0.025660642659563786,0.028511825177293094,77.50654371575453,656.3442555082543,1.0,15.803165085884228,17.174975562072337
15.848851886623594,84,61,0,0.009000000000000001,0.007867050841558879,84.31662836681573,488.26401600275415,1.0,15.828392453583517,20.459433040078203
15.85045724592446,59,66,1,0.009000000000000001,0.00674549201057622,59.11677285145913,529.3104174440193,1.4142135623730951,15.830779826569621,19.67741935483871
15.858851886623594,68,71,0,0.009000000000000001,0.007472546958615202,68.33065225210362,575.062629583365,1.0,15.839956480953994,18.89540566959922
15.868851886623593,50,110,0,0.009000000000000001,0.0017874902499830543,50.656942553650744,884.5513150704057,1.0,15.856056187698861,12.795698924731184
15.87045724592446,48,104,1,0.009000000000000001,0.006877915043612653,48.47452579028892,838.9150390760204,1.4142135623730951,15.856723130577441,13.734115347018573
15.88045724592446,54,78,1,0.0404134127261873,0.06350355153239502,54.592898936931064,625.6196720904941,1.4142135623730951,15.862656659414196,17.80058651026393
15.925361037842444,67,98,1,0.0801671173219867,0.12597047174789852,67.6712325139493,786.0062381549951,1.4142135623730951,15.910688506073138,14.672531769305962
15.943421515724374,42,59,0,0.03215147586537611,0.03572386207264012,42.396446894818126,476.94795316992753,1.0,15.9226492772102,20.772238514174
15.979145377797014,49,83,0,0.045681651080630506,0.05075739008958945,49.42183895505328,668.4872114467069,1.0,15.962126804971989,17.01857282502444
16.01443561264465,59,106,1,0.009000000000000001,0.0008262983591064457,59.08434861795006,854.6101029307802,1.4142135623730951,16.00101430277173,13.421309872922777
16.024435612644652,48,81,1,0.014771592055058121,0.023211317580117616,48.962123260157476,648.9062540171451,1.4142135623730951,16.007104234345533,17.331378299120235
16.029902767886604,49,86,0,0.024267452153046813,0.02696383572560757,49.44569905610331,690.0431039189057,1.0,16.013353403272724,16.549364613880744
16.040848492705827,75,73,1,0.009000000000000001,0.0033438292354981327,75.57583133601918,590.2100037537812,1.4142135623730951,16.022265892510323,18.58260019550342
16.05686660361221,54,58,0,0.009000000000000001,0.002878377089130412,54.56197462350956,464.7574606414021,1.0,16.03593796236099,20.928641251221897
16.05084849270583,67,110,1,0.02853048851223748,0.044831337550151146,67.5813613982505,882.2383269504057,1.4142135623730951,16.038052793781098,12.795698924731184
16.066866603612212,68,109,0,0.05929086865896091,0.065878742954401,68.75700564234435,877.8257491148767,1.0,16.053914501950434,12.952101661779082
16.082549035497202,32,99,1,0.009000000000000001,0.006835882293402392,32.538473274077006,796.4272095169197,1.4142135623730951,16.068032906464943,14.516129032258064
16.092549035497203,63,89,1,0.016453133617475395,0.025853605228189344,63.009777059335306,717.2912087751519,1.4142135623730951,16.076468879094467,16.080156402737046
16.110830295072176,71,83,1,0.03052911849659417,0.04797188158353199,71.48085321255651,666.51443362307,1.4142135623730951,16.093811722247153,17.01857282502444
16.13274534656661,68,84,0,0.05349852318082398,0.05944280353424886,68.15248654184013,675.4286853045696,1.0,16.115883176478636,16.86217008797654
16.14475153784617,57,93,1,0.009000000000000001,0.005157648347679551,57.12267812690041,747.9495590844012,1.4142135623730951,16.129296992391623,15.454545454545453
16.15475153784617,72,106,1,0.030094532376375736,0.04728899537771864,72.50711008739047,853.0716273828832,1.4142135623730951,16.14133022797325,13.421309872922777
16.19218815010086,76,75,0,0.009000000000000001,0.002730146902570524,76.25414480858207,604.2266065353493,1.0,16.173918355379453,18.269794721407624
16.188189907153255,53,111,1,0.009000000000000001,0.009726418787113932,53.58366469429872,891.760736357611,1.4142135623730951,16.175550610965573,12.639296187683286
16.198189907153257,51,105,1,0.009000000000000001,0.004549517711415165,51.802389082368684,846.9948550039352,1.4142135623730951,16.184612194543288,13.577712609970675
16.202188150100863,73,80,0,0.012590426123026636,0.013989362358918483,73.26151254838769,647.9378675393854,1.0,16.184700369064696,17.487781036168133
16.20818990715326,52,59,1,0.020278680146663106,0.0318648716560411,52.264243951004964,476.05214161113645,1.4142135623730951,16.187417668639085,20.772238514174
16.216177512459783,45,63,0,0.009000000000000001,0.0025355834170667562,45.7397431289201,510.09160097490565,1.0,16.1960308848938,20.146627565982406
16.226177512459785,21,87,0,0.03104109344512572,0.034490103827917465,7.787867568598742,696.2038923297588,1.0,16.209784550582953,16.392961876832846
16.230721773982882,48,105,1,0.01108085629990043,0.017411885846696156,48.96294127435755,841.2081842036694,1.4142135623730951,16.217144061372913,13.577712609970675
16.243033836538327,63,81,1,0.0310743285522627,0.04882859653360824,63.055081273396475,652.6033867883191,1.4142135623730951,16.22570245823921,17.331378299120235
16.2606676162877,46,71,0,0.04701099364950087,0.0522344373883343,46.94665136784732,573.9046039510965,1.0,16.2417722106181,18.89540566959922
16.312902053676037,35,104,0,0.030597855243916977,0.03399761693768553,35.40905598503916,839.314993177579,1.0,16.299167938329017,13.734115347018573
16.350005907977987,59,60,1,0.019224718868275436,0.030208731284805626,59.324597657567,482.9774476478925,1.4142135623730951,16.329390072200862,20.6158357771261
16.346899670613723,66,91,0,0.04310955361132378,0.04789950401258197,66.93822828971311,729.2259173292127,1.0,16.331132319685082,15.76735092864125
16.371366706720515,42,50,1,0.04078901828206292,0.06409375872264167,42.16483076429948,406.3037599878795,1.4142135623730951,16.34918684357291,22.179863147605083
16.41668783814503,56,82,1,0.01566346661893395,0.02461276325141627,56.1712208684662,663.6998110613381,1.4142135623730951,16.39951286258296,17.174975562072337
16.434091689943845,47,103,1,0.024259289205657127,0.03811979534241282,47.91942259424484,829.088526578582,1.4142135623730951,16.420201171859777,13.890518084066471
16.451829346182553,70,92,0,0.03228065093804356,0.03586738993115951,70.72510520701711,740.0703858801502,1.0,16.43621839799096,15.610948191593351
16.461046455727907,68,83,1,0.03263965925842212,0.05128827643833013,68.94663509341007,670.3968774927722,1.4142135623730951,16.444027882902883,17.01857282502444
16.487696736113712,50,105,0,0.02602628331359908,0.028918092570665646,50.26213012644481,840.4353795994642,1.0,16.474119023503743,13.577712609970675
16.49731274379282,55,101,1,0.023649343606423588,0.037161358299361874,55.44507714189006,810.8184488552358,1.4142135623730951,16.483109420234655,14.203323558162268
16.51661482868438,67,51,0,0.05547158969785926,0.06163509966428806,67.20843161116122,414.62364151727957,1.0,16.49459136827382,22.023460410557185
16.5235897922444,30,72,1,0.011738192193259963,0.018444789552722475,30.670853605348483,578.8991326627208,1.4142135623730951,16.50485078931185,18.73900293255132
16.53663222801469,52,60,1,0.013013763585613219,0.020449156622545928,52.5245641171133,486.8807965678719,1.4142135623730951,16.516016392237564,20.6158357771261
16.551091965332038,74,101,1,0.02376640622117406,0.037345304452058505,74.89032808369188,812.9891063540409,1.4142135623730951,16.536888641773874,14.203323558162268
16.577499083355566,51,71,1,0.009000000000000001,0.003182072282942652,51.52072835401377,573.9707057910833,1.4142135623730951,16.558603677685966,18.89540566959922
16.578249928348665,54,96,0,0.04718647915943347,0.05242942128825941,54.44514947104055,771.7541281458039,1.0,16.563264591105263,14.985337243401759
16.587499083355567,53,96,1,0.011426021375958727,0.017954260437606364,53.83937011346375,774.4131684816532,1.4142135623730951,16.572513746112165,14.985337243401759
16.600194662662187,37,102,1,0.020105782850608225,0.031593189766065045,37.223265840528896,820.7237765423799,1.4142135623730951,16.58614774184107,14.04692082111437
16.622534421385083,78,111,1,0.012167445035890831,0.019119295321317783,78.65779398879472,889.5524690075772,1.4142135623730951,16.6098951251974,12.639296187683286
16.630679349636925,47,101,0,0.009000000000000001,0.005257753041886895,47.496615190811,808.9835120595311,1.0,16.61647602607876,14.203323558162268
16.636053804758294,65,70,1,0.019197086565700405,0.030165311310293177,65.58651970473319,562.5520077158495,1.4142135623730951,16.617001996351647,19.05180840664712
16.640679349636926,56,67,0,0.04818393801933005,0.053537708910366716,56.614295286460006,543.5190665874563,1.0,16.621158333019135,19.521016617790814
16.657383900942406,48,54,1,0.02213522212030193,0.03478214592074659,48.14900512297083,434.8205740812029,1.4142135623730951,16.63582964874299,21.55425219941349
16.681978592187185,53,102,1,0.009000000000000001,0.005766845713773645,53.96899883224994,818.52056262147,1.4142135623730951,16.66793167136607,14.04692082111437
16.691978592187187,67,90,1,0.009000000000000001,0.009824974181362418,67.86397016464753,721.4409550293537,1.4142135623730951,16.676054838521498,15.923753665689148
16.69421705854729,60,111,0,0.02590729634782094,0.028785884830912153,60.051221267676155,890.5930890137117,1.0,16.68157776235961,12.639296187683286
16.70197859218719,30,63,1,0.022617435441594065,0.03553987105288916,30.958270294820675,506.32218818554804,1.4142135623730951,16.681831964621207,20.146627565982406
16.723002943378205,71,83,0,0.02697747522540471,0.0299749724726719,71.29956403616474,669.9926898579278,1.0,16.705984370553182,17.01857282502444
16.727109076011182,61,68,1,0.009000000000000001,0.0010125785763168216,61.88770454429036,551.9732006203619,1.4142135623730951,16.70774446213044,19.364613880742915
16.737109076011183,70,91,1,0.020216390158580094,0.0317669923827666,70.85415880843313,732.4924517379976,1.4142135623730951,16.721341725082542,15.76735092864125
16.752977915850877,39,56,0,0.04086248121349557,0.04540275690388396,39.746273820857624,453.4903194134792,1.0,16.73173646912556,21.241446725317694
16.76957173174294,45,77,1,0.02120887160777272,0.03332652652260206,45.50531421352301,623.5277719032127,1.4142135623730951,16.751614742495626,17.956989247311828
16.793137144640465,62,104,1,0.011776824740482162,0.018505494744089867,62.25204174557077,832.281804761335,1.4142135623730951,16.779403029293444,13.734115347018573
16.79838067275476,68,71,0,0.038648028979885035,0.042942254422094484,68.07033532195265,570.9360830193431,1.0,16.77948526708516,18.89540566959922
16.80622250546322,63,56,1,0.015103338591078123,0.02373260696957293,63.7940522139762,455.36029666315784,1.4142135623730951,16.784981058737905,21.241446725317694
16.823003992786642,59,52,1,0.010483939100899769,0.01647392095954005,59.048309040837815,421.01233758570265,1.4142135623730951,16.80113693511313,21.867057673509287
16.834652814009864,56,103,1,0.02571113345843606,0.04040114848989437,56.672086443070405,829.1708383995605,1.4142135623730951,16.820762295925796,13.890518084066471
16.841322927176854,60,108,0,0.027036819828315625,0.030040910920350692,60.719310754246585,866.0140527550087,1.0,16.82821442277803,13.10850439882698
16.863220740074794,66,106,1,0.009000000000000001,0.01036858403754898,66.32526702396666,855.3850808219577,1.4142135623730951,16.849799430201873,13.421309872922777
16.871363838097206,62,54,0,0.009000000000000001,0.0032445899299582384,62.63318744835762,433.91852955258594,1.0,16.84980958589779,21.55425219941349
16.873220740074796,73,67,1,0.02677195374225954,0.042068066748365086,73.3299413032644,540.760599207465,1.4142135623730951,16.853699723457005,19.521016617790814
16.892105410590055,32,88,0,0.009000000000000001,0.0020917778218428394,32.85061648528941,710.4577588837385,1.0,16.87586885145027,16.236559139784944
16.902967355343975,52,57,1,0.039360433255061694,0.06184895392243249,52.098668510175145,456.29019520596853,1.4142135623730951,16.881882311355707,21.085043988269796
16.902105410590057,74,104,0,0.009000000000000001,0.0014046371783386453,74.47522441594845,835.7684030761882,1.0,16.888371295243036,13.734115347018573
16.91210541059006,65,51,0,0.09801524812889721,0.10890583125433023,65.50653400182101,412.29345822940076,1.0,16.8900819501795,22.023460410557185
16.946701170071822,46,65,1,0.023222135167537714,0.0364900650013256,46.339442654029014,520.9469141294195,1.4142135623730951,16.926867347979936,19.83382209188661
16.972503542480197,61,79,1,0.009000000000000001,0.0003744482542508406,61.37797118472741,634.3839827322529,1.4142135623730951,16.95485935870698,17.64418377321603
16.9825035424802,35,68,1,0.009000000000000001,0.010754522845115834,35.904344915862296,549.9595557534924,1.4142135623730951,16.963138928599456,19.364613880742915
16.9925035424802,71,53,1,0.025954101977878185,0.04078293668481078,71.68851051470412,424.0714179891767,1.4142135623730951,16.970792887543737,21.71065493646139
17.021011241844388,52,70,0,0.009000000000000001,0.0006711584320342158,52.11291919030565,561.8051095747707,1.0,17.00195943343774,19.05180840664712
17.021341433566732,66,87,1,0.04452155279398392,0.06995887086573536,66.42469443710245,696.6107850536921,1.4142135623730951,17.0049484716899,16.392961876832846
17.03101124184439,70,77,0,0.018108567222885365,0.020120630247650404,70.98185410999608,622.9513531883741,1.0,17.013054252597076,17.956989247311828
17.05113187209204,76,112,0,0.009000000000000001,0.00959073487675221,76.20103500483248,898.5622500788556,1.0,17.038648978641405,12.482893450635387
17.06113187209204,41,99,0,0.014996928332970923,0.016663253703301024,41.55195932638778,797.4047743749647,1.0,17.046615743059782,14.516129032258064
17.070809825560048,73,61,1,0.04254490385525607,0.06685286671329167,73.48703570531238,492.6650897643572,1.4142135623730951,17.05035039251997,20.459433040078203
17.07779512579534,57,63,0,0.03194457042698749,0.03549396714109721,57.33389517768891,510.3848063943802,1.0,17.05764849822936,20.146627565982406
17.113289092936437,76,67,0,0.009000000000000001,0.002579191707071361,76.82779784140273,536.6297634991047,1.0,17.093768076318646,19.521016617790814
17.118081940954777,71,52,1,0.009000000000000001,0.0024678528097230724,71.01457013342245,417.33513336324165,1.4142135623730951,17.096214883281267,21.867057673509287
17.12328909293644,79,59,0,0.08135516897239795,0.09039463219155328,79.6581573703832,475.52894589045013,1.0,17.102516854422266,20.772238514174
17.12808194095478,50,112,1,0.016690237589944187,0.02622617817658701,50.26003032119409,897.718758095655,1.4142135623730951,17.115599047504144,12.482893450635387
17.14662664938805,48,101,1,0.03695871152293238,0.05807501231507307,48.993180393219546,815.6867571928549,1.4142135623730951,17.132423325829887,14.203323558162268
17.187691884413532,60,57,1,0.017445022173512004,0.02741220772631116,60.54095087204441,457.4664985297834,1.4142135623730951,17.166606840425263,21.085043988269796
17.2070752423841,63,101,1,0.009000000000000001,0.002956753892233845,63.97733290948331,814.6433996583778,1.4142135623730951,17.192871918825936,14.203323558162268
17.213683725127993,58,89,0,0.015288033757592114,0.016986704175102348,58.28114549538047,719.2629738320427,1.0,17.197603568725256,16.080156402737046
17.2170752423841,69,85,1,0.040318054873342356,0.06335371112264825,69.62895802442327,685.8861760241612,1.4142135623730951,17.200369475033174,16.705767350928642
17.24587515839337,73,64,0,0.1116118042865579,0.12401311587395322,73.46832808140513,514.9773029455431,1.0,17.225884933564437,19.990224828934508
17.26187308113226,32,77,1,0.013911552175612846,0.021859895289347363,32.849513950911316,617.2979804293559,1.4142135623730951,17.243916091884948,17.956989247311828
17.277330361327387,49,87,1,0.028383672052079915,0.044600637740001774,49.680991997442334,700.9617155075657,1.4142135623730951,17.260937399450555,16.392961876832846
17.308867774718586,91,89,1,0.04258408450767223,0.06691443316888009,91.57803601812016,715.6537765459943,1.4142135623730951,17.29278761831585,16.080156402737046
17.356183424171554,43,93,1,0.017101480406695724,0.026872383919785386,43.30418359404432,751.3168865427581,1.4142135623730951,17.34072887871701,15.454545454545453
17.369888274267325,56,51,0,0.009000000000000001,0.007189802441365737,56.90149247353006,415.5670414422557,1.0,17.347864813856766,22.023460410557185
17.375185069067882,45,74,1,0.009000000000000001,0.008131965591498383,45.51753021256417,592.2556638224063,1.4142135623730951,17.356758871609426,18.426197458455523
17.379888274267326,74,79,0,0.02847408818965172,0.03163787576627969,74.25754132923937,636.6049533457785,1.0,17.36224409049411,17.64418377321603
17.385185069067884,60,90,1,0.012768281194925037,0.020063418260062596,60.452423588026875,726.1121297727362,1.4142135623730951,17.369261315402195,15.923753665689148
17.399372048173355,82,81,1,0.05739803075219522,0.09019230393695829,82.18618460108641,653.1330297476013,1.4142135623730951,17.382040669874236,17.331378299120235
17.411526150033605,54,61,0,0.09309822321242162,0.10344247023602401,54.85536257546056,492.7627578515606,1.0,17.391066716993528,20.459433040078203
17.463147637898015,69,54,1,0.019195098102310692,0.030162186741522046,69.16715481974313,435.4661080668867,1.4142135623730951,17.4415933856986,21.55425219941349
17.48447552467836,53,52,1,0.009000000000000001,0.008806641716554172,53.4061693345234,422.82437275119185,1.4142135623730951,17.46260846700485,21.867057673509287
17.49447552467836,26,67,1,0.009000000000000001,0.004525527316139916,26.883736254261464,538.4071538956529,1.4142135623730951,17.47495450806057,19.521016617790814
17.504475524678362,56,62,1,0.06794799090881713,0.10676996697694772,56.69708059488064,498.04885636919647,1.4142135623730951,17.484172494375333,20.303030303030305
17.51496862026963,70,102,0,0.054801508627707586,0.060890565141897314,70.61573311874432,822.3916140584438,1.0,17.500921699448515,14.04692082111437
17.575859185411527,70,89,0,0.03864758704030063,0.04294176337811181,70.83810120435116,713.1101608157077,1.0,17.55977902900879,16.080156402737046
17.579973292354826,28,67,1,0.018015305648763327,0.028308321754197476,28.982179103460115,540.3416077579872,1.4142135623730951,17.560452275737035,19.521016617790814
17.59999029863123,56,50,1,0.009000000000000001,0.006957680956477506,56.92597443280132,403.83201632461265,1.4142135623730951,17.577810435483624,22.179863147605083
17.60999029863123,60,52,1,0.009000000000000001,0.0074180471060229175,60.103023824085554,418.36068125041055,1.4142135623730951,17.58812324095772,21.867057673509287
17.61880094878964,78,80,0,0.009000000000000001,0.004220819577827474,78.738026512313,640.7611757562751,1.0,17.601313167753474,17.487781036168133
17.619990298631233,76,85,1,0.009000000000000001,0.0034295405748829867,76.26719374609607,686.0243216846504,1.4142135623730951,17.603284531280305,16.705767350928642
17.628800948789642,67,57,0,0.009000000000000001,0.0037433749252202405,67.37106850529246,462.59289610127524,1.0,17.607715904801374,21.085043988269796
17.629990298631235,51,68,1,0.013723419321556152,0.021564273029641878,51.33704859738669,546.7444116040608,1.4142135623730951,17.61062568475049,19.364613880742915
17.638800948789644,39,80,0,0.031238428003507204,0.034709364448341336,39.62593204914971,645.7972733707185,1.0,17.621313167753478,17.487781036168133
17.645238542321852,48,88,1,0.05125468684884876,0.08053897030758649,48.31272522107554,708.5332580589006,1.4142135623730951,17.629001983182068,16.236559139784944
17.673510313237987,55,86,0,0.009000000000000001,0.00199089152380379,55.258531973452094,690.9857009571995,1.0,17.656960948624107,16.549364613880744
17.68351031323799,50,78,0,0.009000000000000001,0.009399983898373722,50.480924470599646,627.6100745409005,1.0,17.665709726727723,17.80058651026393
17.69351031323799,74,54,0,0.009000000000000001,0.0003506575815279271,74.93628355022034,436.2234438972794,1.0,17.671956061038575,21.55425219941349
17.702188194376127,57,71,1,0.009000000000000001,0.0036256783461198873,57.08502681869507,572.6115714008461,1.4142135623730951,17.683292788706527,18.89540566959922
17.70351031323799,97,68,0,0.013456597421314364,0.014951774912571516,97.0841919340899,545.8312893546516,1.0,17.68414569935725,19.364613880742915
17.71218819437613,59,93,1,0.013518619330981507,0.02124246089159238,59.721629913508984,751.1293830158321,1.4142135623730951,17.696733648921583,15.454545454545453
17.718462088150563,52,103,0,0.03205937108850802,0.03562152343167557,52.56200732989073,830.0611985946023,1.0,17.704571570066495,13.890518084066471
17.727208882521662,76,58,1,0.09423783548629928,0.14808047225934332,76.14219468960019,465.7445599489908,1.4142135623730951,17.70628024127044,20.928641251221897
17.799487130743167,51,111,0,0.009000000000000001,0.008313938483541547,51.434929205406405,893.3312966335732,1.0,17.786847834555484,12.639296187683286
17.809487130743168,96,93,0,0.009000000000000001,0.004611867065191759,96.03039422753184,751.2324852720519,1.0,17.794032585288623,15.454545454545453
17.81948713074317,59,50,0,0.022144925449028987,0.02460547272114332,59.660953658327706,404.8854237095918,1.0,17.797307267595563,22.179863147605083
17.83191758861755,39,75,1,0.009000000000000001,0.00963640149140705,39.334488403247214,605.5105376327729,1.4142135623730951,17.81364779389614,18.269794721407624
17.84409260346431,46,71,0,0.010670665571942224,0.011856295079935804,46.85521998038728,575.3134656045904,1.0,17.82519719779471,18.89540566959922
17.84191758861755,32,94,1,0.04547204258550046,0.07145242148135743,32.13011937563393,757.0163222334282,1.4142135623730951,17.826619445900054,15.298142717497555
17.85594889854425,60,54,0,0.009000000000000001,0.0010130053711657216,60.56490349751907,439.28924857751036,1.0,17.834394646344833,21.55425219941349
17.86594889854425,62,93,0,0.01365419304546106,0.015171325606067845,62.93115427494949,744.7324845686328,1.0,17.850494353089704,15.454545454545453
17.88112022415032,44,62,0,0.0435341444159905,0.04837127157332278,44.06050833875848,500.07512212240505,1.0,17.86081719384729,20.303030303030305
17.89244208037922,73,109,1,0.017874807383149897,0.028087550028952576,73.81871527365519,877.5302557424945,1.4142135623730951,17.87948997871744,12.952101661779082
17.912302977471608,51,50,1,0.03286625311057125,0.05164433432595198,51.864415178418064,400.78255259573643,1.4142135623730951,17.890123114324002,22.179863147605083
17.929491495723642,64,94,0,0.009000000000000001,0.0054990340540523085,64.1326584352238,753.2378632434506,1.0,17.914193353006144,15.298142717497555
17.939491495723644,48,108,0,0.009000000000000001,0.0009628724020809633,48.021820265907266,868.1061231218449,1.0,17.926382991324818,13.10850439882698
17.948821036483356,62,92,1,0.019315347570967367,0.030351140552013635,62.17301496986333,743.2949567463033,1.4142135623730951,17.933210088291762,15.610948191593351
17.949491495723645,87,104,0,0.009000000000000001,0.0016011145703702409,87.17970186202308,835.4845618730428,1.0,17.935757380376625,13.734115347018573
17.959491495723647,65,100,0,0.03380582176754471,0.03756202418616079,65.36888593037654,800.8640415348959,1.0,17.945131769428436,14.359726295210166
17.97028253378443,50,73,1,0.009000000000000001,0.0036476658437043902,50.77840702264623,591.9194415224897,1.4142135623730951,17.951699933588927,18.58260019550342
17.980282533784433,46,76,1,0.011631555766024844,0.018277226573123678,46.67778156408935,609.4738950937377,1.4142135623730951,17.96216914180007,18.113391984359726
17.99320648463557,55,54,1,0.026557147111243483,0.04173053069184222,55.39678276968941,435.50383226662774,1.4142135623730951,17.971652232436156,21.55425219941349
18.0,45,80,0,0.06,0.2,58.201152145535374,640.0,3.0,17.982512218963834,17.487781036168133
18.0,60,80,1,0.045000000000000005,0.2,61.5578895577502,640.0,4.0,17.982512218963834,17.487781036168133
17.99705351990981,61,101,0,0.011196434226953707,0.012440482474393008,61.71800049323196,808.6488849812469,1.0,17.982850196351645,14.203323558162268
18.05,59,80,1,0.045000000000000005,0.2,59.85032994843282,640.0,4.0,18.032512218963834,17.487781036168133
18.066666666666666,41,80,0,0.06,0.2,54.799979353412326,640.0,3.0,18.0491788856305,17.487781036168133
18.1,55,80,1,0.045000000000000005,0.2,56.89185237528891,640.0,4.0,18.082512218963835,17.487781036168133
18.133333333333333,48,80,0,0.06,0.2,61.34923737573382,640.0,3.0,18.115845552297166,17.487781036168133
18.150000000000002,67,80,1,0.045000000000000005,0.2,68.99290175988811,640.0,4.0,18.132512218963836,17.487781036168133
18.2,50,80,0,0.06,0.2,63.53552519655527,640.0,3.0,18.182512218963833,17.487781036168133
18.200000000000003,67,80,1,0.045000000000000005,0.2,67.58021169698286,640.0,4.0,18.182512218963836,17.487781036168133
18.250000000000004,53,80,1,0.045000000000000005,0.2,53.81697865741113,640.0,4.0,18.232512218963837,17.487781036168133
18.266666666666666,38,80,0,0.06,0.2,51.27680738045723,640.0,3.0,18.2491788856305,17.487781036168133
18.300000000000004,62,80,1,0.045000000000000005,0.2,63.25641829699628,640.0,4.0,18.282512218963838,17.487781036168133
18.333333333333332,59,80,0,0.06,0.2,71.28745903797017,640.0,3.0,18.315845552297166,17.487781036168133
18.350000000000005,52,80,1,0.045000000000000005,0.2,52.22674612366971,640.0,4.0,18.33251221896384,17.487781036168133
18.4,47,80,0,0.06,0.2,59.2112949417259,640.0,3.0,18.382512218963832,17.487781036168133
18.400000000000006,48,80,1,0.045000000000000005,0.2,48.963054681688554,640.0,4.0,18.38251221896384,17.487781036168133
18.450000000000006,53,80,1,0.045000000000000005,0.2,54.986262203280276,640.0,4.0,18.43251221896384,17.487781036168133
18.466666666666665,48,80,0,0.06,0.2,60.150796983558784,640.0,3.0,18.4491788856305,17.487781036168133
18.500000000000007,65,80,1,0.045000000000000005,0.2,66.89914777906208,640.0,4.0,18.48251221896384,17.487781036168133
18.53333333333333,53,80,0,0.06,0.2,65.66571538605245,640.0,3.0,18.515845552297165,17.487781036168133
18.550000000000008,67,80,1,0.045000000000000005,0.2,67.6250003630087,640.0,4.0,18.53251221896384,17.487781036168133
18.599999999999998,48,80,0,0.06,0.2,61.865729050108015,640.0,3.0,18.58251221896383,17.487781036168133
18.60000000000001,64,80,1,0.045000000000000005,0.2,64.10468336077834,640.0,4.0,18.582512218963842,17.487781036168133
18.65000000000001,65,80,1,0.045000000000000005,0.2,65.80076629478398,640.0,4.0,18.632512218963843,17.487781036168133
18.666666666666664,55,80,0,0.06,0.2,67.62509307130595,640.0,3.0,18.649178885630498,17.487781036168133
18.70000000000001,64,80,1,0.045000000000000005,0.2,64.12942629691966,640.0,4.0,18.682512218963844,17.487781036168133
18.73333333333333,50,80,0,0.06,0.2,62.29699332161459,640.0,3.0,18.715845552297164,17.487781036168133
18.75000000000001,53,80,1,0.045000000000000005,0.2,54.86814723821638,640.0,4.0,18.732512218963844,17.487781036168133
18.799999999999997,43,80,0,0.06,0.2,55.1005010028765,640.0,3.0,18.78251221896383,17.487781036168133
18.80000000000001,62,80,1,0.045000000000000005,0.2,63.455380357391526,640.0,4.0,18.782512218963845,17.487781036168133
18.850000000000012,65,80,1,0.045000000000000005,0.2,66.40327620182146,640.0,4.0,18.832512218963846,17.487781036168133
18.866666666666664,50,80,0,0.06,0.2,62.89202820164881,640.0,3.0,18.849178885630497,17.487781036168133
18.900000000000013,65,80,1,0.045000000000000005,0.2,66.03433063850859,640.0,4.0,18.882512218963846,17.487781036168133
18.93333333333333,38,80,0,0.06,0.2,50.850190341434704,640.0,3.0,18.915845552297164,17.487781036168133
18.950000000000014,69,80,1,0.045000000000000005,0.2,69.51130697179714,640.0,4.0,18.932512218963847,17.487781036168133
18.999999999999996,48,80,0,0.06,0.2,60.868477646212185,640.0,3.0,18.98251221896383,17.487781036168133
19.000000000000014,65,80,1,0.045000000000000005,0.2,65.66643077760851,640.0,4.0,18.982512218963848,17.487781036168133
19.050000000000015,62,80,1,0.045000000000000005,0.2,62.81158566033266,640.0,4.0,19.03251221896385,17.487781036168133
19.066666666666663,47,80,0,0.06,0.2,59.73416007484431,640.0,3.0,19.049178885630496,17.487781036168133
19.100000000000016,67,80,1,0.045000000000000005,0.2,68.56120190653142,640.0,4.0,19.08251221896385,17.487781036168133
19.13333333333333,45,80,0,0.06,0.2,58.33506514181968,640.0,3.0,19.115845552297163,17.487781036168133
19.150000000000016,59,80,1,0.045000000000000005,0.2,59.78782992600752,640.0,4.0,19.13251221896385,17.487781036168133
19.199999999999996,45,80,0,0.06,0.2,58.97169990848855,640.0,3.0,19.18251221896383,17.487781036168133
19.200000000000017,52,80,1,0.045000000000000005,0.2,52.94500279017826,640.0,4.0,19.18251221896385,17.487781036168133
19.250000000000018,57,80,1,0.045000000000000005,0.2,58.69546428844989,640.0,4.0,19.23251221896385,17.487781036168133
19.266666666666662,31,80,0,0.06,0.2,44.945207636018885,640.0,3.0,19.249178885630496,17.487781036168133
19.30000000000002,53,80,1,0.045000000000000005,0.2,54.04077884154841,640.0,4.0,19.282512218963852,17.487781036168133
19.33333333333333,43,80,0,0.06,0.2,55.61020073807231,640.0,3.0,19.315845552297162,17.487781036168133
19.35000000000002,53,80,1,0.045000000000000005,0.2,54.598573800204946,640.0,4.0,19.332512218963853,17.487781036168133
19.399999999999995,48,80,0,0.06,0.2,60.74275920912892,640.0,3.0,19.38251221896383,17.487781036168133
19.40000000000002,57,80,1,0.045000000000000005,0.2,58.84385063427586,640.0,4.0,19.382512218963853,17.487781036168133
19.45000000000002,53,80,1,0.045000000000000005,0.2,53.66064063200031,640.0,4.0,19.432512218963854,17.487781036168133
19.46666666666666,48,80,0,0.06,0.2,61.2788511359792,640.0,3.0,19.449178885630495,17.487781036168133
19.50000000000002,57,80,1,0.045000000000000005,0.2,57.53630776288768,640.0,4.0,19.482512218963855,17.487781036168133
19.533333333333328,38,80,0,0.06,0.2,51.77859887259233,640.0,3.0,19.51584555229716,17.487781036168133
19.550000000000022,43,80,1,0.045000000000000005,0.2,44.85108266436971,640.0,4.0,19.532512218963856,17.487781036168133
19.599999999999994,57,80,0,0.06,0.2,70.12566272691761,640.0,3.0,19.582512218963828,17.487781036168133
19.600000000000023,60,80,1,0.045000000000000005,0.2,61.706349658983505,640.0,4.0,19.582512218963856,17.487781036168133
19.650000000000023,60,80,1,0.045000000000000005,0.2,60.00964380289779,640.0,4.0,19.632512218963857,17.487781036168133
19.66666666666666,41,80,0,0.06,0.2,53.070601214284,640.0,3.0,19.649178885630494,17.487781036168133
19.700000000000024,53,80,1,0.045000000000000005,0.2,53.463290951454475,640.0,4.0,19.682512218963858,17.487781036168133
19.733333333333327,55,80,0,0.06,0.2,67.7556576042139,640.0,3.0,19.71584555229716,17.487781036168133
19.750000000000025,65,80,1,0.045000000000000005,0.2,65.27396534745924,640.0,4.0,19.73251221896386,17.487781036168133
19.799999999999994,50,80,0,0.06,0.2,63.41755489497348,640.0,3.0,19.782512218963827,17.487781036168133
19.800000000000026,67,80,1,0.045000000000000005,0.2,67.50056110101247,640.0,4.0,19.78251221896386,17.487781036168133
19.850000000000026,47,80,1,0.045000000000000005,0.2,47.13952108504821,640.0,4.0,19.83251221896386,17.487781036168133
19.86666666666666,41,80,0,0.06,0.2,54.83018152124958,640.0,3.0,19.849178885630494,17.487781036168133
19.900000000000027,53,80,1,0.045000000000000005,0.2,53.89820177147028,640.0,4.0,19.88251221896386,17.487781036168133
19.933333333333326,62,80,0,0.06,0.2,74.2024871408761,640.0,3.0,19.91584555229716,17.487781036168133
19.950000000000028,53,80,1,0.045000000000000005,0.2,53.846861201701614,640.0,4.0,19.93251221896386,17.487781036168133
19.999999999999993,38,80,0,0.06,0.2,50.45090534594816,640.0,3.0,19.982512218963826,17.487781036168133
20.00000000000003,52,80,1,0.045000000000000005,0.2,52.480775191129084,640.0,4.0,19.982512218963862,17.487781036168133
20.05000000000003,65,80,1,0.045000000000000005,0.2,66.63579873545399,640.0,4.0,20.032512218963863,17.487781036168133
20.06666666666666,55,80,0,0.06,0.2,67.35323338888001,640.0,3.0,20.049178885630493,17.487781036168133
20.10000000000003,57,80,1,0.045000000000000005,0.2,58.44939088981757,640.0,4.0,20.082512218963863,17.487781036168133
20.133333333333326,55,80,0,0.06,0.2,68.00465854434383,640.0,3.0,20.11584555229716,17.487781036168133
20.15000000000003,57,80,1,0.045000000000000005,0.2,57.883881269515115,640.0,4.0,20.132512218963864,17.487781036168133
20.199999999999992,41,80,0,0.06,0.2,54.63503832738684,640.0,3.0,20.182512218963826,17.487781036168133
20.20000000000003,43,80,1,0.045000000000000005,0.2,43.96910108474597,640.0,4.0,20.182512218963865,17.487781036168133
20.250000000000032,65,80,1,0.045000000000000005,0.2,65.08334424167381,640.0,4.0,20.232512218963866,17.487781036168133
20.26666666666666,59,80,0,0.06,0.2,71.13972240051463,640.0,3.0,20.249178885630492,17.487781036168133
20.300000000000033,50,80,1,0.045000000000000005,0.2,50.08593284117222,640.0,4.0,20.282512218963866,17.487781036168133
20.333333333333325,45,80,0,0.06,0.2,57.999627883208376,640.0,3.0,20.31584555229716,17.487781036168133
20.350000000000033,60,80,1,0.045000000000000005,0.2,60.47946104213062,640.0,4.0,20.332512218963867,17.487781036168133
20.39999999999999,50,80,0,0.06,0.2,62.309549034238856,640.0,3.0,20.382512218963825,17.487781036168133
20.400000000000034,62,80,1,0.045000000000000005,0.2,62.21901550366553,640.0,4.0,20.382512218963868,17.487781036168133
20.450000000000035,69,80,1,0.045000000000000005,0.2,70.8852687667092,640.0,4.0,20.43251221896387,17.487781036168133
20.466666666666658,50,80,0,0.06,0.2,62.082574710169766,640.0,3.0,20.44917888563049,17.487781036168133
20.500000000000036,48,80,1,0.045000000000000005,0.2,49.529436807047105,640.0,4.0,20.48251221896387,17.487781036168133
20.533333333333324,45,80,0,0.06,0.2,58.92553006823562,640.0,3.0,20.515845552297158,17.487781036168133
20.550000000000036,35,80,1,0.045000000000000005,0.2,35.8439027534334,640.0,4.0,20.53251221896387,17.487781036168133
20.59999999999999,53,80,0,0.06,0.2,66.48646618527826,640.0,3.0,20.582512218963824,17.487781036168133
20.600000000000037,60,80,1,0.045000000000000005,0.2,61.47079635802956,640.0,4.0,20.58251221896387,17.487781036168133
20.650000000000038,74,80,1,0.045000000000000005,0.2,74.40408945208682,640.0,4.0,20.63251221896387,17.487781036168133
20.666666666666657,53,80,0,0.06,0.2,66.34790976441771,640.0,3.0,20.64917888563049,17.487781036168133
20.70000000000004,69,80,1,0.045000000000000005,0.2,69.9115708235155,640.0,4.0,20.682512218963872,17.487781036168133
20.733333333333324,33,80,0,0.06,0.2,46.011744214094556,640.0,3.0,20.715845552297157,17.487781036168133
20.75000000000004,60,80,1,0.045000000000000005,0.2,61.677275322197005,640.0,4.0,20.732512218963873,17.487781036168133
20.79999999999999,57,80,0,0.06,0.2,70.43472194302522,640.0,3.0,20.782512218963824,17.487781036168133
20.80000000000004,55,80,1,0.045000000000000005,0.2,56.06691051494362,640.0,4.0,20.782512218963873,17.487781036168133
20.85000000000004,65,80,1,0.045000000000000005,0.2,66.45698077309848,640.0,4.0,20.832512218963874,17.487781036168133
20.866666666666656,33,80,0,0.06,0.2,46.70006409571461,640.0,3.0,20.84917888563049,17.487781036168133
20.90000000000004,52,80,1,0.045000000000000005,0.2,52.21163040236425,640.0,4.0,20.882512218963875,17.487781036168133
20.933333333333323,55,80,0,0.06,0.2,68.26036963473325,640.0,3.0,20.915845552297156,17.487781036168133
20.950000000000042,62,80,1,0.045000000000000005,0.2,63.81086215484975,640.0,4.0,20.932512218963875,17.487781036168133
20.99999999999999,57,80,0,0.06,0.2,69.01364109462067,640.0,3.0,20.982512218963823,17.487781036168133
21.000000000000043,64,80,1,0.045000000000000005,0.2,64.04376127333302,640.0,4.0,20.982512218963876,17.487781036168133
21.050000000000043,67,80,1,0.045000000000000005,0.2,68.48167925999104,640.0,4.0,21.032512218963877,17.487781036168133
21.066666666666656,38,80,0,0.06,0.2,51.27226855827841,640.0,3.0,21.04917888563049,17.487781036168133
21.100000000000044,81,80,1,0.045000000000000005,0.2,82.07728031128862,640.0,4.0,21.082512218963878,17.487781036168133
21.133333333333322,43,80,0,0.06,0.2,56.71348569636332,640.0,3.0,21.115845552297156,17.487781036168133
21.150000000000045,62,80,1,0.045000000000000005,0.2,63.139327737430136,640.0,4.0,21.13251221896388,17.487781036168133
21.19999999999999,38,80,0,0.06,0.2,51.15436265211251,640.0,3.0,21.182512218963822,17.487781036168133
21.200000000000045,55,80,1,0.045000000000000005,0.2,55.92829099434001,640.0,4.0,21.18251221896388,17.487781036168133
21.250000000000046,59,80,1,0.045000000000000005,0.2,59.79540550246404,640.0,4.0,21.23251221896388,17.487781036168133
21.266666666666655,45,80,0,0.06,0.2,58.28063175769012,640.0,3.0,21.24917888563049,17.487781036168133
21.33333333333332,45,80,0,0.06,0.2,57.53572572651407,640.0,3.0,21.315845552297155,17.487781036168133
21.350000000000048,53,80,1,0.045000000000000005,0.2,54.442294951287536,640.0,4.0,21.33251221896388,17.487781036168133
21.399999999999988,53,80,0,0.06,0.2,66.23728425815472,640.0,3.0,21.38251221896382,17.487781036168133
21.40000000000005,55,80,1,0.045000000000000005,0.2,56.72574049509517,640.0,4.0,21.382512218963882,17.487781036168133
21.45000000000005,55,80,1,0.045000000000000005,0.2,55.80729281652326,640.0,4.0,21.432512218963883,17.487781036168133
21.466666666666654,57,80,0,0.06,0.2,70.48246996895686,640.0,3.0,21.449178885630488,17.487781036168133
21.50000000000005,60,80,1,0.045000000000000005,0.2,61.21883897626978,640.0,4.0,21.482512218963883,17.487781036168133
21.53333333333332,59,80,0,0.06,0.2,71.16547048631965,640.0,3.0,21.515845552297154,17.487781036168133
21.55000000000005,53,80,1,0.045000000000000005,0.2,53.420640540942394,640.0,4.0,21.532512218963884,17.487781036168133
21.599999999999987,43,80,0,0.06,0.2,55.502655787373584,640.0,3.0,21.58251221896382,17.487781036168133
21.60000000000005,67,80,1,0.045000000000000005,0.2,68.96824533859578,640.0,4.0,21.582512218963885,17.487781036168133
21.650000000000052,60,80,1,0.045000000000000005,0.2,60.00165651934557,640.0,4.0,21.632512218963885,17.487781036168133
21.666666666666654,45,80,0,0.06,0.2,58.32622501004378,640.0,3.0,21.649178885630487,17.487781036168133
21.700000000000053,59,80,1,0.045000000000000005,0.2,59.92559743089109,640.0,4.0,21.682512218963886,17.487781036168133
21.73333333333332,33,80,0,0.06,0.2,46.5324944622324,640.0,3.0,21.715845552297154,17.487781036168133
21.750000000000053,57,80,1,0.045000000000000005,0.2,57.376842267896656,640.0,4.0,21.732512218963887,17.487781036168133
21.799999999999986,41,80,0,0.06,0.2,53.55303946803049,640.0,3.0,21.78251221896382,17.487781036168133
21.800000000000054,60,80,1,0.045000000000000005,0.2,61.241525470871835,640.0,4.0,21.782512218963888,17.487781036168133
21.850000000000055,65,80,1,0.045000000000000005,0.2,66.60078611734107,640.0,4.0,21.83251221896389,17.487781036168133
21.866666666666653,55,80,0,0.06,0.2,67.71881306477967,640.0,3.0,21.849178885630486,17.487781036168133
21.900000000000055,53,80,1,0.045000000000000005,0.2,53.0629582743128,640.0,4.0,21.88251221896389,17.487781036168133
21.93333333333332,60,80,0,0.06,0.2,72.92466258838586,640.0,3.0,21.915845552297153,17.487781036168133
21.950000000000056,53,80,1,0.045000000000000005,0.2,54.73506808739795,640.0,4.0,21.93251221896389,17.487781036168133
21.999999999999986,38,80,0,0.06,0.2,50.125209024960625,640.0,3.0,21.98251221896382,17.487781036168133
22.000000000000057,57,80,1,0.045000000000000005,0.2,57.57019176978668,640.0,4.0,21.98251221896389,17.487781036168133
22.050000000000058,48,80,1,0.045000000000000005,0.2,49.23303261221428,640.0,4.0,22.03251221896389,17.487781036168133
22.066666666666652,43,80,0,0.06,0.2,55.260285926776845,640.0,3.0,22.049178885630486,17.487781036168133
22.10000000000006,53,80,1,0.045000000000000005,0.2,53.44593712222802,640.0,4.0,22.082512218963892,17.487781036168133
22.13333333333332,47,80,0,0.06,0.2,59.78875394432858,640.0,3.0,22.115845552297152,17.487781036168133
22.15000000000006,55,80,1,0.045000000000000005,0.2,56.190233011642725,640.0,4.0,22.132512218963893,17.487781036168133
22.199999999999985,50,80,0,0.06,0.2,62.241289270556855,640.0,3.0,22.18251221896382,17.487781036168133
22.20000000000006,65,80,1,0.045000000000000005,0.2,66.99511344570182,640.0,4.0,22.182512218963893,17.487781036168133
22.25000000000006,62,80,1,0.045000000000000005,0.2,62.1004906320154,640.0,4.0,22.232512218963894,17.487781036168133
22.26666666666665,41,80,0,0.06,0.2,53.52317184062683,640.0,3.0,22.249178885630485,17.487781036168133
22.30000000000006,60,80,1,0.045000000000000005,0.2,61.548719290940355,640.0,4.0,22.282512218963895,17.487781036168133
22.333333333333318,50,80,0,0.06,0.2,63.392488355712715,640.0,3.0,22.31584555229715,17.487781036168133
22.350000000000062,65,80,1,0.045000000000000005,0.2,66.80718369734377,640.0,4.0,22.332512218963895,17.487781036168133
22.399999999999984,43,80,0,0.06,0.2,56.20928522343267,640.0,3.0,22.382512218963818,17.487781036168133
22.400000000000063,57,80,1,0.045000000000000005,0.2,58.90102569280483,640.0,4.0,22.382512218963896,17.487781036168133
22.450000000000063,62,80,1,0.045000000000000005,0.2,63.12371879943112,640.0,4.0,22.432512218963897,17.487781036168133
22.46666666666665,47,80,0,0.06,0.2,59.884381832973766,640.0,3.0,22.449178885630484,17.487781036168133
22.500000000000064,59,80,1,0.045000000000000005,0.2,59.17422597654003,640.0,4.0,22.482512218963898,17.487781036168133
22.533333333333317,52,80,0,0.06,0.2,64.3702739840296,640.0,3.0,22.51584555229715,17.487781036168133
22.550000000000065,62,80,1,0.045000000000000005,0.2,62.12289879519703,640.0,4.0,22.532512218963898,17.487781036168133
22.599999999999984,48,80,0,0.06,0.2,60.0513781584875,640.0,3.0,22.582512218963817,17.487781036168133
22.600000000000065,55,80,1,0.045000000000000005,0.2,55.33793073910734,640.0,4.0,22.5825122189639,17.487781036168133
22.650000000000066,40,80,1,0.045000000000000005,0.2,40.48946273378857,640.0,4.0,22.6325122189639,17.487781036168133
22.66666666666665,43,80,0,0.06,0.2,56.50891287578745,640.0,3.0,22.649178885630484,17.487781036168133
22.700000000000067,57,80,1,0.045000000000000005,0.2,58.92576670250957,640.0,4.0,22.6825122189639,17.487781036168133
22.733333333333317,47,80,0,0.06,0.2,59.123121568593355,640.0,3.0,22.71584555229715,17.487781036168133
22.750000000000068,71,80,1,0.045000000000000005,0.2,71.38198508879952,640.0,4.0,22.7325122189639,17.487781036168133
22.799999999999983,47,80,0,0.06,0.2,59.293096326357315,640.0,3.0,22.782512218963817,17.487781036168133
22.800000000000068,67,80,1,0.045000000000000005,0.2,67.40972321793274,640.0,4.0,22.7825122189639,17.487781036168133
22.85000000000007,67,80,1,0.045000000000000005,0.2,67.72317987672936,640.0,4.0,22.832512218963902,17.487781036168133
22.86666666666665,45,80,0,0.06,0.2,57.03991176094298,640.0,3.0,22.849178885630483,17.487781036168133
22.90000000000007,69,80,1,0.045000000000000005,0.2,69.88904577444974,640.0,4.0,22.882512218963903,17.487781036168133
22.933333333333316,45,80,0,0.06,0.2,57.929631498663184,640.0,3.0,22.91584555229715,17.487781036168133
22.95000000000007,60,80,1,0.045000000000000005,0.2,60.7092607276915,640.0,4.0,22.932512218963904,17.487781036168133
22.999999999999982,60,80,0,0.06,0.2,72.78917736403774,640.0,3.0,22.982512218963816,17.487781036168133
23.05000000000007,55,80,1,0.045000000000000005,0.2,55.0587848365252,640.0,4.0,23.032512218963905,17.487781036168133
23.06666666666665,52,80,0,0.06,0.2,64.4873555835299,640.0,3.0,23.049178885630482,17.487781036168133
23.100000000000072,57,80,1,0.045000000000000005,0.2,57.471417151783605,640.0,4.0,23.082512218963906,17.487781036168133
23.133333333333315,45,80,0,0.06,0.2,57.636157455766714,640.0,3.0,23.11584555229715,17.487781036168133
23.150000000000073,64,80,1,0.045000000000000005,0.2,64.92616919816913,640.0,4.0,23.132512218963907,17.487781036168133
23.19999999999998,53,80,0,0.06,0.2,65.57563523608589,640.0,3.0,23.182512218963815,17.487781036168133
23.200000000000074,69,80,1,0.045000000000000005,0.2,69.63107549735054,640.0,4.0,23.182512218963907,17.487781036168133
23.250000000000075,57,80,1,0.045000000000000005,0.2,58.884429794552005,640.0,4.0,23.232512218963908,17.487781036168133
23.266666666666648,45,80,0,0.06,0.2,57.32944408195192,640.0,3.0,23.24917888563048,17.487781036168133
23.300000000000075,55,80,1,0.045000000000000005,0.2,56.398485881188705,640.0,4.0,23.28251221896391,17.487781036168133
23.333333333333314,57,80,0,0.06,0.2,69.38499710069313,640.0,3.0,23.315845552297148,17.487781036168133
23.350000000000076,60,80,1,0.045000000000000005,0.2,60.00422367085278,640.0,4.0,23.33251221896391,17.487781036168133
23.39999999999998,50,80,0,0.06,0.2,62.95713753758475,640.0,3.0,23.382512218963814,17.487781036168133
23.400000000000077,64,80,1,0.045000000000000005,0.2,64.80965399143292,640.0,4.0,23.38251221896391,17.487781036168133
23.450000000000077,48,80,1,0.045000000000000005,0.2,48.449161470931664,640.0,4.0,23.43251221896391,17.487781036168133
23.466666666666647,47,80,0,0.06,0.2,59.14158284796617,640.0,3.0,23.44917888563048,17.487781036168133
23.500000000000078,41,80,1,0.045000000000000005,0.2,41.630552374902095,640.0,4.0,23.48251221896391,17.487781036168133
23.533333333333314,50,80,0,0.06,0.2,63.581735406482224,640.0,3.0,23.515845552297147,17.487781036168133
23.55000000000008,55,80,1,0.045000000000000005,0.2,55.59570520406733,640.0,4.0,23.532512218963912,17.487781036168133
23.59999999999998,35,80,0,0.06,0.2,47.432990783452006,640.0,3.0,23.582512218963814,17.487781036168133
23.60000000000008,50,80,1,0.045000000000000005,0.2,50.23430059268673,640.0,4.0,23.582512218963913,17.487781036168133
23.65000000000008,55,80,1,0.045000000000000005,0.2,55.93487841882151,640.0,4.0,23.632512218963914,17.487781036168133
23.666666666666647,38,80,0,0.06,0.2,50.98586024872156,640.0,3.0,23.64917888563048,17.487781036168133
23.70000000000008,57,80,1,0.045000000000000005,0.2,58.81775744946023,640.0,4.0,23.682512218963915,17.487781036168133
23.733333333333313,38,80,0,0.06,0.2,50.448599948807555,640.0,3.0,23.715845552297147,17.487781036168133
23.75000000000008,55,80,1,0.045000000000000005,0.2,56.374012727815895,640.0,4.0,23.732512218963915,17.487781036168133
23.79999999999998,48,80,0,0.06,0.2,61.143544758109655,640.0,3.0,23.782512218963813,17.487781036168133
23.800000000000082,71,80,1,0.045000000000000005,0.2,71.61974027576596,640.0,4.0,23.782512218963916,17.487781036168133
23.850000000000083,62,80,1,0.045000000000000005,0.2,62.61395811681856,640.0,4.0,23.832512218963917,17.487781036168133
23.866666666666646,60,80,0,0.06,0.2,73.86011999588074,640.0,3.0,23.84917888563048,17.487781036168133
23.900000000000084,62,80,1,0.045000000000000005,0.2,62.40379487688663,640.0,4.0,23.882512218963917,17.487781036168133
23.933333333333312,65,80,0,0.06,0.2,77.85040116954106,640.0,3.0,23.915845552297146,17.487781036168133
23.950000000000085,64,80,1,0.045000000000000005,0.2,64.97765715234722,640.0,4.0,23.932512218963918,17.487781036168133
23.99999999999998,53,80,0,0.06,0.2,65.10440881152606,640.0,3.0,23.982512218963812,17.487781036168133
24.000000000000085,50,80,1,0.045000000000000005,0.2,50.88933505775385,640.0,4.0,23.98251221896392,17.487781036168133
24.050000000000086,67,80,1,0.045000000000000005,0.2,68.31289429936214,640.0,4.0,24.03251221896392,17.487781036168133
24.066666666666645,52,80,0,0.06,0.2,64.00675579955566,640.0,3.0,24.04917888563048,17.487781036168133
24.100000000000087,59,80,1,0.045000000000000005,0.2,59.39388570771632,640.0,4.0,24.08251221896392,17.487781036168133
24.13333333333331,33,80,0,0.06,0.2,45.59153812677809,640.0,3.0,24.115845552297145,17.487781036168133
24.150000000000087,65,80,1,0.045000000000000005,0.2,65.3638449379297,640.0,4.0,24.13251221896392,17.487781036168133
24.199999999999978,43,80,0,0.06,0.2,55.658609602127825,640.0,3.0,24.18251221896381,17.487781036168133
24.200000000000088,50,80,1,0.045000000000000005,0.2,51.425142135678755,640.0,4.0,24.18251221896392,17.487781036168133
24.25000000000009,47,80,1,0.045000000000000005,0.2,47.56992987187149,640.0,4.0,24.232512218963922,17.487781036168133
24.266666666666644,41,80,0,0.06,0.2,53.69772998473409,640.0,3.0,24.249178885630478,17.487781036168133
24.30000000000009,65,80,1,0.045000000000000005,0.2,66.54311726420023,640.0,4.0,24.282512218963923,17.487781036168133
24.33333333333331,43,80,0,0.06,0.2,55.033219213991075,640.0,3.0,24.315845552297144,17.487781036168133
24.35000000000009,62,80,1,0.045000000000000005,0.2,63.01127620878013,640.0,4.0,24.332512218963924,17.487781036168133
24.399999999999977,45,80,0,0.06,0.2,58.65484945132168,640.0,3.0,24.38251221896381,17.487781036168133
24.40000000000009,52,80,1,0.045000000000000005,0.2,52.78358756513992,640.0,4.0,24.382512218963925,17.487781036168133
24.45000000000009,53,80,1,0.045000000000000005,0.2,53.04269534980244,640.0,4.0,24.432512218963925,17.487781036168133
24.466666666666644,43,80,0,0.06,0.2,56.22327537842298,640.0,3.0,24.449178885630477,17.487781036168133
24.500000000000092,69,80,1,0.045000000000000005,0.2,69.00347827531816,640.0,4.0,24.482512218963926,17.487781036168133
24.53333333333331,31,80,0,0.06,0.2,44.165601516993696,640.0,3.0,24.515845552297144,17.487781036168133
24.550000000000093,50,80,1,0.045000000000000005,0.2,50.484704857061374,640.0,4.0,24.532512218963927,17.487781036168133
24.599999999999977,53,80,0,0.06,0.2,65.98328204894027,640.0,3.0,24.58251221896381,17.487781036168133
24.600000000000094,72,80,1,0.045000000000000005,0.2,73.14138362604771,640.0,4.0,24.582512218963927,17.487781036168133
24.650000000000095,52,80,1,0.045000000000000005,0.2,52.79503412281705,640.0,4.0,24.632512218963928,17.487781036168133
24.666666666666643,38,80,0,0.06,0.2,51.418055794081546,640.0,3.0,24.649178885630477,17.487781036168133
24.700000000000095,65,80,1,0.045000000000000005,0.2,65.10713540486707,640.0,4.0,24.68251221896393,17.487781036168133
24.73333333333331,48,80,0,0.06,0.2,61.913974912889195,640.0,3.0,24.715845552297143,17.487781036168133
24.750000000000096,57,80,1,0.045000000000000005,0.2,57.37105219400812,640.0,4.0,24.73251221896393,17.487781036168133
24.799999999999976,64,80,0,0.06,0.2,76.59266135799979,640.0,3.0,24.78251221896381,17.487781036168133
24.850000000000097,55,80,1,0.045000000000000005,0.2,55.64708798308646,640.0,4.0,24.83251221896393,17.487781036168133
24.866666666666642,40,80,0,0.06,0.2,52.64492326730861,640.0,3.0,24.849178885630476,17.487781036168133
24.900000000000098,57,80,1,0.045000000000000005,0.2,58.69765675142165,640.0,4.0,24.88251221896393,17.487781036168133
24.93333333333331,26,80,0,0.06,0.2,39.757699818029366,640.0,3.0,24.915845552297142,17.487781036168133
24.9500000000001,60,80,1,0.045000000000000005,0.2,60.327353403165766,640.0,4.0,24.932512218963932,17.487781036168133
24.999999999999975,45,80,0,0.06,0.2,57.71196622495911,640.0,3.0,24.98251221896381,17.487781036168133
25.0000000000001,50,80,1,0.045000000000000005,0.2,51.98250035374822,640.0,4.0,24.982512218963933,17.487781036168133
25.0500000000001,65,80,1,0.045000000000000005,0.2,65.92659476336101,640.0,4.0,25.032512218963934,17.487781036168133
25.06666666666664,55,80,0,0.06,0.2,68.80767707998857,640.0,3.0,25.049178885630475,17.487781036168133
25.133333333333308,62,80,0,0.06,0.2,75.66677963376475,640.0,3.0,25.11584555229714,17.487781036168133
25.1500000000001,57,80,1,0.045000000000000005,0.2,58.17120067727985,640.0,4.0,25.132512218963935,17.487781036168133
25.199999999999974,38,80,0,0.06,0.2,50.16360324438067,640.0,3.0,25.182512218963808,17.487781036168133
25.200000000000102,52,80,1,0.045000000000000005,0.2,52.045205003131905,640.0,4.0,25.182512218963936,17.487781036168133
25.250000000000103,38,80,1,0.045000000000000005,0.2,39.501330729637516,640.0,4.0,25.232512218963937,17.487781036168133
25.26666666666664,50,80,0,0.06,0.2,63.97359378589218,640.0,3.0,25.249178885630474,17.487781036168133
25.300000000000104,57,80,1,0.045000000000000005,0.2,58.47177789919865,640.0,4.0,25.282512218963937,17.487781036168133
25.333333333333307,43,80,0,0.06,0.2,56.27751634575957,640.0,3.0,25.31584555229714,17.487781036168133
25.350000000000104,79,80,1,0.045000000000000005,0.2,79.30092337290333,640.0,4.0,25.332512218963938,17.487781036168133
25.399999999999974,47,80,0,0.06,0.2,59.15241316556691,640.0,3.0,25.382512218963807,17.487781036168133
25.400000000000105,65,80,1,0.045000000000000005,0.2,66.27683430318419,640.0,4.0,25.38251221896394,17.487781036168133
25.450000000000106,59,80,1,0.045000000000000005,0.2,59.845916962124846,640.0,4.0,25.43251221896394,17.487781036168133
25.46666666666664,69,80,0,0.06,0.2,81.15474677613628,640.0,3.0,25.449178885630474,17.487781036168133
25.500000000000107,57,80,1,0.045000000000000005,0.2,57.89687336633386,640.0,4.0,25.48251221896394,17.487781036168133
25.533333333333307,35,80,0,0.06,0.2,47.976237372838774,640.0,3.0,25.51584555229714,17.487781036168133
25.550000000000107,60,80,1,0.045000000000000005,0.2,60.17972714249637,640.0,4.0,25.53251221896394,17.487781036168133
25.599999999999973,50,80,0,0.06,0.2,62.029917291956586,640.0,3.0,25.582512218963807,17.487781036168133
25.600000000000108,64,80,1,0.045000000000000005,0.2,64.37695292140168,640.0,4.0,25.58251221896394,17.487781036168133
25.65000000000011,50,80,1,0.045000000000000005,0.2,50.55349747752924,640.0,4.0,25.632512218963942,17.487781036168133
25.70000000000011,67,80,1,0.045000000000000005,0.2,68.91457355735098,640.0,4.0,25.682512218963943,17.487781036168133
25.733333333333306,55,80,0,0.06,0.2,68.68629059951478,640.0,3.0,25.71584555229714,17.487781036168133
25.75000000000011,65,80,1,0.045000000000000005,0.2,65.72305052352995,640.0,4.0,25.732512218963944,17.487781036168133
25.799999999999972,48,80,0,0.06,0.2,60.783865227767166,640.0,3.0,25.782512218963806,17.487781036168133
25.80000000000011,65,80,1,0.045000000000000005,0.2,65.74548580566348,640.0,4.0,25.782512218963944,17.487781036168133
25.85000000000011,62,80,1,0.045000000000000005,0.2,63.50780591047782,640.0,4.0,25.832512218963945,17.487781036168133
25.86666666666664,50,80,0,0.06,0.2,62.46440431603282,640.0,3.0,25.849178885630472,17.487781036168133
25.900000000000112,60,80,1,0.045000000000000005,0.2,60.15693326155192,640.0,4.0,25.882512218963946,17.487781036168133
25.933333333333305,43,80,0,0.06,0.2,56.86681146062567,640.0,3.0,25.91584555229714,17.487781036168133
25.950000000000113,65,80,1,0.045000000000000005,0.2,65.38288988773456,640.0,4.0,25.932512218963947,17.487781036168133
25.99999999999997,50,80,0,0.06,0.2,62.15301552996086,640.0,3.0,25.982512218963805,17.487781036168133
26.000000000000114,64,80,1,0.045000000000000005,0.2,64.73451306993103,640.0,4.0,25.982512218963947,17.487781036168133
26.050000000000114,57,80,1,0.045000000000000005,0.2,57.16767431247181,640.0,4.0,26.032512218963948,17.487781036168133
26.066666666666638,45,80,0,0.06,0.2,57.25446179602071,640.0,3.0,26.04917888563047,17.487781036168133
26.100000000000115,55,80,1,0.045000000000000005,0.2,55.41118581682479,640.0,4.0,26.08251221896395,17.487781036168133
26.133333333333304,52,80,0,0.06,0.2,64.97257511884841,640.0,3.0,26.115845552297138,17.487781036168133
26.150000000000116,60,80,1,0.045000000000000005,0.2,60.814850362095896,640.0,4.0,26.13251221896395,17.487781036168133
26.19999999999997,45,80,0,0.06,0.2,57.04311731165093,640.0,3.0,26.182512218963804,17.487781036168133
26.200000000000117,72,80,1,0.045000000000000005,0.2,72.3921612119615,640.0,4.0,26.18251221896395,17.487781036168133
26.250000000000117,50,80,1,0.045000000000000005,0.2,50.087143394768795,640.0,4.0,26.23251221896395,17.487781036168133
26.300000000000118,48,80,1,0.045000000000000005,0.2,48.25979787398048,640.0,4.0,26.28251221896395,17.487781036168133
26.333333333333304,47,80,0,0.06,0.2,59.765897490520175,640.0,3.0,26.315845552297137,17.487781036168133
26.35000000000012,60,80,1,0.045000000000000005,0.2,61.31808672989214,640.0,4.0,26.332512218963952,17.487781036168133
26.39999999999997,57,80,0,0.06,0.2,69.00840200617735,640.0,3.0,26.382512218963804,17.487781036168133
26.40000000000012,60,80,1,0.045000000000000005,0.2,60.407101614848145,640.0,4.0,26.382512218963953,17.487781036168133
26.45000000000012,60,80,1,0.045000000000000005,0.2,61.386733314963266,640.0,4.0,26.432512218963954,17.487781036168133
26.466666666666637,47,80,0,0.06,0.2,59.58885021129211,640.0,3.0,26.44917888563047,17.487781036168133
26.50000000000012,60,80,1,0.045000000000000005,0.2,61.951625583268005,640.0,4.0,26.482512218963954,17.487781036168133
26.533333333333303,33,80,0,0.06,0.2,45.815740254344945,640.0,3.0,26.515845552297137,17.487781036168133
26.55000000000012,57,80,1,0.045000000000000005,0.2,58.21438196292156,640.0,4.0,26.532512218963955,17.487781036168133
26.59999999999997,57,80,0,0.06,0.2,70.09537200571194,640.0,3.0,26.582512218963803,17.487781036168133
26.600000000000122,71,80,1,0.045000000000000005,0.2,71.91890750881666,640.0,4.0,26.582512218963956,17.487781036168133
26.650000000000123,47,80,1,0.045000000000000005,0.2,47.192768172187876,640.0,4.0,26.632512218963956,17.487781036168133
26.666666666666636,40,80,0,0.06,0.2,52.75414159309905,640.0,3.0,26.64917888563047,17.487781036168133
26.700000000000124,53,80,1,0.045000000000000005,0.2,53.37202380175803,640.0,4.0,26.682512218963957,17.487781036168133
26.733333333333302,41,80,0,0.06,0.2,54.76986929080944,640.0,3.0,26.715845552297136,17.487781036168133
26.750000000000124,59,80,1,0.045000000000000005,0.2,59.17396191880762,640.0,4.0,26.732512218963958,17.487781036168133
26.79999999999997,43,80,0,0.06,0.2,55.23470964765206,640.0,3.0,26.782512218963802,17.487781036168133
26.800000000000125,45,80,1,0.045000000000000005,0.2,46.85448951076666,640.0,4.0,26.78251221896396,17.487781036168133
26.850000000000126,57,80,1,0.045000000000000005,0.2,58.59316476454343,640.0,4.0,26.83251221896396,17.487781036168133
26.900000000000126,72,80,1,0.045000000000000005,0.2,73.29176132582414,640.0,4.0,26.88251221896396,17.487781036168133
26.9333333333333,29,80,0,0.06,0.2,42.91460628817043,640.0,3.0,26.915845552297135,17.487781036168133
26.950000000000127,60,80,1,0.045000000000000005,0.2,60.167091906367695,640.0,4.0,26.93251221896396,17.487781036168133
26.999999999999968,72,80,0,0.06,0.2,85.10198826927996,640.0,3.0,26.9825122189638,17.487781036168133
27.000000000000128,60,80,1,0.045000000000000005,0.2,61.84560724574947,640.0,4.0,26.98251221896396,17.487781036168133
27.05000000000013,48,80,1,0.045000000000000005,0.2,49.91868187861936,640.0,4.0,27.032512218963962,17.487781036168133
27.066666666666634,55,80,0,0.06,0.2,68.44845447252841,640.0,3.0,27.049178885630468,17.487781036168133
27.1333333333333,48,80,0,0.06,0.2,61.785911313033274,640.0,3.0,27.115845552297134,17.487781036168133
27.15000000000013,55,80,1,0.045000000000000005,0.2,56.99842895740851,640.0,4.0,27.132512218963964,17.487781036168133
27.199999999999967,47,80,0,0.06,0.2,59.56084799506971,640.0,3.0,27.1825122189638,17.487781036168133
27.20000000000013,57,80,1,0.045000000000000005,0.2,57.45827922595013,640.0,4.0,27.182512218963964,17.487781036168133
27.25000000000013,69,80,1,0.045000000000000005,0.2,70.25315036003015,640.0,4.0,27.232512218963965,17.487781036168133
27.266666666666634,50,80,0,0.06,0.2,62.28443259886126,640.0,3.0,27.249178885630467,17.487781036168133
27.300000000000132,64,80,1,0.045000000000000005,0.2,64.461528485801,640.0,4.0,27.282512218963966,17.487781036168133
27.3333333333333,52,80,0,0.06,0.2,64.16897942703471,640.0,3.0,27.315845552297134,17.487781036168133
27.350000000000133,50,80,1,0.045000000000000005,0.2,51.10833634450374,640.0,4.0,27.332512218963966,17.487781036168133
27.399999999999967,53,80,0,0.06,0.2,65.16172468760045,640.0,3.0,27.3825122189638,17.487781036168133
27.400000000000134,60,80,1,0.045000000000000005,0.2,61.97203822745604,640.0,4.0,27.382512218963967,17.487781036168133
27.450000000000134,62,80,1,0.045000000000000005,0.2,63.985773987974284,640.0,4.0,27.432512218963968,17.487781036168133
27.466666666666633,52,80,0,0.06,0.2,64.44483572802758,640.0,3.0,27.449178885630467,17.487781036168133
27.500000000000135,69,80,1,0.045000000000000005,0.2,69.12119230817014,640.0,4.0,27.48251221896397,17.487781036168133
27.5333333333333,48,80,0,0.06,0.2,60.71664545004199,640.0,3.0,27.515845552297133,17.487781036168133
27.550000000000136,72,80,1,0.045000000000000005,0.2,72.64432549254698,640.0,4.0,27.53251221896397,17.487781036168133
27.599999999999966,45,80,0,0.06,0.2,58.42129263754139,640.0,3.0,27.5825122189638,17.487781036168133
27.600000000000136,50,80,1,0.045000000000000005,0.2,51.87924646537705,640.0,4.0,27.58251221896397,17.487781036168133
27.650000000000137,53,80,1,0.045000000000000005,0.2,53.51313991031729,640.0,4.0,27.63251221896397,17.487781036168133
27.666666666666632,45,80,0,0.06,0.2,58.789813730771904,640.0,3.0,27.649178885630466,17.487781036168133
27.700000000000138,48,80,1,0.045000000000000005,0.2,49.93937712868307,640.0,4.0,27.68251221896397,17.487781036168133
27.7333333333333,45,80,0,0.06,0.2,58.44073375717855,640.0,3.0,27.715845552297132,17.487781036168133
27.75000000000014,57,80,1,0.045000000000000005,0.2,58.12784112714415,640.0,4.0,27.732512218963972,17.487781036168133
27.799999999999965,57,80,0,0.06,0.2,69.07016077493651,640.0,3.0,27.7825122189638,17.487781036168133
27.80000000000014,62,80,1,0.045000000000000005,0.2,63.73086699557068,640.0,4.0,27.782512218963973,17.487781036168133
27.85000000000014,67,80,1,0.045000000000000005,0.2,67.89867613271281,640.0,4.0,27.832512218963974,17.487781036168133
27.86666666666663,52,80,0,0.06,0.2,64.7484537782469,640.0,3.0,27.849178885630465,17.487781036168133
27.90000000000014,59,80,1,0.045000000000000005,0.2,59.39239181085982,640.0,4.0,27.882512218963974,17.487781036168133
27.933333333333298,24,80,0,0.06,0.2,36.476890922685755,640.0,3.0,27.91584555229713,17.487781036168133
27.95000000000014,57,80,1,0.045000000000000005,0.2,57.44121981396125,640.0,4.0,27.932512218963975,17.487781036168133
27.999999999999964,53,80,0,0.06,0.2,65.24720621223808,640.0,3.0,27.982512218963798,17.487781036168133
28.0,48,80,0,0.06,0.2,61.21406393798992,640.0,3.0,27.982512218963834,17.487781036168133
28.0,72,80,1,0.045000000000000005,0.2,73.3959394667803,640.0,4.0,27.982512218963834,17.487781036168133
28.05,59,80,1,0.045000000000000005,0.2,59.95523184936763,640.0,4.0,28.032512218963834,17.487781036168133
28.066666666666666,41,80,0,0.06,0.2,53.31885678695981,640.0,3.0,28.0491788856305,17.487781036168133
28.1,65,80,1,0.045000000000000005,0.2,65.3499332447401,640.0,4.0,28.082512218963835,17.487781036168133
28.133333333333333,64,80,0,0.06,0.2,76.71630977355818,640.0,3.0,28.115845552297166,17.487781036168133
28.150000000000002,50,80,1,0.045000000000000005,0.2,51.266392990885485,640.0,4.0,28.132512218963836,17.487781036168133
28.2,35,80,0,0.06,0.2,47.13871178305553,640.0,3.0,28.182512218963833,17.487781036168133
28.200000000000003,55,80,1,0.045000000000000005,0.2,56.90320238020479,640.0,4.0,28.182512218963836,17.487781036168133
28.250000000000004,65,80,1,0.045000000000000005,0.2,65.56430206052622,640.0,4.0,28.232512218963837,17.487781036168133
28.266666666666666,48,80,0,0.06,0.2,61.4779246311658,640.0,3.0,28.2491788856305,17.487781036168133
28.300000000000004,65,80,1,0.045000000000000005,0.2,66.79281688594516,640.0,4.0,28.282512218963838,17.487781036168133
28.333333333333332,64,80,0,0.06,0.2,76.18884975383712,640.0,3.0,28.315845552297166,17.487781036168133
28.350000000000005,57,80,1,0.045000000000000005,0.2,57.648264418686544,640.0,4.0,28.33251221896384,17.487781036168133
28.4,48,80,0,0.06,0.2,60.05439875647998,640.0,3.0,28.382512218963832,17.487781036168133
28.400000000000006,59,80,1,0.045000000000000005,0.2,59.427205985135465,640.0,4.0,28.38251221896384,17.487781036168133
28.450000000000006,47,80,1,0.045000000000000005,0.2,47.857010026553525,640.0,4.0,28.43251221896384,17.487781036168133
28.466666666666665,45,80,0,0.06,0.2,58.47968771998804,640.0,3.0,28.4491788856305,17.487781036168133
28.500000000000007,57,80,1,0.045000000000000005,0.2,57.143766393547125,640.0,4.0,28.48251221896384,17.487781036168133
28.53333333333333,45,80,0,0.06,0.2,57.140436617516585,640.0,3.0,28.515845552297165,17.487781036168133
28.550000000000008,67,80,1,0.045000000000000005,0.2,67.12306530815829,640.0,4.0,28.53251221896384,17.487781036168133
28.599999999999998,45,80,0,0.06,0.2,58.55686654590074,640.0,3.0,28.58251221896383,17.487781036168133
28.60000000000001,64,80,1,0.045000000000000005,0.2,64.60164012885252,640.0,4.0,28.582512218963842,17.487781036168133
28.65000000000001,64,80,1,0.045000000000000005,0.2,64.00532577104968,640.0,4.0,28.632512218963843,17.487781036168133
28.666666666666664,57,80,0,0.06,0.2,70.98278779741224,640.0,3.0,28.649178885630498,17.487781036168133
28.70000000000001,60,80,1,0.045000000000000005,0.2,60.39818949744768,640.0,4.0,28.682512218963844,17.487781036168133
28.73333333333333,29,80,0,0.06,0.2,42.305104709363945,640.0,3.0,28.715845552297164,17.487781036168133
28.75000000000001,60,80,1,0.045000000000000005,0.2,60.056505269025415,640.0,4.0,28.732512218963844,17.487781036168133
28.799999999999997,60,80,0,0.06,0.2,72.2674696103706,640.0,3.0,28.78251221896383,17.487781036168133
28.80000000000001,53,80,1,0.045000000000000005,0.2,54.717430884212426,640.0,4.0,28.782512218963845,17.487781036168133
28.850000000000012,65,80,1,0.045000000000000005,0.2,65.59062736162028,640.0,4.0,28.832512218963846,17.487781036168133
28.866666666666664,36,80,0,0.06,0.2,48.60834278039884,640.0,3.0,28.849178885630497,17.487781036168133
28.900000000000013,62,80,1,0.045000000000000005,0.2,63.36778355511512,640.0,4.0,28.882512218963846,17.487781036168133
28.93333333333333,45,80,0,0.06,0.2,57.866781366124684,640.0,3.0,28.915845552297164,17.487781036168133
28.950000000000014,62,80,1,0.045000000000000005,0.2,63.936150783942395,640.0,4.0,28.932512218963847,17.487781036168133
28.999999999999996,43,80,0,0.06,0.2,56.5660446376107,640.0,3.0,28.98251221896383,17.487781036168133
29.000000000000014,55,80,1,0.045000000000000005,0.2,55.79172125865936,640.0,4.0,28.982512218963848,17.487781036168133
29.050000000000015,41,80,1,0.045000000000000005,0.2,42.773256641030045,640.0,4.0,29.03251221896385,17.487781036168133
29.066666666666663,52,80,0,0.06,0.2,64.70842615816576,640.0,3.0,29.049178885630496,17.487781036168133
29.100000000000016,67,80,1,0.045000000000000005,0.2,68.77722169402956,640.0,4.0,29.08251221896385,17.487781036168133
29.13333333333333,35,80,0,0.06,0.2,47.21500518493002,640.0,3.0,29.115845552297163,17.487781036168133
29.150000000000016,55,80,1,0.045000000000000005,0.2,56.16930035193277,640.0,4.0,29.13251221896385,17.487781036168133
29.199999999999996,50,80,0,0.06,0.2,63.697381328655545,640.0,3.0,29.18251221896383,17.487781036168133
29.200000000000017,53,80,1,0.045000000000000005,0.2,53.09779388765504,640.0,4.0,29.18251221896385,17.487781036168133
29.250000000000018,65,80,1,0.045000000000000005,0.2,65.54783129531195,640.0,4.0,29.23251221896385,17.487781036168133
29.266666666666662,64,80,0,0.06,0.2,76.19447698629482,640.0,3.0,29.249178885630496,17.487781036168133
29.30000000000002,55,80,1,0.045000000000000005,0.2,56.863898880646964,640.0,4.0,29.282512218963852,17.487781036168133
29.33333333333333,36,80,0,0.06,0.2,49.094607963257516,640.0,3.0,29.315845552297162,17.487781036168133
29.35000000000002,67,80,1,0.045000000000000005,0.2,68.47949107237298,640.0,4.0,29.332512218963853,17.487781036168133
29.399999999999995,48,80,0,0.06,0.2,61.51764934088317,640.0,3.0,29.38251221896383,17.487781036168133
29.40000000000002,64,80,1,0.045000000000000005,0.2,64.93604759661358,640.0,4.0,29.382512218963853,17.487781036168133
29.45000000000002,65,80,1,0.045000000000000005,0.2,65.46855458560383,640.0,4.0,29.432512218963854,17.487781036168133
29.46666666666666,41,80,0,0.06,0.2,54.704142577627124,640.0,3.0,29.449178885630495,17.487781036168133
29.50000000000002,48,80,1,0.045000000000000005,0.2,49.072354310395724,640.0,4.0,29.482512218963855,17.487781036168133
29.533333333333328,50,80,0,0.06,0.2,63.40709764954428,640.0,3.0,29.51584555229716,17.487781036168133
29.550000000000022,69,80,1,0.045000000000000005,0.2,69.6955518830912,640.0,4.0,29.532512218963856,17.487781036168133
29.599999999999994,48,80,0,0.06,0.2,60.15318221932602,640.0,3.0,29.582512218963828,17.487781036168133
29.600000000000023,62,80,1,0.045000000000000005,0.2,62.09000424987085,640.0,4.0,29.582512218963856,17.487781036168133
29.650000000000023,57,80,1,0.045000000000000005,0.2,57.04578288603037,640.0,4.0,29.632512218963857,17.487781036168133
29.66666666666666,41,80,0,0.06,0.2,54.86810472764552,640.0,3.0,29.649178885630494,17.487781036168133
29.700000000000024,60,80,1,0.045000000000000005,0.2,61.14710773873801,640.0,4.0,29.682512218963858,17.487781036168133
29.733333333333327,50,80,0,0.06,0.2,63.90297827896859,640.0,3.0,29.71584555229716,17.487781036168133
29.750000000000025,45,80,1,0.045000000000000005,0.2,45.79011813681344,640.0,4.0,29.73251221896386,17.487781036168133
29.799999999999994,62,80,0,0.06,0.2,74.43478487829394,640.0,3.0,29.782512218963827,17.487781036168133
29.850000000000026,50,80,1,0.045000000000000005,0.2,51.765027934543426,640.0,4.0,29.83251221896386,17.487781036168133
29.86666666666666,45,80,0,0.06,0.2,58.47276966618161,640.0,3.0,29.849178885630494,17.487781036168133
29.900000000000027,48,80,1,0.045000000000000005,0.2,49.178637713251725,640.0,4.0,29.88251221896386,17.487781036168133
29.933333333333326,53,80,0,0.06,0.2,65.75806353718545,640.0,3.0,29.91584555229716,17.487781036168133
29.950000000000028,47,80,1,0.045000000000000005,0.2,47.821126510256875,640.0,4.0,29.93251221896386,17.487781036168133
29.999999999999993,36,80,0,0.06,0.2,49.65381633703069,640.0,3.0,29.982512218963826,17.487781036168133
30.00000000000003,67,80,1,0.045000000000000005,0.2,68.9015069999194,640.0,4.0,29.982512218963862,17.487781036168133
30.05000000000003,53,80,1,0.045000000000000005,0.2,54.96589285045769,640.0,4.0,30.032512218963863,17.487781036168133
30.06666666666666,40,80,0,0.06,0.2,52.34850898545593,640.0,3.0,30.049178885630493,17.487781036168133
30.10000000000003,72,80,1,0.045000000000000005,0.2,72.269821679332,640.0,4.0,30.082512218963863,17.487781036168133
30.133333333333326,50,80,0,0.06,0.2,63.77925022304302,640.0,3.0,30.11584555229716,17.487781036168133
30.15000000000003,55,80,1,0.045000000000000005,0.2,55.713588295581616,640.0,4.0,30.132512218963864,17.487781036168133
30.199999999999992,59,80,0,0.06,0.2,71.87292822828772,640.0,3.0,30.182512218963826,17.487781036168133
30.20000000000003,45,80,1,0.045000000000000005,0.2,46.34113633925642,640.0,4.0,30.182512218963865,17.487781036168133
30.250000000000032,50,80,1,0.045000000000000005,0.2,51.06780448041073,640.0,4.0,30.232512218963866,17.487781036168133
30.300000000000033,69,80,1,0.045000000000000005,0.2,69.8864929600555,640.0,4.0,30.282512218963866,17.487781036168133
30.333333333333325,45,80,0,0.06,0.2,57.495535755814764,640.0,3.0,30.31584555229716,17.487781036168133
30.350000000000033,57,80,1,0.045000000000000005,0.2,58.75281457650666,640.0,4.0,30.332512218963867,17.487781036168133
30.39999999999999,47,80,0,0.06,0.2,59.99433124338683,640.0,3.0,30.382512218963825,17.487781036168133
30.400000000000034,55,80,1,0.045000000000000005,0.2,55.61370162807519,640.0,4.0,30.382512218963868,17.487781036168133
30.450000000000035,60,80,1,0.045000000000000005,0.2,61.280145806822304,640.0,4.0,30.43251221896387,17.487781036168133
30.466666666666658,36,80,0,0.06,0.2,49.99673812824226,640.0,3.0,30.44917888563049,17.487781036168133
30.500000000000036,64,80,1,0.045000000000000005,0.2,64.01426188934036,640.0,4.0,30.48251221896387,17.487781036168133
30.533333333333324,52,80,0,0.06,0.2,64.83612261084293,640.0,3.0,30.515845552297158,17.487781036168133
30.550000000000036,67,80,1,0.045000000000000005,0.2,68.9391905272197,640.0,4.0,30.53251221896387,17.487781036168133
30.59999999999999,55,80,0,0.06,0.2,67.05866449858728,640.0,3.0,30.582512218963824,17.487781036168133
30.600000000000037,71,80,1,0.045000000000000005,0.2,71.58799383914341,640.0,4.0,30.58251221896387,17.487781036168133
30.650000000000038,57,80,1,0.045000000000000005,0.2,57.12185083368731,640.0,4.0,30.63251221896387,17.487781036168133
30.666666666666657,43,80,0,0.06,0.2,56.38327733733536,640.0,3.0,30.64917888563049,17.487781036168133
30.70000000000004,48,80,1,0.045000000000000005,0.2,49.391618511343694,640.0,4.0,30.682512218963872,17.487781036168133
30.733333333333324,43,80,0,0.06,0.2,56.239662817923985,640.0,3.0,30.715845552297157,17.487781036168133
30.75000000000004,55,80,1,0.045000000000000005,0.2,56.69227871101379,640.0,4.0,30.732512218963873,17.487781036168133
30.79999999999999,50,80,0,0.06,0.2,62.12702583721639,640.0,3.0,30.782512218963824,17.487781036168133
30.80000000000004,62,80,1,0.045000000000000005,0.2,62.082244052663086,640.0,4.0,30.782512218963873,17.487781036168133
30.85000000000004,52,80,1,0.045000000000000005,0.2,52.289928590315114,640.0,4.0,30.832512218963874,17.487781036168133
30.866666666666656,43,80,0,0.06,0.2,56.506242111675235,640.0,3.0,30.84917888563049,17.487781036168133
30.90000000000004,52,80,1,0.045000000000000005,0.2,52.34279268083966,640.0,4.0,30.882512218963875,17.487781036168133
30.933333333333323,47,80,0,0.06,0.2,59.47093908299342,640.0,3.0,30.915845552297156,17.487781036168133
30.950000000000042,62,80,1,0.045000000000000005,0.2,62.75030305239908,640.0,4.0,30.932512218963875,17.487781036168133
30.99999999999999,64,80,0,0.06,0.2,76.79777431333213,640.0,3.0,30.982512218963823,17.487781036168133
31.000000000000043,59,80,1,0.045000000000000005,0.2,59.61078118743639,640.0,4.0,30.982512218963876,17.487781036168133
31.050000000000043,60,80,1,0.045000000000000005,0.2,60.26237596329269,640.0,4.0,31.032512218963877,17.487781036168133
31.066666666666656,45,80,0,0.06,0.2,58.02379439403202,640.0,3.0,31.04917888563049,17.487781036168133
31.100000000000044,53,80,1,0.045000000000000005,0.2,53.932037322399445,640.0,4.0,31.082512218963878,17.487781036168133
31.133333333333322,45,80,0,0.06,0.2,57.13327878383022,640.0,3.0,31.115845552297156,17.487781036168133
31.150000000000045,57,80,1,0.045000000000000005,0.2,58.156794286353865,640.0,4.0,31.13251221896388,17.487781036168133
31.19999999999999,41,80,0,0.06,0.2,54.81966555491873,640.0,3.0,31.182512218963822,17.487781036168133
31.200000000000045,52,80,1,0.045000000000000005,0.2,52.60613484585357,640.0,4.0,31.18251221896388,17.487781036168133
31.250000000000046,67,80,1,0.045000000000000005,0.2,67.1215872889983,640.0,4.0,31.23251221896388,17.487781036168133
31.266666666666655,53,80,0,0.06,0.2,65.9535357719995,640.0,3.0,31.24917888563049,17.487781036168133
31.300000000000047,67,80,1,0.045000000000000005,0.2,68.28199467779002,640.0,4.0,31.28251221896388,17.487781036168133
31.33333333333332,45,80,0,0.06,0.2,58.550206614255174,640.0,3.0,31.315845552297155,17.487781036168133
31.399999999999988,41,80,0,0.06,0.2,54.805015693428594,640.0,3.0,31.38251221896382,17.487781036168133
31.40000000000005,52,80,1,0.045000000000000005,0.2,52.56391311846072,640.0,4.0,31.382512218963882,17.487781036168133
31.45000000000005,48,80,1,0.045000000000000005,0.2,48.027765959279364,640.0,4.0,31.432512218963883,17.487781036168133
31.466666666666654,57,80,0,0.06,0.2,70.5704322581841,640.0,3.0,31.449178885630488,17.487781036168133
31.50000000000005,53,80,1,0.045000000000000005,0.2,54.79980852474481,640.0,4.0,31.482512218963883,17.487781036168133
31.53333333333332,59,80,0,0.06,0.2,71.3568240361091,640.0,3.0,31.515845552297154,17.487781036168133
31.599999999999987,43,80,0,0.06,0.2,55.19661147409036,640.0,3.0,31.58251221896382,17.487781036168133
31.60000000000005,48,80,1,0.045000000000000005,0.2,48.40283824241176,640.0,4.0,31.582512218963885,17.487781036168133
31.650000000000052,52,80,1,0.045000000000000005,0.2,52.625121494997494,640.0,4.0,31.632512218963885,17.487781036168133
31.666666666666654,33,80,0,0.06,0.2,45.06768038911507,640.0,3.0,31.649178885630487,17.487781036168133
31.700000000000053,50,80,1,0.045000000000000005,0.2,51.96834102334801,640.0,4.0,31.682512218963886,17.487781036168133
31.73333333333332,55,80,0,0.06,0.2,68.06010951869538,640.0,3.0,31.715845552297154,17.487781036168133
31.750000000000053,60,80,1,0.045000000000000005,0.2,61.65813863519155,640.0,4.0,31.732512218963887,17.487781036168133
31.799999999999986,41,80,0,0.06,0.2,54.52296139391997,640.0,3.0,31.78251221896382,17.487781036168133
31.800000000000054,60,80,1,0.045000000000000005,0.2,60.554754696290004,640.0,4.0,31.782512218963888,17.487781036168133
31.850000000000055,53,80,1,0.045000000000000005,0.2,54.22609957330197,640.0,4.0,31.83251221896389,17.487781036168133
31.900000000000055,60,80,1,0.045000000000000005,0.2,61.414566977115186,640.0,4.0,31.88251221896389,17.487781036168133
31.93333333333332,31,80,0,0.06,0.2,44.23916945830531,640.0,3.0,31.915845552297153,17.487781036168133
31.950000000000056,55,80,1,0.045000000000000005,0.2,55.626559323301876,640.0,4.0,31.93251221896389,17.487781036168133
31.999999999999986,55,80,0,0.06,0.2,67.14077870639447,640.0,3.0,31.98251221896382,17.487781036168133
32.00000000000006,57,80,1,0.045000000000000005,0.2,57.826759117391575,640.0,4.0,31.98251221896389,17.487781036168133
32.050000000000054,72,80,1,0.045000000000000005,0.2,73.3876167223883,640.0,4.0,32.03251221896389,17.487781036168133
32.066666666666656,38,80,0,0.06,0.2,50.31062456575375,640.0,3.0,32.04917888563049,17.487781036168133
32.10000000000005,69,80,1,0.045000000000000005,0.2,70.72368841432278,640.0,4.0,32.082512218963885,17.487781036168133
32.133333333333326,53,80,0,0.06,0.2,65.8461129525322,640.0,3.0,32.11584555229716,17.487781036168133
32.15000000000005,48,80,1,0.045000000000000005,0.2,49.60335010457922,640.0,4.0,32.13251221896388,17.487781036168133
32.199999999999996,48,80,0,0.06,0.2,60.114184542691476,640.0,3.0,32.18251221896383,17.487781036168133
32.200000000000045,65,80,1,0.045000000000000005,0.2,66.6378593430334,640.0,4.0,32.18251221896388,17.487781036168133
32.25000000000004,65,80,1,0.045000000000000005,0.2,66.49117243593274,640.0,4.0,32.232512218963876,17.487781036168133
32.266666666666666,40,80,0,0.06,0.2,52.36848464482684,640.0,3.0,32.2491788856305,17.487781036168133
32.30000000000004,50,80,1,0.045000000000000005,0.2,50.813893689979054,640.0,4.0,32.28251221896387,17.487781036168133
32.333333333333336,43,80,0,0.06,0.2,56.74370949658576,640.0,3.0,32.31584555229717,17.487781036168133
32.35000000000004,65,80,1,0.045000000000000005,0.2,66.55022115003888,640.0,4.0,32.33251221896387,17.487781036168133
32.400000000000006,53,80,0,0.06,0.2,65.4905476556536,640.0,3.0,32.38251221896384,17.487781036168133
32.400000000000034,72,80,1,0.045000000000000005,0.2,72.30345534730043,640.0,4.0,32.38251221896387,17.487781036168133
32.45000000000003,50,80,1,0.045000000000000005,0.2,51.01964155004469,640.0,4.0,32.432512218963865,17.487781036168133
32.466666666666676,48,80,0,0.06,0.2,60.847155624921875,640.0,3.0,32.44917888563051,17.487781036168133
32.50000000000003,52,80,1,0.045000000000000005,0.2,52.65997743188589,640.0,4.0,32.48251221896386,17.487781036168133
32.550000000000026,67,80,1,0.045000000000000005,0.2,68.14129173474802,640.0,4.0,32.53251221896386,17.487781036168133
32.600000000000016,62,80,0,0.06,0.2,75.81152467612388,640.0,3.0,32.58251221896385,17.487781036168133
32.65000000000002,64,80,1,0.045000000000000005,0.2,64.41181020191618,640.0,4.0,32.63251221896385,17.487781036168133
32.666666666666686,35,80,0,0.06,0.2,47.48606710631159,640.0,3.0,32.64917888563052,17.487781036168133
32.70000000000002,62,80,1,0.045000000000000005,0.2,62.72471373120398,640.0,4.0,32.68251221896385,17.487781036168133
32.733333333333356,60,80,0,0.06,0.2,72.937700599749,640.0,3.0,32.71584555229719,17.487781036168133
32.750000000000014,62,80,1,0.045000000000000005,0.2,63.125567367425155,640.0,4.0,32.73251221896385,17.487781036168133
32.80000000000001,48,80,1,0.045000000000000005,0.2,49.38822297351133,640.0,4.0,32.782512218963845,17.487781036168133
32.85000000000001,67,80,1,0.045000000000000005,0.2,68.37854165297159,640.0,4.0,32.83251221896384,17.487781036168133
32.866666666666696,40,80,0,0.06,0.2,52.80972761341498,640.0,3.0,32.84917888563053,17.487781036168133
32.900000000000006,69,80,1,0.045000000000000005,0.2,69.35671993942219,640.0,4.0,32.88251221896384,17.487781036168133
32.933333333333366,36,80,0,0.06,0.2,49.35749099408808,640.0,3.0,32.9158455522972,17.487781036168133
32.95,57,80,1,0.045000000000000005,0.2,58.164874047455775,640.0,4.0,32.932512218963836,17.487781036168133
33.0,59,80,1,0.045000000000000005,0.2,59.6521844014891,640.0,4.0,32.982512218963834,17.487781036168133
33.000000000000036,45,80,0,0.06,0.2,58.48703687378373,640.0,3.0,32.98251221896387,17.487781036168133
33.05,47,80,1,0.045000000000000005,0.2,47.751139979554225,640.0,4.0,33.03251221896383,17.487781036168133
33.066666666666706,55,80,0,0.06,0.2,67.37320089539567,640.0,3.0,33.04917888563054,17.487781036168133
33.099999999999994,64,80,1,0.045000000000000005,0.2,64.11403804814267,640.0,4.0,33.08251221896383,17.487781036168133
33.133333333333375,45,80,0,0.06,0.2,58.97960703697973,640.0,3.0,33.11584555229721,17.487781036168133
33.14999999999999,64,80,1,0.045000000000000005,0.2,64.57645953371315,640.0,4.0,33.132512218963825,17.487781036168133
33.19999999999999,59,80,1,0.045000000000000005,0.2,59.502471864005514,640.0,4.0,33.18251221896382,17.487781036168133
33.200000000000045,60,80,0,0.06,0.2,72.08923944197878,640.0,3.0,33.18251221896388,17.487781036168133
33.249999999999986,67,80,1,0.045000000000000005,0.2,68.99482687896402,640.0,4.0,33.23251221896382,17.487781036168133
33.266666666666715,36,80,0,0.06,0.2,48.39059447958753,640.0,3.0,33.24917888563055,17.487781036168133
33.29999999999998,57,80,1,0.045000000000000005,0.2,57.327382152160475,640.0,4.0,33.28251221896382,17.487781036168133
33.333333333333385,47,80,0,0.06,0.2,59.903288417231565,640.0,3.0,33.31584555229722,17.487781036168133
33.34999999999998,64,80,1,0.045000000000000005,0.2,64.5168474071488,640.0,4.0,33.332512218963814,17.487781036168133
33.39999999999998,50,80,1,0.045000000000000005,0.2,51.84268529046307,640.0,4.0,33.38251221896381,17.487781036168133
33.400000000000055,36,80,0,0.06,0.2,49.980852444695046,640.0,3.0,33.38251221896389,17.487781036168133
33.449999999999974,59,80,1,0.045000000000000005,0.2,59.811582793006096,640.0,4.0,33.43251221896381,17.487781036168133
33.466666666666725,50,80,0,0.06,0.2,62.90905506099974,640.0,3.0,33.44917888563056,17.487781036168133
33.49999999999997,57,80,1,0.045000000000000005,0.2,58.60516593677731,640.0,4.0,33.482512218963805,17.487781036168133
33.533333333333395,55,80,0,0.06,0.2,67.0950991207784,640.0,3.0,33.51584555229723,17.487781036168133
33.54999999999997,60,80,1,0.045000000000000005,0.2,61.80246337632753,640.0,4.0,33.5325122189638,17.487781036168133
33.599999999999966,57,80,1,0.045000000000000005,0.2,57.043784569333134,640.0,4.0,33.5825122189638,17.487781036168133
33.600000000000065,43,80,0,0.06,0.2,56.633905650551576,640.0,3.0,33.5825122189639,17.487781036168133
33.64999999999996,57,80,1,0.045000000000000005,0.2,58.948219234626656,640.0,4.0,33.6325122189638,17.487781036168133
33.666666666666735,26,80,0,0.06,0.2,39.166289146982926,640.0,3.0,33.64917888563057,17.487781036168133
33.69999999999996,65,80,1,0.045000000000000005,0.2,66.60837737153204,640.0,4.0,33.682512218963794,17.487781036168133
33.733333333333405,48,80,0,0.06,0.2,61.59158517437196,640.0,3.0,33.71584555229724,17.487781036168133
33.74999999999996,55,80,1,0.045000000000000005,0.2,56.50588610209426,640.0,4.0,33.73251221896379,17.487781036168133
33.799999999999955,47,80,1,0.045000000000000005,0.2,47.147383194090565,640.0,4.0,33.78251221896379,17.487781036168133
33.800000000000075,50,80,0,0.06,0.2,63.49390841386808,640.0,3.0,33.78251221896391,17.487781036168133
33.84999999999995,72,80,1,0.045000000000000005,0.2,73.99667123364337,640.0,4.0,33.832512218963785,17.487781036168133
33.866666666666745,50,80,0,0.06,0.2,63.23435803969358,640.0,3.0,33.84917888563058,17.487781036168133
33.89999999999995,71,80,1,0.045000000000000005,0.2,71.0516326295239,640.0,4.0,33.88251221896378,17.487781036168133
33.933333333333415,57,80,0,0.06,0.2,69.88625753457723,640.0,3.0,33.91584555229725,17.487781036168133
33.949999999999946,48,80,1,0.045000000000000005,0.2,49.66189843915505,640.0,4.0,33.93251221896378,17.487781036168133
33.99999999999994,65,80,1,0.045000000000000005,0.2,65.51766244196156,640.0,4.0,33.98251221896378,17.487781036168133
34.000000000000085,38,80,0,0.06,0.2,51.43157056280761,640.0,3.0,33.98251221896392,17.487781036168133
34.04999999999994,55,80,1,0.045000000000000005,0.2,55.97620183558926,640.0,4.0,34.032512218963774,17.487781036168133
34.066666666666755,53,80,0,0.06,0.2,65.4417288436036,640.0,3.0,34.04917888563059,17.487781036168133
34.09999999999994,62,80,1,0.045000000000000005,0.2,62.107897722648474,640.0,4.0,34.08251221896377,17.487781036168133
34.133333333333425,57,80,0,0.06,0.2,69.5400600998238,640.0,3.0,34.11584555229726,17.487781036168133
34.149999999999935,62,80,1,0.045000000000000005,0.2,62.35379303210795,640.0,4.0,34.13251221896377,17.487781036168133
34.19999999999993,57,80,1,0.045000000000000005,0.2,58.12473759746943,640.0,4.0,34.182512218963765,17.487781036168133
34.200000000000095,33,80,0,0.06,0.2,45.771299327947865,640.0,3.0,34.18251221896393,17.487781036168133
34.24999999999993,53,80,1,0.045000000000000005,0.2,53.72987467530883,640.0,4.0,34.23251221896376,17.487781036168133
34.266666666666765,50,80,0,0.06,0.2,62.55721460735182,640.0,3.0,34.2491788856306,17.487781036168133
34.299999999999926,53,80,1,0.045000000000000005,0.2,54.475671581469925,640.0,4.0,34.28251221896376,17.487781036168133
34.333333333333435,43,80,0,0.06,0.2,55.96656135193863,640.0,3.0,34.31584555229727,17.487781036168133
34.34999999999992,52,80,1,0.045000000000000005,0.2,52.67046467615006,640.0,4.0,34.33251221896376,17.487781036168133
34.39999999999992,53,80,1,0.045000000000000005,0.2,53.34542233415644,640.0,4.0,34.382512218963754,17.487781036168133
34.400000000000105,47,80,0,0.06,0.2,59.34781861518683,640.0,3.0,34.38251221896394,17.487781036168133
34.44999999999992,59,80,1,0.045000000000000005,0.2,59.46257367960516,640.0,4.0,34.43251221896375,17.487781036168133
34.466666666666775,50,80,0,0.06,0.2,62.78141186830669,640.0,3.0,34.44917888563061,17.487781036168133
34.499999999999915,53,80,1,0.045000000000000005,0.2,54.273920087113986,640.0,4.0,34.48251221896375,17.487781036168133
34.533333333333445,43,80,0,0.06,0.2,56.10217148709158,640.0,3.0,34.51584555229728,17.487781036168133
34.54999999999991,65,80,1,0.045000000000000005,0.2,65.45641652570096,640.0,4.0,34.532512218963745,17.487781036168133
34.59999999999991,71,80,1,0.045000000000000005,0.2,71.89796924268742,640.0,4.0,34.58251221896374,17.487781036168133
34.600000000000115,41,80,0,0.06,0.2,54.59433536670711,640.0,3.0,34.58251221896395,17.487781036168133
34.649999999999906,55,80,1,0.045000000000000005,0.2,55.35957406903965,640.0,4.0,34.63251221896374,17.487781036168133
34.666666666666785,48,80,0,0.06,0.2,60.273219339904195,640.0,3.0,34.64917888563062,17.487781036168133
34.6999999999999,60,80,1,0.045000000000000005,0.2,61.91523600428302,640.0,4.0,34.68251221896374,17.487781036168133
34.733333333333455,38,80,0,0.06,0.2,51.30203248909758,640.0,3.0,34.71584555229729,17.487781036168133
34.7499999999999,62,80,1,0.045000000000000005,0.2,63.997480882423474,640.0,4.0,34.732512218963734,17.487781036168133
34.7999999999999,62,80,1,0.045000000000000005,0.2,63.776018167354195,640.0,4.0,34.78251221896373,17.487781036168133
34.800000000000125,38,80,0,0.06,0.2,51.31339896891852,640.0,3.0,34.78251221896396,17.487781036168133
34.849999999999895,60,80,1,0.045000000000000005,0.2,60.6076421433287,640.0,4.0,34.83251221896373,17.487781036168133
34.866666666666795,53,80,0,0.06,0.2,65.43498626365202,640.0,3.0,34.84917888563063,17.487781036168133
34.89999999999989,65,80,1,0.045000000000000005,0.2,65.94145934687778,640.0,4.0,34.882512218963726,17.487781036168133
34.933333333333465,38,80,0,0.06,0.2,50.80964771873075,640.0,3.0,34.9158455522973,17.487781036168133
34.94999999999989,62,80,1,0.045000000000000005,0.2,63.85799162144526,640.0,4.0,34.93251221896372,17.487781036168133
34.999999999999886,50,80,1,0.045000000000000005,0.2,50.09870062138162,640.0,4.0,34.98251221896372,17.487781036168133
35.000000000000135,53,80,0,0.06,0.2,65.3305000072737,640.0,3.0,34.98251221896397,17.487781036168133
35.04999999999988,65,80,1,0.045000000000000005,0.2,66.95324851511418,640.0,4.0,35.03251221896372,17.487781036168133
35.066666666666805,50,80,0,0.06,0.2,63.70073034283161,640.0,3.0,35.04917888563064,17.487781036168133
35.09999999999988,67,80,1,0.045000000000000005,0.2,67.09832669813393,640.0,4.0,35.082512218963714,17.487781036168133
35.133333333333475,33,80,0,0.06,0.2,46.19354616967523,640.0,3.0,35.11584555229731,17.487781036168133
35.14999999999988,53,80,1,0.045000000000000005,0.2,53.89371116657135,640.0,4.0,35.13251221896371,17.487781036168133
35.199999999999875,60,80,1,0.045000000000000005,0.2,60.30350268358082,640.0,4.0,35.18251221896371,17.487781036168133
35.200000000000145,41,80,0,0.06,0.2,54.57948278131476,640.0,3.0,35.18251221896398,17.487781036168133
35.24999999999987,65,80,1,0.045000000000000005,0.2,65.46663194248856,640.0,4.0,35.232512218963706,17.487781036168133
35.266666666666815,57,80,0,0.06,0.2,69.55287522437898,640.0,3.0,35.24917888563065,17.487781036168133
35.333333333333485,40,80,0,0.06,0.2,52.15067575088255,640.0,3.0,35.31584555229732,17.487781036168133
35.349999999999866,67,80,1,0.045000000000000005,0.2,68.5838243821281,640.0,4.0,35.3325122189637,17.487781036168133
35.399999999999864,77,80,1,0.045000000000000005,0.2,78.91097995695489,640.0,4.0,35.3825122189637,17.487781036168133
35.400000000000155,43,80,0,0.06,0.2,56.2847659015249,640.0,3.0,35.38251221896399,17.487781036168133
35.44999999999986,53,80,1,0.045000000000000005,0.2,53.71211173892014,640.0,4.0,35.432512218963694,17.487781036168133
35.466666666666825,50,80,0,0.06,0.2,63.69648714601517,640.0,3.0,35.44917888563066,17.487781036168133
35.49999999999986,48,80,1,0.045000000000000005,0.2,48.9516431747698,640.0,4.0,35.48251221896369,17.487781036168133
35.533333333333495,53,80,0,0.06,0.2,66.26712407426076,640.0,3.0,35.51584555229733,17.487781036168133
35.549999999999855,62,80,1,0.045000000000000005,0.2,62.430548764839,640.0,4.0,35.53251221896369,17.487781036168133
35.59999999999985,65,80,1,0.045000000000000005,0.2,65.77250004100915,640.0,4.0,35.582512218963686,17.487781036168133
35.600000000000165,45,80,0,0.06,0.2,57.987688911644035,640.0,3.0,35.582512218964,17.487781036168133
35.64999999999985,57,80,1,0.045000000000000005,0.2,58.15306900924185,640.0,4.0,35.63251221896368,17.487781036168133
35.666666666666835,43,80,0,0.06,0.2,55.21991844246687,640.0,3.0,35.64917888563067,17.487781036168133
35.69999999999985,71,80,1,0.045000000000000005,0.2,71.62608530656827,640.0,4.0,35.68251221896368,17.487781036168133
35.733333333333505,59,80,0,0.06,0.2,71.37895889358806,640.0,3.0,35.71584555229734,17.487781036168133
35.749999999999844,48,80,1,0.045000000000000005,0.2,49.29115360221401,640.0,4.0,35.73251221896368,17.487781036168133
35.79999999999984,65,80,1,0.045000000000000005,0.2,65.54334898425289,640.0,4.0,35.782512218963674,17.487781036168133
35.800000000000175,60,80,0,0.06,0.2,73.91119731038063,640.0,3.0,35.78251221896401,17.487781036168133
35.84999999999984,55,80,1,0.045000000000000005,0.2,55.15311343392885,640.0,4.0,35.83251221896367,17.487781036168133
35.899999999999835,72,80,1,0.045000000000000005,0.2,73.75502324965838,640.0,4.0,35.88251221896367,17.487781036168133
35.933333333333515,48,80,0,0.06,0.2,60.68254514052019,640.0,3.0,35.91584555229735,17.487781036168133
35.94999999999983,74,80,1,0.045000000000000005,0.2,75.94012282534494,640.0,4.0,35.932512218963666,17.487781036168133
35.99999999999983,53,80,1,0.045000000000000005,0.2,53.86674729773322,640.0,4.0,35.98251221896366,17.487781036168133
36.000000000000185,41,80,0,0.06,0.2,53.53387422687259,640.0,3.0,35.98251221896402,17.487781036168133
36.04999999999983,55,80,1,0.045000000000000005,0.2,55.603542912731356,640.0,4.0,36.03251221896366,17.487781036168133
36.066666666666855,41,80,0,0.06,0.2,53.35644474754748,640.0,3.0,36.04917888563069,17.487781036168133
36.099999999999824,65,80,1,0.045000000000000005,0.2,66.87670309583842,640.0,4.0,36.08251221896366,17.487781036168133
36.133333333333525,52,80,0,0.06,0.2,64.18011284212606,640.0,3.0,36.11584555229736,17.487781036168133
36.14999999999982,55,80,1,0.045000000000000005,0.2,56.90295480168388,640.0,4.0,36.132512218963655,17.487781036168133
36.19999999999982,59,80,1,0.045000000000000005,0.2,59.636710256542095,640.0,4.0,36.18251221896365,17.487781036168133
36.200000000000195,50,80,0,0.06,0.2,63.34718576710947,640.0,3.0,36.18251221896403,17.487781036168133
36.249999999999815,60,80,1,0.045000000000000005,0.2,60.20310736433928,640.0,4.0,36.23251221896365,17.487781036168133
36.266666666666865,59,80,0,0.06,0.2,71.21278874357144,640.0,3.0,36.2491788856307,17.487781036168133
36.29999999999981,43,80,1,0.045000000000000005,0.2,44.64261475041875,640.0,4.0,36.282512218963646,17.487781036168133
36.333333333333535,53,80,0,0.06,0.2,65.20360074028912,640.0,3.0,36.31584555229737,17.487781036168133
36.34999999999981,59,80,1,0.045000000000000005,0.2,59.8892980312461,640.0,4.0,36.33251221896364,17.487781036168133
36.39999999999981,53,80,1,0.045000000000000005,0.2,54.48217780748661,640.0,4.0,36.38251221896364,17.487781036168133
36.400000000000205,35,80,0,0.06,0.2,47.97535758592146,640.0,3.0,36.38251221896404,17.487781036168133
36.449999999999804,55,80,1,0.045000000000000005,0.2,56.055017420801825,640.0,4.0,36.43251221896364,17.487781036168133
36.4999999999998,71,80,1,0.045000000000000005,0.2,71.54905602775051,640.0,4.0,36.482512218963635,17.487781036168133
36.533333333333545,40,80,0,0.06,0.2,52.0155149814847,640.0,3.0,36.51584555229738,17.487781036168133
36.5499999999998,48,80,1,0.045000000000000005,0.2,49.947944845765946,640.0,4.0,36.53251221896363,17.487781036168133
36.599999999999795,65,80,1,0.045000000000000005,0.2,66.50564149398382,640.0,4.0,36.58251221896363,17.487781036168133
36.600000000000215,43,80,0,0.06,0.2,56.92822982438119,640.0,3.0,36.58251221896405,17.487781036168133
36.64999999999979,57,80,1,0.045000000000000005,0.2,57.76829655734553,640.0,4.0,36.632512218963626,17.487781036168133
36.666666666666885,50,80,0,0.06,0.2,62.001601650013555,640.0,3.0,36.64917888563072,17.487781036168133
36.69999999999979,57,80,1,0.045000000000000005,0.2,57.76191865203332,640.0,4.0,36.68251221896362,17.487781036168133
36.733333333333555,62,80,0,0.06,0.2,75.96533991827171,640.0,3.0,36.71584555229739,17.487781036168133
36.74999999999979,65,80,1,0.045000000000000005,0.2,66.32297516841369,640.0,4.0,36.73251221896362,17.487781036168133
36.799999999999784,62,80,1,0.045000000000000005,0.2,62.72041035655112,640.0,4.0,36.78251221896362,17.487781036168133
36.800000000000225,72,80,0,0.06,0.2,84.87934844804289,640.0,3.0,36.78251221896406,17.487781036168133
36.84999999999978,64,80,1,0.045000000000000005,0.2,64.56490397775625,640.0,4.0,36.832512218963615,17.487781036168133
36.866666666666895,52,80,0,0.06,0.2,64.85378447308946,640.0,3.0,36.84917888563073,17.487781036168133
36.89999999999978,67,80,1,0.045000000000000005,0.2,67.74547728426289,640.0,4.0,36.88251221896361,17.487781036168133
36.933333333333564,45,80,0,0.06,0.2,58.5344270502369,640.0,3.0,36.9158455522974,17.487781036168133
36.949999999999775,57,80,1,0.045000000000000005,0.2,57.34953293453342,640.0,4.0,36.93251221896361,17.487781036168133
36.99999999999977,55,80,1,0.045000000000000005,0.2,55.102106123938,640.0,4.0,36.982512218963606,17.487781036168133
37.000000000000234,52,80,0,0.06,0.2,64.2760451878444,640.0,3.0,36.98251221896407,17.487781036168133
37.04999999999977,50,80,1,0.045000000000000005,0.2,51.31879578753762,640.0,4.0,37.0325122189636,17.487781036168133
37.066666666666904,55,80,0,0.06,0.2,67.10124340699069,640.0,3.0,37.04917888563074,17.487781036168133
37.09999999999977,53,80,1,0.045000000000000005,0.2,53.39671576016836,640.0,4.0,37.0825122189636,17.487781036168133
37.133333333333574,45,80,0,0.06,0.2,57.43465899554246,640.0,3.0,37.11584555229741,17.487781036168133
37.149999999999764,83,80,1,0.045000000000000005,0.2,83.5927554024698,640.0,4.0,37.1325122189636,17.487781036168133
37.19999999999976,69,80,1,0.045000000000000005,0.2,69.95743664589429,640.0,4.0,37.182512218963595,17.487781036168133
37.200000000000244,62,80,0,0.06,0.2,74.36169084729858,640.0,3.0,37.18251221896408,17.487781036168133
37.24999999999976,48,80,1,0.045000000000000005,0.2,49.19140507033583,640.0,4.0,37.23251221896359,17.487781036168133
37.299999999999756,48,80,1,0.045000000000000005,0.2,49.42033634605144,640.0,4.0,37.28251221896359,17.487781036168133
37.333333333333584,50,80,0,0.06,0.2,63.981944712731156,640.0,3.0,37.31584555229742,17.487781036168133
37.34999999999975,62,80,1,0.045000000000000005,0.2,63.854928493747934,640.0,4.0,37.332512218963586,17.487781036168133
37.39999999999975,64,80,1,0.045000000000000005,0.2,64.37811837902373,640.0,4.0,37.38251221896358,17.487781036168133
37.400000000000254,53,80,0,0.06,0.2,65.32739401643569,640.0,3.0,37.38251221896409,17.487781036168133
37.44999999999975,64,80,1,0.045000000000000005,0.2,64.39107068253891,640.0,4.0,37.43251221896358,17.487781036168133
37.466666666666924,50,80,0,0.06,0.2,63.372692884915644,640.0,3.0,37.44917888563076,17.487781036168133
37.499999999999744,57,80,1,0.045000000000000005,0.2,57.960353651570415,640.0,4.0,37.48251221896358,17.487781036168133
37.533333333333594,53,80,0,0.06,0.2,66.71152400375689,640.0,3.0,37.51584555229743,17.487781036168133
37.54999999999974,57,80,1,0.045000000000000005,0.2,58.996365919976796,640.0,4.0,37.532512218963575,17.487781036168133
37.59999999999974,62,80,1,0.045000000000000005,0.2,62.62303619327486,640.0,4.0,37.58251221896357,17.487781036168133
37.600000000000264,43,80,0,0.06,0.2,55.06197450762461,640.0,3.0,37.5825122189641,17.487781036168133
37.649999999999736,60,80,1,0.045000000000000005,0.2,60.687144050346646,640.0,4.0,37.63251221896357,17.487781036168133
37.666666666666934,43,80,0,0.06,0.2,55.53358596843176,640.0,3.0,37.64917888563077,17.487781036168133
37.69999999999973,41,80,1,0.045000000000000005,0.2,42.24559701801972,640.0,4.0,37.682512218963566,17.487781036168133
37.733333333333604,38,80,0,0.06,0.2,51.19876613622644,640.0,3.0,37.71584555229744,17.487781036168133
37.74999999999973,57,80,1,0.045000000000000005,0.2,58.16160295539845,640.0,4.0,37.732512218963564,17.487781036168133
37.79999999999973,53,80,1,0.045000000000000005,0.2,53.18874852591749,640.0,4.0,37.78251221896356,17.487781036168133
37.800000000000274,50,80,0,0.06,0.2,63.516009844961815,640.0,3.0,37.78251221896411,17.487781036168133
37.849999999999724,60,80,1,0.045000000000000005,0.2,61.4016913512681,640.0,4.0,37.83251221896356,17.487781036168133
37.866666666666944,53,80,0,0.06,0.2,66.23149202809691,640.0,3.0,37.84917888563078,17.487781036168133
37.89999999999972,83,80,1,0.045000000000000005,0.2,83.88207202082728,640.0,4.0,37.882512218963555,17.487781036168133
37.933333333333614,50,80,0,0.06,0.2,63.662182929215085,640.0,3.0,37.91584555229745,17.487781036168133
37.94999999999972,62,80,1,0.045000000000000005,0.2,62.93985332379444,640.0,4.0,37.93251221896355,17.487781036168133
38.0,55,64,1,0.04147353545830865,0.06516937369411283,55.31225758986494,514.9968769816203,1.4142135623730951,37.98000977517106,19.990224828934508
37.999999999999716,57,80,1,0.045000000000000005,0.2,57.491762510620816,640.0,4.0,37.98251221896355,17.487781036168133
38.0,62,96,0,0.03050783023107753,0.0338975891456417,62.62226653213167,774.1779268328698,1.0,37.9850146627566,14.985337243401759
38.04608170606479,69,65,1,0.010115744718305099,0.015895359304590084,69.15034754676675,520.2657925900744,1.4142135623730951,38.0262478839729,19.83382209188661
38.05124988456278,45,93,0,0.009000000000000001,0.005243654672199102,45.1828674811797,746.9747952550783,1.0,38.03579533910823,15.454545454545453
38.06124988456278,68,57,0,0.009000000000000001,0.007825290933301938,68.02167818707514,458.77565007511,1.0,38.040164840574505,21.085043988269796
38.05732142241846,67,101,1,0.021304873087573804,0.03347737829453826,67.74775926596865,812.1752236246748,1.4142135623730951,38.0431180988603,14.203323558162268
38.071249884562775,61,60,0,0.009000000000000001,0.005419929568291454,61.681574202367756,480.68140052769184,1.0,38.050634048785646,20.6158357771261
38.08124988456277,86,51,0,0.009000000000000001,0.002617575045720627,86.16958759888021,409.5644832186435,1.0,38.059226424152214,22.023460410557185
38.08099350362688,74,59,1,0.009657153375274617,0.015174752530256084,74.59494817999501,478.1584853544304,1.4142135623730951,38.0602212651127,20.772238514174
38.09172367404385,81,66,1,0.025568299814820818,0.04017670707215677,81.02143503399112,535.3219709908828,1.4142135623730951,38.072046254689006,19.67741935483871
38.09124988456277,55,72,0,0.009000000000000001,0.005436599283452037,55.78470529092621,577.1356636086078,1.0,38.07251088163022,18.73900293255132
38.10124988456277,66,63,0,0.009000000000000001,0.0033395295423290015,66.37449174371318,511.1806523740851,1.0,38.081103256996784,20.146627565982406
38.11124988456277,38,53,0,0.01977358502751744,0.021970650030574933,38.73564098722842,428.8660796125586,1.0,38.089539229626304,21.71065493646139
38.12013289606032,42,112,1,0.009000000000000001,0.002541571875118148,42.87492267390914,896.2908977438817,1.4142135623730951,38.10765000260968,12.482893450635387
38.13322053459334,68,64,0,0.013391756595631146,0.014879729550701274,68.99788949753467,517.1016854631671,1.0,38.113230309764404,19.990224828934508
38.13013289606032,69,86,1,0.009000000000000001,0.005095246990938049,69.07835551527383,688.9035251255423,1.4142135623730951,38.11358353144644,16.549364613880744
38.140132896060315,76,68,1,0.038387544689534356,0.06032020702904752,76.73149946071702,544.719760809744,1.4142135623730951,38.120768282179576,19.364613880742915
38.14810026414404,61,84,0,0.009000000000000001,0.007436688884160689,61.68826072512343,678.439221586048,1.0,38.131238094056066,16.86217008797654
38.15810026414404,66,76,0,0.014511670386605328,0.016124078207339253,66.67553796174285,614.4721667150721,1.0,38.13998687215968,18.113391984359726
38.18278572349313,40,76,1,0.012037675605105562,0.018915382333542268,40.28781218317175,613.743227045134,1.4142135623730951,38.164672331508775,18.113391984359726
38.197579286161975,75,75,0,0.018721063173863267,0.020801181304292517,75.82828276996564,605.979047517051,1.0,38.17930949144057,18.269794721407624
38.19616091860992,86,85,1,0.009000000000000001,0.012027076012549778,86.49983233937154,682.1159083422681,1.4142135623730951,38.17945515125899,16.705767350928642
38.20616091860992,73,84,1,0.03629285884173357,0.05702872576807991,73.92067606508539,678.0953463150058,1.4142135623730951,38.18929874852194,16.86217008797654
38.21838046746627,68,57,0,0.0551956316381987,0.06132847959799855,68.23318265728435,457.6973210894587,1.0,38.197295423477996,21.085043988269796
38.279708947064265,93,57,0,0.025123114686583865,0.02791457187398207,93.28801907942668,458.6019528401167,1.0,38.25862390307599,21.085043988269796
38.278559266641444,69,65,1,0.03256771743359099,0.05117523076679897,69.95171593727267,526.5131704601266,1.4142135623730951,38.258725444549555,19.83382209188661
38.30762351893825,66,62,0,0.01110488168795572,0.012338757431061912,66.50234576172784,503.1260569180763,1.0,38.28732048863522,20.303030303030305
38.31474561934544,49,56,1,0.03831082272223079,0.06019965008827791,49.1363020191249,451.42129607873835,1.4142135623730951,38.29350417262012,21.241446725317694
38.31996227636931,47,105,0,0.01342842650086549,0.014920473889850544,47.90898661875293,847.8373888093893,1.0,38.30638456375934,13.577712609970675
38.33488275025916,21,51,0,0.009000000000000001,0.0068566091619046065,19.728179293237616,409.0620205228649,1.0,38.3128592898486,22.023460410557185
38.34488275025916,63,54,0,0.04249445313030995,0.047216059033677725,63.89360342220331,434.52295315729987,1.0,38.323328498059745,21.55425219941349
38.357313200147914,53,92,1,0.009000000000000001,0.0040387092574993115,53.20341198028931,738.2418747603022,1.4142135623730951,38.34170225195632,15.610948191593351
38.36731320014791,73,87,1,0.017220839040382827,0.027059937918170525,73.42085271970706,701.5750600614736,1.4142135623730951,38.35092023827108,16.392961876832846
38.38644746574834,34,67,1,0.021905639106798814,0.03442139101920593,34.19331584644931,537.9613471902734,1.4142135623730951,38.36692644913055,19.521016617790814
38.39209880929284,90,93,0,0.017359353393323153,0.019288170437025725,90.4294338640481,744.3158146539378,1.0,38.376644263838294,15.454545454545453
38.41138697972986,74,50,0,0.009000000000000001,0.008761643907659834,74.37714791407132,404.9893883292247,1.0,38.389207116582256,22.179863147605083
38.410787064755894,87,64,1,0.027941482350454357,0.04390580365869002,87.41521474424545,513.1362150015931,1.4142135623730951,38.390796839926956,19.990224828934508
38.42138697972986,78,101,0,0.03470419960171376,0.03856022177968196,78.66747114031587,810.6941814503471,1.0,38.407183656171696,14.203323558162268
38.4418331562564,69,96,1,0.022505635939972537,0.03536419508460058,69.27945180164613,773.5391335645145,1.4142135623730951,38.426847819013,14.985337243401759
38.45994720150954,61,80,0,0.05004690668463387,0.055607674094037635,61.98031383926336,642.5473299897701,1.0,38.44245942047338,17.487781036168133
38.46683941841192,40,53,1,0.009000000000000001,0.007404415704003267,40.255949383888506,429.97165043065417,1.4142135623730951,38.44512876347546,21.71065493646139
38.47683941841192,76,52,1,0.009000000000000001,0.0042114581692991185,76.0933011448934,422.4984106177122,1.4142135623730951,38.45497236073841,21.867057673509287
38.48683941841192,64,71,1,0.02529345699648401,0.03974483324858704,64.88155289150716,570.659322975026,1.4142135623730951,38.46794401274232,18.89540566959922
38.51555487560358,56,61,0,0.010959510595598687,0.012177233995109652,56.41630737023957,491.72109820171727,1.0,38.495095442563496,20.459433040078203
38.528755184902046,68,55,1,0.009000000000000001,0.0004133064503284753,68.00227615236791,440.7993600024192,1.4142135623730951,38.50735733543968,21.397849462365592
38.52773210959869,81,105,0,0.05213274418368332,0.05792527131520369,81.45233454839817,841.2799383861736,1.0,38.514154396988715,13.577712609970675
38.538755184902044,61,76,1,0.009000000000000001,0.008976109393681493,61.13816084939719,613.1991784008112,1.4142135623730951,38.52064179291769,18.113391984359726
38.54875518490204,55,60,1,0.015166484932315582,0.02383183187200877,55.909581267713094,487.3235929481648,1.4142135623730951,38.52813934912491,20.6158357771261
38.56560683482684,63,53,1,0.009000000000000001,0.010526411351668286,63.28665900051615,425.2083868011046,1.4142135623730951,38.543896179890375,21.71065493646139
38.585657380913894,57,100,0,0.016954371252121705,0.018838190280135225,57.23123005132027,801.7688297313017,1.0,38.57129765461868,14.359726295210166
38.60449557119403,49,62,0,0.0626530848344937,0.069614538704993,49.52706700362586,501.7363712487979,1.0,38.584192540890996,20.303030303030305
38.62250445161465,48,55,1,0.015844899285285614,0.024897857181874084,48.40374816644278,444.93842586808034,1.4142135623730951,38.601106602152285,21.397849462365592
38.64010989526497,60,71,1,0.017537294994611465,0.02755720047635259,60.00750097550444,570.4792857177791,1.4142135623730951,38.621214489595374,18.89540566959922
38.65959577859232,43,94,1,0.047579829112423,0.07476448847353648,43.98547724098533,757.359416751018,1.4142135623730951,38.64429763587482,15.298142717497555
38.67411010989902,55,83,0,0.009000000000000001,0.002079653868109042,55.86446710618701,670.8804821337817,1.0,38.657091537073995,17.01857282502444
38.68411010989902,74,54,0,0.0929901092542887,0.10332234361587633,74.11044215734023,433.28236395711144,1.0,38.6625558576996,21.55425219941349
38.722462255383896,61,92,1,0.022848683126837493,0.035903241733709866,61.66915152079913,738.180533936362,1.4142135623730951,38.7068513071923,15.610948191593351
38.74784968108038,62,109,1,0.021732073538288044,0.034148659040373786,62.28652150311279,872.9623220160433,1.4142135623730951,38.7348975794186,12.952101661779082
38.77199642945626,69,89,1,0.009000000000000001,0.010521812775710428,69.78969610765617,716.8557998827646,1.4142135623730951,38.75591627305352,16.080156402737046
38.78199642945626,42,51,1,0.01718415254375873,0.02700229065030191,42.93468815173899,408.1217216047269,1.4142135623730951,38.7599729690457,22.023460410557185
38.787432453514896,57,100,0,0.02821575443358824,0.03135083825954249,57.0907589933602,801.9072725967234,1.0,38.773072727219684,14.359726295210166
38.80108993228266,77,84,1,0.02491142900899002,0.03914453418067582,77.47548157259186,678.2892142510766,1.4142135623730951,38.78422776219468,16.86217008797654
38.81878329177444,50,112,0,0.01534218797554704,0.0170468755283856,50.05043517338224,898.5911769514752,1.0,38.8063003983238,12.482893450635387
38.828769297848204,41,58,1,0.009000000000000001,0.012589853820070027,41.31609132578168,467.28813355205386,1.4142135623730951,38.80784065659698,20.928641251221897
38.835830167302824,43,71,0,0.02210881083005809,0.024565345366731214,43.83192282934215,575.2602671430809,1.0,38.81693476163323,18.89540566959922
38.8387692978482,48,75,1,0.009000000000000001,0.0029753531792670197,48.5971582655687,601.0136084441203,1.4142135623730951,38.8204995031268,18.269794721407624
38.8487692978482,64,98,1,0.02492277576163187,0.039162363882314706,64.30700031184479,789.910442005034,1.4142135623730951,38.83409676607889,14.672531769305962
38.860395512669555,49,54,0,0.012583745152931416,0.013981939058812684,49.669235003656276,434.35683886198046,1.0,38.83884126047014,21.55425219941349
38.87646127091668,40,50,1,0.009000000000000001,0.0037743337433637173,40.53735540026654,406.4487348947627,1.4142135623730951,38.85428140776907,22.179863147605083
38.87437745172837,86,91,0,0.012456714977209477,0.013840794419121642,86.42533396188288,728.364742360804,1.0,38.85861010079973,15.76735092864125
38.888218246147495,55,50,0,0.03330792973998,0.0370088108222,55.7573018073331,404.18184093842854,1.0,38.86603838299989,22.179863147605083
38.886461270916676,48,103,1,0.014837827518889832,0.02331539657040748,48.63215705991186,825.5753677129909,1.4142135623730951,38.87257075283261,13.890518084066471
38.90294774593767,69,55,1,0.06035619276671308,0.09484060709321171,69.1261163069884,442.5281927446206,1.4142135623730951,38.8815498964753,21.397849462365592
38.925227056969696,56,50,0,0.009000000000000001,0.007364259258910289,56.86568767163979,402.656737834173,1.0,38.90304719382209,22.179863147605083
38.935227056969694,91,98,0,0.04406852237826794,0.04896502486474215,91.65203373128435,786.4047866451688,1.0,38.92055452520039,14.672531769305962
38.97001018234513,101,73,1,0.015197252399613741,0.02388017828260091,101.48969421658902,589.9895394826973,1.4142135623730951,38.95142758214963,18.58260019550342
38.9868960183447,39,55,1,0.017837354547942323,0.02802869857617494,39.16637743456339,447.48263761418826,1.4142135623730951,38.965498168882334,21.397849462365592
38.984192081834436,80,96,0,0.02146502379138034,0.023850026434867045,80.94895337371895,775.8734961979202,1.0,38.969206744591034,14.985337243401759
39.006715301175745,51,56,1,0.009000000000000001,0.011346521664376755,51.07344842028415,448.3224171438761,1.4142135623730951,38.985473854450426,21.241446725317694
39.0080421082693,66,82,0,0.04386317583200214,0.04873686203555793,66.21971977657174,659.0040332023125,1.0,38.99086713270723,17.174975562072337
39.01671530117574,59,83,1,0.009000000000000001,0.005840216235236709,59.52731513365465,665.9358832525083,1.4142135623730951,38.99969672835072,17.01857282502444
39.02671530117574,64,112,1,0.039490613144502314,0.06205351188376044,64.12112854119518,897.7844502453439,1.4142135623730951,39.0142324077251,12.482893450635387
39.05677897030486,76,96,0,0.009000000000000001,0.004536009230532722,76.1137085091699,771.1265935995436,1.0,39.04179363306146,14.985337243401759
39.06677897030486,82,62,0,0.009000000000000001,0.005585586667905365,82.89279476042492,497.4875999501446,1.0,39.04647594000183,20.303030303030305
39.07059376022519,51,69,1,0.01668601023770862,0.026219535533404274,51.57080628457348,552.8719787236455,1.4142135623730951,39.051385549081495,19.208211143695017
39.07677897030486,65,97,0,0.05969712809289939,0.06633014232544376,65.3400394383754,779.3576605819603,1.0,39.0619500357985,14.82893450635386
39.089133771600416,75,92,1,0.009838849387374535,0.015460260268634764,75.21968079659118,736.2536313368246,1.4142135623730951,39.07352282340882,15.610948191593351
39.10006582647527,48,89,1,0.02188515683281117,0.034389206230693074,48.11552411693841,716.1981282327542,1.4142135623730951,39.083985670072536,16.080156402737046
39.12438266740062,54,86,1,0.009000000000000001,0.00412018860255598,54.013517192686116,689.246254114665,1.4142135623730951,39.10783330278674,16.549364613880744
39.1431091126303,63,90,0,0.024548512481382113,0.02727612497931346,63.26996115999206,727.0663685139368,1.0,39.12718535896461,15.923753665689148
39.15946268754043,72,95,1,0.013231919159805759,0.020791955035579682,72.29592497536518,765.1245947647856,1.4142135623730951,39.14432094755998,15.141739980449657
39.170385237609615,87,59,0,0.059383211675390644,0.0659813463059896,87.96937585234619,478.2383580018003,1.0,39.14961299909544,20.772238514174
39.174164819940216,53,88,1,0.01843148302510077,0.028962281409718883,53.106765882573654,708.5529722143281,1.4142135623730951,39.15792826080043,16.236559139784944
39.19464424552366,33,62,1,0.036214417282762396,0.05690546674969022,33.9283254068192,498.12285835308285,1.4142135623730951,39.17434121522063,20.303030303030305
39.234882486948955,98,83,1,0.009000000000000001,0.0040247976425974346,98.32029488853173,670.6872104537191,1.4142135623730951,39.21786391412393,17.01857282502444
39.236366583915604,76,94,0,0.01734221625705062,0.019269129174500688,76.64894393820504,758.1985559790495,1.0,39.221068441198106,15.298142717497555
39.24488248694895,50,53,1,0.009000000000000001,0.002698796726889159,50.367080211985936,428.5134570018097,1.4142135623730951,39.22317183201249,21.71065493646139
39.25488248694895,77,64,1,0.009000000000000001,0.003344155471539345,77.70736316959442,516.8703960183722,1.4142135623730951,39.23489226212001,19.990224828934508
39.265635713090106,44,76,0,0.009000000000000001,0.007258808309776498,44.87916784332078,612.4254214340435,1.0,39.24752232110575,18.113391984359726
39.26488248694895,94,101,1,0.019387565656114866,0.03046462032475164,94.17602979793841,810.0337510278247,1.4142135623730951,39.250679163390785,14.203323558162268
39.275635713090104,39,54,0,0.06437374983275998,0.07152638870306664,39.414380995508914,438.48583469043706,1.0,39.25408146089069,21.55425219941349
39.28642422656685,89,65,1,0.009000000000000001,0.0012740429533930262,89.56296406076699,526.1559635348435,1.4142135623730951,39.26659040447496,19.83382209188661
39.29642422656685,59,88,1,0.009000000000000001,0.011035149493146079,59.707969513843544,706.8189514946919,1.4142135623730951,39.280187667427064,16.236559139784944
39.30642422656685,65,95,1,0.043570508328995075,0.0684644486648386,65.17613065418776,765.1108588786246,1.4142135623730951,39.2912824865864,15.141739980449657
39.347162101793174,60,73,0,0.03216351631105385,0.035737240345615394,60.46567346643535,591.399382218194,1.0,39.32857950159767,18.58260019550342
39.354835902487956,79,90,1,0.009000000000000001,0.013615522340615973,79.29754678607897,720.4827640493788,1.4142135623730951,39.33891214882227,15.923753665689148
39.364835902487954,68,84,1,0.011983966542866237,0.018830986684385386,68.9810852398971,678.2323186744111,1.4142135623730951,39.34797373239998,16.86217008797654
39.38289934213879,76,66,0,0.046575605910283355,0.05175067323364817,76.62506529955726,535.9730197092244,1.0,39.36322192278395,19.67741935483871
39.37815142086892,46,106,1,0.009000000000000001,0.01332406921458754,46.19642205335434,855.6695950393154,1.4142135623730951,39.36473011099599,13.421309872922777
39.388151420868915,54,97,1,0.009000000000000001,0.0006346903001907807,54.38729586014725,783.2636581108136,1.4142135623730951,39.37332248636256,14.82893450635386
39.39815142086891,57,70,1,0.02312069888024601,0.03633067325332038,57.66651458217247,565.6761093681584,1.4142135623730951,39.37909961246227,19.05180840664712
39.42384108629141,81,78,1,0.021496923474402862,0.033779156363107875,81.38842124436883,627.091831368353,1.4142135623730951,39.40604049978115,17.80058651026393
39.43465001537244,68,66,0,0.03182818072146522,0.03536464524607246,68.95174169512464,532.0309923468594,1.0,39.4149725960176,19.67741935483871
39.44772655681852,51,108,1,0.010147415512513601,0.01594512515647985,51.31431995747776,867.3649577441505,1.4142135623730951,39.434618052419694,13.10850439882698
39.45900146294354,63,110,1,0.009000000000000001,0.008665646793742642,63.27037638198848,884.6609061420895,1.4142135623730951,39.446205764018806,12.795698924731184
39.46900146294354,45,53,1,0.009060181434381063,0.014236701624514023,45.31778630878291,431.01838181439075,1.4142135623730951,39.447290808007075,21.71065493646139
39.47001466061851,38,66,0,0.07554612580247845,0.08394013978053161,38.669902126387,534.7559311461364,1.0,39.45033724126367,19.67741935483871
39.47906833120396,41,91,1,0.009000000000000001,0.012433901168839821,41.239559055176606,729.051109028246,1.4142135623730951,39.46330098027532,15.76735092864125
39.48906833120396,60,78,1,0.11639468761434987,0.1828966064582148,60.32915712322998,625.8697379907219,1.4142135623730951,39.4712677446937,17.80058651026393
39.55395480039904,76,93,0,0.009000000000000001,0.00635596854878087,76.57591094704364,747.3204794468638,1.0,39.538500254944495,15.454545454545453
39.56395480039904,37,91,0,0.009000000000000001,0.007404481906125611,37.11105421841106,730.9844723969343,1.0,39.5481874494704,15.76735092864125
39.57395480039904,69,98,0,0.045550990312820124,0.05061221145868903,69.26812200696853,789.0126215723266,1.0,39.55928226862973,14.672531769305962
39.61839576188657,46,105,1,0.009000000000000001,0.013142526253106976,46.08323836408859,841.6368007131118,1.4142135623730951,39.604818049276595,13.577712609970675
39.62456701185773,45,77,0,0.03862808660141604,0.0429200962237956,45.75863509911353,616.1731132016737,1.0,39.60661002261042,17.956989247311828
39.628395761886566,56,74,1,0.010230298713547746,0.016075363542030277,56.409347227366275,593.6372057124206,1.4142135623730951,39.60996956442811,18.426197458455523
39.639762760457174,89,53,1,0.02057912387096382,0.032336973422303274,89.89248937905045,430.72314506539374,1.4142135623730951,39.61805210552071,21.71065493646139
39.667487108081524,81,66,0,0.009000000000000001,0.0009493362438391141,81.52102469496516,529.7882246375245,1.0,39.64780968872668,19.67741935483871
39.66262845364713,48,108,1,0.0320843354953397,0.05041566933026433,48.31056600717852,870.2519764397014,1.4142135623730951,39.6495199492483,13.10850439882698
39.67748710808152,55,84,0,0.009000000000000001,0.0010276954568273935,55.01044022473562,678.668584786504,1.0,39.660624937993546,16.86217008797654
39.68748710808152,67,91,0,0.009000000000000001,0.0011927805504163788,67.37313181315965,733.4236956528291,1.0,39.67171975715288,15.76735092864125
39.69827771530862,96,86,1,0.019975853761337065,0.03138902589918276,96.66874128873759,690.8683237105934,1.4142135623730951,39.68172835069474,16.549364613880744
39.69748710808152,70,112,0,0.010533358784672922,0.011703731982969912,70.06111418925305,898.0788367493894,1.0,39.68500421463088,12.482893450635387
39.72047310837677,51,71,1,0.009799193367760127,0.01539794684555873,51.86576493356004,569.0422046831306,1.4142135623730951,39.701577702707176,18.89540566959922
39.731361101007614,43,95,1,0.009000000000000001,0.004068544968661345,43.23375519110737,767.1828382461092,1.4142135623730951,39.716219361027164,15.141739980449657
39.74136110100761,54,53,1,0.009000000000000001,0.007027307967010848,54.619443404266214,429.28265264226695,1.4142135623730951,39.71965044607115,21.71065493646139
39.75136110100761,74,86,1,0.015345667159758141,0.02411338957888153,74.93807964988392,688.4908062088409,1.4142135623730951,39.73481173639373,16.549364613880744
39.76155126068276,49,55,0,0.009000000000000001,0.008590837797628044,49.39059929046057,447.45896841083487,1.0,39.74015341122039,21.397849462365592
39.771551260682756,61,70,0,0.1837552829370106,0.20417253659667844,61.88047973647753,563.3196247129555,1.0,39.75249945227611,19.05180840664712
39.76841184229623,63,100,1,0.009000000000000001,0.012715633223181791,63.82495126011898,801.5059407631602,1.4142135623730951,39.75405211600102,14.359726295210166
39.7948973707252,48,68,1,0.00963565061857341,0.015140964207861355,48.124359741486074,548.1629009499001,1.4142135623730951,39.77553275684446,19.364613880742915
39.80560364919028,56,87,1,0.009000000000000001,0.004645959048888852,56.67467130001399,697.8399120807647,1.4142135623730951,39.78921068731345,16.392961876832846
39.81560364919028,42,108,1,0.009000000000000001,0.002521522542827101,42.75942584676191,869.7842945125828,1.4142135623730951,39.80249514479145,13.10850439882698
39.82560364919028,78,55,1,0.02686309272041745,0.04221127783611146,78.03716621479512,440.0933784060567,1.4142135623730951,39.80420579972791,21.397849462365592
39.85545152999074,64,89,1,0.01236897790662173,0.019435973675819587,64.75720477065713,715.0465634308317,1.4142135623730951,39.839371373588,16.080156402737046
39.869194838775876,49,108,1,0.033679303481810946,0.05292191972806272,49.39905354721141,870.4400847796021,1.4142135623730951,39.856086334377046,13.10850439882698
39.906616287089,73,104,1,0.009000000000000001,0.003983521864566791,73.4797268802735,837.566809310576,1.4142135623730951,39.89288217174198,13.734115347018573
39.916616287089,68,52,1,0.06755474223712991,0.10615203630485298,68.393655922657,420.14275938899925,1.4142135623730951,39.89474922941549,21.867057673509287
39.975723797279436,65,112,0,0.03723451922598602,0.04137168802887336,65.52901243680304,898.8141487010782,1.0,39.9632409038288,12.482893450635387
39.991677111796925,47,82,1,0.009925960830855743,0.01559714269620034,47.79704475950646,658.141649598837,1.4142135623730951,39.974502136234854,17.174975562072337
40.002705957164544,62,80,1,0.016591571919840675,0.02607114003347477,62.8014308227236,640.6389756096185,1.4142135623730951,39.98521817612838,17.487781036168133
40.01709548530831,64,52,0,0.009000000000000001,0.008292235391897912,64.73587900403238,420.17541342984987,1.0,39.9952284276348,21.867057673509287
40.02114103707548,67,109,1,0.031673860416057055,0.04977066997011134,67.0899458411507,875.2664104772045,1.4142135623730951,40.0081889354137,12.952101661779082
40.02709548530831,78,85,0,0.014300666264467334,0.01588962918274148,78.22195585341578,683.0903456125354,1.0,40.01038971795738,16.705767350928642
40.04298511449105,51,90,0,0.010127642737169243,0.011252936374632492,51.036470463495505,727.1710027463598,1.0,40.027061360825364,15.923753665689148
40.054238050865685,80,52,0,0.009000000000000001,0.007919676551752648,80.02354871765166,419.4690083438328,1.0,40.032370993192174,21.867057673509287
40.06423805086568,69,88,0,0.04899796003870831,0.05444217782078701,69.44624817598012,709.7631000181516,1.0,40.0480014917259,16.236559139784944
40.06633421531554,72,90,1,0.011064905935748288,0.017386822267464214,72.66424842146127,721.9782897238067,1.4142135623730951,40.050410461649854,15.923753665689148
40.07862855524415,61,106,1,0.009155936654014107,0.014387166435928541,61.97466850378927,851.2016380553373,1.4142135623730951,40.06520724537123,13.421309872922777
40.09905278839161,64,72,1,0.011157898300426638,0.017532945671158956,64.88761278221887,576.5514444691947,1.4142135623730951,40.08031378545906,18.73900293255132
40.11145045316986,78,84,1,0.030706531756634816,0.04825065962630344,78.12521726360345,677.3435123941836,1.4142135623730951,40.09458828308188,16.86217008797654
40.11868022868647,74,86,0,0.022375634024004807,0.024861815582227564,74.5014069391342,693.4682532794535,1.0,40.10213086407259,16.549364613880744
40.1435420442687,64,111,0,0.023483680406563113,0.02609297822951457,64.95860088938154,895.3395785328829,1.0,40.13090274808101,12.639296187683286
40.16963502249821,86,74,0,0.03816676875923189,0.042407520843590986,86.53157674889131,594.6152358458942,1.0,40.15120882503976,18.426197458455523
40.18265609921125,68,109,1,0.010207976440457282,0.016040287473866356,68.6053054500383,878.9729299630687,1.4142135623730951,40.16970399754947,12.952101661779082
40.1939982952562,39,89,1,0.014871681216970493,0.023368592524809877,39.839330572922336,712.8253947136382,1.4142135623730951,40.177918138853464,16.080156402737046
40.21052238549728,67,61,1,0.01618449088212478,0.025431473895116175,67.57989750117098,492.4191989735125,1.4142135623730951,40.1900629524572,20.459433040078203
40.2120425433418,52,87,0,0.009000000000000001,0.007797161736125233,52.61784727205996,698.4259384438797,1.0,40.19564958146497,16.392961876832846
40.2220425433418,56,82,0,0.07110778061113833,0.07900864512348703,56.90278522234729,663.8387331108474,1.0,40.20486756777973,17.174975562072337
40.228505153144084,81,82,1,0.009000000000000001,0.0018430872608623966,81.00599692192924,661.7006854610041,1.4142135623730951,40.21133017758201,17.174975562072337
40.23850515314408,68,91,1,0.009000000000000001,0.0077154638363074205,68.31337055919059,733.2609883465175,1.4142135623730951,40.22273780221544,15.76735092864125
40.24850515314408,41,61,1,0.009000000000000001,0.0025048960731214476,41.755112508073516,492.22952552994167,1.4142135623730951,40.228045720104,20.459433040078203
40.268505153144076,64,80,1,0.009000000000000001,0.001575143120610703,64.29292138572033,641.6471424831626,1.4142135623730951,40.25101737210791,17.487781036168133
40.278505153144074,22,102,1,0.009212528497779517,0.014476091939231588,22.522596181928236,819.5733040353762,1.4142135623730951,40.26445823232296,14.04692082111437
40.28874129591939,49,54,1,0.009000000000000001,0.004711079383831693,49.08491467715664,435.57783943895487,1.4142135623730951,40.26718704371997,21.55425219941349
40.298741295919385,60,85,1,0.016285396809381413,0.02559003226272747,60.14197791034022,683.0092124439104,1.4142135623730951,40.28203552856846,16.705767350928642
40.30105118846529,68,112,0,0.009000000000000001,0.007133857145626899,68.40722098207404,897.8155547494417,1.0,40.28856829501465,12.482893450635387
40.311051188465285,76,94,0,0.10717761543275642,0.11908623936972935,76.77686467271815,757.55008064185,1.0,40.29575304574779,15.298142717497555
40.361468951519576,61,52,1,0.009000000000000001,0.003094478360051388,61.03268596925779,422.0329307851907,1.4142135623730951,40.339601893846066,21.867057673509287
40.371468951519574,91,52,1,0.009000000000000001,0.006147207513330615,91.5550965459258,422.7925789743344,1.4142135623730951,40.349601893846064,21.867057673509287
40.38146895151957,68,102,1,0.05571454992102456,0.08754696902202865,68.94595603676481,821.0826883251905,1.4142135623730951,40.36742203069846,14.04692082111437
40.443374006987376,35,72,1,0.009000000000000001,0.010555419136813793,35.43592623814992,579.0698582645722,1.4142135623730951,40.42463500405483,18.73900293255132
40.453374006987374,61,92,1,0.08699957472032328,0.1367066427668585,61.79400394000656,742.1571244626723,1.4142135623730951,40.43776305879578,15.610948191593351
40.457117355245686,77,73,0,0.0163765038273422,0.018196115363713555,77.84272563997563,586.5613092111918,1.0,40.438534755050185,18.58260019550342
40.550040201121064,54,84,1,0.05680886496438394,0.08926651921739281,54.993316937416694,677.3659016411771,1.4142135623730951,40.53317803103309,16.86217008797654
40.560573942957944,76,90,0,0.018734390950989777,0.020815989945544195,76.69419795310804,724.3194783844078,1.0,40.544650189292256,15.923753665689148
40.59138993290349,41,94,0,0.027281812162294517,0.030313124624771686,41.90999698391296,752.5695727852817,1.0,40.57609179018599,15.298142717497555
40.613161162192604,44,50,1,0.009000000000000001,0.0023959187208937383,44.81589964744477,402.09372181397896,1.4142135623730951,40.590981299045,22.179863147605083
40.6231611621926,43,80,1,0.021191601797219805,0.03329938963337589,43.29721151358011,644.8220380160163,1.4142135623730951,40.605673381156436,17.487781036168133
40.62170305752826,65,91,0,0.016396698112770038,0.018218553458633376,65.60239904102583,733.8802958015765,1.0,40.60593570659962,15.76735092864125
40.63992161098689,67,93,0,0.04903901030491534,0.05448778922768371,67.84618506003592,749.8197848110608,1.0,40.62446706553234,15.454545454545453
40.646707386411734,86,51,1,0.010250450829798839,0.016107029537711183,86.5525142347091,412.00252242244443,1.4142135623730951,40.624683926001175,22.023460410557185
40.65809677622262,61,95,1,0.009000000000000001,0.012255816025763554,61.65584458661546,764.3281421183013,1.4142135623730951,40.64295503624217,15.141739980449657
40.67809677622262,69,84,1,0.009000000000000001,0.008111929135339535,69.31121332919136,673.4644379927385,1.4142135623730951,40.66123460613464,16.86217008797654
40.688096776222615,75,107,1,0.012305257377216902,0.019335846523724137,75.60282847189129,861.2171418280623,1.4142135623730951,40.67483186908674,13.264907135874878
40.694409400214575,79,100,0,0.049170133008452924,0.05463348112050325,79.96300770550751,801.4054674122502,1.0,40.68004967391936,14.359726295210166
40.70176928441952,46,98,1,0.009000000000000001,0.0022654748867583256,46.53762655249186,791.2129061063939,1.4142135623730951,40.68709675265021,14.672531769305962
40.71176928441952,40,65,1,0.09345101648280275,0.1468441054750348,40.31726283708326,520.3352573785766,1.4142135623730951,40.69193546232763,19.83382209188661
40.74904288133508,45,75,0,0.08753800171072117,0.09726444634524574,45.29608235553735,600.943599945365,1.0,40.730773086613674,18.269794721407624
40.81560374717819,52,74,1,0.03959495248727334,0.062217465343355864,52.559215311903834,599.6662900996113,1.4142135623730951,40.797177549719734,18.426197458455523
40.84630732768032,105,85,0,0.009000000000000001,0.005006123653819135,105.92920448109328,686.3036164410112,1.0,40.829601560329394,16.705767350928642
40.85630732768032,62,87,0,0.009000000000000001,0.009730901390778254,62.266656559272114,696.4200902540551,1.0,40.83991436580349,16.392961876832846
40.86630732768032,71,53,0,0.011836480432473198,0.013151644924970219,71.4791465754714,425.9946759888537,1.0,40.844596672743855,21.71065493646139
40.85959813883071,68,111,1,0.010062919897850395,0.01581235310734901,68.93466086354579,889.1103342632791,1.4142135623730951,40.846958842643026,12.639296187683286
40.870779160939435,51,95,1,0.009000000000000001,0.00598617645871308,51.03864952285158,765.4351728880802,1.4142135623730951,40.855637420958985,15.141739980449657
40.879458972605285,47,87,0,0.009000000000000001,0.0009677556462181443,47.88846897795578,703.4234777700696,1.0,40.86306601072845,16.392961876832846
40.88077916093943,76,86,1,0.010400229782862584,0.016342384456356506,76.16852609179988,689.17988155827,1.4142135623730951,40.86422979632555,16.549364613880744
40.892334971809284,65,53,1,0.03412558508800333,0.053623183617079295,65.09585789062136,429.8086626723295,1.4142135623730951,40.87062431687282,21.71065493646139
40.88945897260528,57,105,0,0.05746693414224914,0.06385214904694349,57.76492200954202,841.457408259361,1.0,40.87588125999531,13.577712609970675
40.93025228857373,64,58,1,0.02248679492242594,0.03533458928177468,64.23003937525283,469.99368836088144,1.4142135623730951,40.90932364732251,20.928641251221897
40.955237616265315,26,82,1,0.01026272096561492,0.01612631019602592,26.8493581606473,659.8058379015038,1.4142135623730951,40.938062640703244,17.174975562072337
40.95331112165223,66,105,0,0.029052161408954023,0.03228017934328225,66.43185959908087,843.0467176566041,1.0,40.939733409042255,13.577712609970675
40.966640639560445,76,58,1,0.10810850402310897,0.16987612510816336,76.56105913923075,467.6086568564274,1.4142135623730951,40.94571199830922,20.928641251221897
40.98559130099551,54,96,0,0.009000000000000001,0.006569077710216327,54.88338146176924,768.7130428853386,1.0,40.97060596375211,14.985337243401759
40.99559130099551,64,79,0,0.009115206509080827,0.01012800723231203,64.32980896211227,632.5047587632138,1.0,40.97794711722229,17.64418377321603
41.00571930822782,61,53,0,0.05075611392587417,0.05639568213986018,61.12164401882953,431.19703429913864,1.0,40.984008653291355,21.71065493646139
41.062114990367675,65,108,0,0.011026474665417918,0.01225163851713102,65.14600513388903,868.9826157169471,1.0,41.049006485968846,13.10850439882698
41.0743666288848,64,74,0,0.009000000000000001,0.0026683295906196267,64.62675162497273,592.7987962566667,1.0,41.05594043142635,18.426197458455523
41.08676119958612,44,59,1,0.021484750866464872,0.03376002895506859,44.9840667992335,479.36838168715474,1.4142135623730951,41.065988961071945,20.772238514174
41.0843666288848,50,79,0,0.009000000000000001,0.002210522890705231,50.10596597221151,634.5536055237893,1.0,41.06672244511159,17.64418377321603
41.0943666288848,49,56,0,0.009000000000000001,0.00938229145198747,49.42697319276765,450.4890534088805,1.0,41.07312518215948,21.241446725317694
41.1043666288848,34,99,0,0.009000000000000001,0.005499340601818851,34.466801008799834,799.1465986045934,1.0,41.08985049985254,14.516129032258064
41.114366628884795,53,68,0,0.010662353245357244,0.011847059161508048,53.057764704907335,549.6916868526741,1.0,41.095002015004056,19.364613880742915
41.1106331449933,55,104,1,0.0569186131200971,0.08943897180656502,55.74472959482771,839.8007483558811,1.4142135623730951,41.09689902964628,13.734115347018573
41.126213688046306,54,72,0,0.009000000000000001,0.007938738209645298,54.27713791212641,577.6598742369438,1.0,41.10747468511376,18.73900293255132
41.136213688046304,51,53,0,0.030262683546425986,0.03362520394047332,51.29784522745836,431.28242110972576,1.0,41.11450303310984,21.71065493646139
41.17387604846007,80,80,1,0.04535481254665931,0.07126821224708334,80.5214772264572,641.9012699303237,1.4142135623730951,41.15638826742391,17.487781036168133
41.179838891986776,64,59,0,0.053998843914992045,0.05999871546110227,64.9809787374661,477.4626555717213,1.0,41.1590666534726,20.772238514174
41.224270284623024,42,72,1,0.010346929218766954,0.0162586307001052,42.4688845726031,578.9056246677965,1.4142135623730951,41.205531281690476,18.73900293255132
41.23983760744788,31,85,0,0.009000000000000001,0.0025908259151711886,31.228505992443115,681.7041822419271,1.0,41.223131840096954,16.705767350928642
41.24983760744788,57,58,0,0.043973432770674475,0.04885936974519386,57.74843667621743,468.5742440763716,1.0,41.228908966196656,20.928641251221897
41.25487704045424,63,85,1,0.015392881708491762,0.024187580084615322,63.95320110867253,685.1434693656952,1.4142135623730951,41.23817127310331,16.705767350928642
41.27198024235256,78,85,1,0.009000000000000001,0.007075740898747201,78.07011659990556,681.9464605277012,1.4142135623730951,41.255274475001634,16.705767350928642
41.28198024235256,50,93,1,0.009000000000000001,0.009080315478427135,50.638519315114344,747.4765596715238,1.4142135623730951,41.266525696898015,15.454545454545453
41.29198024235256,69,88,1,0.015997486567884352,0.0251376249646483,69.85420668486418,705.0539610181173,1.4142135623730951,41.275743683212774,16.236559139784944
41.298696977193075,42,88,0,0.023467493921481796,0.026074993246090885,42.51492614567003,711.9992427644912,1.0,41.28246041805329,16.236559139784944
41.309755227427985,72,58,1,0.012787318238328066,0.020093332087804873,72.42099114558569,466.5910628337617,1.4142135623730951,41.28882658617676,20.928641251221897
41.32396335880391,87,82,1,0.009000000000000001,0.009087242781980708,87.1427237777791,656.8539276076524,1.4142135623730951,41.30678838324184,17.174975562072337
41.324771970439166,60,80,0,0.009000000000000001,0.009591302837137333,60.27062472951149,643.9171592720063,1.0,41.307284189403,17.487781036168133
41.333963358803906,37,50,1,0.009000000000000001,0.010198097004986533,37.88644081656885,403.2321788948553,1.4142135623730951,41.3117834956563,22.179863147605083
41.334771970439164,31,101,0,0.009000000000000001,0.0025756374573032404,31.71349621868637,811.1906055926772,1.0,41.320568646881,14.203323558162268
41.343963358803904,74,51,1,0.01309042162264944,0.020569613106592066,74.90894635682477,411.97313263524177,1.4142135623730951,41.321939898393346,22.023460410557185
41.34477197043916,54,76,0,0.009000000000000001,0.0017599931323685092,54.0929719733474,609.303637459165,1.0,41.326658578454804,18.113391984359726
41.35477197043916,68,91,0,0.016558710659716595,0.018398567399685106,68.12763134004476,733.6061685970906,1.0,41.33900461951052,15.76735092864125
41.35850827171796,46,108,1,0.016782947641896116,0.026371857968630046,46.37690726567144,870.7371187530327,1.4142135623730951,41.34539976731913,13.10850439882698
41.373170537838845,84,103,0,0.040521722683680775,0.04502413631520086,84.6173930863736,831.1014868290944,1.0,41.35928001975478,13.890518084066471
41.387155991320064,59,75,1,0.015267586217951703,0.02399069721569761,59.07239874058975,603.6827621064161,1.4142135623730951,41.36888619659866,18.269794721407624
41.41975075721894,60,86,1,0.03776519890477496,0.05934228497427812,60.747041863542485,688.5585411939533,1.4142135623730951,41.40320139260506,16.549364613880744
41.418194674154044,78,111,0,0.010170796753772929,0.011300885281969921,78.35779797860592,894.7255654825283,1.0,41.40555537796636,12.639296187683286
41.42949555943601,62,73,0,0.059478692414592076,0.06608743601621342,62.0523274450694,585.7336313121884,1.0,41.41091295924051,18.58260019550342
41.495582995452224,85,80,0,0.009000000000000001,0.00651359629945539,85.54044732521905,646.2845353766488,1.0,41.47809521441606,17.487781036168133
41.50558299545222,58,102,0,0.017821682046202245,0.019801868940224718,58.8788374777475,819.1152105409003,1.0,41.49153607463111,14.04692082111437
41.50866282404382,65,107,1,0.026456276167201587,0.041572027295049524,65.87505923422907,856.520733444928,1.4142135623730951,41.49539791690794,13.264907135874878
41.52538486439245,55,70,0,0.012109038744325359,0.013454487493694843,55.903164713896324,564.1165528391697,1.0,41.506333055985806,19.05180840664712
41.53805868645182,51,62,1,0.016207470380285353,0.02546758269284419,51.41708894559835,499.3222884487029,1.4142135623730951,41.517755656148786,20.303030303030305
41.538839351886146,75,97,0,0.01633818129529625,0.018153534772551386,75.8164748245989,781.2234793374342,1.0,41.52401041737979,14.82893450635386
41.556066986874356,48,69,1,0.009000000000000001,0.008505005964436554,48.14980796878386,553.2077246755182,1.4142135623730951,41.536858775730664,19.208211143695017
41.5569928866587,63,86,0,0.009000000000000001,0.0040403167061943916,63.9292552401197,689.6572333309689,1.0,41.54044352204482,16.549364613880744
41.566066986874354,36,88,1,0.015464075663586013,0.024299450592230067,36.66044960523139,707.7103899104177,1.4142135623730951,41.54983042773457,16.236559139784944
41.566992886658696,41,90,0,0.018160428833492365,0.020178254259435962,41.17338376115046,722.3726242884093,1.0,41.55106913299301,15.923753665689148
41.58324929316723,87,55,1,0.009000000000000001,0.002552848546113066,87.94119738535893,443.89411852908,1.4142135623730951,41.56185144370486,21.397849462365592
41.58717114091813,28,91,0,0.009000000000000001,0.007834192740555537,28.549864521453067,730.8336298145946,1.0,41.57140378998949,15.76735092864125
41.593249293167226,37,67,1,0.009000000000000001,0.005656085401598715,37.66280373151308,541.6422017462887,1.4142135623730951,41.57372827654944,19.521016617790814
41.59717114091813,72,85,0,0.009000000000000001,0.004567398828631371,72.95687736854492,685.4387084197381,1.0,41.5804653735672,16.705767350928642
41.607171140918126,46,61,0,0.009000000000000001,0.006146968355120971,46.37024556387843,491.4188899344085,1.0,41.586711707878045,20.459433040078203
41.603249293167224,61,100,1,0.009762580071405758,0.015340414600817023,61.41186401683914,805.9330620051899,1.4142135623730951,41.58888956687201,14.359726295210166
41.617171140918124,49,67,0,0.04717008432279493,0.052411204803105474,49.27427725550062,542.8537838304452,1.0,41.59765012430034,19.521016617790814
41.61409660435768,80,99,1,0.009000000000000001,0.0004187733769271288,80.0538065634707,799.3278901783183,1.4142135623730951,41.59958047532542,14.516129032258064
41.624096604357675,77,51,1,0.05153628489565994,0.08098145894862886,77.73848590591307,410.0689244746449,1.4142135623730951,41.602073143947116,22.023460410557185
41.66958234572123,61,58,0,0.0707128088140945,0.07856978757121612,61.01240521870913,471.5005613328632,1.0,41.64865370447001,20.928641251221897
41.68135914313063,58,85,1,0.009000000000000001,0.005009408544334569,58.38967813928976,682.2953194667318,1.4142135623730951,41.6646533757797,16.705767350928642
41.691359143130626,74,92,1,0.02076725454285388,0.032632592253064696,74.99128549016866,739.5333022478187,1.4142135623730951,41.67574819493903,15.610948191593351
41.71443387040046,69,53,1,0.05125096203140174,0.08053311732164099,69.7424604728886,424.6104572703808,1.4142135623730951,41.692723215464,21.71065493646139
41.74815213329245,66,99,0,0.01267058915338045,0.014078432392644944,66.67629707030102,798.866131674107,1.0,41.73363600426019,14.516129032258064
41.762230565685094,61,102,0,0.012363362433414045,0.01373706937046005,61.74259626114824,822.5604257480175,1.0,41.74818364486398,14.04692082111437
41.77596763505555,47,60,0,0.04291041157808103,0.0476782350867567,47.32652319884289,487.5615700651766,1.0,41.75535179927842,20.6158357771261
41.77137938376869,54,106,1,0.009000000000000001,0.007883083658491451,54.541209097655454,848.6928587318574,1.4142135623730951,41.757958073895765,13.421309872922777
41.78137938376869,52,103,1,0.009000000000000001,0.0088791506749807,52.892026947607064,829.5558788234582,1.4142135623730951,41.76748886568462,13.890518084066471
41.80608572779287,71,69,1,0.009000000000000001,0.008196274728382079,71.87694619205206,556.2990124541501,1.4142135623730951,41.78687751664918,19.208211143695017
41.827303066484156,68,68,1,0.07165861433496033,0.11260064917040444,68.39550708617134,551.6927718145666,1.4142135623730951,41.807938452603416,19.364613880742915
41.82364587014231,49,104,0,0.030161039402874824,0.03351226600319425,49.76413508571157,837.0358866525926,1.0,41.80991175479529,13.734115347018573
41.8671581361455,64,89,0,0.009000000000000001,1.9608129422111072e-05,64.4427720709652,713.664467545339,1.0,41.85107797974276,16.080156402737046
41.877158136145496,65,59,0,0.037458665522634535,0.04162073946959392,65.62825435735743,476.0242837122459,1.0,41.85638589763132,20.772238514174
41.90692374907856,62,97,1,0.02907235479475175,0.04568279826762267,62.81308176620943,782.929321942371,1.4142135623730951,41.892094814572204,14.82893450635386
41.91877887561509,49,80,0,0.016553335333277578,0.018392594814752864,49.28179487293694,643.0652426074621,1.0,41.90129109457892,17.487781036168133
41.937171470429845,56,52,0,0.06844546655206003,0.07605051839117781,56.074423984826595,420.0295595253472,1.0,41.915304412756335,21.867057673509287
41.93922636551717,58,58,1,0.022462327994075923,0.03529614321299446,58.57035418425974,465.3586617948786,1.4142135623730951,41.91829772426595,20.928641251221897
41.96418450773281,66,95,1,0.02126557875093359,0.03341563320142599,66.25394254897225,764.6549002386031,1.4142135623730951,41.94904276775236,15.141739980449657
41.98781292856718,60,69,1,0.01633899861860407,0.02567425938002794,60.33305901813955,556.0948682845647,1.4142135623730951,41.96860471742349,19.208211143695017
42.00596737147674,38,90,1,0.010647239241964796,0.01673052237535294,38.08612592022514,722.609287922332,1.4142135623730951,41.990043617811054,15.923753665689148
42.01779763730115,52,66,1,0.02610498501512045,0.0410200265043664,52.479460924982725,534.5807854958146,1.4142135623730951,41.99812021794631,19.67741935483871
42.01322198882102,50,106,0,0.009302851441904191,0.010336501602115768,50.15706067667335,854.2172759396876,1.0,41.9998006789481,13.421309872922777
42.02355849042314,49,79,0,0.01704352317995712,0.018937247977730134,49.00660671409161,633.1497064699095,1.0,42.00591430664993,17.64418377321603
42.04249573840087,59,76,0,0.03859697916640435,0.04288553240711595,59.32885228856103,614.9926070605298,1.0,42.024382346416516,18.113391984359726
42.056803176206834,80,106,1,0.045814343140266924,0.0719902949113114,80.12147963060553,848.4976446822055,1.4142135623730951,42.04338186633391,13.421309872922777
42.08538127080799,41,112,0,0.024532122511104475,0.027257913901227195,41.79087440763925,899.7788516252193,1.0,42.072898377357355,12.482893450635387
42.10770800191824,49,61,1,0.035732550987900936,0.05614828691697516,49.60867713452936,491.40669426961296,1.4142135623730951,42.08724856887816,20.459433040078203
42.11263918470922,77,60,0,0.039616633533764885,0.0440184817041832,77.57493467670825,485.3541816562401,1.0,42.09202334893209,20.6158357771261
42.147410836349245,37,53,1,0.05976182133426758,0.09390664249226555,37.377182184691065,431.2156636388902,1.4142135623730951,42.12570018141278,21.71065493646139
42.1566576664134,54,62,0,0.009000000000000001,0.0009281204669621164,54.51996070481294,502.2241862321365,1.0,42.13635463611037,20.303030303030305
42.1666576664134,96,106,0,0.011235758624972326,0.01248417624996925,96.150729741107,855.3028586072109,1.0,42.153236356540475,13.421309872922777
42.17914184266337,63,81,0,0.01925240379911292,0.02139155977679213,63.32237434917592,650.6378223128647,1.0,42.16181046436425,17.331378299120235
42.200533402440165,60,77,0,0.009000000000000001,0.001546473807707059,60.84504430218181,619.0893066241722,1.0,42.182576413192855,17.956989247311828
42.21053340244016,52,60,0,0.04934174421342996,0.0548241602371444,52.317814014778,480.33979235592255,1.0,42.189917566663034,20.6158357771261
42.213812860053984,42,56,1,0.01271271064926811,0.01997609757191093,42.64532287286562,454.50680782046436,1.4142135623730951,42.192571413328665,21.241446725317694
42.22793809410873,74,104,1,0.009000000000000001,0.008572111793573065,74.85357680557775,837.7443251979482,1.4142135623730951,42.21420397876171,13.734115347018573
42.23793809410873,51,103,1,0.009000000000000001,0.010806134282242136,51.195514693615166,829.349060622287,1.4142135623730951,42.22404757602466,13.890518084066471
42.26535756267731,36,53,0,0.009000000000000001,0.0007586623173396116,36.70301919946756,424.80718666941874,1.0,42.243646907740846,21.71065493646139
42.27535756267731,55,56,0,0.03481716074697231,0.038685734163302565,55.47753954718689,455.79649997862373,1.0,42.25411611595199,21.241446725317694
42.28923016524818,66,92,1,0.05538287478050176,0.08702579181977382,66.34818561685526,741.2702393835785,1.4142135623730951,42.273619217056584,15.610948191593351
42.31404329684061,47,73,0,0.02530733820929819,0.028119264676997987,47.781078102443416,589.8757614596587,1.0,42.29546069664511,18.58260019550342
42.342162561517604,51,74,0,0.04365071230992737,0.048500791455474854,51.80611442810939,596.0467884522864,1.0,42.32373636405915,18.426197458455523
42.35076669278207,93,81,1,0.009000000000000001,0.01208681072097797,93.31025694874671,655.2852043642517,1.4142135623730951,42.33343531448295,17.331378299120235
42.360766692782065,60,69,1,0.009000000000000001,0.003833396929017659,60.13242207401092,556.0320223260103,1.4142135623730951,42.34155848163837,19.208211143695017
42.37076669278206,58,91,1,0.03095730525816981,0.04864471216736409,58.066512238227155,731.15686936536,1.4142135623730951,42.35499934185342,15.76735092864125
42.39066335297308,64,64,0,0.03751319807798282,0.041681331197758686,64.87521204384812,518.4666624533243,1.0,42.37067312814414,19.990224828934508
42.40516369862447,65,100,1,0.02660686304109229,0.04180865173879575,65.10981204618211,805.9731173189417,1.4142135623730951,42.39080397232926,14.359726295210166
42.43472687978124,72,58,1,0.05563654997383753,0.08742440392961057,72.25301954298394,465.84345171810355,1.4142135623730951,42.41379823853001,20.928641251221897
42.432344684170836,53,85,0,0.030545662071178516,0.033939624523531685,53.30635988670373,682.8907774204981,1.0,42.41563891681991,16.705767350928642
42.46628430869437,50,51,0,0.07147212532096894,0.07941347257885438,50.40012274833826,409.57774277562646,1.0,42.44426084828381,22.023460410557185
42.49654526864106,53,96,1,0.02330963513528776,0.036627557935880406,53.60597164985362,770.9888647569929,1.4142135623730951,42.481559931397655,14.985337243401759
42.52244486323582,68,60,1,0.021618590784594546,0.033970338096630685,68.30045353158934,484.4292316851975,1.4142135623730951,42.50182902745869,20.6158357771261
42.545697781273226,57,82,0,0.04734845420071748,0.05260939355635276,57.50667772934774,662.367818830716,1.0,42.528522805711155,17.174975562072337
42.546465519663144,54,94,1,0.009000000000000001,0.0016538018686707364,54.488841198077765,758.732495305956,1.4142135623730951,42.531167376945646,15.298142717497555
42.57015362664903,75,84,1,0.03456754947317502,0.054317663647741175,75.74991251175852,674.4548158200358,1.4142135623730951,42.553291456561055,16.86217008797654
42.59830717482958,49,51,0,0.040303983787699726,0.04478220420855525,49.45907976131042,415.0519361056595,1.0,42.57628371441902,22.023460410557185
42.60856201495256,61,87,1,0.009000000000000001,0.006291860248900066,61.36651299909183,702.1564911201599,1.4142135623730951,42.59216905307573,16.392961876832846
42.61856201495256,87,101,1,0.011795941236705708,0.018535533419894747,87.09802007189,814.3544919090032,1.4142135623730951,42.604358691394395,14.203323558162268
42.63166861632668,51,102,1,0.03378094662282052,0.05308163651532709,51.10391798351655,819.4269309520344,1.4142135623730951,42.61762169550556,14.04692082111437
42.64308937903813,41,91,0,0.08793623778786713,0.09770693087540792,41.929600757578314,733.9339533504067,1.0,42.62732202810949,15.76735092864125
42.669203001463146,64,93,1,0.02122515251812219,0.033352109505073176,64.72059461331703,748.5120830021498,1.4142135623730951,42.6537484560086,15.454545454545453
42.69278650426106,65,57,1,0.009000000000000001,0.013528760568939304,65.42123285657969,456.29523326459724,1.4142135623730951,42.671701460272786,21.085043988269796
42.702786504261056,69,105,1,0.010001736819359376,0.01571621317469375,69.12343342960968,843.1901809800709,1.4142135623730951,42.68920879165108,13.577712609970675
42.71389954517146,61,89,1,0.009000000000000001,0.0014504039775729578,61.09086941104931,715.6879888216884,1.4142135623730951,42.69781938876872,16.080156402737046
42.723899545171456,62,65,1,0.009000000000000001,0.009464314296780066,62.809433247348274,524.3958943695885,1.4142135623730951,42.704065723079566,19.83382209188661
42.733899545171454,74,74,1,0.0543797267125059,0.08544949670552036,74.94786950844872,596.5608991035396,1.4142135623730951,42.715473347713,18.426197458455523
42.74079630991354,70,92,0,0.07306546586584418,0.0811838509620491,70.42531042632335,739.2499841463189,1.0,42.72518536172195,15.610948191593351
42.79432146374091,49,50,1,0.009000000000000001,0.0044986771836253055,49.0550306426831,405.35764884767946,1.4142135623730951,42.7721416005933,22.179863147605083
42.804321463740905,59,72,1,0.015002916533458432,0.02357480892974273,59.08623250843825,578.5961669965225,1.4142135623730951,42.78558246080836,18.73900293255132
42.820991371000304,63,82,1,0.009000000000000001,0.012652024834423804,63.322165465138745,660.2719186524292,1.4142135623730951,42.80381639543823,17.174975562072337
42.82198016087559,38,103,0,0.01031577053755045,0.011461967263944944,38.06662890465236,824.054617507815,1.0,42.80808964279152,13.890518084066471
42.8309913710003,60,81,1,0.011092508029977783,0.01743019477414116,60.22840530926174,653.8789190942844,1.4142135623730951,42.81365999270118,17.331378299120235
42.83344212813954,64,67,0,0.07939389109990073,0.08821543455544525,64.97012470169011,538.732339862477,1.0,42.81392111152175,19.521016617790814
42.8433163799225,75,111,1,0.009000000000000001,0.004467935568738433,75.71776697197735,891.369770455193,1.4142135623730951,42.83067708373481,12.639296187683286
42.863316379922495,51,76,1,0.010240741831066973,0.016091773318062663,51.57326257754978,611.096116940339,1.4142135623730951,42.84520298793814,18.113391984359726
42.87469498195701,67,90,1,0.029352139850180113,0.046122438067551674,67.6534146775441,724.3735569475091,1.4142135623730951,42.858771228291324,15.923753665689148
42.90730847067944,52,78,1,0.01036598563558213,0.016288574970227707,52.72813985464661,629.0143082919343,1.4142135623730951,42.88950788416918,17.80058651026393
42.918826232496755,61,70,1,0.009000000000000001,0.008897535745959721,61.26485740863351,560.4272713749218,1.4142135623730951,42.89977442409011,19.05180840664712
42.92165756269498,68,110,0,0.009000000000000001,0.009922532777060514,68.00101276856343,881.6801602230189,1.0,42.90886186377025,12.795698924731184
42.93165756269498,74,88,0,0.009000000000000001,0.0003101324035223535,74.86887987288134,711.3447704748987,1.0,42.915421003555196,16.236559139784944
42.92882623249675,84,112,1,0.017306113452138117,0.027193933728867987,84.7685486803093,897.8672260256615,1.4142135623730951,42.916343339046115,12.482893450635387
42.94165756269498,75,69,0,0.12463509056628522,0.13848343396253912,75.57566482147723,555.9397178818626,1.0,42.922449351551286,19.208211143695017
42.94805524744358,56,53,1,0.01090898491584748,0.017141816021905582,56.57492497050837,427.36635346249295,1.4142135623730951,42.926344592507114,21.71065493646139
42.960176341794515,69,76,1,0.009000000000000001,0.006853808793931881,69.29713661295452,609.3475716638421,1.4142135623730951,42.94206294981016,18.113391984359726
42.97017634179451,67,60,1,0.009000000000000001,0.007439802855954181,67.18228122319613,483.90729782301435,1.4142135623730951,42.949560506017384,20.6158357771261
42.98017634179451,70,54,1,0.009000000000000001,0.003847398349977393,70.19363527740961,433.80237473619155,1.4142135623730951,42.958622089595096,21.55425219941349
42.99017634179451,58,57,1,0.02458003915212223,0.03862380525843659,58.200880895602914,459.57033599802406,1.4142135623730951,42.96909129780624,21.085043988269796
43.01748749640798,71,71,1,0.013712652584144542,0.021547354734008536,71.10610683565855,574.4159537293151,1.4142135623730951,42.998592090738384,18.89540566959922
43.03272377705703,81,56,1,0.009000000000000001,0.014091706422969152,81.83371227734031,455.30179943658044,1.4142135623730951,43.01148233033171,21.241446725317694
43.04272377705703,72,112,1,0.009000000000000001,0.0010871700873447596,72.11192753418668,897.1651513428574,1.4142135623730951,43.03024088360639,12.482893450635387
43.052723777057025,58,100,1,0.009000000000000001,0.007947431004196325,58.40268175229179,801.2008922256621,1.4142135623730951,43.038364050761814,14.359726295210166
43.06272377705702,53,77,1,0.009000000000000001,0.01252208261240501,53.19311272253874,622.0917034391832,1.4142135623730951,43.04476678780971,17.956989247311828
43.07272377705702,77,104,1,0.021492442739549256,0.03377211556755302,77.07623280983564,833.0178375228783,1.4142135623730951,43.05898966171,13.734115347018573
43.09260518108514,48,102,0,0.011357820582463752,0.012619800647181946,48.009773199359906,817.2858951278138,1.0,43.078558260264025,14.04692082111437
43.09660426898986,60,98,1,0.009000000000000001,0.0002988040004183265,60.42019373038334,789.0231532415996,1.4142135623730951,43.08193173722055,14.672531769305962
43.10522498173232,52,108,0,0.07400294955857653,0.08222549950952948,52.9734922757945,864.3152810576971,1.0,43.09211647733349,13.10850439882698
43.106604268989855,59,111,1,0.011790108055803104,0.01852636746040115,59.84751418885835,893.4479726941488,1.4142135623730951,43.09396497280217,12.639296187683286
43.11970438905186,64,65,1,0.026819149076280947,0.04214222706109154,64.44546658881954,524.3024423066531,1.4142135623730951,43.09987056695997,19.83382209188661
43.16590221900623,51,75,1,0.009000000000000001,0.00021020255804173383,51.55961963339651,601.7404845134998,1.4142135623730951,43.14763242428482,18.269794721407624
43.175902219006225,52,101,1,0.009000000000000001,0.008026754379530054,52.11916695544581,813.7618469769086,1.4142135623730951,43.16169889544806,14.203323558162268
43.18745048124185,42,55,0,0.009000000000000001,0.00191403453390514,42.67957886050701,446.18026405568924,1.0,43.16605263177948,21.397849462365592
43.18590221900622,75,69,1,0.009000000000000001,1.794353014538657e-05,75.44823808695497,553.9095750130596,1.4142135623730951,43.16669400786253,19.208211143695017
43.19590221900622,63,68,1,0.009000000000000001,0.008279135968218663,63.530823908220185,545.6805364188722,1.4142135623730951,43.17653760512548,19.364613880742915
43.197450481241844,43,110,0,0.009000000000000001,0.005330445763681944,43.568986454861445,884.0381907253668,1.0,43.18465478231711,12.795698924731184
43.20590221900622,40,73,1,0.010314303519569306,0.016207364359786067,40.11309342968629,588.4334401735942,1.4142135623730951,43.18731961881072,18.58260019550342
43.20745048124184,64,81,0,0.01598079199732439,0.017756435552582658,64.47587769849457,650.7589801750833,1.0,43.190119102942724,17.331378299120235
43.21736255625019,59,70,1,0.039839171309061186,0.06260121819886602,59.761232324966365,565.0779751578023,1.4142135623730951,43.19831074784354,19.05180840664712
43.22520691679443,91,96,0,0.009000000000000001,0.008497103653711407,91.13456313248757,775.5885684770215,1.0,43.210221579551025,14.985337243401759
43.235206916794425,54,86,0,0.03785096621609833,0.042056629128998144,54.41591273571601,688.9455563470442,1.0,43.218657552180545,16.549364613880744
43.26162830214914,73,109,1,0.009000000000000001,0.00338836641589293,73.74015479686635,876.7014396910474,1.4142135623730951,43.24867620048736,12.952101661779082
43.27162830214914,44,70,1,0.009000000000000001,0.0018635059083653648,44.155080010413876,560.2006430701074,1.4142135623730951,43.252576493742495,19.05180840664712
43.277263545923425,68,53,0,0.06337336816147698,0.0704148535127522,68.49128974116321,427.8027608402303,1.0,43.25555289098696,21.71065493646139
43.291628302149135,46,54,1,0.009000000000000001,0.0039202766141726774,46.631745779371506,435.2678187964783,1.4142135623730951,43.27007404994972,21.55425219941349
43.30162830214913,64,61,1,0.045851577460827665,0.07204880300144778,64.79449013876214,495.0643831593528,1.4142135623730951,43.28116886910905,20.459433040078203
43.34767839943618,70,63,0,0.009000000000000001,0.00020705173264484302,70.48520430019508,506.22363859773645,1.0,43.32753177187019,20.146627565982406
43.35257449932783,47,109,1,0.0328717926436089,0.05165303886234204,47.929131413724285,877.7240957190338,1.4142135623730951,43.33962239766605,12.952101661779082
43.357678399436175,34,105,0,0.029409135695927943,0.03267681743991994,34.3892327618402,842.2934441148068,1.0,43.3441006868262,13.577712609970675
43.389098713376285,61,103,1,0.009000000000000001,0.008509154443562436,61.27618547969985,829.8226726763032,1.4142135623730951,43.37520819529222,13.890518084066471
43.390355216876095,36,106,0,0.060997584762834164,0.06777509418092685,36.69624684877789,854.5876320267928,1.0,43.37693390700317,13.421309872922777
43.39909871337628,83,108,1,0.009000000000000001,0.005546906310831349,83.5479965438995,867.3977587463917,1.4142135623730951,43.385990208977454,13.10850439882698
43.45813031105702,43,61,0,0.010170898272563834,0.011300998080626483,43.43383083732623,495.3049165372249,1.0,43.43767087801694,20.459433040078203
43.459991723823634,50,68,1,0.041829673373088884,0.06572899043762115,50.411541580798016,544.4842624605293,1.4142135623730951,43.440627109942895,19.364613880742915
43.46943130913765,73,71,0,0.009000000000000001,0.0061234888445679345,73.85955687876606,571.053810431797,1.0,43.45053590346805,18.89540566959922
43.479431309137645,63,67,0,0.015175203380657696,0.016861337089619663,63.439711926519706,543.9726713379962,1.0,43.45991029251986,19.521016617790814
43.49629264622727,85,68,0,0.018329989220348224,0.020366654689275804,85.69001569257853,549.9710348885113,1.0,43.47692803234653,19.364613880742915
43.506469138682625,46,74,1,0.009036099119014103,0.014198859916730358,46.63665582086912,596.6603351925944,1.4142135623730951,43.48804294122417,18.426197458455523
43.516659300916544,41,57,0,0.02447666858971393,0.02719629843301548,41.864484045162214,458.29153727784836,1.0,43.49557425692827,21.085043988269796
43.51650924881486,67,60,1,0.015015403856620788,0.023594430865047106,67.32157226578958,483.78326965225324,1.4142135623730951,43.495893413037734,20.6158357771261
43.543193030877774,71,59,1,0.030390406731760355,0.04775391707343345,71.85567787564278,477.88663029008507,1.4142135623730951,43.5224207923636,20.772238514174
43.54385559934956,56,106,0,0.021362173079563916,0.023735747866182128,56.42492741529644,851.2065166430517,1.0,43.53043428947664,13.421309872922777
43.567591347215746,72,108,0,0.011381309727828533,0.01264589969758726,72.78268327212028,865.7774571547404,1.0,43.55448284281692,13.10850439882698
43.57696014946862,79,55,1,0.015120069957952271,0.02375889777618455,79.50790287894009,443.72325089994274,1.4142135623730951,43.55556230000625,21.397849462365592
43.580237246913335,78,85,0,0.04644711261421163,0.05160790290467959,78.77184632721396,683.3026294527315,1.0,43.56353147956241,16.705767350928642
43.593760227199674,52,67,1,0.009045579153979582,0.014213756354530302,52.447437571690514,536.9940497349859,1.4142135623730951,43.57423921058189,19.521016617790814
43.603810870704095,58,109,1,0.059483254376451716,0.0934689167480742,58.58064311026067,876.8163039148448,1.4142135623730951,43.59085876904231,12.952101661779082
43.63184514981801,56,70,0,0.028893071301405154,0.03210341255711684,56.7489522839364,563.3973529288887,1.0,43.61279334141137,19.05180840664712
43.66990337556682,68,58,1,0.009000000000000001,0.01303108270179609,68.3595644067073,470.59953176859244,1.4142135623730951,43.648974734315594,20.928641251221897
43.66394856237513,72,101,0,0.009000000000000001,0.00032609844129044145,72.88970686684459,813.275537095732,1.0,43.64974523881697,14.203323558162268
43.67394856237513,62,78,0,0.04358754385368799,0.04843060428187554,62.658281776075285,631.9908490834437,1.0,43.65614797586487,17.80058651026393
43.679903375566816,57,56,1,0.027528091092898,0.04325622196646483,57.987822356003136,454.341269687346,1.4142135623730951,43.6586619288415,21.241446725317694
43.710490143447814,79,71,1,0.0759277648885864,0.11930897207346064,79.72169738394756,571.2955414055659,1.4142135623730951,43.69159473777822,18.89540566959922
43.72237916665701,46,111,0,0.009000000000000001,0.003791025284679209,46.319188467691404,890.2841135303618,1.0,43.70973987046932,12.639296187683286
43.732379166657005,62,96,0,0.009000000000000001,0.007250526951485972,62.23365113769558,769.4333385665163,1.0,43.7173938294136,14.985337243401759
43.742379166657,49,91,0,0.009000000000000001,0.0009894420626565912,49.808386156024305,729.3588193635111,1.0,43.72661181572836,15.76735092864125
43.752379166657,33,108,0,0.02051759279308454,0.02279732532564949,33.83503921082614,869.157864325658,1.0,43.73927066225817,13.10850439882698
43.77517649198265,68,111,0,0.04611125017094452,0.05123472241216058,68.73366716345642,891.7836032568315,1.0,43.76253719579496,12.639296187683286
43.79485432665735,51,62,1,0.018862240298922167,0.0296391511638623,51.517330676735305,496.00804237001836,1.4142135623730951,43.77455129635432,20.303030303030305
43.81581237143393,64,100,1,0.009000000000000001,0.004735460947691263,64.18487692122712,804.1341056081392,1.4142135623730951,43.80145264513872,14.359726295210166
43.825812371433926,72,70,1,0.009000000000000001,0.002146070308212897,72.92725204828236,567.3945209453395,1.4142135623730951,43.80676056302728,19.05180840664712
43.82641121439481,59,71,0,0.009000000000000001,0.009019811383631525,59.010380686637845,573.7593976568774,1.0,43.80751580872521,18.89540566959922
43.83641121439481,66,53,0,0.009000000000000001,0.0015498385564051468,66.75983333001982,426.3826289298013,1.0,43.814700559458345,21.71065493646139
43.835812371433924,38,59,1,0.009000000000000001,0.011293349463791114,38.97137898425643,474.2533908218404,1.4142135623730951,43.81504013291975,20.772238514174
43.846411214394806,37,88,0,0.031797685132858,0.035330761258731115,37.19188023945152,706.9851531626164,1.0,43.83017465525502,16.236559139784944
43.84581237143392,79,100,1,0.017325830393630698,0.027224915913387236,79.80276295797626,807.1919603345407,1.4142135623730951,43.83145264513871,14.359726295210166
43.86506329409351,55,64,1,0.009192105390026304,0.0144440001214867,55.82821154533143,518.741652584692,1.4142135623730951,43.84507306926457,19.990224828934508
43.87527674452687,54,90,1,0.009000000000000001,0.010695859767504505,54.942177933132406,721.3975352531545,1.4142135623730951,43.85935299086118,15.923753665689148
43.88174197565354,56,86,0,0.009000000000000001,0.00874500529429844,56.4912745403332,688.8158771722112,1.0,43.86519261103966,16.549364613880744
43.88527674452687,45,101,1,0.017538896650529892,0.027559717235821585,45.222083958189785,811.9988259399892,1.4142135623730951,43.871073420968706,14.203323558162268
43.89174197565354,66,79,0,0.012016391402312525,0.013351546002569471,66.44344500305219,638.6751990612006,1.0,43.874097791880324,17.64418377321603
43.9047644074719,81,79,1,0.009000000000000001,0.00684798678846861,81.0741349382718,634.520373759077,1.4142135623730951,43.88712022369869,17.64418377321603
43.9180548380255,43,55,0,0.04423752047785822,0.049152800530953576,43.82906775054428,442.3441709376534,1.0,43.89665698856313,21.397849462365592
43.9147644074719,55,92,1,0.030817021234713395,0.04842427709119039,55.080871195989616,741.935062454516,1.4142135623730951,43.899153459280306,15.610948191593351
43.94900554217714,72,93,1,0.009000000000000001,0.0007702624425833321,72.01621445682278,745.0234442047248,1.4142135623730951,43.933550996722595,15.454545454545453
43.95900554217714,62,65,1,0.009000000000000001,0.011398364658798872,62.14214088663875,520.4019080365866,1.4142135623730951,43.93917172008525,19.83382209188661
43.969005542177136,51,55,1,0.009337380713804756,0.014672278269448507,51.333742377687344,440.2904061432568,1.4142135623730951,43.94760769271477,21.397849462365592
43.96720763855645,50,80,0,0.016973773082392753,0.01885974786932528,50.449948574914316,641.0660494599209,1.0,43.949719857520286,17.487781036168133
43.989380409636915,56,80,1,0.009000000000000001,0.00018196201777162028,56.039433570083986,641.9301094321557,1.4142135623730951,43.97189262860075,17.487781036168133
43.99938040963691,67,60,1,0.009000000000000001,0.003945914723192052,67.09375626788244,480.84727663699346,1.4142135623730951,43.978764573859785,20.6158357771261
44.04121569921916,40,74,0,0.04684864478808122,0.05205404976453469,40.47984709746631,592.3055379893841,1.0,44.022789501760705,18.426197458455523
44.081006262886376,75,84,1,0.025833520196150723,0.040593460694706235,75.0507414632991,676.9966277515655,1.4142135623730951,44.0641440927984,16.86217008797654
44.093269748983694,66,57,0,0.0165932624151833,0.018436958239092555,66.16143284363827,459.32188287079015,1.0,44.07218470499542,21.085043988269796
44.10971017421543,61,62,1,0.014600907194872554,0.022943112197710745,61.82722058662287,497.72900018419995,1.4142135623730951,44.089407143912396,20.303030303030305
44.11170670722279,57,92,0,0.07328639982803288,0.08142933314225875,57.19794913108497,741.9332259176716,1.0,44.09609575903119,15.610948191593351
44.125933404431954,56,73,1,0.009000000000000001,0.005453907866916876,56.30636817076924,586.041127481448,1.4142135623730951,44.107350804236454,18.58260019550342
44.13593340443195,68,71,1,0.027232315885510026,0.04279145606679618,68.93553375263272,569.4117412114036,1.4142135623730951,44.117037998762356,18.89540566959922
44.16619153319363,69,105,1,0.05799839325806084,0.09113568260155325,69.27163653810882,840.4475802723762,1.4142135623730951,44.15261382058366,13.577712609970675
44.19313604036505,59,75,0,0.02047607631989946,0.0227511959109994,59.5975223443641,603.8740525013661,1.0,44.17486624564364,18.269794721407624
44.215887236276046,52,91,0,0.009000000000000001,0.005274162223598122,52.29242074735842,728.2048017503284,1.0,44.200119885347405,15.76735092864125
44.225887236276044,85,54,0,0.09573327191960203,0.10637030213289114,85.85198010100655,434.2252262830084,1.0,44.20433298407663,21.55425219941349
44.23063419236926,82,66,1,0.009000000000000001,0.001526356412723052,82.64186540111535,528.5313460946044,1.4142135623730951,44.210956773014416,19.67741935483871
44.24063419236926,71,107,1,0.01194305058841802,0.01876669346472082,71.1585251532044,859.6040155268627,1.4142135623730951,44.22736928523338,13.264907135874878
44.25390424857861,47,71,1,0.010524373836583556,0.01653745801686781,47.50942172091821,571.0663000559475,1.4142135623730951,44.23500884290901,18.89540566959922
44.26559799728592,51,71,1,0.062209290168236835,0.09775246873502642,51.36177431312518,575.8249361709527,1.4142135623730951,44.24670259161633,18.89540566959922
44.33225753840893,67,57,0,0.014599246214061407,0.01622138468229045,67.48628348198915,458.1792425822479,1.0,44.31117249442066,21.085043988269796
44.33471943080619,21,85,1,0.04587667218415597,0.07208823555486434,16.50159329587502,684.4777416409254,1.4142135623730951,44.31801366345526,16.705767350928642
44.34847892309122,62,54,0,0.02561768554432391,0.028464095049248787,62.69746619306859,438.40152415721076,1.0,44.326924670891806,21.55425219941349
44.38569351101081,51,77,1,0.02742011443815775,0.043086553022516676,51.88311941197736,616.8471656601901,1.4142135623730951,44.3677365217635,17.956989247311828
44.39008264567242,66,88,0,0.013937028112229423,0.015485586791366024,66.04950585367922,705.9155100516107,1.0,44.37384608653264,16.236559139784944
44.41616030483098,76,72,1,0.036026065778982874,0.05660950091509203,76.0030513256406,581.6276758379051,1.4142135623730951,44.39742130189843,18.73900293255132
44.41959441387024,43,92,0,0.009000000000000001,0.00335726790106083,43.960697168717616,737.9114625520368,1.0,44.40398346567865,15.610948191593351
44.42959441387024,33,54,0,0.028982123288718784,0.03220235920968754,33.19581402990228,435.05406982062846,1.0,44.408040161670826,21.55425219941349
44.45618926680763,62,96,1,0.03015685644798142,0.04738692820808205,62.39471654111855,770.8136437259444,1.4142135623730951,44.441203929564224,14.985337243401759
44.461796773079925,54,101,0,0.013579799401333092,0.015088666001481213,54.344337462986125,813.651074868623,1.0,44.44759344952176,14.203323558162268
44.48969688508316,68,102,1,0.03122009501539045,0.04905764643260204,68.57112581578171,822.5198244483213,1.4142135623730951,44.47564996426205,14.04692082111437
44.4968854390814,75,95,0,0.01884636656857282,0.020940407298414246,75.27235871473128,765.7431798515579,1.0,44.48174369910095,15.141739980449657
44.517825846379814,65,108,0,0.08566828249303807,0.09518698054782007,65.30321794798014,867.1520570837451,1.0,44.504717341980985,13.10850439882698
44.52438587954471,58,92,1,0.009595866564177694,0.015078449597536231,58.13359015340372,736.8781148920449,1.4142135623730951,44.508774931353116,15.610948191593351
44.53504795350491,51,96,1,0.011426000773975724,0.01795422806471328,51.464589565872096,774.4815754301992,1.4142135623730951,44.520062616261505,14.985337243401759
44.54774350992044,42,96,1,0.009000000000000001,0.013247496877579285,42.96799956284745,774.6847183224785,1.4142135623730951,44.532758172677035,14.985337243401759
44.557743509920435,67,62,1,0.015063278739378598,0.02366965898559501,67.3185816761128,502.0321942733003,1.4142135623730951,44.5374404796174,20.303030303030305
44.58448048629752,84,94,1,0.06528468584282225,0.10258498681576225,84.97202743860679,757.562509908444,1.4142135623730951,44.569182343580025,15.298142717497555
44.61301282692764,56,89,0,0.06701285350125961,0.07445872611251068,56.1610415749537,717.7071784309549,1.0,44.5969326705249,16.080156402737046
44.65701902612288,46,106,1,0.060133622655902975,0.09449087190511556,46.73762280084348,848.9776080925096,1.4142135623730951,44.64359771624996,13.421309872922777
44.68747155304015,81,83,0,0.026831727172013348,0.029813030191125942,81.96681468400949,665.6470091754659,1.0,44.670452980215124,17.01857282502444
44.717284583231276,51,76,0,0.030549423617516308,0.033943804019462565,51.57618096940081,614.2289519243977,1.0,44.69917119124692,18.113391984359726
44.723834162407215,21,94,1,0.014214753773782472,0.02233633063630812,21.173750516937005,753.6394559528336,1.4142135623730951,44.70853601968972,15.298142717497555
44.73962833326697,44,62,1,0.009000000000000001,0.008717503420990548,44.461335224813155,502.99001793848083,1.4142135623730951,44.71932530296394,20.303030303030305
44.74962833326697,57,52,1,0.009000000000000001,2.831581691708751e-05,57.801621964624815,419.6325258243301,1.4142135623730951,44.72776127559346,21.867057673509287
44.75122838725074,55,102,0,0.035502062287157174,0.03944673587461908,55.5210489358556,816.4648577871139,1.0,44.737181466429625,14.04692082111437
44.75962833326697,71,102,1,0.07225662940001895,0.11354033918763702,71.29023472929086,819.5498493998058,1.4142135623730951,44.74558141244585,14.04692082111437
44.79067512312536,64,102,0,0.020983688055678473,0.023315208950753858,64.11041029008128,822.3329545451122,1.0,44.776628202304245,14.04692082111437
44.813990332076116,70,65,0,0.015238941077637456,0.016932156752930506,70.9835176069898,525.5846337742007,1.0,44.79415650998423,19.83382209188661
44.830922488829046,56,80,0,0.05020005397523349,0.055777837750259435,56.79911672089277,642.0102862547021,1.0,44.81343470779288,17.487781036168133
44.83991347704477,42,59,1,0.015273057079682848,0.023999293845539893,42.18801897392342,476.5722500419781,1.4142135623730951,44.81914123853059,20.772238514174
44.85688354046664,82,98,1,0.024864913101274495,0.039071441483389834,82.7807752907519,784.8733114285435,1.4142135623730951,44.84221100869733,14.672531769305962
44.88670032657931,70,70,0,0.019487062571880744,0.021652291746534158,70.09414806742559,562.6055981381056,1.0,44.867648518172665,19.05180840664712
44.88451122169028,69,85,1,0.07074364353431707,0.11116291126435436,69.87588767883736,686.781640013355,1.4142135623730951,44.867805454339354,16.705767350928642
44.90835261832584,33,66,0,0.009000000000000001,0.0012018377136818021,33.53106136084429,535.999302672178,1.0,44.888675198971,19.67741935483871
44.91835261832584,82,71,0,0.009000000000000001,0.00019198429337486192,82.61450338370526,572.9030492052125,1.0,44.899457212656245,18.89540566959922
44.92835261832584,49,100,0,0.03002347945482133,0.03335942161646814,49.617716818846645,802.7150215229896,1.0,44.91399289203063,14.359726295210166
44.961712039942306,80,66,0,0.07918761831710033,0.08798624257455592,80.20004585632299,532.9642253160594,1.0,44.942034620587464,19.67741935483871
44.96311527006174,51,106,1,0.009000000000000001,0.012540152247065338,51.42938621374085,848.6986591607931,1.4142135623730951,44.94969396018882,13.421309872922777
44.97311527006174,62,70,1,0.009000000000000001,0.00381390667711373,62.94845321463697,563.9214189429091,1.4142135623730951,44.954063461655096,19.05180840664712
44.98311527006174,35,79,1,0.03229271129483505,0.05074310030994951,35.316110789372786,636.7178296875107,1.4142135623730951,44.965471086288524,17.64418377321603
45.018996060389334,82,71,1,0.03680733633619434,0.0578371491571934,82.58317787858742,570.002193029946,1.4142135623730951,45.00010065471974,18.89540566959922
45.049698282516864,52,51,0,0.12525206145919887,0.13916895717688763,52.884818371447906,412.8847993821756,1.0,45.027674822106306,22.023460410557185
45.059893100762885,61,102,1,0.038900279222127625,0.06112589161781466,61.45455265141275,823.7738165273681,1.4142135623730951,45.04584617994177,14.04692082111437
45.103115633231916,57,76,1,0.009000000000000001,0.006020101467906559,57.8356808604489,615.1732661861002,1.4142135623730951,45.08500224124756,18.113391984359726
45.113115633231914,64,89,1,0.009000000000000001,0.005427667975641189,64.71719208725108,717.6616733541605,1.4142135623730951,45.09703547682918,16.080156402737046
45.12311563323191,87,63,1,0.009000000000000001,0.006562856207861183,87.57151061942454,505.87293102620976,1.4142135623730951,45.102969005665926,20.146627565982406
45.13311563323191,69,103,1,0.009000000000000001,0.001271487786399792,69.45223164641791,828.9674569986644,1.4142135623730951,45.11922511514784,13.890518084066471
45.14311563323191,31,77,1,0.02098951961364207,0.03298184811700967,31.84921903975895,617.6981616998758,1.4142135623730951,45.1251586439846,17.956989247311828
45.16643732169151,64,82,1,0.05842434247037686,0.09180499721593043,64.99860054783643,663.7939866360828,1.4142135623730951,45.14926234612944,17.174975562072337
45.18886723969375,79,57,0,0.02497910109760653,0.027754556775118365,79.23545211173405,460.1937893945445,1.0,45.16778219570548,21.085043988269796
45.21662179646887,76,61,0,0.07530846765090388,0.08367607516767098,76.31609764850622,490.5916395250414,1.0,45.19616236342879,20.459433040078203
45.231353257769705,62,53,1,0.009000000000000001,0.008988764346439028,62.54767045873545,426.413343182361,1.4142135623730951,45.20964260283324,21.71065493646139
45.2413532577697,54,83,1,0.02472278385867747,0.03884810692506702,54.493943910274915,666.2354539419487,1.4142135623730951,45.22433468494468,17.01857282502444
45.268823017612675,49,87,1,0.015866671596629283,0.024932069068525672,49.42766743503026,700.291598493568,1.4142135623730951,45.25243005573584,16.392961876832846
45.286452652720044,81,110,1,0.009000000000000001,0.005454842249873086,81.87037913346487,884.9094323168924,1.4142135623730951,45.27365695379531,12.795698924731184
45.29645265272004,37,107,1,0.024830865347126425,0.03901794059929589,37.55701268885997,861.301878546979,1.4142135623730951,45.283187745584165,13.264907135874878
45.32404250310574,40,91,1,0.027423122740916024,0.04309128011425054,40.882606762514655,733.3428259462565,1.4142135623730951,45.308275152177096,15.76735092864125
45.329543557713166,44,60,0,0.014577297622360878,0.01619699735817875,44.57135211740812,480.11280048825313,1.0,45.30892772193604,20.6158357771261
45.345740555071345,82,106,0,0.009000000000000001,0.005623752323132647,82.44153350138339,848.9823234238943,1.0,45.33231924519842,13.421309872922777
45.35574055507134,52,74,0,0.009000000000000001,0.002636348798988282,52.860170964204485,596.5519537797005,1.0,45.33731435761289,18.426197458455523
45.35451263948453,65,87,1,0.01864355613290595,0.029295522148910763,65.69325456918344,701.2345852286333,1.4142135623730951,45.3381196776077,16.392961876832846
45.36574055507134,43,64,0,0.009000000000000001,0.0031690020440623993,43.00996422184656,516.906416546532,1.0,45.3457503302424,19.990224828934508
45.37522770185443,29,82,1,0.012847401128181496,0.020187743240801862,29.130498699048673,659.6563463211517,1.4142135623730951,45.35805272629236,17.174975562072337
45.38574055507134,54,104,0,0.09926763987488636,0.11029737763876263,54.395068826037445,834.204761973467,1.0,45.372006439724316,13.734115347018573
45.39950259199685,58,91,1,0.009000000000000001,0.006165628172616673,58.096789288467086,729.1537197530309,1.4142135623730951,45.38373524106821,15.76735092864125
45.40950259199685,47,67,1,0.010992145690871875,0.017272490572902203,47.610237329602256,538.3770659756543,1.4142135623730951,45.38998157537906,19.521016617790814
45.42171608720893,68,107,1,0.015594875670243159,0.02450498297375565,68.26181602675146,861.322569801786,1.4142135623730951,45.40845118007305,13.264907135874878
45.439043726842534,57,70,1,0.013324265441719635,0.020937063218154497,57.079850064630044,563.9419970091293,1.4142135623730951,45.41999191843589,19.05180840664712
45.453848466222226,59,71,1,0.02550875757029064,0.040083145461324875,59.55387518766924,568.1616971351668,1.4142135623730951,45.43495306055263,18.89540566959922
45.48219153018922,51,50,1,0.04834923445204695,0.07597349232493479,51.808334958921456,406.00151363634126,1.4142135623730951,45.46001166704161,22.179863147605083
45.4960379327101,52,76,0,0.07046939112866771,0.07829932347629745,52.390928841092816,609.8136914034052,1.0,45.477924540725745,18.113391984359726
45.535912901802604,58,55,1,0.015364815730351356,0.024143478654695957,58.408207266460025,442.7015150813608,1.4142135623730951,45.514515052340236,21.397849462365592
45.552984919280775,85,82,1,0.06858121828325572,0.10776498780027768,85.56976508892203,659.005215688049,1.4142135623730951,45.535809943718704,17.174975562072337
45.574337256186396,61,74,0,0.009000000000000001,0.0015584622934377002,61.25221688279776,596.4475544465895,1.0,45.55591105872794,18.426197458455523
45.584337256186394,52,86,0,0.009000000000000001,0.0008721276503882129,52.20037367388717,691.6261961562784,1.0,45.567787891572515,16.549364613880744
45.59433725618639,49,52,0,0.009000000000000001,0.00034100686987254697,49.84993795127979,420.12900150461604,1.0,45.57247019851288,21.867057673509287
45.60433725618639,75,74,0,0.02396485441542964,0.026627616017144043,75.06889363689736,598.8422072165274,1.0,45.58591105872794,18.426197458455523
45.629186272928834,58,76,1,0.01818311946468381,0.028572015725784505,58.50045330274645,614.574745979161,1.4142135623730951,45.61107288094448,18.113391984359726
45.630964872203535,33,94,0,0.09833431442390954,0.10926034935989949,33.99260468274498,754.7194323169874,1.0,45.61566672948604,15.298142717497555
45.6493897390007,36,56,1,0.009000000000000001,0.002335468337036468,36.06544858665475,453.0801767737336,1.4142135623730951,45.628148292275384,21.241446725317694
45.6593897390007,49,81,1,0.0346881985896195,0.05450724544414575,49.274051690438604,652.4557256250696,1.4142135623730951,45.64205836070158,17.331378299120235
45.69793218187806,50,53,1,0.027955165677273727,0.0439273049324304,50.85148855692116,430.97325928949397,1.4142135623730951,45.676221526941596,21.71065493646139
45.72899347707503,77,66,1,0.016417666079740403,0.025797873369424004,77.6631708715438,531.2041882446509,1.4142135623730951,45.70931605772019,19.67741935483871
45.74723532827474,56,52,1,0.010456325244780637,0.016430529970836612,56.81132058017148,419.9612662818756,1.4142135623730951,45.72536827060123,21.867057673509287
45.740225221563435,65,106,0,0.009000000000000001,0.009502700262861053,65.11429035332439,852.1216457037826,1.0,45.72680391169051,13.421309872922777
45.75022522156343,50,76,0,0.012678089786263294,0.014086766429181437,50.546721702035896,613.0606189761154,1.0,45.732111829579075,18.113391984359726
45.75885346743561,85,70,1,0.011381873801025122,0.017884889216254155,85.26869619025348,566.2133460871826,1.4142135623730951,45.73980165902896,19.05180840664712
45.76431198799261,61,100,0,0.04822085441172313,0.053578727124136805,61.048939007109595,802.824402681671,1.0,45.7499522616974,14.359726295210166
45.77149999388119,87,56,1,0.009000000000000001,0.011373453292066257,87.65848038002926,453.311809468299,1.4142135623730951,45.75025854715587,21.241446725317694
45.78149999388119,63,110,1,0.009000000000000001,0.013708988964278709,63.2612486353007,883.1371488740929,1.4142135623730951,45.76870429495646,12.795698924731184
45.79149999388119,55,104,1,0.06699423626193184,0.10527128613605713,55.10064766371649,832.5355496876969,1.4142135623730951,45.77776587853417,13.734115347018573
45.81789071511675,69,108,0,0.009000000000000001,0.00762040071208065,69.5349239512644,865.1992100846628,1.0,45.80478221071792,13.10850439882698
45.827890715116745,51,78,0,0.009000000000000001,0.0030065766859126027,51.76876299877772,625.0293197131126,1.0,45.81009012860648,17.80058651026393
45.83789071511674,70,53,0,0.01111497418670913,0.0123499713185657,70.16039282529633,425.6469244906078,1.0,45.81618006018028,21.71065493646139
45.850240686435306,48,77,0,0.018314863727119938,0.02034984858568882,48.37448715864414,621.05351733986,1.0,45.832283697188,17.956989247311828
45.865938034172224,44,89,1,0.017531562075241716,0.02754819206265849,44.03667734496739,715.3852100863103,1.4142135623730951,45.84985787776949,16.080156402737046
45.88541754758916,74,80,1,0.011610958357773213,0.01824486086856902,74.92816833716098,641.0086698884662,1.4142135623730951,45.86792976655299,17.487781036168133
45.882802579844814,24,100,0,0.02291280623824109,0.025458673598045656,24.44621279901282,802.7161646499932,1.0,45.8684428535496,14.359726295210166
45.898318612431126,45,107,1,0.027070279363783256,0.042536840237212,45.54624833204938,862.3208955643183,1.4142135623730951,45.88505370529525,13.264907135874878
45.90826125344286,57,66,0,0.038550252276328495,0.042833613640365,57.42078097633086,534.0871838724566,1.0,45.88858383408802,19.67741935483871
45.928396700613106,42,80,1,0.009000000000000001,0.0017360022463748,42.67701030488125,642.8171492066701,1.4142135623730951,45.91090891957694,17.487781036168133
45.938396700613104,73,65,1,0.046575796742560294,0.0731868038129571,73.90300328627937,524.8720896146776,1.4142135623730951,45.918562878521215,19.83382209188661
45.96453390030543,83,62,0,0.030739190395189086,0.03415465599465454,83.51694196794708,496.7176714782413,1.0,45.9442308700024,20.303030303030305
45.99014758588262,93,103,1,0.009000000000000001,0.012614719862357805,93.06343453943461,826.0242079023465,1.4142135623730951,45.97625706779855,13.890518084066471
45.99868855630009,47,66,0,0.027697656214026707,0.030775173571140787,47.10749940299735,529.9140689701497,1.0,45.979011136945246,19.67741935483871
46.0,53,80,0,0.06,0.2,65.60560489696466,640.0,3.0,45.982512218963834,17.487781036168133
46.0,67,80,1,0.045000000000000005,0.2,68.77840150034967,640.0,4.0,45.982512218963834,17.487781036168133
46.05,47,80,1,0.045000000000000005,0.2,47.47481574715523,640.0,4.0,46.03251221896383,17.487781036168133
46.06666666666667,69,80,0,0.06,0.2,82.51723555578042,640.0,3.0,46.0491788856305,17.487781036168133
46.099999999999994,35,80,1,0.045000000000000005,0.2,35.938941282449946,640.0,4.0,46.08251221896383,17.487781036168133
46.13333333333334,47,80,0,0.06,0.2,59.16525765610486,640.0,3.0,46.11584555229717,17.487781036168133
46.14999999999999,64,80,1,0.045000000000000005,0.2,64.56943524975367,640.0,4.0,46.132512218963825,17.487781036168133
46.19999999999999,60,80,1,0.045000000000000005,0.2,61.94925778962172,640.0,4.0,46.18251221896382,17.487781036168133
46.20000000000001,50,80,0,0.06,0.2,63.14645640004259,640.0,3.0,46.18251221896384,17.487781036168133
46.249999999999986,50,80,1,0.045000000000000005,0.2,51.27833274560456,640.0,4.0,46.23251221896382,17.487781036168133
46.26666666666668,41,80,0,0.06,0.2,54.095543330708864,640.0,3.0,46.24917888563051,17.487781036168133
46.29999999999998,52,80,1,0.045000000000000005,0.2,52.11568319423256,640.0,4.0,46.28251221896382,17.487781036168133
46.33333333333335,48,80,0,0.06,0.2,61.450009300816404,640.0,3.0,46.31584555229718,17.487781036168133
46.34999999999998,52,80,1,0.045000000000000005,0.2,52.2420502429226,640.0,4.0,46.332512218963814,17.487781036168133
46.39999999999998,60,80,1,0.045000000000000005,0.2,60.88428253979152,640.0,4.0,46.38251221896381,17.487781036168133
46.40000000000002,50,80,0,0.06,0.2,63.68217299985843,640.0,3.0,46.38251221896385,17.487781036168133
46.449999999999974,53,80,1,0.045000000000000005,0.2,54.98947779053594,640.0,4.0,46.43251221896381,17.487781036168133
46.46666666666669,48,80,0,0.06,0.2,61.5587387221611,640.0,3.0,46.44917888563052,17.487781036168133
46.49999999999997,62,80,1,0.045000000000000005,0.2,63.952511351804155,640.0,4.0,46.482512218963805,17.487781036168133
46.53333333333336,38,80,0,0.06,0.2,51.84243744232914,640.0,3.0,46.51584555229719,17.487781036168133
46.54999999999997,36,80,1,0.045000000000000005,0.2,37.162986696764875,640.0,4.0,46.5325122189638,17.487781036168133
46.599999999999966,53,80,1,0.045000000000000005,0.2,53.145185078977605,640.0,4.0,46.5825122189638,17.487781036168133
46.60000000000003,48,80,0,0.06,0.2,61.65089417060361,640.0,3.0,46.58251221896386,17.487781036168133
46.64999999999996,50,80,1,0.045000000000000005,0.2,50.9915683127116,640.0,4.0,46.6325122189638,17.487781036168133
46.6666666666667,59,80,0,0.06,0.2,71.69756750974109,640.0,3.0,46.64917888563053,17.487781036168133
46.69999999999996,57,80,1,0.045000000000000005,0.2,57.94927457302006,640.0,4.0,46.682512218963794,17.487781036168133
46.73333333333337,50,80,0,0.06,0.2,63.58908611611622,640.0,3.0,46.7158455522972,17.487781036168133
46.74999999999996,55,80,1,0.045000000000000005,0.2,55.69561793207889,640.0,4.0,46.73251221896379,17.487781036168133
46.799999999999955,65,80,1,0.045000000000000005,0.2,66.38275023916613,640.0,4.0,46.78251221896379,17.487781036168133
46.80000000000004,55,80,0,0.06,0.2,67.69589751257473,640.0,3.0,46.78251221896387,17.487781036168133
46.84999999999995,45,80,1,0.045000000000000005,0.2,45.12530582671954,640.0,4.0,46.832512218963785,17.487781036168133
46.89999999999995,60,80,1,0.045000000000000005,0.2,60.363931810646015,640.0,4.0,46.88251221896378,17.487781036168133
46.93333333333338,53,80,0,0.06,0.2,65.99920191538969,640.0,3.0,46.91584555229721,17.487781036168133
46.949999999999946,64,80,1,0.045000000000000005,0.2,64.46669138569365,640.0,4.0,46.93251221896378,17.487781036168133
46.99999999999994,74,80,1,0.045000000000000005,0.2,74.85317949249564,640.0,4.0,46.98251221896378,17.487781036168133
47.00000000000005,50,80,0,0.06,0.2,62.23414270573221,640.0,3.0,46.98251221896388,17.487781036168133
47.04999999999994,55,80,1,0.045000000000000005,0.2,56.1458722312522,640.0,4.0,47.032512218963774,17.487781036168133
47.06666666666672,40,80,0,0.06,0.2,52.392714162502145,640.0,3.0,47.04917888563055,17.487781036168133
47.09999999999994,62,80,1,0.045000000000000005,0.2,62.59566883482014,640.0,4.0,47.08251221896377,17.487781036168133
47.13333333333339,50,80,0,0.06,0.2,62.548168038391,640.0,3.0,47.11584555229722,17.487781036168133
47.149999999999935,45,80,1,0.045000000000000005,0.2,45.56909765950108,640.0,4.0,47.13251221896377,17.487781036168133
47.19999999999993,40,80,1,0.045000000000000005,0.2,40.86435036549581,640.0,4.0,47.182512218963765,17.487781036168133
47.24999999999993,65,80,1,0.045000000000000005,0.2,66.7581950062536,640.0,4.0,47.23251221896376,17.487781036168133
47.26666666666673,41,80,0,0.06,0.2,54.93695780092166,640.0,3.0,47.24917888563056,17.487781036168133
47.299999999999926,59,80,1,0.045000000000000005,0.2,59.95551765081544,640.0,4.0,47.28251221896376,17.487781036168133
47.3333333333334,48,80,0,0.06,0.2,61.514626458338995,640.0,3.0,47.31584555229723,17.487781036168133
47.34999999999992,69,80,1,0.045000000000000005,0.2,69.42810151838738,640.0,4.0,47.33251221896376,17.487781036168133
47.39999999999992,48,80,1,0.045000000000000005,0.2,49.01277688824201,640.0,4.0,47.382512218963754,17.487781036168133
47.40000000000007,50,80,0,0.06,0.2,62.37795418704099,640.0,3.0,47.3825122189639,17.487781036168133
47.44999999999992,64,80,1,0.045000000000000005,0.2,64.15921711623002,640.0,4.0,47.43251221896375,17.487781036168133
47.46666666666674,38,80,0,0.06,0.2,50.486140279382965,640.0,3.0,47.44917888563057,17.487781036168133
47.499999999999915,74,80,1,0.045000000000000005,0.2,74.95054272435083,640.0,4.0,47.48251221896375,17.487781036168133
47.53333333333341,55,80,0,0.06,0.2,68.43188616946301,640.0,3.0,47.51584555229724,17.487781036168133
47.54999999999991,62,80,1,0.045000000000000005,0.2,63.357644866858124,640.0,4.0,47.532512218963745,17.487781036168133
47.59999999999991,62,80,1,0.045000000000000005,0.2,62.21265204472839,640.0,4.0,47.58251221896374,17.487781036168133
47.60000000000008,52,80,0,0.06,0.2,64.57605022640378,640.0,3.0,47.58251221896391,17.487781036168133
47.649999999999906,60,80,1,0.045000000000000005,0.2,60.068448646594796,640.0,4.0,47.63251221896374,17.487781036168133
47.66666666666675,41,80,0,0.06,0.2,54.36217251511293,640.0,3.0,47.64917888563058,17.487781036168133
47.6999999999999,47,80,1,0.045000000000000005,0.2,47.4329483429927,640.0,4.0,47.68251221896374,17.487781036168133
47.73333333333342,35,80,0,0.06,0.2,47.699321628406594,640.0,3.0,47.71584555229725,17.487781036168133
47.7499999999999,69,80,1,0.045000000000000005,0.2,70.84458348568279,640.0,4.0,47.732512218963734,17.487781036168133
47.7999999999999,55,80,1,0.045000000000000005,0.2,55.11313888155947,640.0,4.0,47.78251221896373,17.487781036168133
47.80000000000009,45,80,0,0.06,0.2,58.84076336734855,640.0,3.0,47.78251221896392,17.487781036168133
47.849999999999895,64,80,1,0.045000000000000005,0.2,64.03586605106413,640.0,4.0,47.83251221896373,17.487781036168133
47.86666666666676,43,80,0,0.06,0.2,56.43245028911072,640.0,3.0,47.84917888563059,17.487781036168133
47.89999999999989,47,80,1,0.045000000000000005,0.2,47.49572554742997,640.0,4.0,47.882512218963726,17.487781036168133
47.93333333333343,48,80,0,0.06,0.2,60.90512365642418,640.0,3.0,47.91584555229726,17.487781036168133
47.94999999999989,50,80,1,0.045000000000000005,0.2,50.56432268393776,640.0,4.0,47.93251221896372,17.487781036168133
47.999999999999886,71,80,1,0.045000000000000005,0.2,71.48069919377788,640.0,4.0,47.98251221896372,17.487781036168133
48.0000000000001,45,80,0,0.06,0.2,57.09506671075547,640.0,3.0,47.98251221896393,17.487781036168133
48.04999999999988,57,80,1,0.045000000000000005,0.2,57.22158168833726,640.0,4.0,48.03251221896372,17.487781036168133
48.06666666666677,31,80,0,0.06,0.2,43.94034511403992,640.0,3.0,48.0491788856306,17.487781036168133
48.09999999999988,71,80,1,0.045000000000000005,0.2,71.62620380834036,640.0,4.0,48.082512218963714,17.487781036168133
48.13333333333344,43,80,0,0.06,0.2,56.893224493590736,640.0,3.0,48.11584555229727,17.487781036168133
48.14999999999988,59,80,1,0.045000000000000005,0.2,59.37415472753186,640.0,4.0,48.13251221896371,17.487781036168133
48.199999999999875,45,80,1,0.045000000000000005,0.2,45.26481781633714,640.0,4.0,48.18251221896371,17.487781036168133
48.24999999999987,67,80,1,0.045000000000000005,0.2,67.13654079785377,640.0,4.0,48.232512218963706,17.487781036168133
48.26666666666678,53,80,0,0.06,0.2,65.06928819819247,640.0,3.0,48.24917888563061,17.487781036168133
48.29999999999987,55,80,1,0.045000000000000005,0.2,55.28086145795514,640.0,4.0,48.2825122189637,17.487781036168133
48.33333333333345,41,80,0,0.06,0.2,54.414402603111604,640.0,3.0,48.31584555229728,17.487781036168133
48.349999999999866,65,80,1,0.045000000000000005,0.2,65.58951050813634,640.0,4.0,48.3325122189637,17.487781036168133
48.399999999999864,60,80,1,0.045000000000000005,0.2,60.201686940320656,640.0,4.0,48.3825122189637,17.487781036168133
48.44999999999986,47,80,1,0.045000000000000005,0.2,47.655054176457035,640.0,4.0,48.432512218963694,17.487781036168133
48.46666666666679,31,80,0,0.06,0.2,44.70687559478594,640.0,3.0,48.44917888563062,17.487781036168133
48.49999999999986,60,80,1,0.045000000000000005,0.2,61.31435812296455,640.0,4.0,48.48251221896369,17.487781036168133
48.53333333333346,57,80,0,0.06,0.2,70.489339982421,640.0,3.0,48.51584555229729,17.487781036168133
48.549999999999855,77,80,1,0.045000000000000005,0.2,77.5697851372224,640.0,4.0,48.53251221896369,17.487781036168133
48.59999999999985,62,80,1,0.045000000000000005,0.2,63.943891668115675,640.0,4.0,48.582512218963686,17.487781036168133
48.60000000000013,45,80,0,0.06,0.2,58.205448232975165,640.0,3.0,48.58251221896396,17.487781036168133
48.64999999999985,59,80,1,0.045000000000000005,0.2,59.539857975956295,640.0,4.0,48.63251221896368,17.487781036168133
48.6666666666668,53,80,0,0.06,0.2,66.87667897874844,640.0,3.0,48.64917888563063,17.487781036168133
48.69999999999985,67,80,1,0.045000000000000005,0.2,68.60274721565519,640.0,4.0,48.68251221896368,17.487781036168133
48.73333333333347,48,80,0,0.06,0.2,60.63841187246987,640.0,3.0,48.7158455522973,17.487781036168133
48.749999999999844,60,80,1,0.045000000000000005,0.2,61.685347721624886,640.0,4.0,48.73251221896368,17.487781036168133
48.79999999999984,60,80,1,0.045000000000000005,0.2,61.676273842102354,640.0,4.0,48.782512218963674,17.487781036168133
48.80000000000014,57,80,0,0.06,0.2,69.11644428820375,640.0,3.0,48.78251221896397,17.487781036168133
48.84999999999984,50,80,1,0.045000000000000005,0.2,51.26699862272718,640.0,4.0,48.83251221896367,17.487781036168133
48.86666666666681,43,80,0,0.06,0.2,56.90110428357751,640.0,3.0,48.84917888563064,17.487781036168133
48.899999999999835,60,80,1,0.045000000000000005,0.2,61.870784206316785,640.0,4.0,48.88251221896367,17.487781036168133
48.93333333333348,38,80,0,0.06,0.2,51.2110365985775,640.0,3.0,48.91584555229731,17.487781036168133
48.94999999999983,67,80,1,0.045000000000000005,0.2,68.28354733133555,640.0,4.0,48.932512218963666,17.487781036168133
48.99999999999983,53,80,1,0.045000000000000005,0.2,53.3115027831998,640.0,4.0,48.98251221896366,17.487781036168133
49.00000000000015,59,80,0,0.06,0.2,71.3640342981685,640.0,3.0,48.98251221896398,17.487781036168133
49.04999999999983,71,80,1,0.045000000000000005,0.2,71.39596656997558,640.0,4.0,49.03251221896366,17.487781036168133
49.06666666666682,47,80,0,0.06,0.2,59.09215483294287,640.0,3.0,49.04917888563065,17.487781036168133
49.099999999999824,59,80,1,0.045000000000000005,0.2,59.26635180683899,640.0,4.0,49.08251221896366,17.487781036168133
49.13333333333349,48,80,0,0.06,0.2,61.77246778899369,640.0,3.0,49.11584555229732,17.487781036168133
49.14999999999982,52,80,1,0.045000000000000005,0.2,52.89784390769167,640.0,4.0,49.132512218963655,17.487781036168133
49.19999999999982,67,80,1,0.045000000000000005,0.2,67.98105661536195,640.0,4.0,49.18251221896365,17.487781036168133
49.20000000000016,57,80,0,0.06,0.2,69.87801531235836,640.0,3.0,49.18251221896399,17.487781036168133
49.249999999999815,57,80,1,0.045000000000000005,0.2,57.705646114093845,640.0,4.0,49.23251221896365,17.487781036168133
49.26666666666683,38,80,0,0.06,0.2,51.74435806324452,640.0,3.0,49.24917888563066,17.487781036168133
49.29999999999981,65,80,1,0.045000000000000005,0.2,66.07611909988886,640.0,4.0,49.282512218963646,17.487781036168133
49.3333333333335,52,80,0,0.06,0.2,64.76392718111406,640.0,3.0,49.31584555229733,17.487781036168133
49.34999999999981,57,80,1,0.045000000000000005,0.2,57.665930941931705,640.0,4.0,49.33251221896364,17.487781036168133
49.39999999999981,59,80,1,0.045000000000000005,0.2,59.52139085176077,640.0,4.0,49.38251221896364,17.487781036168133
49.40000000000017,43,80,0,0.06,0.2,55.280841948296874,640.0,3.0,49.382512218964,17.487781036168133
49.449999999999804,62,80,1,0.045000000000000005,0.2,63.94848163467433,640.0,4.0,49.43251221896364,17.487781036168133
49.46666666666684,45,80,0,0.06,0.2,58.942645154845025,640.0,3.0,49.44917888563067,17.487781036168133
49.4999999999998,62,80,1,0.045000000000000005,0.2,62.32717646072005,640.0,4.0,49.482512218963635,17.487781036168133
49.53333333333351,48,80,0,0.06,0.2,60.57823172307431,640.0,3.0,49.51584555229734,17.487781036168133
49.5499999999998,43,80,1,0.045000000000000005,0.2,44.03574575638609,640.0,4.0,49.53251221896363,17.487781036168133
49.599999999999795,50,80,1,0.045000000000000005,0.2,51.030050079244866,640.0,4.0,49.58251221896363,17.487781036168133
49.60000000000018,35,80,0,0.06,0.2,47.99822510842451,640.0,3.0,49.58251221896401,17.487781036168133
49.64999999999979,67,80,1,0.045000000000000005,0.2,67.43527987832653,640.0,4.0,49.632512218963626,17.487781036168133
49.66666666666685,41,80,0,0.06,0.2,53.769303657436524,640.0,3.0,49.64917888563068,17.487781036168133
49.69999999999979,57,80,1,0.045000000000000005,0.2,58.94290728878762,640.0,4.0,49.68251221896362,17.487781036168133
49.74999999999979,55,80,1,0.045000000000000005,0.2,55.810149577828625,640.0,4.0,49.73251221896362,17.487781036168133
49.799999999999784,48,80,1,0.045000000000000005,0.2,49.131407877940205,640.0,4.0,49.78251221896362,17.487781036168133
49.80000000000019,55,80,0,0.06,0.2,67.08952950867837,640.0,3.0,49.78251221896402,17.487781036168133
49.84999999999978,50,80,1,0.045000000000000005,0.2,51.362109429793215,640.0,4.0,49.832512218963615,17.487781036168133
49.86666666666686,47,80,0,0.06,0.2,59.49888338138212,640.0,3.0,49.84917888563069,17.487781036168133
49.89999999999978,43,80,1,0.045000000000000005,0.2,43.825610880304424,640.0,4.0,49.88251221896361,17.487781036168133
49.93333333333353,48,80,0,0.06,0.2,61.944987668103145,640.0,3.0,49.91584555229736,17.487781036168133
49.949999999999775,59,80,1,0.045000000000000005,0.2,59.189754250387736,640.0,4.0,49.93251221896361,17.487781036168133
49.99999999999977,55,80,1,0.045000000000000005,0.2,55.212499355351625,640.0,4.0,49.982512218963606,17.487781036168133
50.0000000000002,45,80,0,0.06,0.2,57.64605995490834,640.0,3.0,49.98251221896403,17.487781036168133
50.04999999999977,52,80,1,0.045000000000000005,0.2,52.26729687211748,640.0,4.0,50.0325122189636,17.487781036168133
50.06666666666687,57,80,0,0.06,0.2,70.85266708662385,640.0,3.0,50.0491788856307,17.487781036168133
50.09999999999977,59,80,1,0.045000000000000005,0.2,59.455012598656374,640.0,4.0,50.0825122189636,17.487781036168133
50.13333333333354,45,80,0,0.06,0.2,58.39717937764669,640.0,3.0,50.11584555229737,17.487781036168133
50.149999999999764,62,80,1,0.045000000000000005,0.2,62.911765046821905,640.0,4.0,50.1325122189636,17.487781036168133
50.19999999999976,76,80,1,0.045000000000000005,0.2,76.74558345767956,640.0,4.0,50.182512218963595,17.487781036168133
50.20000000000021,48,80,0,0.06,0.2,61.85473673707878,640.0,3.0,50.18251221896404,17.487781036168133
50.24999999999976,47,80,1,0.045000000000000005,0.2,47.90493264349429,640.0,4.0,50.23251221896359,17.487781036168133
50.26666666666688,57,80,0,0.06,0.2,69.16824115313652,640.0,3.0,50.24917888563071,17.487781036168133
50.299999999999756,69,80,1,0.045000000000000005,0.2,69.27504834640418,640.0,4.0,50.28251221896359,17.487781036168133
50.33333333333355,41,80,0,0.06,0.2,53.78102812123275,640.0,3.0,50.31584555229738,17.487781036168133
50.34999999999975,67,80,1,0.045000000000000005,0.2,67.78481248812058,640.0,4.0,50.332512218963586,17.487781036168133
50.39999999999975,53,80,1,0.045000000000000005,0.2,53.767258084986395,640.0,4.0,50.38251221896358,17.487781036168133
50.40000000000022,60,80,0,0.06,0.2,72.47031347597515,640.0,3.0,50.38251221896405,17.487781036168133
50.44999999999975,60,80,1,0.045000000000000005,0.2,61.62588763668825,640.0,4.0,50.43251221896358,17.487781036168133
50.46666666666689,35,80,0,0.06,0.2,47.756308722052985,640.0,3.0,50.44917888563072,17.487781036168133
50.499999999999744,55,80,1,0.045000000000000005,0.2,56.33893400529908,640.0,4.0,50.48251221896358,17.487781036168133
50.53333333333356,60,80,0,0.06,0.2,73.0371370489024,640.0,3.0,50.51584555229739,17.487781036168133
50.59999999999974,72,80,1,0.045000000000000005,0.2,72.0730481072364,640.0,4.0,50.58251221896357,17.487781036168133
50.60000000000023,45,80,0,0.06,0.2,57.0185953283842,640.0,3.0,50.58251221896406,17.487781036168133
50.649999999999736,64,80,1,0.045000000000000005,0.2,64.8448498610505,640.0,4.0,50.63251221896357,17.487781036168133
50.6666666666669,45,80,0,0.06,0.2,58.05841001739775,640.0,3.0,50.64917888563073,17.487781036168133
50.69999999999973,64,80,1,0.045000000000000005,0.2,64.06886698586753,640.0,4.0,50.682512218963566,17.487781036168133
50.73333333333357,31,80,0,0.06,0.2,44.87991863053646,640.0,3.0,50.7158455522974,17.487781036168133
50.74999999999973,55,80,1,0.045000000000000005,0.2,56.55752544036286,640.0,4.0,50.732512218963564,17.487781036168133
50.79999999999973,48,80,1,0.045000000000000005,0.2,48.12754668060532,640.0,4.0,50.78251221896356,17.487781036168133
50.80000000000024,43,80,0,0.06,0.2,56.361642260978456,640.0,3.0,50.78251221896407,17.487781036168133
50.849999999999724,57,80,1,0.045000000000000005,0.2,58.332254315676735,640.0,4.0,50.83251221896356,17.487781036168133
50.86666666666691,38,80,0,0.06,0.2,51.681547751784926,640.0,3.0,50.84917888563074,17.487781036168133
50.89999999999972,69,80,1,0.045000000000000005,0.2,69.65286523891132,640.0,4.0,50.882512218963555,17.487781036168133
50.93333333333358,43,80,0,0.06,0.2,55.13882923701222,640.0,3.0,50.91584555229741,17.487781036168133
50.94999999999972,47,80,1,0.045000000000000005,0.2,47.78265714728282,640.0,4.0,50.93251221896355,17.487781036168133
50.999999999999716,50,80,1,0.045000000000000005,0.2,51.55928505458644,640.0,4.0,50.98251221896355,17.487781036168133
51.00000000000025,45,80,0,0.06,0.2,58.901512273688965,640.0,3.0,50.98251221896408,17.487781036168133
51.04999999999971,60,80,1,0.045000000000000005,0.2,61.01014188987254,640.0,4.0,51.03251221896355,17.487781036168133
51.06666666666692,55,80,0,0.06,0.2,67.66233291578324,640.0,3.0,51.04917888563075,17.487781036168133
51.09999999999971,52,80,1,0.045000000000000005,0.2,52.1227617212219,640.0,4.0,51.082512218963544,17.487781036168133
51.13333333333359,48,80,0,0.06,0.2,61.660826811205006,640.0,3.0,51.11584555229742,17.487781036168133
51.14999999999971,53,80,1,0.045000000000000005,0.2,53.6598124230783,640.0,4.0,51.13251221896354,17.487781036168133
51.199999999999704,55,80,1,0.045000000000000005,0.2,56.611211346174585,640.0,4.0,51.18251221896354,17.487781036168133
51.20000000000026,50,80,0,0.06,0.2,62.46141322720891,640.0,3.0,51.18251221896409,17.487781036168133
51.2499999999997,48,80,1,0.045000000000000005,0.2,49.075060766478806,640.0,4.0,51.232512218963535,17.487781036168133
51.26666666666693,38,80,0,0.06,0.2,51.2358448892355,640.0,3.0,51.24917888563076,17.487781036168133
51.2999999999997,52,80,1,0.045000000000000005,0.2,52.20702523026905,640.0,4.0,51.28251221896353,17.487781036168133
51.3333333333336,40,80,0,0.06,0.2,52.95396728317816,640.0,3.0,51.31584555229743,17.487781036168133
51.349999999999696,65,80,1,0.045000000000000005,0.2,65.62742333429847,640.0,4.0,51.33251221896353,17.487781036168133
51.39999999999969,48,80,1,0.045000000000000005,0.2,49.54104174215229,640.0,4.0,51.38251221896353,17.487781036168133
51.40000000000027,62,80,0,0.06,0.2,74.3898001468105,640.0,3.0,51.3825122189641,17.487781036168133
51.44999999999969,47,80,1,0.045000000000000005,0.2,47.2170229240413,640.0,4.0,51.432512218963524,17.487781036168133
51.46666666666694,41,80,0,0.06,0.2,54.11839172189403,640.0,3.0,51.44917888563077,17.487781036168133
51.49999999999969,53,80,1,0.045000000000000005,0.2,54.95980016372884,640.0,4.0,51.48251221896352,17.487781036168133
51.53333333333361,60,80,0,0.06,0.2,73.24966601645836,640.0,3.0,51.51584555229744,17.487781036168133
51.549999999999685,65,80,1,0.045000000000000005,0.2,65.85564402007877,640.0,4.0,51.53251221896352,17.487781036168133
51.59999999999968,57,80,1,0.045000000000000005,0.2,58.424625536024884,640.0,4.0,51.582512218963515,17.487781036168133
51.60000000000028,45,80,0,0.06,0.2,58.05551040895307,640.0,3.0,51.58251221896411,17.487781036168133
51.64999999999968,55,80,1,0.045000000000000005,0.2,56.28335137507506,640.0,4.0,51.63251221896351,17.487781036168133
51.66666666666695,48,80,0,0.06,0.2,60.01830348914803,640.0,3.0,51.64917888563078,17.487781036168133
51.699999999999676,60,80,1,0.045000000000000005,0.2,60.35487038012486,640.0,4.0,51.68251221896351,17.487781036168133
51.73333333333362,55,80,0,0.06,0.2,68.56292128183944,640.0,3.0,51.71584555229745,17.487781036168133
51.74999999999967,45,80,1,0.045000000000000005,0.2,46.03434053712279,640.0,4.0,51.73251221896351,17.487781036168133
51.79999999999967,62,80,1,0.045000000000000005,0.2,63.95764523020026,640.0,4.0,51.782512218963504,17.487781036168133
51.80000000000029,57,80,0,0.06,0.2,70.17513937550925,640.0,3.0,51.78251221896412,17.487781036168133
51.84999999999967,62,80,1,0.045000000000000005,0.2,63.067480251229156,640.0,4.0,51.8325122189635,17.487781036168133
51.86666666666696,47,80,0,0.06,0.2,59.1134995177673,640.0,3.0,51.84917888563079,17.487781036168133
51.899999999999665,55,80,1,0.045000000000000005,0.2,56.72553220723423,640.0,4.0,51.8825122189635,17.487781036168133
51.93333333333363,43,80,0,0.06,0.2,56.89405557182769,640.0,3.0,51.91584555229746,17.487781036168133
51.94999999999966,67,80,1,0.045000000000000005,0.2,68.04739609437134,640.0,4.0,51.932512218963495,17.487781036168133
51.99999999999966,50,80,1,0.045000000000000005,0.2,50.98003120837569,640.0,4.0,51.98251221896349,17.487781036168133
52.0000000000003,47,80,0,0.06,0.2,59.55263641182229,640.0,3.0,51.98251221896413,17.487781036168133
52.049999999999656,69,80,1,0.045000000000000005,0.2,69.02327194602856,640.0,4.0,52.03251221896349,17.487781036168133
52.06666666666697,50,80,0,0.06,0.2,62.70366022585694,640.0,3.0,52.0491788856308,17.487781036168133
52.09999999999965,60,80,1,0.045000000000000005,0.2,61.23594932476201,640.0,4.0,52.08251221896349,17.487781036168133
52.13333333333364,55,80,0,0.06,0.2,67.13042949495804,640.0,3.0,52.11584555229747,17.487781036168133
52.14999999999965,57,80,1,0.045000000000000005,0.2,57.307579280974615,640.0,4.0,52.132512218963484,17.487781036168133
52.19999999999965,59,80,1,0.045000000000000005,0.2,59.84101091705351,640.0,4.0,52.18251221896348,17.487781036168133
52.20000000000031,48,80,0,0.06,0.2,60.033838871953215,640.0,3.0,52.18251221896414,17.487781036168133
52.249999999999645,59,80,1,0.045000000000000005,0.2,59.14188187351247,640.0,4.0,52.23251221896348,17.487781036168133
52.26666666666698,52,80,0,0.06,0.2,64.95109038418524,640.0,3.0,52.24917888563081,17.487781036168133
52.29999999999964,69,80,1,0.045000000000000005,0.2,69.76226317134174,640.0,4.0,52.282512218963475,17.487781036168133
52.33333333333365,60,80,0,0.06,0.2,73.10687785816752,640.0,3.0,52.31584555229748,17.487781036168133
52.34999999999964,50,80,1,0.045000000000000005,0.2,51.38656698023189,640.0,4.0,52.33251221896347,17.487781036168133
52.399999999999636,53,80,1,0.045000000000000005,0.2,53.89984608682721,640.0,4.0,52.38251221896347,17.487781036168133
52.40000000000032,50,80,0,0.06,0.2,63.050476898118276,640.0,3.0,52.38251221896415,17.487781036168133
52.44999999999963,67,80,1,0.045000000000000005,0.2,68.29042313657983,640.0,4.0,52.43251221896347,17.487781036168133
52.46666666666699,50,80,0,0.06,0.2,62.49322284803823,640.0,3.0,52.44917888563082,17.487781036168133
52.49999999999963,55,80,1,0.045000000000000005,0.2,55.23572051852913,640.0,4.0,52.482512218963464,17.487781036168133
52.53333333333366,35,80,0,0.06,0.2,47.84871339927946,640.0,3.0,52.51584555229749,17.487781036168133
52.54999999999963,67,80,1,0.045000000000000005,0.2,67.20426461865273,640.0,4.0,52.53251221896346,17.487781036168133
52.599999999999625,72,80,1,0.045000000000000005,0.2,73.59548786406968,640.0,4.0,52.58251221896346,17.487781036168133
52.60000000000033,26,80,0,0.06,0.2,38.95415890536749,640.0,3.0,52.58251221896416,17.487781036168133
52.64999999999962,55,80,1,0.045000000000000005,0.2,56.78563978446693,640.0,4.0,52.632512218963456,17.487781036168133
52.666666666667,50,80,0,0.06,0.2,63.10700583384135,640.0,3.0,52.64917888563083,17.487781036168133
52.69999999999962,65,80,1,0.045000000000000005,0.2,65.45089861260244,640.0,4.0,52.68251221896345,17.487781036168133
52.73333333333367,47,80,0,0.06,0.2,59.241406149753026,640.0,3.0,52.7158455522975,17.487781036168133
52.749999999999616,50,80,1,0.045000000000000005,0.2,50.77046174928113,640.0,4.0,52.73251221896345,17.487781036168133
52.79999999999961,65,80,1,0.045000000000000005,0.2,66.03786638454247,640.0,4.0,52.78251221896345,17.487781036168133
52.80000000000034,43,80,0,0.06,0.2,55.88173860068206,640.0,3.0,52.78251221896417,17.487781036168133
52.84999999999961,60,80,1,0.045000000000000005,0.2,61.59539188789414,640.0,4.0,52.832512218963444,17.487781036168133
52.86666666666701,48,80,0,0.06,0.2,61.94824163349076,640.0,3.0,52.84917888563084,17.487781036168133
52.89999999999961,62,80,1,0.045000000000000005,0.2,63.78430625728172,640.0,4.0,52.88251221896344,17.487781036168133
52.93333333333368,47,80,0,0.06,0.2,59.516770166424735,640.0,3.0,52.91584555229751,17.487781036168133
52.949999999999605,53,80,1,0.045000000000000005,0.2,54.83542342371684,640.0,4.0,52.93251221896344,17.487781036168133
52.9999999999996,45,80,1,0.045000000000000005,0.2,46.71133267546262,640.0,4.0,52.982512218963436,17.487781036168133
53.00000000000035,57,80,0,0.06,0.2,69.02224200507119,640.0,3.0,52.98251221896418,17.487781036168133
53.0499999999996,64,80,1,0.045000000000000005,0.2,64.02601651799604,640.0,4.0,53.03251221896343,17.487781036168133
53.06666666666702,48,80,0,0.06,0.2,60.688886946071825,640.0,3.0,53.04917888563085,17.487781036168133
53.099999999999596,43,80,1,0.045000000000000005,0.2,43.49277478016437,640.0,4.0,53.08251221896343,17.487781036168133
53.13333333333369,41,80,0,0.06,0.2,54.02461371943866,640.0,3.0,53.11584555229752,17.487781036168133
53.149999999999594,57,80,1,0.045000000000000005,0.2,57.46119606205972,640.0,4.0,53.13251221896343,17.487781036168133
53.19999999999959,67,80,1,0.045000000000000005,0.2,67.52945493135975,640.0,4.0,53.182512218963424,17.487781036168133
53.20000000000036,55,80,0,0.06,0.2,67.9213299116743,640.0,3.0,53.18251221896419,17.487781036168133
53.24999999999959,60,80,1,0.045000000000000005,0.2,61.53518188698429,640.0,4.0,53.23251221896342,17.487781036168133
53.26666666666703,45,80,0,0.06,0.2,58.26295140043038,640.0,3.0,53.24917888563086,17.487781036168133
53.299999999999585,74,80,1,0.045000000000000005,0.2,75.5867411583185,640.0,4.0,53.28251221896342,17.487781036168133
53.3333333333337,52,80,0,0.06,0.2,64.21229346937845,640.0,3.0,53.31584555229753,17.487781036168133
53.34999999999958,67,80,1,0.045000000000000005,0.2,68.20087322065419,640.0,4.0,53.332512218963416,17.487781036168133
53.39999999999958,53,80,1,0.045000000000000005,0.2,54.76881289339539,640.0,4.0,53.38251221896341,17.487781036168133
53.40000000000037,43,80,0,0.06,0.2,56.1807143504576,640.0,3.0,53.3825122189642,17.487781036168133
53.44999999999958,60,80,1,0.045000000000000005,0.2,60.21850703881151,640.0,4.0,53.43251221896341,17.487781036168133
53.46666666666704,41,80,0,0.06,0.2,54.80138491602051,640.0,3.0,53.44917888563087,17.487781036168133
53.499999999999574,59,80,1,0.045000000000000005,0.2,59.62103437964451,640.0,4.0,53.48251221896341,17.487781036168133
53.53333333333371,48,80,0,0.06,0.2,60.67334584148557,640.0,3.0,53.51584555229754,17.487781036168133
53.54999999999957,47,80,1,0.045000000000000005,0.2,47.34258589323098,640.0,4.0,53.532512218963404,17.487781036168133
53.59999999999957,52,80,1,0.045000000000000005,0.2,52.47680866812517,640.0,4.0,53.5825122189634,17.487781036168133
53.60000000000038,48,80,0,0.06,0.2,60.10262914834948,640.0,3.0,53.58251221896421,17.487781036168133
53.649999999999565,55,80,1,0.045000000000000005,0.2,55.51391274416112,640.0,4.0,53.6325122189634,17.487781036168133
53.66666666666705,50,80,0,0.06,0.2,63.838616282934666,640.0,3.0,53.64917888563088,17.487781036168133
53.69999999999956,43,80,1,0.045000000000000005,0.2,43.71023597715251,640.0,4.0,53.682512218963396,17.487781036168133
53.73333333333372,45,80,0,0.06,0.2,57.85083397352206,640.0,3.0,53.71584555229755,17.487781036168133
53.74999999999956,60,80,1,0.045000000000000005,0.2,60.379947746013144,640.0,4.0,53.73251221896339,17.487781036168133
53.79999999999956,57,80,1,0.045000000000000005,0.2,58.007425242775675,640.0,4.0,53.78251221896339,17.487781036168133
53.80000000000039,33,80,0,0.06,0.2,45.30912172983682,640.0,3.0,53.78251221896422,17.487781036168133
53.849999999999554,45,80,1,0.045000000000000005,0.2,46.61684878950741,640.0,4.0,53.83251221896339,17.487781036168133
53.86666666666706,43,80,0,0.06,0.2,56.53780893129289,640.0,3.0,53.84917888563089,17.487781036168133
53.89999999999955,62,80,1,0.045000000000000005,0.2,63.233702922218654,640.0,4.0,53.882512218963384,17.487781036168133
53.93333333333373,53,80,0,0.06,0.2,66.35054773715052,640.0,3.0,53.91584555229756,17.487781036168133
53.94999999999955,65,80,1,0.045000000000000005,0.2,65.72698195752767,640.0,4.0,53.93251221896338,17.487781036168133
53.999999999999545,60,80,1,0.045000000000000005,0.2,61.81627583091911,640.0,4.0,53.98251221896338,17.487781036168133
54.0000000000004,45,80,0,0.06,0.2,57.62099136605515,640.0,3.0,53.98251221896423,17.487781036168133
54.04999999999954,57,80,1,0.045000000000000005,0.2,57.407454598328236,640.0,4.0,54.032512218963376,17.487781036168133
54.06666666666707,45,80,0,0.06,0.2,58.02893277988362,640.0,3.0,54.0491788856309,17.487781036168133
54.09999999999954,64,80,1,0.045000000000000005,0.2,64.73153721401484,640.0,4.0,54.08251221896337,17.487781036168133
54.13333333333374,55,80,0,0.06,0.2,67.8910120472475,640.0,3.0,54.11584555229757,17.487781036168133
54.14999999999954,65,80,1,0.045000000000000005,0.2,65.44176288381352,640.0,4.0,54.13251221896337,17.487781036168133
54.199999999999534,62,80,1,0.045000000000000005,0.2,62.459228557757505,640.0,4.0,54.18251221896337,17.487781036168133
54.20000000000041,41,80,0,0.06,0.2,54.304214181928614,640.0,3.0,54.18251221896424,17.487781036168133
54.24999999999953,53,80,1,0.045000000000000005,0.2,53.40310199652191,640.0,4.0,54.232512218963365,17.487781036168133
54.26666666666708,35,80,0,0.06,0.2,47.657574254056804,640.0,3.0,54.24917888563091,17.487781036168133
54.29999999999953,62,80,1,0.045000000000000005,0.2,62.21280612408945,640.0,4.0,54.28251221896336,17.487781036168133
54.33333333333375,45,80,0,0.06,0.2,58.71495104379605,640.0,3.0,54.31584555229758,17.487781036168133
54.349999999999525,69,80,1,0.045000000000000005,0.2,69.56384520660383,640.0,4.0,54.33251221896336,17.487781036168133
54.39999999999952,55,80,1,0.045000000000000005,0.2,55.226967531106155,640.0,4.0,54.382512218963356,17.487781036168133
54.40000000000042,43,80,0,0.06,0.2,56.126608390010105,640.0,3.0,54.38251221896425,17.487781036168133
54.44999999999952,76,80,1,0.045000000000000005,0.2,76.78351471305945,640.0,4.0,54.43251221896335,17.487781036168133
54.46666666666709,40,80,0,0.06,0.2,52.27002944197397,640.0,3.0,54.44917888563092,17.487781036168133
54.49999999999952,55,80,1,0.045000000000000005,0.2,55.79495252811692,640.0,4.0,54.48251221896335,17.487781036168133
54.53333333333376,45,80,0,0.06,0.2,58.596972352810475,640.0,3.0,54.51584555229759,17.487781036168133
54.549999999999514,60,80,1,0.045000000000000005,0.2,60.25925610672109,640.0,4.0,54.53251221896335,17.487781036168133
54.59999999999951,53,80,1,0.045000000000000005,0.2,54.62011523194931,640.0,4.0,54.582512218963345,17.487781036168133
54.60000000000043,50,80,0,0.06,0.2,63.93204517797427,640.0,3.0,54.58251221896426,17.487781036168133
54.64999999999951,60,80,1,0.045000000000000005,0.2,61.78616668736208,640.0,4.0,54.63251221896334,17.487781036168133
54.6666666666671,47,80,0,0.06,0.2,59.92569150745747,640.0,3.0,54.64917888563093,17.487781036168133
54.699999999999505,45,80,1,0.045000000000000005,0.2,46.0622264589178,640.0,4.0,54.68251221896334,17.487781036168133
54.73333333333377,50,80,0,0.06,0.2,62.4558485814899,640.0,3.0,54.7158455522976,17.487781036168133
54.7499999999995,55,80,1,0.045000000000000005,0.2,55.63166560946623,640.0,4.0,54.732512218963336,17.487781036168133
54.7999999999995,50,80,1,0.045000000000000005,0.2,51.263030397211466,640.0,4.0,54.78251221896333,17.487781036168133
54.80000000000044,62,80,0,0.06,0.2,74.50726158812338,640.0,3.0,54.78251221896427,17.487781036168133
54.8499999999995,60,80,1,0.045000000000000005,0.2,61.08270678313833,640.0,4.0,54.83251221896333,17.487781036168133
54.86666666666711,45,80,0,0.06,0.2,57.25696910753949,640.0,3.0,54.84917888563094,17.487781036168133
54.899999999999494,67,80,1,0.045000000000000005,0.2,67.95557900407125,640.0,4.0,54.88251221896333,17.487781036168133
54.93333333333378,50,80,0,0.06,0.2,62.226789077157356,640.0,3.0,54.91584555229761,17.487781036168133
54.94999999999949,65,80,1,0.045000000000000005,0.2,65.16804949691641,640.0,4.0,54.932512218963325,17.487781036168133
54.99999999999949,41,80,1,0.045000000000000005,0.2,41.02672511312886,640.0,4.0,54.98251221896332,17.487781036168133
55.00000000000045,43,80,0,0.06,0.2,55.92629309920692,640.0,3.0,54.98251221896428,17.487781036168133
55.049999999999486,76,80,1,0.045000000000000005,0.2,76.33655722342304,640.0,4.0,55.03251221896332,17.487781036168133
55.06666666666712,41,80,0,0.06,0.2,53.22912224090422,640.0,3.0,55.04917888563095,17.487781036168133
55.09999999999948,62,80,1,0.045000000000000005,0.2,62.362239524966945,640.0,4.0,55.082512218963316,17.487781036168133
55.13333333333379,43,80,0,0.06,0.2,55.32073877265784,640.0,3.0,55.11584555229762,17.487781036168133
55.14999999999948,53,80,1,0.045000000000000005,0.2,53.788006876055995,640.0,4.0,55.13251221896331,17.487781036168133
55.19999999999948,60,80,1,0.045000000000000005,0.2,61.25702335192753,640.0,4.0,55.18251221896331,17.487781036168133
55.20000000000046,43,80,0,0.06,0.2,56.16993142782649,640.0,3.0,55.18251221896429,17.487781036168133
55.249999999999474,60,80,1,0.045000000000000005,0.2,61.40951858002154,640.0,4.0,55.23251221896331,17.487781036168133
55.26666666666713,50,80,0,0.06,0.2,62.87580638037701,640.0,3.0,55.24917888563096,17.487781036168133
55.29999999999947,53,80,1,0.045000000000000005,0.2,54.66521026438749,640.0,4.0,55.282512218963305,17.487781036168133
55.3333333333338,65,80,0,0.06,0.2,78.79260629360606,640.0,3.0,55.31584555229763,17.487781036168133
55.34999999999947,60,80,1,0.045000000000000005,0.2,61.5833333387366,640.0,4.0,55.3325122189633,17.487781036168133
55.399999999999466,55,80,1,0.045000000000000005,0.2,55.14022169903754,640.0,4.0,55.3825122189633,17.487781036168133
55.40000000000047,41,80,0,0.06,0.2,54.27165250979328,640.0,3.0,55.3825122189643,17.487781036168133
55.44999999999946,55,80,1,0.045000000000000005,0.2,56.76510405847982,640.0,4.0,55.432512218963296,17.487781036168133
55.46666666666714,43,80,0,0.06,0.2,56.6669975550763,640.0,3.0,55.44917888563097,17.487781036168133
55.49999999999946,53,80,1,0.045000000000000005,0.2,54.509766913959325,640.0,4.0,55.48251221896329,17.487781036168133
55.53333333333381,47,80,0,0.06,0.2,59.495015895110015,640.0,3.0,55.51584555229764,17.487781036168133
55.54999999999946,48,80,1,0.045000000000000005,0.2,48.53862968208278,640.0,4.0,55.53251221896329,17.487781036168133
55.599999999999454,60,80,1,0.045000000000000005,0.2,61.16669176172307,640.0,4.0,55.58251221896329,17.487781036168133
55.60000000000048,50,80,0,0.06,0.2,63.166390789677976,640.0,3.0,55.58251221896431,17.487781036168133
55.64999999999945,64,80,1,0.045000000000000005,0.2,64.68239549213071,640.0,4.0,55.632512218963285,17.487781036168133
55.66666666666715,50,80,0,0.06,0.2,62.10840649563828,640.0,3.0,55.64917888563098,17.487781036168133
55.69999999999945,64,80,1,0.045000000000000005,0.2,64.11906876861097,640.0,4.0,55.68251221896328,17.487781036168133
55.73333333333382,57,80,0,0.06,0.2,70.27276635158493,640.0,3.0,55.71584555229765,17.487781036168133
55.749999999999446,65,80,1,0.045000000000000005,0.2,66.55940202108188,640.0,4.0,55.73251221896328,17.487781036168133
55.79999999999944,62,80,1,0.045000000000000005,0.2,62.594721680118944,640.0,4.0,55.78251221896328,17.487781036168133
55.80000000000049,28,80,0,0.06,0.2,40.58886343571834,640.0,3.0,55.78251221896432,17.487781036168133
55.84999999999944,55,80,1,0.045000000000000005,0.2,55.73819601426477,640.0,4.0,55.832512218963274,17.487781036168133
55.86666666666716,28,80,0,0.06,0.2,40.90456103843462,640.0,3.0,55.84917888563099,17.487781036168133
55.89999999999944,65,80,1,0.045000000000000005,0.2,66.71731091544952,640.0,4.0,55.88251221896327,17.487781036168133
55.93333333333383,43,80,0,0.06,0.2,56.032974623918804,640.0,3.0,55.91584555229766,17.487781036168133
55.949999999999434,48,80,1,0.045000000000000005,0.2,49.13985968126452,640.0,4.0,55.93251221896327,17.487781036168133
56.0,45,51,0,0.0720605727073188,0.080067303008132,45.53699892865133,412.3222023181613,1.0,55.97797653958944,22.023460410557185
55.99999999999943,52,80,1,0.045000000000000005,0.2,52.79462893990016,640.0,4.0,55.982512218963265,17.487781036168133
56.0,50,103,1,0.013164470449156888,0.02068596961184167,50.03693484080652,828.475064934694,1.4142135623730951,55.98610948191593,13.890518084066471
56.01462718938795,31,105,1,0.022006734714814218,0.03458024744137453,31.405915169989413,841.2205956737909,1.4142135623730951,56.00104947677798,13.577712609970675
56.03907911684885,55,69,1,0.009000000000000001,0.006826262884793329,55.114043171243296,557.2938167070332,1.4142135623730951,56.01987090570516,19.208211143695017
56.04907911684885,71,108,1,0.013700743858486271,0.021528641976967973,71.10818048811655,870.3450938616159,1.4142135623730951,56.03597061245002,13.10850439882698
56.0643021655805,74,74,1,0.009000000000000001,0.001468818348307422,74.0997122713923,598.0272387177333,1.4142135623730951,56.04587596812205,18.426197458455523
56.0743021655805,54,76,1,0.009000000000000001,0.0066627068475032586,54.1568580812527,612.397090665706,1.4142135623730951,56.05618877359614,18.113391984359726
56.084302165580496,62,81,1,0.009298354022879698,0.014610953741003222,62.14424415173083,652.5577778720032,1.4142135623730951,56.06697078728138,17.331378299120235
56.094633670050364,63,79,1,0.08503937195815521,0.1336264812876815,63.40067529510849,632.6387656379617,1.4142135623730951,56.07698948627715,17.64418377321603
56.11585719972539,67,54,0,0.10025777170091331,0.11139752411212589,67.66989966243533,432.63837878323193,1.0,56.094302947525975,21.55425219941349
56.189121861114984,53,59,1,0.009000000000000001,0.0018000753184285777,53.44188829578172,478.4513120730601,1.4142135623730951,56.16834962260081,20.772238514174
56.19912186111498,35,97,1,0.05628637244114424,0.08844550142561045,35.61327602887224,783.4244489088866,1.4142135623730951,56.18429292660863,14.82893450635386
56.22725472383752,79,58,0,0.04657687527685172,0.051752083640946356,79.95572528487091,464.1749633073474,1.0,56.206326082586294,20.928641251221897
56.26166227493847,83,108,1,0.009000000000000001,0.009371015769645366,83.82441228082416,870.639464453399,1.4142135623730951,56.248553770539644,13.10850439882698
56.27166227493847,69,82,1,0.04074179516305557,0.06401955475002195,69.76912566178032,657.5961130691069,1.4142135623730951,56.2544872993764,17.174975562072337
56.27900680747847,79,111,0,0.02835963977781001,0.03151071086423334,79.815926075302,891.2412903006239,1.0,56.26636751129078,12.639296187683286
56.3105175183427,51,72,0,0.06556568968255952,0.07285076631395503,51.87736499330639,581.1467450001024,1.0,56.29177851541015,18.73900293255132
56.316930936230754,86,57,1,0.028449047064033107,0.04470336466060679,86.13564127053809,457.37097916909596,1.4142135623730951,56.29584589224248,21.085043988269796
56.34854098852412,90,83,1,0.009000000000000001,0.004044972575476428,90.81732660492871,664.7668075112288,1.4142135623730951,56.3315224156991,17.01857282502444
56.35854098852412,61,83,1,0.009000000000000001,0.009394572966411984,61.29645283631314,669.5968970636573,1.4142135623730951,56.341522415699096,17.01857282502444
56.36854098852412,53,80,1,0.06620698772632201,0.10403424440714848,53.63844276623851,642.1065696738208,1.4142135623730951,56.35105320748795,17.487781036168133
56.383368284656655,58,93,0,0.04727553307813554,0.052528370086817266,58.92529671282527,750.749550732583,1.0,56.36791373920211,15.454545454545453
56.43589665474347,58,79,0,0.016604228471882962,0.018449142746536622,58.4355223293341,634.5124698589418,1.0,56.41825247097026,17.64418377321603
56.44210430822003,78,112,1,0.009000000000000001,0.0019714223190808026,78.06891869052585,898.4246421407199,1.4142135623730951,56.42962141476939,12.482893450635387
56.45210430822003,62,70,1,0.01074340657278689,0.01688163475702608,62.73807145324013,560.1493712483713,1.4142135623730951,56.433052499813385,19.05180840664712
56.45434579749001,50,90,0,0.07124854000206779,0.07916504444674198,50.47902164600092,720.5430517910797,1.0,56.43842204382432,15.923753665689148
56.46404142663424,66,75,1,0.04527515458349624,0.07114304183390976,66.78096015227422,602.8572120904739,1.4142135623730951,56.445771631912834,18.269794721407624
56.51434715394924,41,71,1,0.009000000000000001,0.0012585028224219095,41.8617820427523,573.6442371528489,1.4142135623730951,56.49545174827964,18.89540566959922
56.524347153949236,64,66,1,0.009000000000000001,0.00924587229249017,64.69667652860838,534.0235936893189,1.4142135623730951,56.504669734594394,19.67741935483871
56.534347153949234,61,53,1,0.031854360079445206,0.05005429782785279,61.947478744320485,427.67990846920475,1.4142135623730951,56.51263649901277,21.71065493646139
56.533510841936746,48,110,0,0.010083476339556566,0.011203862599507295,48.79441018951088,886.2841178248684,1.0,56.52071514301201,12.795698924731184
56.544714704536254,60,79,0,0.012052279001942,0.013391421113268888,60.65378397584364,638.9336774565679,1.0,56.52707052076304,17.64418377321603
56.55810612564952,76,94,0,0.011851523890248973,0.013168359878054413,76.87255590173552,757.6611552645678,1.0,56.542807982932025,15.298142717497555
56.571274485527574,78,69,0,0.009000000000000001,0.009365113591056611,78.9816827983748,557.834240582033,1.0,56.55206627438388,19.208211143695017
56.56974088737084,70,101,1,0.014747569935592305,0.023173570461067057,70.59192823663989,811.9481908123321,1.4142135623730951,56.55553756381268,14.203323558162268
56.58127448552757,55,87,0,0.009000000000000001,0.004014556653135908,55.17023450311123,698.8411677617296,1.0,56.56488152365074,16.392961876832846
56.58612707618816,77,110,1,0.01990826759112328,0.03128282447857699,77.86119174037871,884.4721985871456,1.4142135623730951,56.57333137726343,12.795698924731184
56.59127448552757,61,105,0,0.05502287375759858,0.061136526397331754,61.632055645581126,845.4160741448168,1.0,56.5776967729176,13.577712609970675
56.60824737351163,60,57,1,0.02389571481600429,0.03754849330599219,60.487497943317926,458.53220649093134,1.4142135623730951,56.58716232952336,21.085043988269796
56.63479816775163,72,57,1,0.014340923212433673,0.022534586782194263,72.08390752492764,463.43641403154663,1.4142135623730951,56.61371312376336,21.085043988269796
56.65073252687656,95,50,1,0.01713875184335554,0.02693095033224476,95.08693427353366,405.0234905274158,1.4142135623730951,56.628552663728954,22.179863147605083
56.652411011924904,47,91,0,0.016094403075452658,0.017882670083836285,47.96007914649428,735.3825127215179,1.0,56.63664366099626,15.76735092864125
56.67029368200874,58,65,0,0.04648913460495004,0.05165459400550005,58.84173834798076,522.3275273023565,1.0,56.65045985991685,19.83382209188661
56.66977558448029,54,80,1,0.009000000000000001,0.006501446225403898,54.988677618369984,645.6652159560655,1.4142135623730951,56.652287803444125,17.487781036168133
56.67977558448029,41,94,1,0.05738742391403165,0.09017563689875294,41.49579863946141,757.348044503311,1.4142135623730951,56.66447744176279,15.298142717497555
56.72194827601424,64,62,0,0.01476826003464414,0.016409177816271266,64.66287286192217,496.24657531791354,1.0,56.701645245711205,20.303030303030305
56.74353938882921,31,68,1,0.017675606432327483,0.02777453593307405,31.522154549031427,549.4630750491666,1.4142135623730951,56.72417477494847,19.364613880742915
56.73835745383051,36,106,0,0.009000000000000001,0.0032235063979917608,36.31987197145516,855.5602506959788,1.0,56.724936143957585,13.421309872922777
56.74835745383051,56,71,0,0.04637579071233761,0.05152865634704179,56.812479529632526,571.1975616479299,1.0,56.72946204816091,18.89540566959922
56.7631789515318,55,51,1,0.01009993876701861,0.015870522648283904,55.12255901367563,412.9194861100056,1.4142135623730951,56.74115549112124,22.023460410557185
56.774401105717374,45,98,1,0.009000000000000001,0.007522360967128169,45.943244321419,790.2355691900775,1.4142135623730951,56.75972857394807,14.672531769305962
56.78440110571737,59,50,1,0.009000000000000001,0.006738410153191041,59.243054288957424,404.98461736725926,1.4142135623730951,56.762221242569765,22.179863147605083
56.799886110177546,77,55,0,0.02134911289911241,0.02372123655456934,77.68422598855001,445.6766213617779,1.0,56.77848826071518,21.397849462365592
56.79440110571737,47,100,1,0.009000000000000001,0.0026572703227746943,47.55738661676973,803.8129347814876,1.4142135623730951,56.78004137942216,14.359726295210166
56.80440110571737,54,98,1,0.028181574887169616,0.04428307268274256,54.94413770933062,791.4243089933287,1.4142135623730951,56.78972857394806,14.672531769305962
56.82360734673212,40,61,0,0.038157489801833123,0.04239721089092569,40.89423898911826,494.1160998845228,1.0,56.80314791369204,20.459433040078203
56.83571396670311,62,99,1,0.03565659573083889,0.056028934745118844,62.068747813770905,799.5410728859772,1.4142135623730951,56.82119783767085,14.516129032258064
56.86600455762304,65,53,0,0.009000000000000001,0.0061093707155752295,65.02531943703154,428.501193775967,1.0,56.84429390268658,21.71065493646139
56.87533240640404,68,95,1,0.01356002305921733,0.02130752057381895,68.74021219522778,763.5814048700693,1.4142135623730951,56.86019066642359,15.141739980449657
56.87600455762304,61,101,0,0.02392855691484676,0.026587285460940847,61.43603750799845,809.7478426930261,1.0,56.86180123406488,14.203323558162268
56.89039909869206,53,59,1,0.07542868662162097,0.11852474623587379,53.23981475253401,477.84629887796643,1.4142135623730951,56.86962686017788,20.772238514174
56.90259184308398,51,71,0,0.010681795248178947,0.011868661386865497,51.10012665555099,574.8071994038611,1.0,56.883696437414386,18.89540566959922
56.914460504470846,71,86,0,0.024494357774674357,0.02721595308297151,71.20609265769829,690.3779995278296,1.0,56.897911139856966,16.549364613880744
56.94167645755382,80,92,0,0.03654644769033297,0.040607164100369963,80.97886506939159,737.6154187810188,1.0,56.926065509362225,15.610948191593351
56.97420875049386,69,61,1,0.009000000000000001,0.007672504321012973,69.48181420841716,493.45364822505906,1.4142135623730951,56.95374931745378,20.459433040078203
56.98228362165419,46,58,0,0.009000000000000001,0.006915695978428044,46.961214671761255,464.9285067089405,1.0,56.961354980402966,20.928641251221897
56.984208750493856,50,112,1,0.009000000000000001,0.0020695663897339683,50.6587865999714,899.2804032928143,1.4142135623730951,56.97172585704322,12.482893450635387
56.99228362165419,54,103,0,0.030445634732039584,0.03382848303559954,54.855522507650186,829.3000534912492,1.0,56.97839310357012,13.890518084066471
56.994208750493854,53,102,1,0.009000000000000001,0.0007539105034422473,53.6265136619579,820.8077298789076,1.4142135623730951,56.98016182967274,14.04692082111437
57.00420875049385,75,106,1,0.01544205976544971,0.02426485594586097,75.87033582173719,850.81561474318,1.4142135623730951,56.99078744062093,13.421309872922777
57.02611210468979,42,56,0,0.08882016919391167,0.09868907688212407,42.80399539923323,452.82517272446535,1.0,57.00487065796447,21.241446725317694
57.02136659467769,71,105,1,0.04975920386247195,0.07818904550577281,71.97089810028513,844.136098255753,1.4142135623730951,57.007788882067715,13.577712609970675
57.07665459896932,42,87,1,0.011762101515431552,0.01848235942792493,42.34992256394905,703.4865581371328,1.4142135623730951,57.06026163709249,16.392961876832846
57.08972360065313,59,55,1,0.009000000000000001,0.006266121318886637,59.41145289451884,443.0580552531869,1.4142135623730951,57.06832575119076,21.397849462365592
57.09972360065313,33,81,1,0.01563664039338594,0.02457060990475263,33.67816886816419,651.3917209233402,1.4142135623730951,57.08239222235401,17.331378299120235
57.11709764553467,31,82,1,0.009000000000000001,0.004679848328566214,31.0372059112049,660.9154376525946,1.4142135623730951,57.0999226699726,17.174975562072337
57.12709764553467,49,50,1,0.01682099361544371,0.026431641448390816,49.885645611226764,404.24778930360475,1.4142135623730951,57.10491778238706,22.179863147605083
57.12480118157191,66,86,0,0.04524795096835027,0.050275501075944744,66.98659977736234,689.3782381799997,1.0,57.10825181695803,16.549364613880744
57.145787638440716,46,53,1,0.02732653226153869,0.04293950281877105,46.7786264074897,426.46796778440915,1.4142135623730951,57.12407698350425,21.71065493646139
57.175076682647855,70,102,0,0.026003189083751755,0.02889243231527973,70.60779277575142,817.2291264280484,1.0,57.16102976182674,14.04692082111437
57.17615045206465,81,109,1,0.02684742141519075,0.042186652755676256,81.06248910150595,877.5875802390663,1.4142135623730951,57.163198350402865,12.952101661779082
57.20396911496314,74,96,0,0.009000000000000001,0.001735671998397894,74.68778153384599,773.7603183732524,1.0,57.188983777719734,14.985337243401759
57.205980920303745,45,86,1,0.009000000000000001,0.008239090021447683,45.11934658834299,688.4680616724198,1.4142135623730951,57.189431555689865,16.549364613880744
57.213969114963135,73,69,0,0.051376173887665,0.05708463765296111,73.4792675939797,557.081031918486,1.0,57.19476090381944,19.208211143695017
57.21598092030374,51,72,1,0.009000000000000001,0.005046929117882526,51.69457270296791,578.0969717306897,1.4142135623730951,57.197241917371194,18.73900293255132
57.22598092030374,29,76,1,0.022796957492105006,0.035821962740197597,29.093354438863667,610.124800903771,1.4142135623730951,57.20786752831938,18.113391984359726
57.25131087307275,76,50,1,0.015765877687155625,0.024773686719878722,76.3645001177913,402.93236394358064,1.4142135623730951,57.22913100992514,22.179863147605083
57.268828514947366,66,66,1,0.009000000000000001,0.002452896331472757,66.90081512169667,535.3418021508655,1.4142135623730951,57.249151095592524,19.67741935483871
57.2710537526161,39,52,0,0.08557371912425171,0.09508191013805746,39.47455361918966,416.71178621775186,1.0,57.24918669494259,21.867057673509287
57.278828514947364,63,85,1,0.009000000000000001,0.013884474684761455,63.397580281729326,684.4607029223582,1.4142135623730951,57.262122747596436,16.705767350928642
57.334110374536046,50,53,1,0.01214629016795929,0.019086053653385563,50.67345970750198,424.57419517258853,1.4142135623730951,57.31239971959958,21.71065493646139
57.34760625250045,56,68,1,0.009000000000000001,0.006360995248300615,56.579579553226814,550.8311208155744,1.4142135623730951,57.32824163861971,19.364613880742915
57.357606252500446,81,103,1,0.009250767290254182,0.014536178404705412,81.58239569181333,827.1997566628402,1.4142135623730951,57.34371573441638,13.890518084066471
57.366135662754154,67,60,0,0.02340920142899085,0.026010223809989835,67.80731767161348,487.94514170933104,1.0,57.345519826977025,20.6158357771261
57.36788488282295,51,65,1,0.026390679931016972,0.04146895275410185,51.21141058978236,525.9991108220358,1.4142135623730951,57.34805106073106,19.83382209188661
57.392145886564144,47,80,0,0.009000000000000001,0.008051416999247019,47.731079854685895,647.185405522879,1.0,57.37465810552798,17.487781036168133
57.39720786052408,54,86,1,0.048402300850760666,0.07605687812578726,54.76853302950538,690.7944189248776,1.4142135623730951,57.3806584959102,16.549364613880744
57.40214588656414,53,97,0,0.06650543179451178,0.0738949242161242,53.08751490304856,779.4884159270152,1.0,57.38731695205779,14.82893450635386
57.4509881948027,34,100,1,0.014556698565337409,0.02287364503830793,34.36254667214317,803.5535101597563,1.4142135623730951,57.436628468507486,14.359726295210166
57.467162304319736,78,57,1,0.014144012944670077,0.022225172147481154,78.44632695836971,458.37395138439774,1.4142135623730951,57.446077260331464,21.085043988269796
57.47604081078027,54,106,0,0.018748449364584426,0.020831610405093806,54.39855457475729,855.8925561908857,1.0,57.462619500907344,13.421309872922777
57.48287787425826,70,69,1,0.009000000000000001,0.004145642253230543,70.8653176689852,554.1760608380994,1.4142135623730951,57.463669663114565,19.208211143695017
57.496872421185365,41,59,0,0.009000000000000001,0.0047563189863831165,41.45219495479992,478.3802143258197,1.0,57.47610018267119,20.772238514174
57.492877874258255,60,97,1,0.03888439194182232,0.06110092716528469,60.91734689903568,782.0477932894396,1.4142135623730951,57.4780489397519,14.82893450635386
57.536082754193615,47,73,1,0.009000000000000001,0.008543087253060229,47.33507326815744,585.6354602526969,1.4142135623730951,57.517500153998114,18.58260019550342
57.541378692546814,52,75,0,0.03795641274754439,0.042173791941715985,52.38400045155365,602.7358381652092,1.0,57.52310889782541,18.269794721407624
57.54608275419361,69,95,1,0.013298475987559904,0.02089653900055573,69.63558887462352,762.7340842250815,1.4142135623730951,57.53094101421316,15.141739980449657
57.560858838624235,53,83,1,0.009000000000000001,0.00360513032301832,53.909990041372616,670.4135319857699,1.4142135623730951,57.54384026579921,17.01857282502444
57.57085883862423,21,60,1,0.032565637913855736,0.05117196311678473,21.799018323567218,485.83909752160844,1.4142135623730951,57.550243002847104,20.6158357771261
57.58355248448853,32,68,0,0.11180089113097948,0.12422321236775498,32.1088001108061,546.124478369694,1.0,57.56418787060779,19.364613880742915
57.60704288075074,67,93,1,0.03148981666076805,0.04948147310922269,67.97234532219987,749.7639352012859,1.4142135623730951,57.591588335296194,15.454545454545453
57.64203156592937,87,58,1,0.010138906793666745,0.015931754994711358,87.52230216880054,469.19879298406227,1.4142135623730951,57.62110292467815,20.928641251221897
57.653297017922334,93,71,1,0.02092301728138725,0.03287734978344944,93.18585956386514,568.999390514245,1.4142135623730951,57.63440161225274,18.89540566959922
57.67654481490165,65,86,1,0.04531882600414145,0.07121166485098149,65.87460359833399,693.6849342877885,1.4142135623730951,57.659995450287774,16.549364613880744
57.70777569685628,73,65,0,0.009431053381212749,0.010478948201347498,73.02764800679257,526.1613721318727,1.0,57.68794187476439,19.83382209188661
57.71825464505763,30,66,0,0.06665006475136831,0.07405562750152034,30.664576390185076,532.8427824331318,1.0,57.698577225702785,19.67741935483871
57.72689906601737,83,99,1,0.009000000000000001,0.0026781355206390105,83.72195585224992,797.0672808661361,1.4142135623730951,57.71238293698511,14.516129032258064
57.736899066017365,55,105,1,0.013028286751829075,0.02047197757658044,55.355102817214664,847.3737854156506,1.4142135623730951,57.72332135340739,13.577712609970675
57.75137494018606,73,106,1,0.009000000000000001,0.009345657387636553,73.16025760109547,848.1283582357894,1.4142135623730951,57.737953630313136,13.421309872922777
57.76137494018606,57,103,1,0.02209786118012145,0.03472343886707298,57.048285766845254,829.4902735611101,1.4142135623730951,57.74748442210199,13.890518084066471
57.785928119275084,53,61,1,0.009000000000000001,0.002788905869885908,53.98627209683809,489.16575621410817,1.4142135623730951,57.765468686235,20.459433040078203
57.79592811927508,72,76,1,0.009000000000000001,0.008208240796782697,72.23647747484989,608.9842540069435,1.4142135623730951,57.777814727290725,18.113391984359726
57.79231027255915,64,106,0,0.06106304166462004,0.06784782407180004,64.39912447890472,853.4927592191218,1.0,57.778888962686224,13.421309872922777
57.80592811927508,47,68,1,0.009000000000000001,0.008678180287926135,47.76745947194669,548.0883827794993,1.4142135623730951,57.78656350539434,19.364613880742915
57.8339443958272,66,97,1,0.009000000000000001,0.01277242665571178,66.91845740379985,778.3946114511984,1.4142135623730951,57.81911546132085,14.82893450635386
57.8439443958272,64,96,1,0.009000000000000001,0.012104044695612411,64.3329742052953,772.2210839187769,1.4142135623730951,57.8289590585838,14.985337243401759
57.8539443958272,54,100,1,0.009000000000000001,0.004945538212179165,54.55820508698742,803.8511845220285,1.4142135623730951,57.83958466953199,14.359726295210166
57.8639443958272,46,53,1,0.009000000000000001,0.008484746521092188,46.96835473509516,431.6267044493398,1.4142135623730951,57.842233740890734,21.71065493646139
57.86015809663095,48,110,0,0.009000000000000001,0.005544720342034468,48.85837733206936,884.1634800496274,1.0,57.84736239770621,12.795698924731184
57.870158096630945,62,68,0,0.01628351813392196,0.018092797926579956,62.26307806913205,550.7934349367758,1.0,57.850793482750205,19.364613880742915
57.873944395827195,65,65,1,0.009000000000000001,0.0042368695032352416,65.41537717714132,526.6005816849884,1.4142135623730951,57.854110573735305,19.83382209188661
57.88394439582719,74,82,1,0.015471030979559644,0.024310379816875064,74.52153995664814,663.7898112126752,1.4142135623730951,57.86676942026512,17.174975562072337
57.89825089455752,80,58,0,0.009000000000000001,0.0029289607016138746,80.37874304426742,470.6917771081701,1.0,57.877322253306296,20.928641251221897
57.90113443024892,67,69,1,0.020341931138961895,0.03196426100175499,67.72007331582344,554.6842810400065,1.4142135623730951,57.88192621910523,19.208211143695017
57.90825089455752,54,90,0,0.009000000000000001,0.004188913475068666,54.68731866696449,721.7144747586653,1.0,57.89232714089183,15.923753665689148
57.928250894557515,41,92,0,0.030523169154047586,0.033914632393386206,41.081822222215365,741.3355762313797,1.0,57.91263994636592,15.610948191593351
57.94886574759633,69,54,1,0.009000000000000001,0.013987861366166374,69.1474361649524,436.3681308885983,1.4142135623730951,57.927311495396914,21.55425219941349
57.95886574759633,28,63,1,0.029807651770529714,0.046838205995975025,28.805500766294408,508.89040088378425,1.4142135623730951,57.93871912003034,20.146627565982406
57.9621655269509,74,85,0,0.026752586383296816,0.029725095981440908,74.58926464061614,684.748629259288,1.0,57.94545975959997,16.705767350928642
57.9919853606747,64,96,1,0.021578028806114598,0.03390660109653843,64.15491780640689,770.4416033609928,1.4142135623730951,57.977000023431295,14.985337243401759
57.99189062293234,58,111,0,0.04822528433120918,0.05358364925689909,58.34196604488477,895.8121714806141,1.0,57.97925132674465,12.639296187683286
58.015960948237044,80,72,1,0.020701256123432255,0.032528885742129976,80.36010700119262,577.7648985760038,1.4142135623730951,57.997221945304496,18.73900293255132
58.03896234392975,68,96,1,0.0315921311077836,0.04964224475210724,68.97495260711781,772.6988695707698,1.4142135623730951,58.023977006686344,14.985337243401759
58.04547427218924,76,111,0,0.009000000000000001,0.005360030558584602,76.3572708736146,889.9777236791392,1.0,58.03283497600155,12.639296187683286
58.05547427218924,77,92,0,0.11449560715137751,0.12721734127930834,77.99813225671025,743.3393058620647,1.0,58.03986332399764,15.610948191593351
58.07406471182728,34,68,1,0.009094479621667532,0.014290596026319956,34.12624656087286,551.3838038087125,1.4142135623730951,58.054700097946544,19.364613880742915
58.08416968918469,90,106,1,0.011741045694894531,0.018449273397957874,90.20548375997036,851.6368111194571,1.4142135623730951,58.070748379311766,13.421309872922777
58.09721529551235,68,64,1,0.009000000000000001,0.003112416245917709,68.43375424754579,516.0392889330825,1.4142135623730951,58.07722507068341,19.990224828934508
58.10721529551235,64,75,1,0.02356107240702523,0.037022653491188426,64.26084855794805,607.5535884274664,1.4142135623730951,58.08894550079094,18.269794721407624
58.133394264853486,63,77,1,0.009000000000000001,0.0028075668101048127,63.86362456333792,618.8907386498099,1.4142135623730951,58.115437275606176,17.956989247311828
58.143394264853484,74,54,1,0.009000000000000001,0.007869576982518117,74.60769385889729,437.76354301294344,1.4142135623730951,58.12184001265407,21.55425219941349
58.15339426485348,48,76,1,0.03356026536971941,0.05273486938077478,48.79727611511872,613.8345429120845,1.4142135623730951,58.135280872869124,18.113391984359726
58.18269161346854,57,98,0,0.009000000000000001,0.00837613494468294,57.27162122229942,790.3496520858143,1.0,58.168019081699235,14.672531769305962
58.19068344859762,56,55,1,0.017306766417691924,0.02719495976524794,56.09736975306609,444.8504595074229,1.4142135623730951,58.16928559913525,21.397849462365592
58.19269161346854,62,73,0,0.06507343287809615,0.07230381430899573,62.072859551760224,591.4166973842176,1.0,58.17410901327304,18.58260019550342
58.20991318906172,50,100,1,0.06220581005753127,0.09774700026862823,50.15355054578812,803.6308246631252,1.4142135623730951,58.19555346276651,14.359726295210166
58.264995427777535,34,69,0,0.026891210589357097,0.02987912287706344,34.164849646953215,555.18544455406,1.0,58.24578721663384,19.208211143695017
58.27903075579231,45,85,1,0.011751174055707607,0.018465188581542828,45.23316755303855,681.5821942269774,1.4142135623730951,58.262324988441385,16.705767350928642
58.29208761585421,53,50,1,0.05495365886702087,0.08635134407973934,53.23094203605705,401.9151452501613,1.4142135623730951,58.2699077527066,22.179863147605083
58.2948745506546,31,108,0,0.03877279319014835,0.04308088132238705,31.000648925016403,868.0882820832526,1.0,58.28176604625577,13.10850439882698
58.33795543197699,61,96,0,0.07630210802482634,0.08478012002758482,61.98279704272329,768.715720713561,1.0,58.322970094733584,14.985337243401759
58.35314723681756,62,103,1,0.009000000000000001,0.00815917719028377,62.62762423963504,830.921911647415,1.4142135623730951,58.339256718733495,13.890518084066471
58.36314723681756,45,112,1,0.012378867964881113,0.01945151440306745,45.52085490600663,897.2821283422624,1.4142135623730951,58.35066434336692,12.482893450635387
58.37690153455632,35,84,1,0.021704591799794587,0.03410547565449041,35.85718525378531,678.9395917889428,1.4142135623730951,58.36003936446834,16.86217008797654
58.4010177476672,49,55,1,0.009000000000000001,0.01088542975813025,49.54036273951459,443.22875356007614,1.4142135623730951,58.37961989820483,21.397849462365592
58.411017747667195,78,85,1,0.009000000000000001,4.28809240063724e-05,78.38205817971703,686.1575928150382,1.4142135623730951,58.39431198031627,16.705767350928642
58.422735552004575,58,54,0,0.009000000000000001,0.008744173433318868,58.279243138131314,433.64230646075725,1.0,58.40118129980516,21.55425219941349
58.42101774766719,57,67,1,0.13631727451301376,0.21420193155782255,57.24885019061936,543.4233228236,1.4142135623730951,58.401496731049406,19.521016617790814
58.43273555200457,63,95,0,0.009000000000000001,0.00935913093789855,63.49306961610377,760.5273304489359,1.0,58.41759381202412,15.141739980449657
58.44273555200457,70,94,0,0.009000000000000001,0.00891792911666305,70.81158127257325,759.6940777874102,1.0,58.42743740928707,15.298142717497555
58.45273555200457,81,59,0,0.009000000000000001,0.0008557346638327753,81.74780279660024,473.0482827706601,1.0,58.43196331349039,20.772238514174
58.46273555200457,38,64,0,0.046753895013147154,0.05194877223683017,38.60816446858236,517.5156494059593,1.0,58.44274532717563,19.990224828934508
58.514684324241394,84,56,0,0.028521744869849246,0.03169082763316583,84.43407338465363,453.72527631445405,1.0,58.493442877516074,21.241446725317694
58.54637515187456,35,106,0,0.009000000000000001,0.0005117236395879541,35.881577903563965,854.7822136901506,1.0,58.53295384200163,13.421309872922777
58.556375151874555,49,91,0,0.009000000000000001,0.009426121077993455,49.704947295977625,731.4298938173329,1.0,58.540607800945914,15.76735092864125
58.572481386014985,55,67,1,0.009000000000000001,0.009874089035368055,55.54414188190886,542.5932980050239,1.4142135623730951,58.5529603693972,19.521016617790814
58.56637515187455,47,107,0,0.09086332167082112,0.10095924630091235,47.348976773144436,857.9071740953719,1.0,58.553110244738676,13.264907135874878
58.61587656969563,66,70,1,0.07049434096039635,0.11077117006305079,66.5261750727879,564.1275446386685,1.4142135623730951,58.596824761288985,19.05180840664712
58.66733439817546,54,111,0,0.018870700183236225,0.02096744464804025,54.082909598579676,888.7190921020061,1.0,58.65469510198778,12.639296187683286
58.688301842823506,64,60,0,0.09002061501841153,0.10002290557601282,64.79388974692506,481.86447893958547,1.0,58.66768600704638,20.6158357771261
58.69420361520718,55,104,1,0.009000000000000001,0.0035919163020181294,55.41794956128197,835.0124627600828,1.4142135623730951,58.68046949986016,13.734115347018573
58.70420361520718,56,67,1,0.019299825363330237,0.030326749755837632,56.22040219262266,543.6288474385339,1.4142135623730951,58.68468259858939,19.521016617790814
58.72564786561088,41,78,1,0.025484235868464173,0.04004461332432992,41.940928038033455,626.708115312134,1.4142135623730951,58.70784727910062,17.80058651026393
58.75396368324251,57,80,1,0.0865938895868402,0.13606917008038638,57.62144861480672,640.9500835549887,1.4142135623730951,58.736475902206344,17.487781036168133
58.78832474839952,55,100,0,0.009607981749426156,0.010675535277140174,55.728620572649724,807.9778947076034,1.0,58.773965022104306,14.359726295210166
58.799000283676655,52,55,0,0.012833713494960208,0.014259681661066897,52.518522192095524,444.1984835733792,1.0,58.77760243421429,21.397849462365592
58.81325996533772,60,76,0,0.01131011502925453,0.012566794476949477,60.421181610719856,608.0804732030789,1.0,58.795146573353364,18.113391984359726
58.82582675981467,61,111,0,0.009000000000000001,0.005465033544425866,61.56341908692611,893.0883986418473,1.0,58.81318746362698,12.639296187683286
58.835826759814665,54,53,0,0.04642721023602229,0.051585789151135875,54.91973513852104,428.312778688779,1.0,58.8141161048782,21.71065493646139
58.85017911611678,52,69,1,0.01335351236527089,0.0209830203247588,52.6953554971799,557.9679111928184,1.4142135623730951,58.830970904973086,19.208211143695017
58.865016352078186,66,84,1,0.02494399161529814,0.039195701380083776,66.11935364625973,675.2726503099977,1.4142135623730951,58.84815418199021,16.86217008797654
58.8874125489658,57,86,0,0.009000000000000001,0.0038478953763354147,57.4178358943729,690.3842918072108,1.0,58.87086318435192,16.549364613880744
58.89273189831741,65,68,1,0.03337371533033581,0.05244173427437754,65.32538426902393,551.7519545739761,1.4142135623730951,58.87336728443667,19.364613880742915
58.8974125489658,78,77,0,0.07132721882507649,0.0792524653611961,78.41906021077996,622.9433099299039,1.0,58.87945555971849,17.956989247311828
58.929813804240005,54,67,1,0.009704278856115241,0.01524880307929849,54.76795267690538,542.7898081193182,1.4142135623730951,58.91029278762222,19.521016617790814
58.940596336302356,30,69,1,0.062239459441924834,0.09779987517504476,30.627368566754814,556.4223140028341,1.4142135623730951,58.921388125158664,19.208211143695017
58.97666501432699,59,95,0,0.03329105185832462,0.036990057620360686,59.82509466166777,765.9363686432505,1.0,58.96152327434654,15.141739980449657
59.009751291237826,49,56,1,0.009000000000000001,0.003095704116051807,49.65126032956613,455.2715831542903,1.4142135623730951,58.98850984451251,21.241446725317694
59.01365507194735,80,54,0,0.009000000000000001,0.005733497005264153,80.46122906197526,435.34830409218307,1.0,58.99210081974793,21.55425219941349
59.019751291237824,60,79,1,0.009000000000000001,0.007430364935691375,60.626604860473684,632.1751249410709,1.4142135623730951,59.00210710746461,17.64418377321603
59.023655071947346,39,83,0,0.012114806752469311,0.013460896391632568,39.317950431221604,667.3997331405963,1.0,59.00663649912232,17.01857282502444
59.02975129123782,69,76,1,0.010841108827023589,0.017035159038154928,69.63985097782314,613.1591469953506,1.4142135623730951,59.011637899253465,18.113391984359726
59.041796967712294,72,69,1,0.009000000000000001,0.012180647228105678,72.06384409421166,558.2343920307493,1.4142135623730951,59.0225887565686,19.208211143695017
59.05179696771229,58,58,1,0.028393420704410605,0.04461595626926946,58.32763819312332,465.440569276788,1.4142135623730951,59.03086832646107,20.928641251221897
59.08334521293941,81,108,1,0.009000000000000001,0.008058585081429525,81.62707993523861,866.2519765486913,1.4142135623730951,59.070236708540584,13.10850439882698
59.09334521293941,57,82,1,0.03746913732112346,0.058877069077725226,57.644449641110555,660.1618130956929,1.4142135623730951,59.07617023737734,17.174975562072337
59.13497758774066,87,110,1,0.07061532015799558,0.11096127053195064,87.80116196849742,882.8852219421435,1.4142135623730951,59.12218188881592,12.795698924731184
59.20449258671358,58,87,0,0.04297191557336261,0.047746572859291785,58.37392810687825,697.7074008100542,1.0,59.188099624836745,16.392961876832846
59.21343905458288,52,63,1,0.009000000000000001,0.007272430602942362,52.13460066477625,506.7687389419757,1.4142135623730951,59.19329242701689,20.146627565982406
59.223439054582876,68,75,1,0.02152225970411251,0.033818968407190966,68.08225392271684,602.5005492937742,1.4142135623730951,59.20516925986147,18.269794721407624
59.24735267647633,60,107,1,0.05119622137964714,0.08044710068594711,60.3719795194291,859.2607652215606,1.4142135623730951,59.234087769340455,13.264907135874878
59.252239159572866,85,89,0,0.05877342963283149,0.0653038107031461,85.94828098025167,715.0093403094137,1.0,59.23615900317013,16.080156402737046
59.304237366898164,46,59,1,0.04476267163309807,0.070337752568423,46.735664955175224,478.2646067078706,1.4142135623730951,59.28346512838399,20.772238514174
59.317542970276016,37,59,0,0.014586079197129563,0.01620675466347729,37.844777057783574,472.15602184374075,1.0,59.29677073176184,20.772238514174
59.333749724939494,49,96,0,0.009000000000000001,0.002946893559337339,49.001023597704695,768.0177002130328,1.0,59.31876438769609,14.985337243401759
59.355320310243776,56,97,0,0.009000000000000001,0.005320416829970067,56.01567267329193,781.1806068535864,1.0,59.34049137573742,14.82893450635386
59.35397366871272,43,110,1,0.009000000000000001,0.013701380005553996,43.82672744825549,884.0110860228693,1.4142135623730951,59.341177969787985,12.795698924731184
59.365320310243774,75,50,0,0.009000000000000001,0.004660207050669638,75.54773375256651,404.30950129589013,1.0,59.34314044709617,22.179863147605083
59.36397366871272,65,60,1,0.047007257293587894,0.0738647786606151,65.6563533064017,483.4750895172346,1.4142135623730951,59.34335783293559,20.6158357771261
59.37532031024377,42,82,0,0.009000000000000001,0.0006052526364180288,42.43175739934095,659.0076744542598,1.0,59.3581453346817,17.174975562072337
59.38532031024377,94,76,0,0.009000000000000001,0.0002247338697517141,94.109115580158,611.3433098287128,1.0,59.36720691825941,18.113391984359726
59.39532031024377,85,64,0,0.03418442847843528,0.03798269830937253,85.01073514407925,516.5094821984173,1.0,59.37533008541483,19.990224828934508
59.41620395459448,54,78,1,0.009000000000000001,0.0038744177532488255,54.673251518353375,624.4256828260015,1.4142135623730951,59.39840336808422,17.80058651026393
59.42620395459448,40,54,1,0.01744657121618246,0.027414641812036993,40.505434952063766,435.8676718737125,1.4142135623730951,59.40464970239506,21.55425219941349
59.43330300855314,53,86,0,0.045289970987207134,0.050322189985785706,53.82793238793059,694.2156202267262,1.0,59.41675364393926,16.549364613880744
59.44558903372357,76,67,1,0.009000000000000001,0.007714920356108514,76.38154441529001,537.5951058867379,1.4142135623730951,59.426068017105784,19.521016617790814
59.45558903372357,37,89,1,0.0458847415335543,0.0721009153141517,37.85304537567298,716.9447309162209,1.4142135623730951,59.43950887732083,16.080156402737046
59.483625198538924,69,101,0,0.009000000000000001,0.007100662469866792,69.59855101475299,814.9697966062217,1.0,59.46942187498076,14.203323558162268
59.49362519853892,40,66,0,0.014504862770337244,0.016116514189263603,40.261713865106415,529.1502145637961,1.0,59.47394777918408,19.67741935483871
59.506572079871965,60,68,1,0.009000000000000001,0.0022386909334381803,60.933897844939985,551.6821411070853,1.4142135623730951,59.487207465991226,19.364613880742915
59.509741712728186,51,80,0,0.05447232246347494,0.06052480273719438,51.037114475483165,643.950097639651,1.0,59.49225393169202,17.487781036168133
59.51657207987196,47,61,1,0.009526112910558625,0.01496884230534383,47.81302224476932,489.8256089776709,1.4142135623730951,59.49611264683188,20.459433040078203
59.54546196504503,68,71,1,0.01847306810753035,0.02902762606256812,68.88716976181074,570.1114972256285,1.4142135623730951,59.52656655937543,18.89540566959922
59.56598759627562,39,61,1,0.0369890457328892,0.05812267792743397,39.98758861492513,495.5528113455725,1.4142135623730951,59.54552816323554,20.459433040078203
59.57026651546538,89,89,0,0.009000000000000001,0.006854350228620008,89.22366487702165,713.401315032422,1.0,59.55418635906264,16.080156402737046
59.580266515465375,59,80,0,0.011996753483702195,0.01332972609300244,59.89314581687495,642.9428030948065,1.0,59.56277873442921,17.487781036168133
59.59359624155838,62,107,0,0.0225279710870073,0.025031078985563667,62.67261127154152,858.3780015593734,1.0,59.5803313344225,13.264907135874878
59.60708653597883,55,66,1,0.027956573298133402,0.04392951679521977,55.74408743320083,532.79379915368,1.4142135623730951,59.58740911662399,19.67741935483871
59.61862732054394,86,86,0,0.0435654936191608,0.04840610402128978,86.228638710878,693.1177493903808,1.0,59.60207795593006,16.549364613880744
59.63814939519898,50,79,1,0.027830601093987883,0.04373157057345907,50.48680209471709,632.7434862198497,1.4142135623730951,59.620505211425765,17.64418377321603
59.66703342456523,54,62,0,0.018305908993061944,0.020339898881179937,54.13902128387717,496.15788639217527,1.0,59.6467303942622,20.303030303030305
59.66907228530341,44,108,1,0.05475830596831947,0.08604437661441444,44.30881476220121,865.8657123769124,1.4142135623730951,59.65596378090458,13.10850439882698
59.687373323446415,64,70,0,0.01683455976493165,0.01870506640547961,64.22878182189469,567.7034067481735,1.0,59.66832151503977,19.05180840664712
59.706078389851896,57,83,0,0.08213588333681807,0.09126209259646452,57.408947622494935,666.5276450473556,1.0,59.68905981702687,17.01857282502444
59.72991484749043,45,81,1,0.009000000000000001,0.00695311502830072,45.303570783840385,654.9925396567486,1.4142135623730951,59.71258346919131,17.331378299120235
59.739914847490425,54,106,1,0.011784761131745754,0.018517965579824613,54.05684486578345,850.3800812253662,1.4142135623730951,59.7264935376175,13.421309872922777
59.753009026525696,57,106,1,0.050771748537911415,0.07978010596412298,57.43880040752539,848.1181245730666,1.4142135623730951,59.73958771665277,13.421309872922777
59.79734048244836,43,73,0,0.026957745140541924,0.029953050156157693,43.87553058411273,587.9106095039705,1.0,59.77875788225286,18.58260019550342
59.809422080456706,23,50,1,0.03137850808919371,0.04930656856307958,23.90642773485154,401.8281556723246,1.4142135623730951,59.7872422173091,22.179863147605083
59.82729353260452,61,88,0,0.009000000000000001,0.0031323660394221124,61.868202030357814,711.4770220916909,1.0,59.81105697346474,16.236559139784944
59.83729353260452,49,60,0,0.015988584821835926,0.017765094246484363,49.62923077232668,482.28302921466747,1.0,59.81667769682739,20.6158357771261
59.8442870894447,38,62,1,0.009000000000000001,0.01157250237108655,38.14977838013877,499.7858079479694,1.4142135623730951,59.823984059141665,20.303030303030305
59.854287089444696,53,90,1,0.009000000000000001,0.001155505433524387,53.676089061635956,721.6848625348803,1.4142135623730951,59.83836333577901,15.923753665689148
59.855058626851005,70,107,0,0.014078756541940228,0.01564306282437803,70.31346527991205,863.2926916091906,1.0,59.84179371971513,13.264907135874878
59.864287089444694,66,80,1,0.009000000000000001,0.009135094321890651,66.27859328986732,641.5331225966513,1.4142135623730951,59.84679930840853,17.487781036168133
59.870701689675386,68,55,0,0.03346190863351409,0.037179898481682315,68.3793979913177,442.10650558854917,1.0,59.84930384021302,21.397849462365592
59.87428708944469,65,111,1,0.010270961809883156,0.016139259433503188,65.39303915276804,888.926846750891,1.4142135623730951,59.861647793257006,12.639296187683286
59.89569926923345,45,106,1,0.009107078250398621,0.014310392861451967,45.68918318843119,855.417113494877,1.4142135623730951,59.88227795936052,13.421309872922777
59.90788158815707,21,91,0,0.11263924321513699,0.12515471468348555,20.666712681885862,733.2036523474594,1.0,59.89211423722843,15.76735092864125
59.9260856755456,57,85,1,0.009000000000000001,0.007082159607706019,57.93133122432779,682.9443025508795,1.4142135623730951,59.90937990819467,16.705767350928642
59.9360856755456,58,90,1,0.01825085434572062,0.02867845082290449,58.47662694491172,724.5769824154363,1.4142135623730951,59.92016192187991,15.923753665689148
59.9563644025964,52,89,1,0.022863711527909874,0.035926856587729136,52.765916846977255,719.0699512581347,1.4142135623730951,59.94028424619366,16.080156402737046
59.9817685265163,57,58,1,0.009000000000000001,0.011594732854111185,57.68439697914106,464.37721868402775,1.4142135623730951,59.960839885265074,20.928641251221897
59.991768526516296,47,79,1,0.056307696303663765,0.08847900864291855,47.08632704109962,637.5854330113141,1.4142135623730951,59.97412434274308,17.64418377321603
60.03303630284055,46,110,0,0.009073026722324386,0.01008114080258265,46.14589556086812,882.9183344037917,1.0,60.020240603915816,12.795698924731184
60.04311744364313,63,90,0,0.009000000000000001,0.005763339175671248,63.044160754651664,724.0151590276071,1.0,60.027193689977445,15.923753665689148
60.05433263352037,59,69,1,0.009000000000000001,0.011449198682328597,59.81658622170112,555.0170120062251,1.4142135623730951,60.035124422376676,19.208211143695017
60.05311744364313,73,92,0,0.009000000000000001,0.008449189443229794,73.96904393993361,736.7098644557163,1.0,60.03750649545154,15.610948191593351
60.06311744364313,70,105,0,0.025736742518314523,0.028596380575905026,70.9786485925855,846.2345469760058,1.0,60.04953973103316,13.577712609970675
60.064332633520365,83,104,1,0.0319052428800448,0.05013425243529664,83.80991481165326,833.576075500561,1.4142135623730951,60.050598518173345,13.734115347018573
60.091713824219035,42,111,0,0.009000000000000001,0.0024567004941144837,42.388888025865384,894.0069810327108,1.0,60.07907452803135,12.639296187683286
60.09978290338708,61,97,1,0.021341290318827845,0.03353460245269775,61.28936082025823,781.6474559986408,1.4142135623730951,60.084953968880725,14.82893450635386
60.10171382421903,48,95,0,0.01331900443730041,0.014798893819222678,48.16992103272956,766.3063496201994,1.0,60.08657208423858,15.141739980449657
60.11651271803826,49,67,0,0.031166384173479753,0.03462931574831084,49.88485569642111,540.642281776517,1.0,60.09699170142047,19.521016617790814
60.12349544818578,51,64,1,0.009000000000000001,0.004402946088839609,51.19268761453194,514.3353756923017,1.4142135623730951,60.10350522335684,19.990224828934508
60.133495448185776,21,50,1,0.0408809774524464,0.06423825861813155,20.71271692419991,403.54826624744356,1.4142135623730951,60.11131558503817,22.179863147605083
60.16702839011066,40,50,0,0.009000000000000001,0.0005954142206601248,40.92883226738887,403.5459063871855,1.0,60.14484852696305,22.179863147605083
60.17702839011066,41,101,0,0.030785885763472683,0.03420653973719187,41.2906103245477,812.7199478743144,1.0,60.16282506655249,14.203323558162268
60.21123492984785,66,88,0,0.009000000000000001,0.004756099035001646,66.50209247463559,708.1453741770723,1.0,60.19499837070806,16.236559139784944
60.215224323495256,77,109,1,0.014857200174249501,0.02334583776146173,77.76271524550822,877.9900294130362,1.4142135623730951,60.202272221833475,12.952101661779082
60.221234929847846,52,88,0,0.009000000000000001,0.00137693808614972,52.371566200864784,711.2734952311408,1.0,60.20499837070806,16.236559139784944
60.23173232368887,75,74,1,0.01446931092580894,0.022736328610524676,75.54235891707756,599.8597754872138,1.4142135623730951,60.213306126230414,18.426197458455523
60.231234929847844,79,100,0,0.009976402600525557,0.011084891778361729,79.28077918521406,805.4675963363053,1.0,60.21687520355263,14.359726295210166
60.247809335828656,39,57,1,0.05866346970072952,0.09218074940737203,39.39166323617145,463.23212270178556,1.4142135623730951,60.226724291840384,21.085043988269796
60.242319821626204,50,109,0,0.013808344820716193,0.015342605356351326,50.6162904346794,873.5764680031773,1.0,60.22936771996442,12.952101661779082
60.257662426982556,58,106,0,0.014084691740236749,0.015649657489151942,58.61541909298839,848.766163261042,1.0,60.24424111710963,13.421309872922777
60.273312084471705,83,55,0,0.0643511219186661,0.07150124657629567,83.34461082720412,443.7084039355419,1.0,60.25191423500934,21.397849462365592
60.31299096882947,74,72,1,0.03529470457122881,0.05546027764953717,74.5090946259253,581.0908013970758,1.4142135623730951,60.29425196589692,18.73900293255132
60.344813331048,67,62,0,0.0744284797162462,0.0826983107958291,67.35119442377244,500.4556698427612,1.0,60.32451030074497,20.303030303030305
60.35220730724195,38,87,1,0.02062290224461918,0.03240576449981666,38.83117492245451,700.8433043102325,1.4142135623730951,60.335814345365115,16.392961876832846
60.3751216430693,57,75,1,0.009000000000000001,0.001878070108995631,57.948046428639884,606.6712299355961,1.4142135623730951,60.356851848347894,18.269794721407624
60.3851216430693,83,101,1,0.015101937108646081,0.023730404752392017,83.71907927428732,813.9624772726562,1.4142135623730951,60.370918319511134,14.203323558162268
60.40190157319002,53,52,1,0.028162346975865084,0.04425285893502814,53.8999733718462,419.40647390590107,1.4142135623730951,60.380034515516506,21.867057673509287
60.42751164184383,68,103,0,0.04415491532615124,0.049061017029056936,68.21483657878788,825.0663673425183,1.0,60.41362112375976,13.890518084066471
60.43319306982987,71,102,1,0.009000000000000001,0.0064749394218171835,71.03011731296694,817.4783875260584,1.4142135623730951,60.41914614900875,14.04692082111437
60.44319306982987,60,68,1,0.0352922803548902,0.05545646836106586,60.928621560449955,551.6040968798375,1.4142135623730951,60.42382845594913,19.364613880742915
60.47657265887288,61,85,0,0.009214946434785199,0.010238829371983555,61.89619244150426,687.8962355611549,1.0,60.459866891521955,16.705767350928642
60.482406714668635,41,51,1,0.010713425190507518,0.016834523559872548,41.712212583522074,415.5340651222282,1.4142135623730951,60.460383254258076,22.023460410557185
60.48681148824487,42,51,0,0.027973629416541457,0.03108181046282384,42.335834882823406,408.48456465773324,1.0,60.46478802783431,22.023460410557185
60.49431052043587,58,65,1,0.0560467611971071,0.08806898868003889,58.436430307529484,520.3562928317533,1.4142135623730951,60.47447669834398,19.83382209188661
60.51789329870769,60,108,0,0.08715836217093706,0.09684262463437451,60.56439485767528,866.1334419604862,1.0,60.50478479430886,13.10850439882698
60.55658469954376,86,106,1,0.009000000000000001,0.00823108848057407,86.98876568529293,855.7884436315262,1.4142135623730951,60.54316338967084,13.421309872922777
60.56658469954376,72,88,1,0.009000000000000001,0.012722019438479287,72.88342194989809,710.753655569042,1.4142135623730951,60.550348140403976,16.236559139784944
60.57658469954376,66,97,1,0.009000000000000001,0.001187166235150318,66.62442972628374,783.3841781691679,1.4142135623730951,60.561755765037404,14.82893450635386
60.58658469954376,53,73,1,0.009000000000000001,0.012953164839663833,53.73591048342182,588.4053138871062,1.4142135623730951,60.568002099348256,18.58260019550342
60.596584699543754,49,100,1,0.014559736387403073,0.02287841851515831,49.977961049525845,802.9529212667206,1.4142135623730951,60.58222497324854,14.359726295210166
60.61276218441865,48,61,1,0.009000000000000001,0.009841535775489766,48.280912504584094,495.7606610250741,1.4142135623730951,60.59230275137857,20.459433040078203
60.61473592334207,55,101,0,0.02960431505444504,0.032893683393827824,55.89748527300053,811.3287342402136,1.0,60.600532599783904,14.203323558162268
60.62276218441865,54,54,1,0.013396977967865223,0.021051319929965052,54.25177744562076,439.26812139639935,1.4142135623730951,60.60120793221923,21.55425219941349
60.637647715494055,68,96,1,0.009000000000000001,0.013220556667956834,68.12606471424284,773.8259122824888,1.4142135623730951,60.62266237825065,14.985337243401759
60.64764771549405,66,80,1,0.015274335416506307,0.024001302558065464,66.92137249437778,646.6707940261903,1.4142135623730951,60.630159934457886,17.487781036168133
60.6476296067359,29,81,0,0.009000000000000001,0.0004011056218591406,29.504988964949288,649.4839721103965,1.0,60.63029822843678,17.331378299120235
60.657629606735895,91,92,0,0.009000000000000001,0.0022485989449082936,91.6852456422863,742.2176805346537,1.0,60.6420186585443,15.610948191593351
60.66762960673589,58,59,0,0.018889438731780964,0.020988265257534403,58.67814238489958,474.69081811321604,1.0,60.64685736822172,20.772238514174
60.66461919929017,79,111,1,0.009000000000000001,0.0012268188616790165,79.51412269547548,892.1609894070207,1.4142135623730951,60.651979903102486,12.639296187683286
60.68861787199343,83,60,0,0.028211067534432335,0.031345630593813706,83.82760941530444,486.1931810525831,1.0,60.6680020362163,20.6158357771261
60.68487931168194,46,86,1,0.01682670506910623,0.026440616131980153,46.215463184178326,693.3839539222956,1.4142135623730951,60.66832994706806,16.549364613880744
60.703575650647615,52,78,1,0.011266177931478051,0.01770309069644969,52.34818890781686,624.3162958088672,1.4142135623730951,60.68577506413735,17.80058651026393
60.716093626127034,70,91,1,0.014729850239691663,0.023145726645218374,70.94279026479303,731.8123603836498,1.4142135623730951,60.70032627519839,15.76735092864125
60.71996350258724,43,110,0,0.055587932155131574,0.061764369061257304,43.73894272643656,881.1690287406034,1.0,60.70716780366251,12.795698924731184
60.732460126393356,84,59,1,0.029255381342884943,0.04597039674167188,84.60595921399559,475.3054765342596,1.4142135623730951,60.71168788787918,20.772238514174
60.76496610566323,42,73,1,0.05150654372789902,0.0809347252121752,42.2771525750306,591.5294032105018,1.4142135623730951,60.746383505467726,18.58260019550342
60.7817278716485,65,54,0,0.019725381230808497,0.021917090256453886,65.36584154208363,436.4492259358275,1.0,60.760173619449084,21.55425219941349
60.80364496190495,71,101,0,0.026614682519690507,0.029571869466322783,71.52500988435472,808.9110367830954,1.0,60.78944163834679,14.203323558162268
60.82219559869423,75,82,1,0.02496382805306711,0.03922687133488605,75.82166721414985,663.6275749753386,1.4142135623730951,60.80502062313216,17.174975562072337
60.833216831371274,50,81,0,0.10423968608170472,0.11582187342411636,50.63402579619631,650.9347655122518,1.0,60.815885453072156,17.331378299120235
60.84993318541986,59,80,1,0.05073498956320195,0.07972234480793071,59.4596844636834,641.8984482913982,1.4142135623730951,60.83244540438369,17.487781036168133
60.90630539604564,63,65,1,0.012872234863526117,0.020226765691167135,63.14873300975236,523.4827062335312,1.4142135623730951,60.88647157395375,19.83382209188661
60.92060787922733,56,106,1,0.043886845305795175,0.06896152426802837,56.04397443552978,855.4121101651981,1.4142135623730951,60.90718656935441,13.421309872922777
60.94903870479539,51,84,0,0.01638603992744307,0.018206711030492297,51.688894091490155,673.4577568965622,1.0,60.932176534707416,16.86217008797654
60.967245415825886,65,55,0,0.02133549732012952,0.023706108133477243,65.73195756594953,444.7365614051936,1.0,60.94584756636352,21.397849462365592
60.96937104067822,90,98,1,0.05479674818013808,0.08610478272254943,90.2711607407673,789.2579400308318,1.4142135623730951,60.95469850890891,14.672531769305962
60.99095152395936,68,58,0,0.014613952152637272,0.016237724614041413,68.77024922876883,464.45129253674946,1.0,60.970022882708136,20.928641251221897
61.007189248573404,54,56,0,0.03436976493064064,0.03818862770071182,54.446616122004684,450.5828098065516,1.0,60.985947801848084,21.241446725317694
61.03025631643393,63,87,1,0.009000000000000001,0.00421286928722481,63.458056917424564,700.4785974987486,1.4142135623730951,61.013863354557095,16.392961876832846
61.040256316433926,41,61,1,0.009000000000000001,0.001046996363185438,41.737797191462484,491.46146298104236,1.4142135623730951,61.019796883393845,20.459433040078203
61.04537787627412,77,64,0,0.026348647091738335,0.02927627454637593,77.76380124047199,516.8452244126818,1.0,61.02538765144518,19.990224828934508
61.050256316433924,59,77,1,0.009000000000000001,0.013626155732175847,59.87122197210592,616.2185833582515,1.4142135623730951,61.032299327186614,17.956989247311828
61.06025631643392,60,61,1,0.01863305847421875,0.029279026669701207,60.104463351629065,491.31256512655057,1.4142135623730951,61.03979688339384,20.459433040078203
61.07465415082049,51,64,0,0.027524787151800827,0.030583096835334254,51.15033463871082,517.8412672879425,1.0,61.054663925991555,19.990224828934508
61.08095971473861,47,89,1,0.016290295488998383,0.02559772979511863,47.95787947576864,718.7023061305918,1.4142135623730951,61.064879558335875,16.080156402737046
61.10523724765583,63,57,0,0.03376556149799709,0.0375172905533301,63.91765210461764,463.55524543351197,1.0,61.08415220366756,21.085043988269796
61.11631760811439,78,80,1,0.01082481647003746,0.01700955806902959,78.2545329402198,642.0922491612985,1.4142135623730951,61.09882982707823,17.487781036168133
61.12834518196999,37,55,1,0.019939835328555568,0.03133242839236607,37.19600878658022,442.89714244974476,1.4142135623730951,61.10694733250762,21.397849462365592
61.14275453820916,75,60,0,0.015061022712675471,0.016734469680750524,75.3480146002198,480.4301467425489,1.0,61.12213870243203,20.6158357771261
61.150500554557276,74,107,1,0.009000000000000001,0.0028601752538709143,74.22126581154134,861.6118734926142,1.4142135623730951,61.1372356474214,13.264907135874878
61.15948900788991,53,81,0,0.03253859388283788,0.0361539932031532,53.93631601204157,653.0699263473222,1.0,61.14215762959079,17.331378299120235
61.160500554557274,54,87,1,0.022315755832376098,0.03506582728083642,54.90232437233452,696.2414969507981,1.4142135623730951,61.14410759268044,16.392961876832846
61.18529583881547,46,52,1,0.03446620809209061,0.05415842103045318,46.73260772008952,421.83046435650425,1.4142135623730951,61.16342878114196,21.867057673509287
61.19564300109306,63,108,0,0.045505119080364836,0.0505612434226276,63.98193989243591,868.0815207754982,1.0,61.18253449669423,13.10850439882698
61.22359162558446,38,54,1,0.009000000000000001,0.008100496184847834,38.34664448724412,433.4955471979238,1.4142135623730951,61.202037373385046,21.55425219941349
61.23359162558446,70,65,1,0.009000000000000001,0.0008578903863484318,70.3031283480434,522.3725398184637,1.4142135623730951,61.21375780349257,19.83382209188661
61.24620424451569,60,74,0,0.01945498778344683,0.0216166530927187,60.75557845009495,597.0952472999539,1.0,61.227778047057235,18.426197458455523
61.24359162558446,84,107,1,0.04071769168577514,0.06398167978949935,84.29719851363483,859.1425176899788,1.4142135623730951,61.23032671844858,13.264907135874878
61.26782089760841,69,80,0,0.05090072464626819,0.05655636071807577,69.53295299749347,646.4913552290445,1.0,61.25033311657224,17.487781036168133
61.28883350523532,50,61,1,0.010010198747575316,0.01572950981207909,50.727402564791035,495.63868551869854,1.4142135623730951,61.268374072195236,20.459433040078203
61.29995594828818,62,85,1,0.013898562862040003,0.021839484552213326,62.756990594901445,685.9487612294769,1.4142135623730951,61.28325018093725,16.705767350928642
61.31539879591267,53,57,1,0.045441519197191096,0.07140445860389445,53.78415312052151,461.2407084251486,1.4142135623730951,61.2943137519244,21.085043988269796
61.324377258326486,78,101,0,0.01723880807740522,0.01915423119711691,78.13023016252954,815.970770844026,1.0,61.31017393476832,14.203323558162268
61.343531489523606,59,70,0,0.01395115796477601,0.0155012866275289,59.49352827903519,566.6499299352625,1.0,61.32447968111696,19.05180840664712
61.35903277615113,37,99,0,0.018282568224897294,0.020313964694330326,37.42046908487485,796.9775423577953,1.0,61.34451664711887,14.516129032258064
61.36588937279844,56,80,1,0.01457946199694569,0.022909414320204137,56.54962038128992,640.9974588664336,1.4142135623730951,61.348401591762276,17.487781036168133
61.37934674084546,66,70,0,0.017994735571276833,0.019994150634752034,66.27972031225359,567.0227742099798,1.0,61.36029493243882,19.05180840664712
61.38208877501727,74,67,1,0.009000000000000001,0.002191985036771824,74.5515164101898,539.0718202244555,1.4142135623730951,61.362567758399486,19.521016617790814
61.39208877501727,58,78,1,0.009000000000000001,0.01176935894878911,58.72711432515971,630.434367634826,1.4142135623730951,61.37428818850701,17.80058651026393
61.40208877501727,62,60,1,0.02124207313205293,0.03337869768474488,62.60701747316008,481.0916862039387,1.4142135623730951,61.38147293924014,20.6158357771261
61.399340891480215,46,78,0,0.009000000000000001,0.0033890478716045247,46.7324539040997,630.3363958274966,1.0,61.38154030496995,17.80058651026393
61.40934089148021,52,52,0,0.009905001343305022,0.01100555704811669,52.19108733479321,417.5796251355971,1.0,61.3874738338067,21.867057673509287
61.42034644852833,92,72,0,0.010538060316204743,0.011708955906894159,92.24329895599215,578.2794605884444,1.0,61.40160744559578,18.73900293255132
61.42569107849733,69,89,1,0.012722698385203655,0.019991791784819204,69.1836002236037,713.1296373312134,1.4142135623730951,61.40961092209459,16.080156402737046
61.43982741003644,65,57,1,0.021111777487070275,0.03317395783113085,65.97142169029921,463.14173629228446,1.4142135623730951,61.41874236604817,21.085043988269796
61.432055404435225,87,110,0,0.016009512490151177,0.017788347211279084,87.50226865765472,882.7589591173833,1.0,61.41925970551049,12.795698924731184
61.449843751646505,47,78,0,0.012791743295154596,0.014213048105727329,47.09273889925747,628.8823063520671,1.0,61.43204316513624,17.80058651026393
61.50681036889408,59,98,0,0.033357154022375574,0.037063504469306195,59.145893119128104,787.9325326013934,1.0,61.49213783712477,14.672531769305962
61.52511380953915,52,94,1,0.051776327244201614,0.08135864910957501,52.9489275061695,759.9797696847397,1.4142135623730951,61.50981566682165,15.298142717497555
61.54387387336339,54,85,0,0.011167133050134772,0.012407925611260858,54.954924695482305,681.8685507226998,1.0,61.52716810601246,16.705767350928642
61.56628179897465,66,95,0,0.011736404461922787,0.01304044940213643,66.22236723053811,761.3417872372434,1.0,61.5511400589942,15.141739980449657
61.57932224837678,59,55,0,0.010382144255741644,0.011535715839712938,59.56795957988368,440.9692195190731,1.0,61.557924398914416,21.397849462365592
61.58264306203271,55,88,1,0.026760458017371185,0.04205000295942462,55.55376834517867,708.9065972946432,1.4142135623730951,61.566406502892924,16.236559139784944
61.5908579642165,40,108,0,0.009000000000000001,0.006543940926406343,40.07246206477315,871.8831911060072,1.0,61.57774945981767,13.10850439882698
61.600857964216495,70,84,0,0.1012585050925673,0.11250945010285256,70.20323183854235,672.4123378367159,1.0,61.58399579412852,16.86217008797654
61.612376904274235,38,56,1,0.028056692024277005,0.044086838195619545,38.07009330259683,451.97968795619477,1.4142135623730951,61.591135457548916,21.241446725317694
61.64355100652343,55,101,1,0.06261811601190607,0.0983948765714327,55.207648941409964,811.380121516166,1.4142135623730951,61.62934768296527,14.203323558162268
61.713126690981106,68,78,1,0.01394630425296975,0.021914502910590442,68.14310022155506,630.9032407810093,1.4142135623730951,61.695326104470844,17.80058651026393
61.71336741431935,57,93,0,0.009000000000000001,0.009430740617397747,57.01725384723523,751.1993605402993,1.0,61.697912868864805,15.454545454545453
61.72336741431935,54,57,0,0.029040791919080516,0.03226754657675613,54.3247217610035,456.8230193483597,1.0,61.702282370331076,21.085043988269796
61.72862258459552,83,75,1,0.009000000000000001,0.011325319766056758,83.98581773218032,605.4664524813791,1.4142135623730951,61.710352789874115,18.269794721407624
61.75966914151111,34,65,1,0.023707349493164942,0.037252505756836425,34.77407197006749,520.8822537398407,1.4142135623730951,61.73983531941922,19.83382209188661
61.7556349608961,62,112,0,0.009000000000000001,0.00011778215685428656,62.17977082988607,899.7303405298366,1.0,61.743152067445465,12.482893450635387
61.7656349608961,60,68,0,0.04376353086135271,0.048626145401503014,60.758045141893675,550.03354145272,1.0,61.74627034701536,19.364613880742915
61.786010640947964,55,105,1,0.012595673269716627,0.019792191072503913,55.56746565700374,843.4157697344797,1.4142135623730951,61.77243292833799,13.577712609970675
61.800005833469875,54,79,1,0.0090757878004785,0.014261224662952196,54.136154107128895,638.0283510755308,1.4142135623730951,61.78236164969666,17.64418377321603
61.81426110629761,82,67,0,0.009000000000000001,0.004920222907531934,82.3470394735703,542.3373694232318,1.0,61.79474008967982,19.521016617790814
61.81009004213708,63,98,1,0.09144689967981534,0.143694939737963,63.6319973351104,785.2189013961685,1.4142135623730951,61.79541751036777,14.672531769305962
61.83840787008679,84,56,0,0.009000000000000001,0.0005458053526608791,84.01947497666382,451.16608976703156,1.0,61.81716642336147,21.241446725317694
61.84840787008679,62,100,0,0.014268916178567638,0.015854351309519597,62.80289553348103,800.9129499377575,1.0,61.83404814379158,14.359726295210166
61.86426222139631,68,72,0,0.016957651698429086,0.018841835220476763,68.83677268158984,580.8330415975214,1.0,61.84552321846376,18.73900293255132
61.88310405661679,64,60,0,0.009000000000000001,0.0034421428650514806,64.43981857264443,484.0590487988626,1.0,61.86248822083966,20.6158357771261
61.893104056616785,65,80,0,0.01938529686860185,0.021539218742890942,65.89445628926741,643.6874039606224,1.0,61.87561627558062,17.487781036168133
61.91169770844798,36,75,1,0.009000000000000001,0.007091745902783811,36.19449357711012,604.7804636312546,1.4142135623730951,61.893427913726576,18.269794721407624
61.91464327535967,61,83,0,0.026488982429539523,0.029432202699488357,61.654012778769854,670.1086333893093,1.0,61.89762470253465,17.01857282502444
61.92169770844798,60,98,1,0.02891484273841635,0.045435291949504006,60.128822077622736,785.6124076452018,1.4142135623730951,61.90702517667867,14.672531769305962
61.94407547805916,69,53,0,0.009000000000000001,0.0015489984474466986,69.25141639759471,431.45373800901194,1.0,61.9223648231227,21.71065493646139
61.95382531149066,62,73,1,0.009000000000000001,0.007767022818021799,62.45147640880698,589.9621454810073,1.4142135623730951,61.93524271129516,18.58260019550342
61.95407547805916,49,102,0,0.009000000000000001,0.0062235245410027186,49.84214643520058,818.0394503976404,1.0,61.940028557238044,14.04692082111437
61.96407547805916,66,68,0,0.009000000000000001,0.005044964114344418,66.23326112211346,550.5877934986794,1.0,61.94471086417842,19.364613880742915
61.96382531149066,71,87,1,0.013307536125506128,0.020910775633845195,71.18170923085398,702.5356267188719,1.4142135623730951,61.94743234961383,16.392961876832846
61.974075478059156,39,80,0,0.009000000000000001,0.008589566027591327,39.52288984714797,644.4754632192261,1.0,61.95658769702299,17.487781036168133
61.97861146274122,79,61,1,0.01566931541807885,0.024621953752609945,79.2606151025443,488.20595521394307,1.4142135623730951,61.95815202970114,20.459433040078203
61.99602181320575,21,83,1,0.03198309221241721,0.050256580859366386,6.917134123953609,670.8801599705077,1.4142135623730951,61.97900324038073,17.01857282502444
61.99977294636568,51,102,0,0.009000000000000001,0.0017265329084397182,51.986395920556106,818.2198686880616,1.0,61.985726025544565,14.04692082111437
62.00977294636568,62,82,0,0.019367481354382394,0.02151942372709155,62.26366445437604,663.5038122907669,1.0,61.99259797080361,17.174975562072337
62.03155858233066,57,58,1,0.009000000000000001,0.004215121759072007,57.76579057650419,467.758436780377,1.4142135623730951,62.010629941079436,20.928641251221897
62.03129237009277,53,69,0,0.02226449741574741,0.024738330461941568,53.20338615937368,559.4086614365024,1.0,62.01208415894908,19.208211143695017
62.04155858233066,67,57,1,0.01394930510314999,0.021919218291727716,67.62986706419761,456.3046146746103,1.4142135623730951,62.02047353834239,21.085043988269796
62.056030700554714,52,63,0,0.02430438838740159,0.027004875986001764,52.59913875435165,505.05888797010726,1.0,62.03588407298873,20.146627565982406
62.05705781022305,51,75,1,0.05189001857192688,0.08153729779578975,51.35097334885543,603.3182634424852,1.4142135623730951,62.038788015501645,18.269794721407624
62.083035576540716,68,68,0,0.009000000000000001,0.0037102063112722785,68.76197227228218,548.607056922548,1.0,62.06367096265998,19.364613880742915
62.093035576540714,69,59,0,0.009000000000000001,0.004372513383967585,69.20799519211171,472.8143233527117,1.0,62.07226333802654,20.772238514174
62.10303557654071,78,108,0,0.032277095145143236,0.03586343905015915,78.09177652161425,868.7405861995524,1.0,62.08992707214188,13.10850439882698
62.11471338641408,48,99,1,0.009224297771596212,0.014494585568843647,48.93062165512476,797.3314461989445,1.4142135623730951,62.10019725738182,14.516129032258064
62.1249626061603,51,81,1,0.01163437576563511,0.018281657775006704,51.96664380451808,654.556692593761,1.4142135623730951,62.107631227861184,17.331378299120235
62.14788969034434,64,107,1,0.01592508707712433,0.025023860140490822,64.2809906508253,856.1272805505778,1.4142135623730951,62.134624783208466,13.264907135874878
62.165584231541146,62,65,1,0.055751592902831104,0.08760517645231927,62.09990613954652,522.3577985118504,1.4142135623730951,62.145750409449256,19.83382209188661
62.17422160629876,53,54,0,0.009000000000000001,0.008369306851461597,53.62916675791919,436.2611584772407,1.0,62.15266735409934,21.55425219941349
62.184221606298756,67,75,0,0.03280409625419005,0.03644899583798894,67.49950038389774,601.2631777450711,1.0,62.16595181157735,18.269794721407624
62.22067060213674,49,109,0,0.06820819451556817,0.07578688279507574,49.60033881616248,873.9282836268303,1.0,62.20771850047496,12.952101661779082
62.227530445877626,69,110,1,0.009000000000000001,0.004231886726312082,69.43762636576054,886.0267373117441,1.4142135623730951,62.21473474695289,12.795698924731184
62.237530445877624,55,56,1,0.03744496120437927,0.05883907997529727,55.27687001905381,455.0088605637718,1.4142135623730951,62.216288999152304,21.241446725317694
62.27913595832693,57,77,1,0.056236508310580385,0.08836714750370006,57.56576329248879,621.1968703740968,1.4142135623730951,62.26117896907962,17.956989247311828
62.29645748493182,63,71,0,0.009000000000000001,0.008974720414295877,63.815122639477806,568.6062452031429,1.0,62.277562079262225,18.89540566959922
62.30645748493182,59,57,0,0.013894202545160583,0.015438002827956203,59.923431366521044,461.65924553764614,1.0,62.28537244094355,21.085043988269796
62.321895487759775,50,71,0,0.013835991888290863,0.015373324320323182,50.13879309433675,575.3548939960422,1.0,62.30300008209018,18.89540566959922
62.3372688120801,53,72,0,0.04001672784325719,0.04446303093695243,53.52000932743785,583.2755936896131,1.0,62.31852980914755,18.73900293255132
62.35162096756091,95,104,1,0.009000000000000001,0.012399809186781754,95.27657758458082,834.4005479089101,1.4142135623730951,62.33788685221389,13.734115347018573
62.36162096756091,51,77,1,0.02070358610855688,0.032532546960533724,51.71934577255401,617.0244342390904,1.4142135623730951,62.3436639783136,17.956989247311828
62.38173184301705,65,59,0,0.012619048111322879,0.014021164568136532,65.66824901374851,475.7052219680425,1.0,62.360959604502874,20.772238514174
62.384624952125975,32,52,1,0.03267814207605923,0.05134874635235316,32.95024119466921,423.5305989384737,1.4142135623730951,62.362757894452464,21.867057673509287
62.395753007585185,46,72,0,0.04324684986134765,0.04805205540149739,46.477573396587665,583.3609542968995,1.0,62.37701400465264,18.73900293255132
62.42093399887715,64,103,1,0.021082562037113253,0.033128050180508566,64.00847926273144,831.3853887296127,1.4142135623730951,62.407043480793085,13.890518084066471
62.443805062986684,69,89,0,0.009000000000000001,0.0033549430375734717,69.0505975942098,714.103298546522,1.0,62.42772490658395,16.080156402737046
62.44435906780728,65,107,1,0.009000000000000001,0.0053344473708278155,65.42642988155775,857.1702213332417,1.4142135623730951,62.4310941606714,13.264907135874878
62.45380506298668,79,106,0,0.009000000000000001,0.0038818077957558116,79.98114289075161,855.6709081082045,1.0,62.44038375311376,13.421309872922777
62.46435906780727,50,52,1,0.009000000000000001,0.011599127862000118,50.58835746785249,421.9405441843718,1.4142135623730951,62.44249201013376,21.867057673509287
62.46380506298668,32,60,0,0.021806791745199058,0.02422976860577673,32.08440106001828,487.2492431989776,1.0,62.44318922720955,20.6158357771261
62.47435906780727,61,77,1,0.02432877645837972,0.038228984025982085,61.095872882243434,622.2399889888956,1.4142135623730951,62.45640207855996,17.956989247311828
62.48803483159246,66,90,0,0.012850558816417444,0.01427839868490827,66.31445290691106,725.3621921669002,1.0,62.47211107792677,15.923753665689148
62.50139104164992,68,50,1,0.009000000000000001,0.008883218970953814,68.51233081694969,400.2007720126699,1.4142135623730951,62.47921117850231,22.179863147605083
62.502313230277366,75,105,0,0.054433750622067956,0.06048194513563106,75.0248025506565,846.9865287312523,1.0,62.48873551766739,13.577712609970675
62.511391041649915,44,54,1,0.03129801686765991,0.049180088810696146,44.49397699937897,439.6248030649644,1.4142135623730951,62.4898367894505,21.55425219941349
62.546166615947314,55,72,1,0.009000000000000001,0.0063768526547866135,55.19849285474874,577.4975579069709,1.4142135623730951,62.527427613014765,18.73900293255132
62.55616661594731,23,110,1,0.009000000000000001,0.011601309931885354,23.923956751346857,881.9580060365943,1.4142135623730951,62.54337091702258,12.795698924731184
62.562795175412994,61,96,0,0.06812475697425721,0.07569417441584134,61.46870606412963,770.2547606091593,1.0,62.54780983816959,14.985337243401759
62.56616661594731,59,104,1,0.019589205770165125,0.030781467195872016,59.159166510897045,837.5043498719851,1.4142135623730951,62.55243250060029,13.734115347018573
62.58793240013638,54,55,1,0.009000000000000001,0.010762721309973218,54.26109925668933,447.2781723871941,1.4142135623730951,62.566534550674014,21.397849462365592
62.59793240013638,79,53,1,0.02711827843575053,0.04261226350227582,79.39949242861888,426.788279803704,1.4142135623730951,62.576221745199916,21.71065493646139
62.62806382062055,89,88,1,0.009000000000000001,0.004542099062685814,89.24962561494151,711.2746981065569,1.4142135623730951,62.61182726148076,16.236559139784944
62.638063820620545,106,67,1,0.009000000000000001,0.006989144684983386,106.34834411529577,541.7535951354697,1.4142135623730951,62.61854280400276,19.521016617790814
62.63848934982884,46,87,0,0.03818860646636732,0.04243178496263035,46.514811669235485,703.358100985002,1.0,62.622096387952006,16.392961876832846
62.64806382062054,64,102,1,0.05660211123552832,0.08894163707581633,64.20308311575292,821.2320534177876,1.4142135623730951,62.63401689979943,14.04692082111437
62.68092113479147,69,55,0,0.009000000000000001,0.00547399108497652,69.79235813279678,443.0678857745181,1.0,62.6595232853291,21.397849462365592
62.690921134791466,73,60,0,0.016828192155446762,0.018697991283829735,73.2317065811326,486.9886997609018,1.0,62.67030529901434,20.6158357771261
62.709619126075296,59,84,0,0.011115901991022319,0.01235100221224702,59.234090023275265,674.9384605781052,1.0,62.69275695598732,16.86217008797654
62.710955055326686,41,111,1,0.024465840022871947,0.03844435863910665,41.328496887462265,889.1327317647371,1.4142135623730951,62.698315759139,12.639296187683286
62.721970128287545,56,91,0,0.026095127107771097,0.028994585675301218,56.296719051469644,731.745172564355,1.0,62.706202777358904,15.76735092864125
62.748139322018766,46,76,1,0.009000000000000001,0.013582412241147448,46.45967109266891,615.1582140211955,1.4142135623730951,62.73002593003441,18.113391984359726
62.750964713962844,54,103,0,0.04886100171144936,0.054290001901610395,54.49023529997223,825.7685859489628,1.0,62.737074195878776,13.890518084066471
62.75813932201876,65,105,1,0.009000000000000001,0.009635305667055586,65.08766368703226,843.875762335844,1.4142135623730951,62.74456160940879,13.577712609970675
62.76813932201876,74,51,1,0.009000000000000001,0.0012429689257268015,74.49816375780918,415.6067801693738,1.4142135623730951,62.7461158616082,22.023460410557185
62.77813932201876,49,82,1,0.06504951585809282,0.10221545283590955,49.855002728336245,663.2974712948946,1.4142135623730951,62.76096434645669,17.174975562072337
62.80525471586446,55,110,0,0.009000000000000001,0.005109873963265843,55.86915061772889,887.3800406680976,1.0,62.79245901693972,12.795698924731184
62.85041656186109,51,111,1,0.009000000000000001,0.010841194299216223,51.20206510361046,894.6747570210196,1.4142135623730951,62.8377772656734,12.639296187683286
62.860416561861086,57,90,1,0.009000000000000001,0.0012025412774146742,57.21171845890655,727.4535615739295,1.4142135623730951,62.8444928081954,15.923753665689148
62.87071189316005,60,89,0,0.009748733982146653,0.010831926646829615,60.01062941520783,719.1122075203057,1.0,62.85463173675731,16.080156402737046
62.870416561861084,36,93,1,0.011163330543642146,0.017541481617858377,36.6289089621973,751.4332220250507,1.4142135623730951,62.85496201640654,15.454545454545453
62.88282026246513,102,62,1,0.009000000000000001,0.0021130032853959447,102.50243417841409,496.8945650116774,1.4142135623730951,62.8625172321621,20.303030303030305
62.88154381980688,93,90,0,0.011631424041812636,0.012923804490902928,93.08294352398121,726.364061888612,1.0,62.86562006614119,15.923753665689148
62.89446762429778,77,72,0,0.009000000000000001,0.00885797160590821,77.99005171392376,582.2832137599322,1.0,62.87572862136523,18.73900293255132
62.89282026246513,48,85,1,0.009000000000000001,0.007245520364914655,48.2275514485105,686.7458819454883,1.4142135623730951,62.8761144951142,16.705767350928642
62.90446762429778,67,85,0,0.05010804393384473,0.05567560437093859,67.33390859458544,681.3277114513712,1.0,62.88776185694685,16.705767350928642
62.90282026246513,69,103,1,0.009000000000000001,0.007271466264299213,69.01886943065453,830.8124750419893,1.4142135623730951,62.88892974438106,13.890518084066471
62.912820262465125,27,64,1,0.05442169688946091,0.08551544647603701,27.23260897422287,517.0288875087496,1.4142135623730951,62.89283003763619,19.990224828934508
62.96014322866872,53,94,0,0.03877936500592372,0.043088183339915244,53.15545451216071,756.8036831317359,1.0,62.94484508595122,15.298142717497555
62.973288814564526,64,66,1,0.009000000000000001,0.0015318838872511139,64.10293156712646,534.2500380987477,1.4142135623730951,62.953611395209684,19.67741935483871
62.983288814564524,70,74,1,0.02027554511832271,0.0318599454342662,70.18113902578116,598.1386312458503,1.4142135623730951,62.96486261710607,18.426197458455523
63.00323141200864,75,77,0,0.009000000000000001,0.00697731835660248,75.88171010235371,616.0581184009646,1.0,62.98527442276133,17.956989247311828
63.00581719802933,60,80,1,0.022599514169588202,0.035511710490749526,60.77078115936482,644.6613737375607,1.4142135623730951,62.98832941699316,17.487781036168133
63.013231412008636,62,78,0,0.091770923066992,0.10196769229665778,62.971974767038134,626.107550050859,1.0,62.995430825498374,17.80058651026393
63.03092776932887,55,79,1,0.013719834632182473,0.0215586402337206,55.057442990458114,635.3924985063536,1.4142135623730951,63.013283585555655,17.64418377321603
63.04617203003129,34,108,1,0.023413585732254657,0.03679090054037748,34.52145434065601,870.319999593057,1.4142135623730951,63.033063525632464,13.10850439882698
63.072187125289354,59,84,1,0.009000000000000001,0.011983951820143878,59.92792220509069,672.2306660745843,1.4142135623730951,63.05532495520138,16.86217008797654
63.08218712528935,51,97,1,0.009000000000000001,0.005533574609163399,51.09357665397998,780.2323031380333,1.4142135623730951,63.067358190783,14.82893450635386
63.09218712528935,65,78,1,0.08009026069404772,0.12584970320835456,65.68250449034218,626.9232819034557,1.4142135623730951,63.07438653877909,17.80058651026393
63.1151991043053,67,69,0,0.009000000000000001,0.004622017782581082,67.84559449445337,559.8604246699272,1.0,63.095990893161606,19.208211143695017
63.125199104305295,58,105,0,0.05469382624642811,0.060770918051586784,58.07959698025143,840.6253408409449,1.0,63.11162139169532,13.577712609970675
63.185970022356884,63,69,0,0.011638887780173652,0.012932097533526279,63.32778775204567,555.756149506993,1.0,63.16676181121319,19.208211143695017
63.18117630383829,70,103,1,0.014850772488705706,0.023335737628049837,70.43065854602594,824.8000874912291,1.4142135623730951,63.167285785754224,13.890518084066471
63.19890211989041,53,77,0,0.04124266144251341,0.04582517938057045,53.82417628266612,621.3274241302165,1.0,63.1809451306431,17.956989247311828
63.197677162159074,58,86,1,0.0124896426398357,0.01962558001160995,58.13216363341703,689.5649020175246,1.4142135623730951,63.181127797545194,16.549364613880744
63.211554542870005,24,106,1,0.009000000000000001,0.006287489403077659,24.927413194600945,850.4538651334954,1.4142135623730951,63.19813323299708,13.421309872922777
63.22155454287,48,87,1,0.02141023956673958,0.03364294574326686,48.28486584677724,702.0869690862959,1.4142135623730951,63.20516158099317,16.392961876832846
63.24534369794416,63,54,1,0.009000000000000001,0.0038677688832331933,63.89824852378946,439.3488375976995,1.4142135623730951,63.22378944574474,21.55425219941349
63.244727299270984,51,77,0,0.017930874387472307,0.019923193763858118,51.690471771338295,621.5636726614573,1.0,63.226770310023674,17.956989247311828
63.255343697944156,83,55,1,0.014305880032626287,0.022479521737580613,83.37275446144031,444.6110840286193,1.4142135623730951,63.23394584848179,21.397849462365592
63.26465049303484,79,72,0,0.012741575281747873,0.014157305868608748,79.63075018383424,583.67025763864,1.0,63.245911490102294,18.73900293255132
63.27123912020263,34,60,1,0.01076486432596949,0.016915352363213735,34.4154607475642,487.393357522579,1.4142135623730951,63.2506232844255,20.6158357771261
63.27880779890345,52,82,0,0.02015375193033479,0.022393057700371987,52.33952079735353,662.1273602688684,1.0,63.26163282334138,17.174975562072337
63.28320008056482,87,70,1,0.08305989851366997,0.13051603885262775,87.51303053784412,562.709140341304,1.4142135623730951,63.264148272158174,19.05180840664712
63.30120085660382,77,66,0,0.029993464982702053,0.03332607220300228,77.1129482341612,534.7197231518276,1.0,63.28152343724898,19.67741935483871
63.334526928806824,62,86,0,0.009000000000000001,0.009752082701173306,62.17361953996356,688.5933381116545,1.0,63.317977564192944,16.549364613880744
63.34452692880682,64,51,0,0.028169886227202505,0.03129987358578056,64.21444981747648,414.6497215517092,1.0,63.32250346839626,22.023460410557185
63.3758268023926,105,72,0,0.02599031475173147,0.028878127501923853,105.22067563953314,579.7119134154085,1.0,63.357087799460054,18.73900293255132
63.37548885669112,68,110,1,0.009000000000000001,0.0029859565479446355,68.97597011430628,887.9354313917684,1.4142135623730951,63.36269315776639,12.795698924731184
63.38548885669112,87,51,1,0.009000000000000001,0.010117055313683183,87.91886060970793,412.3486488430556,1.4142135623730951,63.36346539628056,22.023460410557185
63.39548885669112,45,83,1,0.031732542186251,0.0498628794759695,45.805865524049544,668.2890950143101,1.4142135623730951,63.37847028386609,17.01857282502444
63.40470492989453,69,62,0,0.009000000000000001,0.0025495486903583135,69.39892199993844,496.6696168060261,1.0,63.384401899591495,20.303030303030305
63.414704929894526,46,53,0,0.08128994142211926,0.09032215713568807,46.8381788999535,426.3548949267195,1.0,63.39299427495806,21.71065493646139
63.430747236898064,64,65,1,0.009000000000000001,0.0097809299537209,64.70460551111731,524.9508608184449,1.4142135623730951,63.410913414806174,19.83382209188661
63.45074723689806,34,63,1,0.01622018070814052,0.025487555046216394,34.227937644359464,508.4071379645542,1.4142135623730951,63.430600609332075,20.146627565982406
63.4687696599071,41,110,1,0.02114398001386785,0.03322455922017509,41.957952080320005,885.3340138969352,1.4142135623730951,63.45597396098237,12.795698924731184
63.492262971033625,38,77,1,0.009000000000000001,0.005797176999880792,38.15118040110954,623.3443608723325,1.4142135623730951,63.474305981786316,17.956989247311828
63.50226297103362,87,101,1,0.009000000000000001,0.008796813741430008,87.98766828427907,812.5674378307095,1.4142135623730951,63.48805964747546,14.203323558162268
63.505027087030214,23,94,0,0.009000000000000001,0.0011487007531059785,23.931757112244156,758.5907235233788,1.0,63.489728944312716,15.298142717497555
63.51226297103362,31,61,1,0.012678629751558528,0.01992254460773455,31.96795412576294,490.9042328334749,1.4142135623730951,63.49180353799354,20.459433040078203
63.51502708703021,35,96,0,0.02085467335894241,0.02317185928771379,35.54164196629044,772.3753658149611,1.0,63.50004174978681,14.985337243401759
63.52635033742424,66,94,1,0.009000000000000001,0.002694800063765072,66.23212727259373,757.0595704624579,1.4142135623730951,63.51105219470674,15.298142717497555
63.53819894631793,60,61,0,0.009000000000000001,0.005526216854581141,60.82893893818527,494.96737183051005,1.0,63.517739513277846,20.459433040078203
63.53635033742424,46,75,1,0.009000000000000001,0.006553423422033928,46.397884109597115,607.8874004948257,1.4142135623730951,63.51808054270283,18.269794721407624
63.546350337424236,83,72,1,0.012091416139514193,0.018999827436442115,83.58459384278666,583.8542540637716,1.4142135623730951,63.52761133449169,18.73900293255132
63.548198946317925,45,90,0,0.01667265783344955,0.018525175370499497,45.28344429075396,722.6188222766658,1.0,63.532275192652236,15.923753665689148
63.559785244245916,76,91,1,0.009000000000000001,0.0031814884984205246,76.23530809743463,732.8922007344355,1.4142135623730951,63.544017893317275,15.76735092864125
63.569785244245914,41,78,1,0.009000000000000001,0.010115595653944032,41.12377754152619,630.051313278844,1.4142135623730951,63.55198465773565,17.80058651026393
63.566724121688424,47,101,0,0.028420264821533824,0.03157807202392647,47.545492020236885,812.2585348999646,1.0,63.55252079813026,14.203323558162268
63.57978524424591,57,64,1,0.009000000000000001,0.0064495785065503165,57.620232247964815,513.7669384682316,1.4142135623730951,63.559795019416974,19.990224828934508
63.58978524424591,63,57,1,0.009000000000000001,0.009838519630871895,63.263693045144436,463.7040358477145,1.4142135623730951,63.56870020025764,21.085043988269796
63.59978524424591,39,94,1,0.019466194622453664,0.030588173825409088,39.60046214821238,753.9739133505946,1.4142135623730951,63.58448710152841,15.298142717497555
63.61452572008881,55,94,0,0.02448847737820617,0.027209419309117966,55.10005862324719,754.8685424005101,1.0,63.59922757737131,15.298142717497555
63.621414349381965,78,66,1,0.015562648469638129,0.02445434281356348,78.41699981777528,528.0105865307565,1.4142135623730951,63.60173693002712,19.67741935483871
63.638706181014896,61,77,1,0.020088298011074316,0.03156571499139307,61.44553860089994,618.5740525225174,1.4142135623730951,63.62074919176759,17.956989247311828
63.64173513939792,51,85,0,0.009000000000000001,0.00022155095908276803,51.668328107024976,684.6151060457239,1.0,63.625029372046995,16.705767350928642
63.65173513939792,60,110,0,0.0684560966686753,0.07606232963186145,60.327986132733336,884.2095652502039,1.0,63.63893944047319,12.795698924731184
63.661026512138314,44,87,1,0.009000000000000001,0.009354062365886052,44.76557617922631,702.0024988697501,1.4142135623730951,63.64463355026148,16.392961876832846
63.67102651213831,39,66,1,0.03914852125258716,0.061515966335844566,39.136588031118436,528.5480446975558,1.4142135623730951,63.65134909278347,19.67741935483871
63.71452486908563,52,72,1,0.012464687581598898,0.01958636692071184,52.76487637180895,583.6388506403546,1.4142135623730951,63.69578586615308,18.73900293255132
63.72837452195407,39,73,1,0.04679904699658521,0.07353760774300741,39.14107708601914,591.7672562169885,1.4142135623730951,63.70979192175857,18.58260019550342
63.72779746902978,70,92,0,0.020998736462089482,0.023331929402321646,70.00059091287915,736.8049159983475,1.0,63.71218652083819,15.610948191593351
63.751129398432106,59,79,0,0.009000000000000001,0.002013030992288393,59.06076272080616,632.8627888337487,1.0,63.73348521465889,17.64418377321603
63.761129398432104,22,86,0,0.009000000000000001,0.008242778711929606,22.92660137528609,691.072401407371,1.0,63.744580033818224,16.549364613880744
63.7711293984321,34,60,0,0.011913849433917227,0.013237610482130253,34.863123248452496,482.13522472796404,1.0,63.75051356265497,20.6158357771261
63.78037346306139,38,90,1,0.03458834057984643,0.054350333719998346,38.29239609388398,725.394160423451,1.4142135623730951,63.7644497093957,15.923753665689148
63.78436700891423,67,71,0,0.018916574115014878,0.021018415683349865,67.36599065168035,569.183932962608,1.0,63.765471603244634,18.89540566959922
63.80538542459758,74,107,0,0.07401907064422318,0.08224341182691464,74.82981719049778,856.1037856245911,1.0,63.792120517461704,13.264907135874878
63.81880495259455,75,52,1,0.018182258746976692,0.028570663238390307,75.33672409283886,419.1819306778506,1.4142135623730951,63.79693789492104,21.867057673509287
63.83900746231341,51,82,1,0.03906909120557864,0.061391154058356365,51.99852380073764,656.3749498969648,1.4142135623730951,63.82183248675134,17.174975562072337
63.88241756365294,91,50,1,0.009697026931151258,0.015237407778590291,91.37364554667822,406.3827132589487,1.4142135623730951,63.86023770050534,22.179863147605083
63.8876288364245,63,83,0,0.009000000000000001,0.007046935877533612,63.48729927629051,665.0261696061905,1.0,63.870610263599474,17.01857282502444
63.89319203802089,59,77,1,0.03918093539643765,0.06156690024900687,59.46914882739262,623.3697626556964,1.4142135623730951,63.87523504877358,17.956989247311828
63.897628836424495,73,65,0,0.009000000000000001,0.0008470788114970834,73.52244799714099,523.3282234223889,1.0,63.877795014332605,19.83382209188661
63.92609302555665,90,85,0,0.009000000000000001,0.009845412367576311,90.85907797491015,682.4763038262366,1.0,63.909387258205726,16.705767350928642
63.9367264106836,57,81,1,0.009000000000000001,0.012600609073058973,57.24400087849793,648.1613856421894,1.4142135623730951,63.91939503238448,17.331378299120235
63.93609302555665,82,93,0,0.009000000000000001,0.002768138091072956,82.62018410684665,746.700426714522,1.0,63.920638480102106,15.454545454545453
63.94609302555665,52,67,0,0.12613326653298387,0.14014807392553763,52.193415219118336,538.945562993878,1.0,63.92657200893886,19.521016617790814
63.946726410683596,43,92,1,0.009869014259509538,0.01550765979227984,43.53017148870304,739.3300469134485,1.4142135623730951,63.931115462492,15.610948191593351
63.95769198208305,61,100,1,0.010429401455192172,0.016388223317073847,61.51550231974194,803.7389678259544,1.4142135623730951,63.94333225578784,14.359726295210166
63.96928020592215,67,74,1,0.009000000000000001,0.003474311208969309,67.04368345347588,598.6456464729529,1.4142135623730951,63.9508540084637,18.426197458455523
63.97928020592215,76,54,1,0.009000000000000001,0.01232251811804295,76.32922051979028,439.16910888100335,1.4142135623730951,63.957725953722736,21.55425219941349
63.98928020592215,63,103,1,0.009000000000000001,0.002260293976339618,63.141929545952955,825.1588540787994,1.4142135623730951,63.97538968783808,13.890518084066471
64.0,62,80,0,0.06,0.2,75.92715706355366,640.0,3.0,63.982512218963834,17.487781036168133
64.0,60,80,1,0.045000000000000005,0.2,61.47976460058525,640.0,4.0,63.982512218963834,17.487781036168133
64.05,62,80,1,0.045000000000000005,0.2,63.62205081661356,640.0,4.0,64.03251221896383,17.487781036168133
64.06666666666666,53,80,0,0.06,0.2,65.15299014280087,640.0,3.0,64.0491788856305,17.487781036168133
64.1,72,80,1,0.045000000000000005,0.2,73.65863847647378,640.0,4.0,64.08251221896383,17.487781036168133
64.13333333333333,48,80,0,0.06,0.2,60.65591051059776,640.0,3.0,64.11584555229716,17.487781036168133
64.14999999999999,53,80,1,0.045000000000000005,0.2,53.83344957817049,640.0,4.0,64.13251221896383,17.487781036168133
64.19999999999999,33,80,0,0.06,0.2,45.98098323887203,640.0,3.0,64.18251221896382,17.487781036168133
64.19999999999999,48,80,1,0.045000000000000005,0.2,49.77317896958141,640.0,4.0,64.18251221896382,17.487781036168133
64.24999999999999,52,80,1,0.045000000000000005,0.2,52.83657631259967,640.0,4.0,64.23251221896382,17.487781036168133
64.26666666666665,41,80,0,0.06,0.2,53.114166692837294,640.0,3.0,64.24917888563049,17.487781036168133
64.29999999999998,48,80,1,0.045000000000000005,0.2,49.30745199748064,640.0,4.0,64.28251221896382,17.487781036168133
64.33333333333331,53,80,0,0.06,0.2,65.37911470089107,640.0,3.0,64.31584555229715,17.487781036168133
64.34999999999998,69,80,1,0.045000000000000005,0.2,70.69325886207187,640.0,4.0,64.33251221896381,17.487781036168133
64.39999999999998,48,80,0,0.06,0.2,61.333246538878754,640.0,3.0,64.38251221896381,17.487781036168133
64.39999999999998,72,80,1,0.045000000000000005,0.2,72.3891143601923,640.0,4.0,64.38251221896381,17.487781036168133
64.44999999999997,62,80,1,0.045000000000000005,0.2,62.56173262359063,640.0,4.0,64.43251221896381,17.487781036168133
64.46666666666664,57,80,0,0.06,0.2,69.44791924244538,640.0,3.0,64.44917888563047,17.487781036168133
64.49999999999997,69,80,1,0.045000000000000005,0.2,69.77035956548119,640.0,4.0,64.4825122189638,17.487781036168133
64.5333333333333,50,80,0,0.06,0.2,63.22619650429738,640.0,3.0,64.51584555229714,17.487781036168133
64.54999999999997,60,80,1,0.045000000000000005,0.2,61.071667044641885,640.0,4.0,64.5325122189638,17.487781036168133
64.59999999999997,40,80,0,0.06,0.2,52.26638487437872,640.0,3.0,64.5825122189638,17.487781036168133
64.59999999999997,59,80,1,0.045000000000000005,0.2,59.23910681839387,640.0,4.0,64.5825122189638,17.487781036168133
64.64999999999996,57,80,1,0.045000000000000005,0.2,57.3356990475699,640.0,4.0,64.6325122189638,17.487781036168133
64.66666666666663,41,80,0,0.06,0.2,53.631486898234925,640.0,3.0,64.64917888563046,17.487781036168133
64.69999999999996,57,80,1,0.045000000000000005,0.2,57.516872068979474,640.0,4.0,64.6825122189638,17.487781036168133
64.73333333333329,48,80,0,0.06,0.2,60.8233391241859,640.0,3.0,64.71584555229713,17.487781036168133
64.74999999999996,47,80,1,0.045000000000000005,0.2,47.61758754952775,640.0,4.0,64.73251221896379,17.487781036168133
64.79999999999995,29,80,0,0.06,0.2,41.48764747199915,640.0,3.0,64.78251221896379,17.487781036168133
64.79999999999995,62,80,1,0.045000000000000005,0.2,62.114038108858715,640.0,4.0,64.78251221896379,17.487781036168133
64.84999999999995,59,80,1,0.045000000000000005,0.2,59.67732871828765,640.0,4.0,64.83251221896379,17.487781036168133
64.86666666666662,60,80,0,0.06,0.2,73.38753508498388,640.0,3.0,64.84917888563045,17.487781036168133
64.89999999999995,65,80,1,0.045000000000000005,0.2,65.96288579262301,640.0,4.0,64.88251221896378,17.487781036168133
64.93333333333328,50,80,0,0.06,0.2,63.53397389102046,640.0,3.0,64.91584555229711,17.487781036168133
64.94999999999995,60,80,1,0.045000000000000005,0.2,60.74818797150888,640.0,4.0,64.93251221896378,17.487781036168133
64.99999999999994,57,80,0,0.06,0.2,69.81627677639098,640.0,3.0,64.98251221896378,17.487781036168133
65.04999999999994,53,80,1,0.045000000000000005,0.2,53.03045575993895,640.0,4.0,65.03251221896377,17.487781036168133
65.0666666666666,35,80,0,0.06,0.2,47.355168473526646,640.0,3.0,65.04917888563044,17.487781036168133
65.09999999999994,60,80,1,0.045000000000000005,0.2,60.57722589457409,640.0,4.0,65.08251221896377,17.487781036168133
65.13333333333327,57,80,0,0.06,0.2,69.95652128284205,640.0,3.0,65.1158455522971,17.487781036168133
65.14999999999993,65,80,1,0.045000000000000005,0.2,65.9058978465293,640.0,4.0,65.13251221896377,17.487781036168133
65.19999999999993,65,80,0,0.06,0.2,77.851991288222,640.0,3.0,65.18251221896377,17.487781036168133
65.19999999999993,50,80,1,0.045000000000000005,0.2,50.85328807132912,640.0,4.0,65.18251221896377,17.487781036168133
65.24999999999993,60,80,1,0.045000000000000005,0.2,60.699790029445914,640.0,4.0,65.23251221896376,17.487781036168133
65.2666666666666,36,80,0,0.06,0.2,49.43297315698146,640.0,3.0,65.24917888563043,17.487781036168133
65.29999999999993,60,80,1,0.045000000000000005,0.2,61.86434361223587,640.0,4.0,65.28251221896376,17.487781036168133
65.33333333333326,53,80,0,0.06,0.2,66.17121435923013,640.0,3.0,65.31584555229709,17.487781036168133
65.39999999999992,48,80,0,0.06,0.2,60.00887955749835,640.0,3.0,65.38251221896375,17.487781036168133
65.39999999999992,55,80,1,0.045000000000000005,0.2,55.297149560735996,640.0,4.0,65.38251221896375,17.487781036168133
65.44999999999992,60,80,1,0.045000000000000005,0.2,61.84488679012971,640.0,4.0,65.43251221896375,17.487781036168133
65.46666666666658,35,80,0,0.06,0.2,47.64452921401404,640.0,3.0,65.44917888563042,17.487781036168133
65.49999999999991,50,80,1,0.045000000000000005,0.2,50.93263185365902,640.0,4.0,65.48251221896375,17.487781036168133
65.54999999999991,62,80,1,0.045000000000000005,0.2,62.79938972199514,640.0,4.0,65.53251221896375,17.487781036168133
65.59999999999991,53,80,0,0.06,0.2,66.66882563869879,640.0,3.0,65.58251221896374,17.487781036168133
65.59999999999991,52,80,1,0.045000000000000005,0.2,52.8371650107264,640.0,4.0,65.58251221896374,17.487781036168133
65.6499999999999,67,80,1,0.045000000000000005,0.2,68.50282954426574,640.0,4.0,65.63251221896374,17.487781036168133
65.66666666666657,43,80,0,0.06,0.2,55.19098757864923,640.0,3.0,65.6491788856304,17.487781036168133
65.6999999999999,77,80,1,0.045000000000000005,0.2,78.7026219631064,640.0,4.0,65.68251221896374,17.487781036168133
65.73333333333323,57,80,0,0.06,0.2,69.32733216204178,640.0,3.0,65.71584555229707,17.487781036168133
65.7499999999999,53,80,1,0.045000000000000005,0.2,53.11394558638544,640.0,4.0,65.73251221896373,17.487781036168133
65.7999999999999,33,80,0,0.06,0.2,46.66589274568642,640.0,3.0,65.78251221896373,17.487781036168133
65.7999999999999,64,80,1,0.045000000000000005,0.2,64.2736628989974,640.0,4.0,65.78251221896373,17.487781036168133
65.8499999999999,53,80,1,0.045000000000000005,0.2,54.18606476094384,640.0,4.0,65.83251221896373,17.487781036168133
65.86666666666656,36,80,0,0.06,0.2,48.04195082840285,640.0,3.0,65.8491788856304,17.487781036168133
65.89999999999989,67,80,1,0.045000000000000005,0.2,68.32763339038232,640.0,4.0,65.88251221896373,17.487781036168133
65.93333333333322,48,80,0,0.06,0.2,61.09277916471002,640.0,3.0,65.91584555229706,17.487781036168133
65.99999999999989,48,80,0,0.06,0.2,60.203082223778175,640.0,3.0,65.98251221896372,17.487781036168133
65.99999999999989,62,80,1,0.045000000000000005,0.2,63.8446940674217,640.0,4.0,65.98251221896372,17.487781036168133
66.04999999999988,53,80,1,0.045000000000000005,0.2,53.01608826488518,640.0,4.0,66.03251221896372,17.487781036168133
66.06666666666655,41,80,0,0.06,0.2,54.26741209260716,640.0,3.0,66.04917888563038,17.487781036168133
66.09999999999988,57,80,1,0.045000000000000005,0.2,58.34412328721305,640.0,4.0,66.08251221896371,17.487781036168133
66.13333333333321,53,80,0,0.06,0.2,66.47675548777508,640.0,3.0,66.11584555229705,17.487781036168133
66.14999999999988,50,80,1,0.045000000000000005,0.2,51.75179779882154,640.0,4.0,66.13251221896371,17.487781036168133
66.19999999999987,52,80,0,0.06,0.2,64.2471545137276,640.0,3.0,66.18251221896371,17.487781036168133
66.19999999999987,65,80,1,0.045000000000000005,0.2,66.57880376716602,640.0,4.0,66.18251221896371,17.487781036168133
66.24999999999987,53,80,1,0.045000000000000005,0.2,53.30415716448331,640.0,4.0,66.2325122189637,17.487781036168133
66.29999999999987,64,80,1,0.045000000000000005,0.2,64.41571407465462,640.0,4.0,66.2825122189637,17.487781036168133
66.3333333333332,47,80,0,0.06,0.2,59.01490851718186,640.0,3.0,66.31584555229703,17.487781036168133
66.34999999999987,57,80,1,0.045000000000000005,0.2,57.24721577390134,640.0,4.0,66.3325122189637,17.487781036168133
66.39999999999986,52,80,0,0.06,0.2,64.82064214382673,640.0,3.0,66.3825122189637,17.487781036168133
66.39999999999986,59,80,1,0.045000000000000005,0.2,59.0842210256091,640.0,4.0,66.3825122189637,17.487781036168133
66.44999999999986,60,80,1,0.045000000000000005,0.2,61.18204725920103,640.0,4.0,66.4325122189637,17.487781036168133
66.46666666666653,43,80,0,0.06,0.2,56.434797575760044,640.0,3.0,66.44917888563036,17.487781036168133
66.49999999999986,53,80,1,0.045000000000000005,0.2,53.90540262672921,640.0,4.0,66.48251221896369,17.487781036168133
66.53333333333319,64,80,0,0.06,0.2,76.43054952069276,640.0,3.0,66.51584555229702,17.487781036168133
66.54999999999986,60,80,1,0.045000000000000005,0.2,61.68293690832709,640.0,4.0,66.53251221896369,17.487781036168133
66.59999999999985,41,80,0,0.06,0.2,53.49963383902411,640.0,3.0,66.58251221896369,17.487781036168133
66.59999999999985,72,80,1,0.045000000000000005,0.2,72.2426765148353,640.0,4.0,66.58251221896369,17.487781036168133
66.64999999999985,53,80,1,0.045000000000000005,0.2,53.77524171333829,640.0,4.0,66.63251221896368,17.487781036168133
66.66666666666652,64,80,0,0.06,0.2,76.8423794356665,640.0,3.0,66.64917888563035,17.487781036168133
66.69999999999985,69,80,1,0.045000000000000005,0.2,69.37448114619076,640.0,4.0,66.68251221896368,17.487781036168133
66.73333333333318,48,80,0,0.06,0.2,60.27910357671527,640.0,3.0,66.71584555229701,17.487781036168133
66.74999999999984,71,80,1,0.045000000000000005,0.2,71.98478106790228,640.0,4.0,66.73251221896368,17.487781036168133
66.79999999999984,36,80,0,0.06,0.2,48.99591288345006,640.0,3.0,66.78251221896367,17.487781036168133
66.79999999999984,53,80,1,0.045000000000000005,0.2,53.470760087775645,640.0,4.0,66.78251221896367,17.487781036168133
66.84999999999984,48,80,1,0.045000000000000005,0.2,48.35956315927558,640.0,4.0,66.83251221896367,17.487781036168133
66.8666666666665,57,80,0,0.06,0.2,70.94463480390881,640.0,3.0,66.84917888563034,17.487781036168133
66.89999999999984,62,80,1,0.045000000000000005,0.2,62.41568720137412,640.0,4.0,66.88251221896367,17.487781036168133
66.93333333333317,48,80,0,0.06,0.2,61.00721110715967,640.0,3.0,66.915845552297,17.487781036168133
66.94999999999983,55,80,1,0.045000000000000005,0.2,55.620739817865015,640.0,4.0,66.93251221896367,17.487781036168133
66.99999999999983,53,80,0,0.06,0.2,66.8089927870419,640.0,3.0,66.98251221896366,17.487781036168133
66.99999999999983,74,80,1,0.045000000000000005,0.2,74.94882575330402,640.0,4.0,66.98251221896366,17.487781036168133
67.04999999999983,60,80,1,0.045000000000000005,0.2,60.27846032399866,640.0,4.0,67.03251221896366,17.487781036168133
67.06666666666649,57,80,0,0.06,0.2,69.79084734834075,640.0,3.0,67.04917888563033,17.487781036168133
67.09999999999982,53,80,1,0.045000000000000005,0.2,53.58240473571857,640.0,4.0,67.08251221896366,17.487781036168133
67.13333333333316,50,80,0,0.06,0.2,62.7036444331602,640.0,3.0,67.11584555229699,17.487781036168133
67.19999999999982,43,80,0,0.06,0.2,55.26207324149748,640.0,3.0,67.18251221896365,17.487781036168133
67.19999999999982,67,80,1,0.045000000000000005,0.2,68.71923967272664,640.0,4.0,67.18251221896365,17.487781036168133
67.24999999999982,55,80,1,0.045000000000000005,0.2,55.43052820732651,640.0,4.0,67.23251221896365,17.487781036168133
67.29999999999981,60,80,1,0.045000000000000005,0.2,60.350630395683424,640.0,4.0,67.28251221896365,17.487781036168133
67.33333333333314,48,80,0,0.06,0.2,60.006044059636764,640.0,3.0,67.31584555229698,17.487781036168133
67.34999999999981,67,80,1,0.045000000000000005,0.2,67.64642196089984,640.0,4.0,67.33251221896364,17.487781036168133
67.3999999999998,53,80,0,0.06,0.2,65.48686254886735,640.0,3.0,67.38251221896364,17.487781036168133
67.3999999999998,55,80,1,0.045000000000000005,0.2,56.12593318455336,640.0,4.0,67.38251221896364,17.487781036168133
67.4499999999998,59,80,1,0.045000000000000005,0.2,59.63256937007871,640.0,4.0,67.43251221896364,17.487781036168133
67.46666666666647,29,80,0,0.06,0.2,42.770155409668305,640.0,3.0,67.4491788856303,17.487781036168133
67.4999999999998,59,80,1,0.045000000000000005,0.2,59.86745272141984,640.0,4.0,67.48251221896363,17.487781036168133
67.53333333333313,50,80,0,0.06,0.2,63.57585373607881,640.0,3.0,67.51584555229697,17.487781036168133
67.5499999999998,65,80,1,0.045000000000000005,0.2,65.46659609212874,640.0,4.0,67.53251221896363,17.487781036168133
67.5999999999998,41,80,0,0.06,0.2,54.891313398839756,640.0,3.0,67.58251221896363,17.487781036168133
67.5999999999998,64,80,1,0.045000000000000005,0.2,64.72595468408261,640.0,4.0,67.58251221896363,17.487781036168133
67.64999999999979,57,80,1,0.045000000000000005,0.2,58.23909014996137,640.0,4.0,67.63251221896363,17.487781036168133
67.66666666666646,60,80,0,0.06,0.2,73.22647709742824,640.0,3.0,67.64917888563029,17.487781036168133
67.73333333333312,52,80,0,0.06,0.2,64.98469878311276,640.0,3.0,67.71584555229695,17.487781036168133
67.74999999999979,57,80,1,0.045000000000000005,0.2,57.025767907812096,640.0,4.0,67.73251221896362,17.487781036168133
67.79999999999978,48,80,0,0.06,0.2,61.918861966794374,640.0,3.0,67.78251221896362,17.487781036168133
67.84999999999978,62,80,1,0.045000000000000005,0.2,62.060806859185035,640.0,4.0,67.83251221896361,17.487781036168133
67.86666666666645,50,80,0,0.06,0.2,63.890479946801776,640.0,3.0,67.84917888563028,17.487781036168133
67.89999999999978,74,80,1,0.045000000000000005,0.2,75.13753408666454,640.0,4.0,67.88251221896361,17.487781036168133
67.93333333333311,40,80,0,0.06,0.2,52.012473176986255,640.0,3.0,67.91584555229694,17.487781036168133
67.94999999999978,52,80,1,0.045000000000000005,0.2,52.9302468744715,640.0,4.0,67.93251221896361,17.487781036168133
67.99999999999977,60,80,0,0.06,0.2,72.98605352422443,640.0,3.0,67.9825122189636,17.487781036168133
67.99999999999977,53,80,1,0.045000000000000005,0.2,53.815762323178376,640.0,4.0,67.9825122189636,17.487781036168133
68.04999999999977,53,80,1,0.045000000000000005,0.2,53.03417782685007,640.0,4.0,68.0325122189636,17.487781036168133
68.06666666666644,62,80,0,0.06,0.2,75.93096334733524,640.0,3.0,68.04917888563027,17.487781036168133
68.09999999999977,65,80,1,0.045000000000000005,0.2,65.79673422978497,640.0,4.0,68.0825122189636,17.487781036168133
68.1333333333331,50,80,0,0.06,0.2,63.14330808438573,640.0,3.0,68.11584555229693,17.487781036168133
68.14999999999976,62,80,1,0.045000000000000005,0.2,63.58788363357152,640.0,4.0,68.1325122189636,17.487781036168133
68.19999999999976,60,80,0,0.06,0.2,72.7232285485891,640.0,3.0,68.1825122189636,17.487781036168133
68.19999999999976,57,80,1,0.045000000000000005,0.2,58.73169846066835,640.0,4.0,68.1825122189636,17.487781036168133
68.24999999999976,52,80,1,0.045000000000000005,0.2,52.65584750688828,640.0,4.0,68.23251221896359,17.487781036168133
68.26666666666642,43,80,0,0.06,0.2,55.44681441061973,640.0,3.0,68.24917888563026,17.487781036168133
68.29999999999976,60,80,1,0.045000000000000005,0.2,60.73901433311939,640.0,4.0,68.28251221896359,17.487781036168133
68.33333333333309,41,80,0,0.06,0.2,53.62309147020015,640.0,3.0,68.31584555229692,17.487781036168133
68.34999999999975,47,80,1,0.045000000000000005,0.2,47.48302298131357,640.0,4.0,68.33251221896359,17.487781036168133
68.39999999999975,48,80,0,0.06,0.2,60.32739798983138,640.0,3.0,68.38251221896358,17.487781036168133
68.39999999999975,60,80,1,0.045000000000000005,0.2,61.147412534859946,640.0,4.0,68.38251221896358,17.487781036168133
68.44999999999975,65,80,1,0.045000000000000005,0.2,66.97219508870347,640.0,4.0,68.43251221896358,17.487781036168133
68.46666666666641,50,80,0,0.06,0.2,63.47952830694319,640.0,3.0,68.44917888563025,17.487781036168133
68.49999999999974,48,80,1,0.045000000000000005,0.2,49.99040690693057,640.0,4.0,68.48251221896358,17.487781036168133
68.53333333333308,43,80,0,0.06,0.2,56.848106550055036,640.0,3.0,68.51584555229691,17.487781036168133
68.54999999999974,47,80,1,0.045000000000000005,0.2,47.73985378536269,640.0,4.0,68.53251221896357,17.487781036168133
68.59999999999974,52,80,0,0.06,0.2,64.30214552294787,640.0,3.0,68.58251221896357,17.487781036168133
68.59999999999974,72,80,1,0.045000000000000005,0.2,72.63550313355887,640.0,4.0,68.58251221896357,17.487781036168133
68.64999999999974,55,80,1,0.045000000000000005,0.2,55.10592288396332,640.0,4.0,68.63251221896357,17.487781036168133
68.6666666666664,50,80,0,0.06,0.2,62.451115856587315,640.0,3.0,68.64917888563023,17.487781036168133
68.69999999999973,69,80,1,0.045000000000000005,0.2,69.08758276755057,640.0,4.0,68.68251221896357,17.487781036168133
68.73333333333306,40,80,0,0.06,0.2,52.01354579767156,640.0,3.0,68.7158455522969,17.487781036168133
68.74999999999973,57,80,1,0.045000000000000005,0.2,58.76801867841735,640.0,4.0,68.73251221896356,17.487781036168133
68.79999999999973,52,80,0,0.06,0.2,64.15034413961376,640.0,3.0,68.78251221896356,17.487781036168133
68.79999999999973,57,80,1,0.045000000000000005,0.2,58.70436146446938,640.0,4.0,68.78251221896356,17.487781036168133
68.84999999999972,62,80,1,0.045000000000000005,0.2,63.50730159597316,640.0,4.0,68.83251221896356,17.487781036168133
68.86666666666639,53,80,0,0.06,0.2,66.90822594017217,640.0,3.0,68.84917888563022,17.487781036168133
68.89999999999972,52,80,1,0.045000000000000005,0.2,52.92800914602847,640.0,4.0,68.88251221896356,17.487781036168133
68.93333333333305,48,80,0,0.06,0.2,61.371754540723124,640.0,3.0,68.91584555229689,17.487781036168133
68.94999999999972,60,80,1,0.045000000000000005,0.2,61.059977147965164,640.0,4.0,68.93251221896355,17.487781036168133
68.99999999999972,57,80,0,0.06,0.2,69.22118482609353,640.0,3.0,68.98251221896355,17.487781036168133
68.99999999999972,55,80,1,0.045000000000000005,0.2,56.94808468140726,640.0,4.0,68.98251221896355,17.487781036168133
69.04999999999971,48,80,1,0.045000000000000005,0.2,49.436052452759746,640.0,4.0,69.03251221896355,17.487781036168133
69.06666666666638,38,80,0,0.06,0.2,50.260769652024386,640.0,3.0,69.04917888563021,17.487781036168133
69.09999999999971,62,80,1,0.045000000000000005,0.2,62.69985659781119,640.0,4.0,69.08251221896354,17.487781036168133
69.13333333333304,50,80,0,0.06,0.2,63.74360337705481,640.0,3.0,69.11584555229688,17.487781036168133
69.14999999999971,57,80,1,0.045000000000000005,0.2,57.893537544976674,640.0,4.0,69.13251221896354,17.487781036168133
69.1999999999997,38,80,0,0.06,0.2,50.6377543488258,640.0,3.0,69.18251221896354,17.487781036168133
69.1999999999997,57,80,1,0.045000000000000005,0.2,58.743801372442334,640.0,4.0,69.18251221896354,17.487781036168133
69.2499999999997,50,80,1,0.045000000000000005,0.2,50.31871245268674,640.0,4.0,69.23251221896354,17.487781036168133
69.26666666666637,38,80,0,0.06,0.2,51.0873491341353,640.0,3.0,69.2491788856302,17.487781036168133
69.2999999999997,72,80,1,0.045000000000000005,0.2,72.73120294210243,640.0,4.0,69.28251221896353,17.487781036168133
69.33333333333303,41,80,0,0.06,0.2,54.95255333009768,640.0,3.0,69.31584555229686,17.487781036168133
69.3499999999997,67,80,1,0.045000000000000005,0.2,67.01371349108894,640.0,4.0,69.33251221896353,17.487781036168133
69.3999999999997,40,80,0,0.06,0.2,52.46351853140604,640.0,3.0,69.38251221896353,17.487781036168133
69.3999999999997,67,80,1,0.045000000000000005,0.2,67.71324707337583,640.0,4.0,69.38251221896353,17.487781036168133
69.44999999999969,57,80,1,0.045000000000000005,0.2,57.55644238046654,640.0,4.0,69.43251221896352,17.487781036168133
69.46666666666636,43,80,0,0.06,0.2,55.6160334500709,640.0,3.0,69.44917888563019,17.487781036168133
69.49999999999969,45,80,1,0.045000000000000005,0.2,46.16653688397264,640.0,4.0,69.48251221896352,17.487781036168133
69.54999999999968,74,80,1,0.045000000000000005,0.2,75.62333905991609,640.0,4.0,69.53251221896352,17.487781036168133
69.59999999999968,53,80,0,0.06,0.2,66.69723589065107,640.0,3.0,69.58251221896352,17.487781036168133
69.59999999999968,59,80,1,0.045000000000000005,0.2,59.51121993595306,640.0,4.0,69.58251221896352,17.487781036168133
69.64999999999968,53,80,1,0.045000000000000005,0.2,54.00960163183957,640.0,4.0,69.63251221896351,17.487781036168133
69.66666666666634,45,80,0,0.06,0.2,57.43072769035438,640.0,3.0,69.64917888563018,17.487781036168133
69.69999999999968,62,80,1,0.045000000000000005,0.2,63.33441259586491,640.0,4.0,69.68251221896351,17.487781036168133
69.73333333333301,35,80,0,0.06,0.2,47.31499434584326,640.0,3.0,69.71584555229684,17.487781036168133
69.74999999999967,69,80,1,0.045000000000000005,0.2,69.33696630402638,640.0,4.0,69.7325122189635,17.487781036168133
69.79999999999967,57,80,0,0.06,0.2,69.12054277196128,640.0,3.0,69.7825122189635,17.487781036168133
69.79999999999967,59,80,1,0.045000000000000005,0.2,59.81559555131627,640.0,4.0,69.7825122189635,17.487781036168133
69.84999999999967,69,80,1,0.045000000000000005,0.2,70.228601343515,640.0,4.0,69.8325122189635,17.487781036168133
69.86666666666633,41,80,0,0.06,0.2,53.30327893107968,640.0,3.0,69.84917888563017,17.487781036168133
69.89999999999966,67,80,1,0.045000000000000005,0.2,68.66399950813495,640.0,4.0,69.8825122189635,17.487781036168133
69.933333333333,47,80,0,0.06,0.2,59.53023658316297,640.0,3.0,69.91584555229683,17.487781036168133
69.94999999999966,50,80,1,0.045000000000000005,0.2,51.38895050078354,640.0,4.0,69.9325122189635,17.487781036168133
69.99999999999966,50,80,0,0.06,0.2,63.57229205552569,640.0,3.0,69.98251221896349,17.487781036168133
69.99999999999966,53,80,1,0.045000000000000005,0.2,54.60967915472419,640.0,4.0,69.98251221896349,17.487781036168133
70.04999999999966,67,80,1,0.045000000000000005,0.2,67.66029730623814,640.0,4.0,70.03251221896349,17.487781036168133
70.06666666666632,48,80,0,0.06,0.2,61.59688334722226,640.0,3.0,70.04917888563016,17.487781036168133
70.09999999999965,38,80,1,0.045000000000000005,0.2,38.29909948951649,640.0,4.0,70.08251221896349,17.487781036168133
70.13333333333298,55,80,0,0.06,0.2,68.7534363801718,640.0,3.0,70.11584555229682,17.487781036168133
70.14999999999965,57,80,1,0.045000000000000005,0.2,58.80435445468009,640.0,4.0,70.13251221896348,17.487781036168133
70.19999999999965,50,80,0,0.06,0.2,63.83202514714207,640.0,3.0,70.18251221896348,17.487781036168133
70.19999999999965,48,80,1,0.045000000000000005,0.2,48.553350387002624,640.0,4.0,70.18251221896348,17.487781036168133
70.24999999999964,55,80,1,0.045000000000000005,0.2,56.1875695885318,640.0,4.0,70.23251221896348,17.487781036168133
70.26666666666631,41,80,0,0.06,0.2,53.10952336242313,640.0,3.0,70.24917888563014,17.487781036168133
70.29999999999964,57,80,1,0.045000000000000005,0.2,57.609439287766364,640.0,4.0,70.28251221896348,17.487781036168133
70.33333333333297,65,80,0,0.06,0.2,77.42849739193329,640.0,3.0,70.3158455522968,17.487781036168133
70.34999999999964,57,80,1,0.045000000000000005,0.2,57.134044976739936,640.0,4.0,70.33251221896347,17.487781036168133
70.39999999999964,48,80,0,0.06,0.2,61.554667706705864,640.0,3.0,70.38251221896347,17.487781036168133
70.39999999999964,55,80,1,0.045000000000000005,0.2,55.58190998309913,640.0,4.0,70.38251221896347,17.487781036168133
70.44999999999963,50,80,1,0.045000000000000005,0.2,51.22285080296949,640.0,4.0,70.43251221896347,17.487781036168133
70.4666666666663,45,80,0,0.06,0.2,58.82127818702795,640.0,3.0,70.44917888563013,17.487781036168133
70.49999999999963,77,80,1,0.045000000000000005,0.2,78.3352901345495,640.0,4.0,70.48251221896346,17.487781036168133
70.53333333333296,55,80,0,0.06,0.2,67.71140338444457,640.0,3.0,70.5158455522968,17.487781036168133
70.54999999999963,74,80,1,0.045000000000000005,0.2,74.9396960332908,640.0,4.0,70.53251221896346,17.487781036168133
70.59999999999962,48,80,0,0.06,0.2,61.99560756744058,640.0,3.0,70.58251221896346,17.487781036168133
70.59999999999962,50,80,1,0.045000000000000005,0.2,50.70347343794974,640.0,4.0,70.58251221896346,17.487781036168133
70.64999999999962,72,80,1,0.045000000000000005,0.2,72.65693401042854,640.0,4.0,70.63251221896346,17.487781036168133
70.66666666666629,50,80,0,0.06,0.2,63.19382554351462,640.0,3.0,70.64917888563012,17.487781036168133
70.69999999999962,55,80,1,0.045000000000000005,0.2,56.80427607621718,640.0,4.0,70.68251221896345,17.487781036168133
70.73333333333295,67,80,0,0.06,0.2,79.9374719888055,640.0,3.0,70.71584555229678,17.487781036168133
70.74999999999962,60,80,1,0.045000000000000005,0.2,61.033499786653685,640.0,4.0,70.73251221896345,17.487781036168133
70.79999999999961,45,80,0,0.06,0.2,57.799028573959625,640.0,3.0,70.78251221896345,17.487781036168133
70.79999999999961,59,80,1,0.045000000000000005,0.2,59.49380832082467,640.0,4.0,70.78251221896345,17.487781036168133
70.84999999999961,53,80,1,0.045000000000000005,0.2,54.72201086996827,640.0,4.0,70.83251221896344,17.487781036168133
70.86666666666628,45,80,0,0.06,0.2,57.45791284786083,640.0,3.0,70.84917888563011,17.487781036168133
70.89999999999961,67,80,1,0.045000000000000005,0.2,67.87081874884917,640.0,4.0,70.88251221896344,17.487781036168133
70.93333333333294,48,80,0,0.06,0.2,60.93262809609971,640.0,3.0,70.91584555229677,17.487781036168133
70.9499999999996,60,80,1,0.045000000000000005,0.2,61.00709224461326,640.0,4.0,70.93251221896344,17.487781036168133
70.9999999999996,55,80,0,0.06,0.2,68.5721274846483,640.0,3.0,70.98251221896344,17.487781036168133
71.0499999999996,48,80,1,0.045000000000000005,0.2,49.56328444959622,640.0,4.0,71.03251221896343,17.487781036168133
71.06666666666626,35,80,0,0.06,0.2,47.94772775847681,640.0,3.0,71.0491788856301,17.487781036168133
71.0999999999996,52,80,1,0.045000000000000005,0.2,52.85123989024704,640.0,4.0,71.08251221896343,17.487781036168133
71.13333333333293,31,80,0,0.06,0.2,44.27555286818796,640.0,3.0,71.11584555229676,17.487781036168133
71.1499999999996,45,80,1,0.045000000000000005,0.2,46.86895907518323,640.0,4.0,71.13251221896343,17.487781036168133
71.19999999999959,43,80,0,0.06,0.2,55.30307783503882,640.0,3.0,71.18251221896342,17.487781036168133
71.19999999999959,60,80,1,0.045000000000000005,0.2,60.09778838732136,640.0,4.0,71.18251221896342,17.487781036168133
71.24999999999959,50,80,1,0.045000000000000005,0.2,50.42667526172483,640.0,4.0,71.23251221896342,17.487781036168133
71.26666666666625,33,80,0,0.06,0.2,46.9286163275257,640.0,3.0,71.24917888563009,17.487781036168133
71.29999999999959,57,80,1,0.045000000000000005,0.2,57.87551589985167,640.0,4.0,71.28251221896342,17.487781036168133
71.33333333333292,43,80,0,0.06,0.2,56.60134921979489,640.0,3.0,71.31584555229675,17.487781036168133
71.34999999999958,69,80,1,0.045000000000000005,0.2,70.96081482888297,640.0,4.0,71.33251221896342,17.487781036168133
71.39999999999958,52,80,0,0.06,0.2,64.01999756903432,640.0,3.0,71.38251221896341,17.487781036168133
71.39999999999958,69,80,1,0.045000000000000005,0.2,69.59439658337268,640.0,4.0,71.38251221896341,17.487781036168133
71.44999999999958,59,80,1,0.045000000000000005,0.2,59.741784847179055,640.0,4.0,71.43251221896341,17.487781036168133
71.46666666666624,40,80,0,0.06,0.2,52.87400909158189,640.0,3.0,71.44917888563008,17.487781036168133
71.49999999999957,59,80,1,0.045000000000000005,0.2,59.3033221908548,640.0,4.0,71.48251221896341,17.487781036168133
71.5333333333329,36,80,0,0.06,0.2,48.58538738574926,640.0,3.0,71.51584555229674,17.487781036168133
71.54999999999957,74,80,1,0.045000000000000005,0.2,75.03899639536806,640.0,4.0,71.5325122189634,17.487781036168133
71.59999999999957,48,80,0,0.06,0.2,60.55469729372278,640.0,3.0,71.5825122189634,17.487781036168133
71.59999999999957,64,80,1,0.045000000000000005,0.2,64.1660489628697,640.0,4.0,71.5825122189634,17.487781036168133
71.64999999999957,57,80,1,0.045000000000000005,0.2,57.37754832098781,640.0,4.0,71.6325122189634,17.487781036168133
71.66666666666623,53,80,0,0.06,0.2,66.90034787692136,640.0,3.0,71.64917888563006,17.487781036168133
71.69999999999956,48,80,1,0.045000000000000005,0.2,48.591855063036384,640.0,4.0,71.6825122189634,17.487781036168133
71.7333333333329,33,80,0,0.06,0.2,46.4402124918671,640.0,3.0,71.71584555229673,17.487781036168133
71.74999999999956,62,80,1,0.045000000000000005,0.2,63.150985745317946,640.0,4.0,71.7325122189634,17.487781036168133
71.79999999999956,53,80,0,0.06,0.2,66.56185918644788,640.0,3.0,71.78251221896339,17.487781036168133
71.79999999999956,65,80,1,0.045000000000000005,0.2,66.6345901806629,640.0,4.0,71.78251221896339,17.487781036168133
71.84999999999955,53,80,1,0.045000000000000005,0.2,54.94678780389085,640.0,4.0,71.83251221896339,17.487781036168133
71.89999999999955,62,80,1,0.045000000000000005,0.2,62.32962204110426,640.0,4.0,71.88251221896338,17.487781036168133
71.93333333333288,55,80,0,0.06,0.2,67.63268081725302,640.0,3.0,71.91584555229672,17.487781036168133
71.94999999999955,57,80,1,0.045000000000000005,0.2,57.09141364067977,640.0,4.0,71.93251221896338,17.487781036168133
71.99999999999955,57,80,0,0.06,0.2,69.74784171897349,640.0,3.0,71.98251221896338,17.487781036168133
72.04999999999954,40,80,1,0.045000000000000005,0.2,40.09742353950135,640.0,4.0,72.03251221896338,17.487781036168133
72.06666666666621,65,80,0,0.06,0.2,77.61611139727692,640.0,3.0,72.04917888563004,17.487781036168133
72.09999999999954,57,80,1,0.045000000000000005,0.2,58.22574877027092,640.0,4.0,72.08251221896337,17.487781036168133
72.13333333333287,45,80,0,0.06,0.2,57.15126361104756,640.0,3.0,72.1158455522967,17.487781036168133
72.14999999999954,67,80,1,0.045000000000000005,0.2,67.75495441926444,640.0,4.0,72.13251221896337,17.487781036168133
72.19999999999953,48,80,0,0.06,0.2,60.87657264062287,640.0,3.0,72.18251221896337,17.487781036168133
72.19999999999953,53,80,1,0.045000000000000005,0.2,54.94877955546753,640.0,4.0,72.18251221896337,17.487781036168133
72.24999999999953,60,80,1,0.045000000000000005,0.2,60.42021094572253,640.0,4.0,72.23251221896336,17.487781036168133
72.2666666666662,43,80,0,0.06,0.2,56.6684925340158,640.0,3.0,72.24917888563003,17.487781036168133
72.29999999999953,53,80,1,0.045000000000000005,0.2,53.95239434646464,640.0,4.0,72.28251221896336,17.487781036168133
72.33333333333286,48,80,0,0.06,0.2,60.01581475804649,640.0,3.0,72.3158455522967,17.487781036168133
72.34999999999953,62,80,1,0.045000000000000005,0.2,62.88353341034218,640.0,4.0,72.33251221896336,17.487781036168133
72.39999999999952,60,80,0,0.06,0.2,72.2629868450905,640.0,3.0,72.38251221896336,17.487781036168133
72.39999999999952,57,80,1,0.045000000000000005,0.2,58.26781441971061,640.0,4.0,72.38251221896336,17.487781036168133
72.44999999999952,52,80,1,0.045000000000000005,0.2,52.486067674543946,640.0,4.0,72.43251221896335,17.487781036168133
72.46666666666619,36,80,0,0.06,0.2,49.23988412855465,640.0,3.0,72.44917888563002,17.487781036168133
72.49999999999952,69,80,1,0.045000000000000005,0.2,70.66041174132103,640.0,4.0,72.48251221896335,17.487781036168133
72.53333333333285,41,80,0,0.06,0.2,53.1116026226754,640.0,3.0,72.51584555229668,17.487781036168133
72.54999999999951,67,80,1,0.045000000000000005,0.2,67.43145610825772,640.0,4.0,72.53251221896335,17.487781036168133
72.59999999999951,59,80,0,0.06,0.2,71.0174474920365,640.0,3.0,72.58251221896334,17.487781036168133
72.59999999999951,55,80,1,0.045000000000000005,0.2,55.1607458885746,640.0,4.0,72.58251221896334,17.487781036168133
72.64999999999951,62,80,1,0.045000000000000005,0.2,63.98230647534222,640.0,4.0,72.63251221896334,17.487781036168133
72.66666666666617,55,80,0,0.06,0.2,68.16029205521671,640.0,3.0,72.64917888563001,17.487781036168133
72.6999999999995,64,80,1,0.045000000000000005,0.2,64.29929602256304,640.0,4.0,72.68251221896334,17.487781036168133
72.73333333333284,45,80,0,0.06,0.2,57.094946825463374,640.0,3.0,72.71584555229667,17.487781036168133
72.7499999999995,65,80,1,0.045000000000000005,0.2,65.13840988008941,640.0,4.0,72.73251221896334,17.487781036168133
72.7999999999995,53,80,0,0.06,0.2,66.83521600896576,640.0,3.0,72.78251221896333,17.487781036168133
72.7999999999995,45,80,1,0.045000000000000005,0.2,46.44595283203938,640.0,4.0,72.78251221896333,17.487781036168133
72.8499999999995,67,80,1,0.045000000000000005,0.2,68.05285232826103,640.0,4.0,72.83251221896333,17.487781036168133
72.86666666666616,50,80,0,0.06,0.2,62.72972673993627,640.0,3.0,72.84917888563,17.487781036168133
72.8999999999995,55,80,1,0.045000000000000005,0.2,55.44240829659415,640.0,4.0,72.88251221896333,17.487781036168133
72.93333333333283,60,80,0,0.06,0.2,72.0021968720079,640.0,3.0,72.91584555229666,17.487781036168133
72.94999999999949,57,80,1,0.045000000000000005,0.2,57.137376532469865,640.0,4.0,72.93251221896332,17.487781036168133
72.99999999999949,48,80,0,0.06,0.2,60.59607675061418,640.0,3.0,72.98251221896332,17.487781036168133
72.99999999999949,81,80,1,0.045000000000000005,0.2,81.1030540180816,640.0,4.0,72.98251221896332,17.487781036168133
73.04999999999949,62,80,1,0.045000000000000005,0.2,62.41498704576809,640.0,4.0,73.03251221896332,17.487781036168133
73.06666666666615,55,80,0,0.06,0.2,68.20505691098066,640.0,3.0,73.04917888562998,17.487781036168133
73.13333333333281,69,80,0,0.06,0.2,81.13609528394096,640.0,3.0,73.11584555229665,17.487781036168133
73.14999999999948,41,80,1,0.045000000000000005,0.2,42.35764501795275,640.0,4.0,73.13251221896331,17.487781036168133
73.19999999999948,52,80,0,0.06,0.2,64.78479324037973,640.0,3.0,73.18251221896331,17.487781036168133
73.19999999999948,71,80,1,0.045000000000000005,0.2,71.11811307157085,640.0,4.0,73.18251221896331,17.487781036168133
73.24999999999947,48,80,1,0.045000000000000005,0.2,49.23832263353118,640.0,4.0,73.23251221896331,17.487781036168133
73.29999999999947,50,80,1,0.045000000000000005,0.2,51.97248877200397,640.0,4.0,73.2825122189633,17.487781036168133
73.3333333333328,53,80,0,0.06,0.2,65.77957588176784,640.0,3.0,73.31584555229664,17.487781036168133
73.34999999999947,57,80,1,0.045000000000000005,0.2,57.349181607297204,640.0,4.0,73.3325122189633,17.487781036168133
73.39999999999947,45,80,0,0.06,0.2,57.07775313436892,640.0,3.0,73.3825122189633,17.487781036168133
73.39999999999947,71,80,1,0.045000000000000005,0.2,71.33129433360234,640.0,4.0,73.3825122189633,17.487781036168133
73.44999999999946,65,80,1,0.045000000000000005,0.2,66.18591989332607,640.0,4.0,73.4325122189633,17.487781036168133
73.46666666666613,67,80,0,0.06,0.2,79.10374164419785,640.0,3.0,73.44917888562996,17.487781036168133
73.49999999999946,57,80,1,0.045000000000000005,0.2,58.73729992127792,640.0,4.0,73.4825122189633,17.487781036168133
73.53333333333279,48,80,0,0.06,0.2,61.44056830156785,640.0,3.0,73.51584555229662,17.487781036168133
73.54999999999946,62,80,1,0.045000000000000005,0.2,62.46633650911057,640.0,4.0,73.53251221896329,17.487781036168133
73.59999999999945,45,80,0,0.06,0.2,57.8165334381959,640.0,3.0,73.58251221896329,17.487781036168133
73.59999999999945,55,80,1,0.045000000000000005,0.2,55.196914457031156,640.0,4.0,73.58251221896329,17.487781036168133
73.64999999999945,60,80,1,0.045000000000000005,0.2,61.117229516522805,640.0,4.0,73.63251221896329,17.487781036168133
73.66666666666612,41,80,0,0.06,0.2,53.31448795983971,640.0,3.0,73.64917888562995,17.487781036168133
73.69999999999945,60,80,1,0.045000000000000005,0.2,60.58669395822509,640.0,4.0,73.68251221896328,17.487781036168133
73.73333333333278,55,80,0,0.06,0.2,68.77776153285151,640.0,3.0,73.71584555229661,17.487781036168133
73.74999999999945,67,80,1,0.045000000000000005,0.2,67.75015916545082,640.0,4.0,73.73251221896328,17.487781036168133
73.79999999999944,53,80,0,0.06,0.2,66.93749930262192,640.0,3.0,73.78251221896328,17.487781036168133
73.79999999999944,67,80,1,0.045000000000000005,0.2,67.7374249795116,640.0,4.0,73.78251221896328,17.487781036168133
73.84999999999944,62,80,1,0.045000000000000005,0.2,63.95181905764516,640.0,4.0,73.83251221896327,17.487781036168133
73.8666666666661,43,80,0,0.06,0.2,56.02116502868726,640.0,3.0,73.84917888562994,17.487781036168133
73.89999999999944,57,80,1,0.045000000000000005,0.2,57.10121953963118,640.0,4.0,73.88251221896327,17.487781036168133
73.93333333333277,52,80,0,0.06,0.2,64.61161076097937,640.0,3.0,73.9158455522966,17.487781036168133
73.94999999999943,65,80,1,0.045000000000000005,0.2,65.93457835512102,640.0,4.0,73.93251221896327,17.487781036168133
73.99999999999943,35,80,0,0.06,0.2,47.931552254297145,640.0,3.0,73.98251221896327,17.487781036168133
73.99999999999943,59,80,1,0.045000000000000005,0.2,59.26425227037563,640.0,4.0,73.98251221896327,17.487781036168133
