onset_time,pitch,velocity,voice_id,duration,base_ioi,raw_pitch,raw_velocity,tempo_ratio,trigger_time,compensation_ms
0.0,53,80,0,0.03,0.1,66.35794115854378,640.0,3.0,-0.017487781036168132,17.487781036168133
0.0,52,80,1,0.022500000000000003,0.1,52.82968268547879,640.0,4.0,-0.017487781036168132,17.487781036168133
0.025,69,80,1,0.022500000000000003,0.1,69.56535814557775,640.0,4.0,0.0075122189638318695,17.487781036168133
0.03333333333333333,45,80,0,0.03,0.1,58.230216945008834,640.0,3.0,0.0158455522971652,17.487781036168133
0.05,67,80,1,0.022500000000000003,0.1,67.81273939754836,640.0,4.0,0.03251221896383187,17.487781036168133
0.06666666666666667,55,80,0,0.03,0.1,68.29041328768886,640.0,3.0,0.049178885630498534,17.487781036168133
0.07500000000000001,59,80,1,0.022500000000000003,0.1,59.7324595972589,640.0,4.0,0.05751221896383188,17.487781036168133
0.1,67,80,0,0.03,0.1,79.49478216202273,640.0,3.0,0.08251221896383187,17.487781036168133
0.1,60,80,1,0.022500000000000003,0.1,61.50179050635241,640.0,4.0,0.08251221896383187,17.487781036168133
0.125,76,80,1,0.022500000000000003,0.1,76.35411066609184,640.0,4.0,0.10751221896383187,17.487781036168133
0.13333333333333333,45,80,0,0.03,0.1,57.0028368035413,640.0,3.0,0.1158455522971652,17.487781036168133
0.15,52,80,1,0.022500000000000003,0.1,52.42788622290138,640.0,4.0,0.13251221896383186,17.487781036168133
0.175,67,80,1,0.022500000000000003,0.1,67.00284647897648,640.0,4.0,0.15751221896383186,17.487781036168133
0.19999999999999998,57,80,1,0.022500000000000003,0.1,57.411934048846156,640.0,4.0,0.18251221896383185,17.487781036168133
0.24999999999999997,74,80,1,0.022500000000000003,0.1,74.06434370543603,640.0,4.0,0.23251221896383184,17.487781036168133
0.26666666666666666,41,80,0,0.03,0.1,53.990727860032614,640.0,3.0,0.24917888563049853,17.487781036168133
0.27499999999999997,69,80,1,0.022500000000000003,0.1,70.56532926704678,640.0,4.0,0.2575122189638318,17.487781036168133
0.3,53,80,0,0.03,0.1,66.94476855790035,640.0,3.0,0.28251221896383183,17.487781036168133
0.325,76,80,1,0.022500000000000003,0.1,76.71012873157541,640.0,4.0,0.30751221896383185,17.487781036168133
0.3333333333333333,41,80,0,0.03,0.1,54.06825353200048,640.0,3.0,0.31584555229716516,17.487781036168133
0.35000000000000003,60,80,1,0.022500000000000003,0.1,60.268849172899316,640.0,4.0,0.3325122189638319,17.487781036168133
0.37500000000000006,67,80,1,0.022500000000000003,0.1,68.72899803257553,640.0,4.0,0.3575122189638319,17.487781036168133
0.39999999999999997,50,80,0,0.03,0.1,63.09711707604524,640.0,3.0,0.3825122189638318,17.487781036168133
0.4000000000000001,55,80,1,0.022500000000000003,0.1,56.028585515603766,640.0,4.0,0.3825122189638319,17.487781036168133
0.4250000000000001,64,80,1,0.022500000000000003,0.1,64.14932931185206,640.0,4.0,0.40751221896383194,17.487781036168133
0.4333333333333333,23,80,0,0.03,0.1,35.51001286838019,640.0,3.0,0.41584555229716513,17.487781036168133
0.4500000000000001,57,80,1,0.022500000000000003,0.1,58.33416890409364,640.0,4.0,0.43251221896383196,17.487781036168133
0.4666666666666666,24,80,0,0.03,0.1,37.921051743833175,640.0,3.0,0.44917888563049846,17.487781036168133
0.47500000000000014,60,80,1,0.022500000000000003,0.1,61.24154835190679,640.0,4.0,0.457512218963832,17.487781036168133
0.49999999999999994,40,80,0,0.03,0.1,52.80271962571555,640.0,3.0,0.4825122189638318,17.487781036168133
0.5000000000000001,67,80,1,0.022500000000000003,0.1,67.61800992559249,640.0,4.0,0.482512218963832,17.487781036168133
0.5250000000000001,48,80,1,0.022500000000000003,0.1,49.52677525461155,640.0,4.0,0.507512218963832,17.487781036168133
0.5333333333333333,35,80,0,0.03,0.1,47.03576165971938,640.0,3.0,0.5158455522971652,17.487781036168133
0.5500000000000002,86,80,1,0.022500000000000003,0.1,86.78255712877389,640.0,4.0,0.532512218963832,17.487781036168133
0.5666666666666667,52,80,0,0.03,0.1,64.02236585721951,640.0,3.0,0.5491788856304985,17.487781036168133
0.5750000000000002,47,80,1,0.022500000000000003,0.1,47.122977516803815,640.0,4.0,0.5575122189638321,17.487781036168133
0.6,36,80,0,0.03,0.1,48.3772918333285,640.0,3.0,0.5825122189638319,17.487781036168133
0.6000000000000002,43,80,1,0.022500000000000003,0.1,44.45838575631703,640.0,4.0,0.5825122189638321,17.487781036168133
0.6250000000000002,74,80,1,0.022500000000000003,0.1,74.82381918080087,640.0,4.0,0.6075122189638321,17.487781036168133
0.6333333333333333,29,80,0,0.03,0.1,41.92251262290827,640.0,3.0,0.6158455522971652,17.487781036168133
0.6500000000000002,69,80,1,0.022500000000000003,0.1,70.13328248272558,640.0,4.0,0.6325122189638321,17.487781036168133
0.6666666666666666,65,80,0,0.03,0.1,78.7603042421959,640.0,3.0,0.6491788856304985,17.487781036168133
0.6750000000000003,67,80,1,0.022500000000000003,0.1,67.98873365826759,640.0,4.0,0.6575122189638322,17.487781036168133
0.7,45,80,0,0.03,0.1,57.11006335377235,640.0,3.0,0.6825122189638319,17.487781036168133
0.7250000000000003,59,80,1,0.022500000000000003,0.1,59.843241307559495,640.0,4.0,0.7075122189638322,17.487781036168133
0.7333333333333333,48,80,0,0.03,0.1,60.864361020005425,640.0,3.0,0.7158455522971652,17.487781036168133
0.7666666666666666,29,80,0,0.03,0.1,41.76322321646775,640.0,3.0,0.7491788856304985,17.487781036168133
0.7750000000000004,60,80,1,0.022500000000000003,0.1,60.970298344879694,640.0,4.0,0.7575122189638323,17.487781036168133
0.7999999999999999,41,80,0,0.03,0.1,53.03190112607766,640.0,3.0,0.7825122189638318,17.487781036168133
0.8000000000000004,50,80,1,0.022500000000000003,0.1,51.332330092644966,640.0,4.0,0.7825122189638323,17.487781036168133
0.8250000000000004,72,80,1,0.022500000000000003,0.1,72.48153258774721,640.0,4.0,0.8075122189638323,17.487781036168133
0.8333333333333333,48,80,0,0.03,0.1,61.419809148286284,640.0,3.0,0.8158455522971652,17.487781036168133
0.8500000000000004,57,80,1,0.022500000000000003,0.1,58.117665516772625,640.0,4.0,0.8325122189638323,17.487781036168133
0.8666666666666666,33,80,0,0.03,0.1,45.26728220899452,640.0,3.0,0.8491788856304985,17.487781036168133
0.8999999999999999,52,80,0,0.03,0.1,64.8089346348246,640.0,3.0,0.8825122189638318,17.487781036168133
0.9000000000000005,55,80,1,0.022500000000000003,0.1,55.88626122684168,640.0,4.0,0.8825122189638324,17.487781036168133
0.9250000000000005,65,80,1,0.022500000000000003,0.1,65.285522614728,640.0,4.0,0.9075122189638324,17.487781036168133
0.9333333333333332,40,80,0,0.03,0.1,52.3118247690393,640.0,3.0,0.9158455522971651,17.487781036168133
0.9500000000000005,52,80,1,0.022500000000000003,0.1,52.784325724109124,640.0,4.0,0.9325122189638324,17.487781036168133
0.9666666666666666,43,80,0,0.03,0.1,56.266320002646054,640.0,3.0,0.9491788856304985,17.487781036168133
0.9750000000000005,48,80,1,0.022500000000000003,0.1,49.47557893674968,640.0,4.0,0.9575122189638324,17.487781036168133
0.9999999999999999,40,80,0,0.03,0.1,52.29815536346372,640.0,3.0,0.9825122189638318,17.487781036168133
1.0000000000000004,62,80,1,0.022500000000000003,0.1,63.11919630709648,640.0,4.0,0.9825122189638323,17.487781036168133
1.0333333333333332,71,80,0,0.03,0.1,83.7091607617144,640.0,3.0,1.015845552297165,17.487781036168133
1.0500000000000003,53,80,1,0.022500000000000003,0.1,53.51112735524954,640.0,4.0,1.032512218963832,17.487781036168133
1.0666666666666667,47,80,0,0.03,0.1,59.827235523354446,640.0,3.0,1.0491788856304984,17.487781036168133
1.1,33,80,0,0.03,0.1,46.46130010936447,640.0,3.0,1.0825122189638319,17.487781036168133
1.1,62,80,1,0.022500000000000003,0.1,62.970239198177744,640.0,4.0,1.0825122189638319,17.487781036168133
1.125,41,80,1,0.022500000000000003,0.1,41.46452042883425,640.0,4.0,1.1075122189638318,17.487781036168133
1.1333333333333335,57,80,0,0.03,0.1,70.52857487492082,640.0,3.0,1.1158455522971653,17.487781036168133
1.166666666666667,31,80,0,0.03,0.1,44.373201280370914,640.0,3.0,1.1491788856304987,17.487781036168133
1.1749999999999998,50,80,1,0.022500000000000003,0.1,50.80391396796882,640.0,4.0,1.1575122189638316,17.487781036168133
1.1999999999999997,57,80,1,0.022500000000000003,0.1,57.26787645808835,640.0,4.0,1.1825122189638315,17.487781036168133
1.2249999999999996,62,80,1,0.022500000000000003,0.1,63.97961683965446,640.0,4.0,1.2075122189638314,17.487781036168133
1.2333333333333338,21,80,0,0.03,0.1,34.916222414338876,640.0,3.0,1.2158455522971656,17.487781036168133
1.2499999999999996,77,80,1,0.022500000000000003,0.1,78.88455957695427,640.0,4.0,1.2325122189638313,17.487781036168133
1.2666666666666673,29,80,0,0.03,0.1,42.999218574100084,640.0,3.0,1.249178885630499,17.487781036168133
1.2749999999999995,69,80,1,0.022500000000000003,0.1,70.97804317698585,640.0,4.0,1.2575122189638313,17.487781036168133
1.2999999999999994,57,80,1,0.022500000000000003,0.1,57.952786816468134,640.0,4.0,1.2825122189638312,17.487781036168133
1.3000000000000007,50,80,0,0.03,0.1,62.51982381912478,640.0,3.0,1.2825122189638325,17.487781036168133
1.3249999999999993,59,80,1,0.022500000000000003,0.1,59.75659253884558,640.0,4.0,1.307512218963831,17.487781036168133
1.3499999999999992,47,80,1,0.022500000000000003,0.1,47.16762413263605,640.0,4.0,1.332512218963831,17.487781036168133
1.3666666666666676,50,80,0,0.03,0.1,62.19351399923162,640.0,3.0,1.3491788856304994,17.487781036168133
1.3749999999999991,59,80,1,0.022500000000000003,0.1,59.763031859297406,640.0,4.0,1.357512218963831,17.487781036168133
1.399999999999999,55,80,1,0.022500000000000003,0.1,56.30516942182223,640.0,4.0,1.3825122189638308,17.487781036168133
1.400000000000001,45,80,0,0.03,0.1,58.51970198543052,640.0,3.0,1.3825122189638328,17.487781036168133
1.424999999999999,64,80,1,0.022500000000000003,0.1,64.13079757232755,640.0,4.0,1.4075122189638307,17.487781036168133
1.4333333333333345,43,80,0,0.03,0.1,56.145872696457104,640.0,3.0,1.4158455522971662,17.487781036168133
1.4499999999999988,48,80,1,0.022500000000000003,0.1,49.41144392253027,640.0,4.0,1.4325122189638306,17.487781036168133
1.466666666666668,29,80,0,0.03,0.1,41.07491852329693,640.0,3.0,1.4491788856304997,17.487781036168133
1.4749999999999988,65,80,1,0.022500000000000003,0.1,66.647635382287,640.0,4.0,1.4575122189638305,17.487781036168133
1.4999999999999987,79,80,1,0.022500000000000003,0.1,79.619058086433,640.0,4.0,1.4825122189638305,17.487781036168133
1.5000000000000013,38,80,0,0.03,0.1,50.78599413254773,640.0,3.0,1.4825122189638331,17.487781036168133
1.5249999999999986,57,80,1,0.022500000000000003,0.1,58.60787009975222,640.0,4.0,1.5075122189638304,17.487781036168133
1.5333333333333348,41,80,0,0.03,0.1,54.10382373171472,640.0,3.0,1.5158455522971666,17.487781036168133
1.5499999999999985,65,80,1,0.022500000000000003,0.1,65.14191004286646,640.0,4.0,1.5325122189638303,17.487781036168133
1.5666666666666682,60,80,0,0.03,0.1,73.53116449560213,640.0,3.0,1.5491788856305,17.487781036168133
1.5749999999999984,67,80,1,0.022500000000000003,0.1,68.83384309390225,640.0,4.0,1.5575122189638302,17.487781036168133
1.5999999999999983,53,80,1,0.022500000000000003,0.1,54.864377959861294,640.0,4.0,1.58251221896383,17.487781036168133
1.6000000000000016,52,80,0,0.03,0.1,64.3983141064763,640.0,3.0,1.5825122189638334,17.487781036168133
1.6249999999999982,62,80,1,0.022500000000000003,0.1,62.868383767173334,640.0,4.0,1.60751221896383,17.487781036168133
1.633333333333335,24,80,0,0.03,0.1,37.433086011357005,640.0,3.0,1.6158455522971669,17.487781036168133
1.6499999999999981,60,80,1,0.022500000000000003,0.1,60.16118273000698,640.0,4.0,1.63251221896383,17.487781036168133
1.6666666666666685,52,80,0,0.03,0.1,64.14827480825338,640.0,3.0,1.6491788856305003,17.487781036168133
1.699999999999998,50,80,1,0.022500000000000003,0.1,50.105474766650026,640.0,4.0,1.6825122189638297,17.487781036168133
1.700000000000002,43,80,0,0.03,0.1,55.070946810671145,640.0,3.0,1.6825122189638337,17.487781036168133
1.7249999999999979,60,80,1,0.022500000000000003,0.1,60.313730230514466,640.0,4.0,1.7075122189638297,17.487781036168133
1.7333333333333354,38,80,0,0.03,0.1,51.335398396083725,640.0,3.0,1.7158455522971672,17.487781036168133
1.7499999999999978,65,80,1,0.022500000000000003,0.1,66.37437812794175,640.0,4.0,1.7325122189638296,17.487781036168133
1.7666666666666688,55,80,0,0.03,0.1,67.82945649716311,640.0,3.0,1.7491788856305006,17.487781036168133
1.7749999999999977,77,80,1,0.022500000000000003,0.1,78.57463817977654,640.0,4.0,1.7575122189638295,17.487781036168133
1.7999999999999976,72,80,1,0.022500000000000003,0.1,72.27866657389065,640.0,4.0,1.7825122189638294,17.487781036168133
1.8000000000000023,60,80,0,0.03,0.1,73.19679388794817,640.0,3.0,1.782512218963834,17.487781036168133
1.8249999999999975,86,80,1,0.022500000000000003,0.1,87.56073545614792,640.0,4.0,1.8075122189638293,17.487781036168133
1.8333333333333357,59,80,0,0.03,0.1,71.92038552468735,640.0,3.0,1.8158455522971675,17.487781036168133
1.8499999999999974,50,80,1,0.022500000000000003,0.1,50.17795119503297,640.0,4.0,1.8325122189638292,17.487781036168133
1.8666666666666691,36,80,0,0.03,0.1,49.25801570275023,640.0,3.0,1.849178885630501,17.487781036168133
1.8749999999999973,71,80,1,0.022500000000000003,0.1,71.16570415002468,640.0,4.0,1.8575122189638291,17.487781036168133
1.8999999999999972,62,80,1,0.022500000000000003,0.1,62.3467776734509,640.0,4.0,1.882512218963829,17.487781036168133
1.9000000000000026,43,80,0,0.03,0.1,56.042081589104455,640.0,3.0,1.8825122189638344,17.487781036168133
1.9249999999999972,88,80,1,0.022500000000000003,0.1,88.02947754518621,640.0,4.0,1.907512218963829,17.487781036168133
1.933333333333336,52,80,0,0.03,0.1,64.24017192196561,640.0,3.0,1.9158455522971678,17.487781036168133
1.949999999999997,48,80,1,0.022500000000000003,0.1,49.653781947454064,640.0,4.0,1.9325122189638289,17.487781036168133
1.9666666666666694,60,80,0,0.03,0.1,72.4869776271662,640.0,3.0,1.9491788856305012,17.487781036168133
1.999999999999997,52,80,1,0.022500000000000003,0.1,52.327774138316514,640.0,4.0,1.9825122189638287,17.487781036168133
2.0000000000000027,41,80,0,0.03,0.1,53.86656975558029,640.0,3.0,1.9825122189638344,17.487781036168133
2.024999999999997,31,80,1,0.022500000000000003,0.1,32.814134728834475,640.0,4.0,2.0075122189638286,17.487781036168133
2.033333333333336,45,80,0,0.03,0.1,57.62356509870314,640.0,3.0,2.0158455522971677,17.487781036168133
2.0499999999999967,53,80,1,0.022500000000000003,0.1,53.27033572248626,640.0,4.0,2.0325122189638285,17.487781036168133
2.066666666666669,33,80,0,0.03,0.1,45.83891233272284,640.0,3.0,2.049178885630501,17.487781036168133
2.0749999999999966,50,80,1,0.022500000000000003,0.1,50.283101932112665,640.0,4.0,2.0575122189638284,17.487781036168133
2.0999999999999965,60,80,1,0.022500000000000003,0.1,61.92504046689546,640.0,4.0,2.0825122189638283,17.487781036168133
2.1000000000000023,31,80,0,0.03,0.1,44.688555211767415,640.0,3.0,2.082512218963834,17.487781036168133
2.1249999999999964,64,80,1,0.022500000000000003,0.1,64.37447648994764,640.0,4.0,2.1075122189638282,17.487781036168133
2.1333333333333355,57,80,0,0.03,0.1,70.40033052664573,640.0,3.0,2.1158455522971673,17.487781036168133
2.1499999999999964,84,80,1,0.022500000000000003,0.1,84.01498674196334,640.0,4.0,2.132512218963828,17.487781036168133
2.1666666666666687,65,80,0,0.03,0.1,77.35987236570654,640.0,3.0,2.1491788856305005,17.487781036168133
2.1749999999999963,72,80,1,0.022500000000000003,0.1,72.16542512878144,640.0,4.0,2.157512218963828,17.487781036168133
2.199999999999996,52,80,1,0.022500000000000003,0.1,52.61563320752124,640.0,4.0,2.182512218963828,17.487781036168133
2.200000000000002,47,80,0,0.03,0.1,59.07827044377173,640.0,3.0,2.1825122189638337,17.487781036168133
2.224999999999996,48,80,1,0.022500000000000003,0.1,48.500292206741015,640.0,4.0,2.207512218963828,17.487781036168133
2.233333333333335,60,80,0,0.03,0.1,72.84522109301791,640.0,3.0,2.215845552297167,17.487781036168133
2.249999999999996,65,80,1,0.022500000000000003,0.1,66.29656539528327,640.0,4.0,2.232512218963828,17.487781036168133
2.2666666666666684,52,80,0,0.03,0.1,64.62894112060971,640.0,3.0,2.2491788856305,17.487781036168133
2.274999999999996,43,80,1,0.022500000000000003,0.1,43.10101495013578,640.0,4.0,2.2575122189638277,17.487781036168133
2.299999999999996,83,80,1,0.022500000000000003,0.1,83.44267220293573,640.0,4.0,2.2825122189638276,17.487781036168133
2.3000000000000016,38,80,0,0.03,0.1,51.742467141054405,640.0,3.0,2.2825122189638334,17.487781036168133
2.3249999999999957,74,80,1,0.022500000000000003,0.1,75.09683354523247,640.0,4.0,2.3075122189638275,17.487781036168133
2.333333333333335,52,80,0,0.03,0.1,64.6258637505077,640.0,3.0,2.3158455522971666,17.487781036168133
2.3499999999999956,53,80,1,0.022500000000000003,0.1,53.99455165305978,640.0,4.0,2.3325122189638274,17.487781036168133
2.366666666666668,67,80,0,0.03,0.1,79.6868680507644,640.0,3.0,2.3491788856305,17.487781036168133
2.3749999999999956,38,80,1,0.022500000000000003,0.1,38.07187802763677,640.0,4.0,2.3575122189638273,17.487781036168133
2.3999999999999955,77,80,1,0.022500000000000003,0.1,77.32956638931728,640.0,4.0,2.3825122189638273,17.487781036168133
2.4000000000000012,47,80,0,0.03,0.1,59.54142669939262,640.0,3.0,2.382512218963833,17.487781036168133
2.4249999999999954,57,80,1,0.022500000000000003,0.1,58.53388998076649,640.0,4.0,2.407512218963827,17.487781036168133
2.4333333333333345,67,80,0,0.03,0.1,80.02743879441928,640.0,3.0,2.4158455522971662,17.487781036168133
2.4499999999999953,74,80,1,0.022500000000000003,0.1,75.84404879326031,640.0,4.0,2.432512218963827,17.487781036168133
2.4666666666666677,21,80,0,0.03,0.1,26.46726266765127,640.0,3.0,2.4491788856304995,17.487781036168133
2.474999999999995,38,80,1,0.022500000000000003,0.1,39.5913259674321,640.0,4.0,2.457512218963827,17.487781036168133
2.499999999999995,52,80,1,0.022500000000000003,0.1,52.327999706191704,640.0,4.0,2.482512218963827,17.487781036168133
2.500000000000001,57,80,0,0.03,0.1,70.52035205600286,640.0,3.0,2.4825122189638327,17.487781036168133
2.524999999999995,60,80,1,0.022500000000000003,0.1,60.067119356392745,640.0,4.0,2.507512218963827,17.487781036168133
2.533333333333334,48,80,0,0.03,0.1,61.11420247344859,640.0,3.0,2.515845552297166,17.487781036168133
2.5666666666666673,43,80,0,0.03,0.1,56.1727059140369,640.0,3.0,2.549178885630499,17.487781036168133
2.574999999999995,53,80,1,0.022500000000000003,0.1,54.23916196506568,640.0,4.0,2.5575122189638266,17.487781036168133
2.5999999999999948,67,80,1,0.022500000000000003,0.1,67.97247913404799,640.0,4.0,2.5825122189638265,17.487781036168133
2.6000000000000005,48,80,0,0.03,0.1,61.17453793965443,640.0,3.0,2.5825122189638323,17.487781036168133
2.6249999999999947,45,80,1,0.022500000000000003,0.1,46.334458503902795,640.0,4.0,2.6075122189638265,17.487781036168133
2.6333333333333337,21,80,0,0.03,0.1,34.55911789310857,640.0,3.0,2.6158455522971655,17.487781036168133
2.6499999999999946,57,80,1,0.022500000000000003,0.1,58.177542591727445,640.0,4.0,2.6325122189638264,17.487781036168133
2.6749999999999945,60,80,1,0.022500000000000003,0.1,61.5397840859123,640.0,4.0,2.6575122189638263,17.487781036168133
2.6999999999999944,65,80,1,0.022500000000000003,0.1,66.58481707595199,640.0,4.0,2.682512218963826,17.487781036168133
2.7,52,80,0,0.03,0.1,64.57104091535035,640.0,3.0,2.682512218963832,17.487781036168133
2.7249999999999943,69,80,1,0.022500000000000003,0.1,69.10867043953779,640.0,4.0,2.707512218963826,17.487781036168133
2.7499999999999942,45,80,1,0.022500000000000003,0.1,45.604581224475275,640.0,4.0,2.732512218963826,17.487781036168133
2.7666666666666666,41,80,0,0.03,0.1,53.36614120609731,640.0,3.0,2.7491788856304984,17.487781036168133
2.774999999999994,40,80,1,0.022500000000000003,0.1,40.36333861458404,640.0,4.0,2.757512218963826,17.487781036168133
2.799999999999994,76,80,1,0.022500000000000003,0.1,76.35426332030092,640.0,4.0,2.782512218963826,17.487781036168133
2.8,36,80,0,0.03,0.1,49.6512818829672,640.0,3.0,2.7825122189638316,17.487781036168133
2.824999999999994,64,80,1,0.022500000000000003,0.1,64.25361935333878,640.0,4.0,2.8075122189638257,17.487781036168133
2.833333333333333,41,80,0,0.03,0.1,53.577509842117934,640.0,3.0,2.815845552297165,17.487781036168133
2.849999999999994,50,80,1,0.022500000000000003,0.1,50.419372332076115,640.0,4.0,2.8325122189638257,17.487781036168133
2.8666666666666663,59,80,0,0.03,0.1,71.71714710658655,640.0,3.0,2.849178885630498,17.487781036168133
2.874999999999994,79,80,1,0.022500000000000003,0.1,79.8547452866883,640.0,4.0,2.8575122189638256,17.487781036168133
2.8999999999999937,60,80,1,0.022500000000000003,0.1,61.48063531894859,640.0,4.0,2.8825122189638255,17.487781036168133
2.8999999999999995,52,80,0,0.03,0.1,64.20801420364396,640.0,3.0,2.8825122189638313,17.487781036168133
2.9249999999999936,74,80,1,0.022500000000000003,0.1,75.09500395601698,640.0,4.0,2.9075122189638254,17.487781036168133
2.9333333333333327,41,80,0,0.03,0.1,53.2190693917819,640.0,3.0,2.9158455522971645,17.487781036168133
2.9499999999999935,60,80,1,0.022500000000000003,0.1,60.86423656204939,640.0,4.0,2.9325122189638253,17.487781036168133
2.966666666666666,53,80,0,0.03,0.1,66.56982314385095,640.0,3.0,2.9491788856304977,17.487781036168133
2.9749999999999934,86,80,1,0.022500000000000003,0.1,86.37757343848943,640.0,4.0,2.957512218963825,17.487781036168133
2.9999999999999933,81,80,1,0.022500000000000003,0.1,82.46836278327302,640.0,4.0,2.982512218963825,17.487781036168133
2.999999999999999,48,80,0,0.03,0.1,61.242592631654915,640.0,3.0,2.982512218963831,17.487781036168133
3.0249999999999932,55,80,1,0.022500000000000003,0.1,56.81325889946786,640.0,4.0,3.007512218963825,17.487781036168133
3.0333333333333323,60,80,0,0.03,0.1,72.39865587882099,640.0,3.0,3.015845552297164,17.487781036168133
3.049999999999993,72,80,1,0.022500000000000003,0.1,72.43610817221575,640.0,4.0,3.032512218963825,17.487781036168133
3.0666666666666655,38,80,0,0.03,0.1,51.01372039836989,640.0,3.0,3.0491788856304973,17.487781036168133
3.074999999999993,67,80,1,0.022500000000000003,0.1,68.26081215468989,640.0,4.0,3.057512218963825,17.487781036168133
3.099999999999993,77,80,1,0.022500000000000003,0.1,77.51848393641407,640.0,4.0,3.0825122189638248,17.487781036168133
3.0999999999999988,43,80,0,0.03,0.1,55.80592452354857,640.0,3.0,3.0825122189638305,17.487781036168133
3.124999999999993,47,80,1,0.022500000000000003,0.1,47.648979704574664,640.0,4.0,3.1075122189638247,17.487781036168133
3.133333333333332,41,80,0,0.03,0.1,54.98101563990838,640.0,3.0,3.1158455522971638,17.487781036168133
3.149999999999993,67,80,1,0.022500000000000003,0.1,68.78145868798002,640.0,4.0,3.1325122189638246,17.487781036168133
3.166666666666665,29,80,0,0.03,0.1,41.26700866390888,640.0,3.0,3.149178885630497,17.487781036168133
3.1749999999999927,72,80,1,0.022500000000000003,0.1,73.54783343167472,640.0,4.0,3.1575122189638245,17.487781036168133
3.1999999999999926,36,80,1,0.022500000000000003,0.1,37.48813457378414,640.0,4.0,3.1825122189638244,17.487781036168133
3.1999999999999984,50,80,0,0.03,0.1,63.79033954642657,640.0,3.0,3.18251221896383,17.487781036168133
3.2249999999999925,43,80,1,0.022500000000000003,0.1,44.85429103787808,640.0,4.0,3.2075122189638243,17.487781036168133
3.2499999999999925,33,80,1,0.022500000000000003,0.1,33.89782812467071,640.0,4.0,3.2325122189638242,17.487781036168133
3.266666666666665,48,80,0,0.03,0.1,60.0654522450235,640.0,3.0,3.2491788856304966,17.487781036168133
3.2749999999999924,55,80,1,0.022500000000000003,0.1,56.55159251910966,640.0,4.0,3.257512218963824,17.487781036168133
3.2999999999999923,69,80,1,0.022500000000000003,0.1,69.18454087418831,640.0,4.0,3.282512218963824,17.487781036168133
3.299999999999998,43,80,0,0.03,0.1,56.99728469279812,640.0,3.0,3.28251221896383,17.487781036168133
3.324999999999992,79,80,1,0.022500000000000003,0.1,79.23017026682916,640.0,4.0,3.307512218963824,17.487781036168133
3.3333333333333313,29,80,0,0.03,0.1,41.88325450175469,640.0,3.0,3.315845552297163,17.487781036168133
3.349999999999992,60,80,1,0.022500000000000003,0.1,60.94841318937312,640.0,4.0,3.332512218963824,17.487781036168133
3.3666666666666645,41,80,0,0.03,0.1,54.615739868603406,640.0,3.0,3.3491788856304963,17.487781036168133
3.374999999999992,79,80,1,0.022500000000000003,0.1,80.84627898331254,640.0,4.0,3.357512218963824,17.487781036168133
3.3999999999999977,43,80,0,0.03,0.1,55.61325418845735,640.0,3.0,3.3825122189638295,17.487781036168133
3.424999999999992,38,80,1,0.022500000000000003,0.1,38.19670477625402,640.0,4.0,3.4075122189638236,17.487781036168133
3.433333333333331,36,80,0,0.03,0.1,49.73085095396328,640.0,3.0,3.4158455522971627,17.487781036168133
3.4499999999999917,59,80,1,0.022500000000000003,0.1,59.28898945412328,640.0,4.0,3.4325122189638235,17.487781036168133
3.466666666666664,45,80,0,0.03,0.1,57.93554289067508,640.0,3.0,3.449178885630496,17.487781036168133
3.4749999999999917,64,80,1,0.022500000000000003,0.1,64.91603774642313,640.0,4.0,3.4575122189638234,17.487781036168133
3.4999999999999916,59,80,1,0.022500000000000003,0.1,59.58150722439561,640.0,4.0,3.4825122189638233,17.487781036168133
3.4999999999999973,53,80,0,0.03,0.1,65.17185096722609,640.0,3.0,3.482512218963829,17.487781036168133
3.5249999999999915,33,80,1,0.022500000000000003,0.1,33.53674111948958,640.0,4.0,3.5075122189638233,17.487781036168133
3.5333333333333306,72,80,0,0.03,0.1,84.1431795354948,640.0,3.0,3.5158455522971623,17.487781036168133
3.5499999999999914,57,80,1,0.022500000000000003,0.1,58.85926349423631,640.0,4.0,3.532512218963823,17.487781036168133
3.5666666666666638,50,80,0,0.03,0.1,62.234596004247535,640.0,3.0,3.5491788856304956,17.487781036168133
3.5749999999999913,43,80,1,0.022500000000000003,0.1,43.302790393537876,640.0,4.0,3.557512218963823,17.487781036168133
3.599999999999991,67,80,1,0.022500000000000003,0.1,68.57180862502449,640.0,4.0,3.582512218963823,17.487781036168133
3.624999999999991,64,80,1,0.022500000000000003,0.1,64.69245755003966,640.0,4.0,3.607512218963823,17.487781036168133
3.63333333333333,47,80,0,0.03,0.1,59.04709227819306,640.0,3.0,3.615845552297162,17.487781036168133
3.6666666666666634,23,80,0,0.03,0.1,35.43972844417227,640.0,3.0,3.649178885630495,17.487781036168133
3.674999999999991,53,80,1,0.022500000000000003,0.1,53.42250345809032,640.0,4.0,3.6575122189638227,17.487781036168133
3.699999999999991,45,80,1,0.022500000000000003,0.1,46.44206691982142,640.0,4.0,3.6825122189638226,17.487781036168133
3.6999999999999966,47,80,0,0.03,0.1,59.660622394250026,640.0,3.0,3.6825122189638284,17.487781036168133
3.7249999999999908,59,80,1,0.022500000000000003,0.1,59.1977075549034,640.0,4.0,3.7075122189638225,17.487781036168133
3.73333333333333,48,80,0,0.03,0.1,60.770946687245136,640.0,3.0,3.7158455522971616,17.487781036168133
3.7499999999999907,72,80,1,0.022500000000000003,0.1,72.22582170241586,640.0,4.0,3.7325122189638225,17.487781036168133
3.766666666666663,79,80,0,0.03,0.1,91.52949903981167,640.0,3.0,3.749178885630495,17.487781036168133
3.7749999999999906,47,80,1,0.022500000000000003,0.1,47.38270660690504,640.0,4.0,3.7575122189638224,17.487781036168133
3.7999999999999905,65,80,1,0.022500000000000003,0.1,66.4517953986284,640.0,4.0,3.7825122189638223,17.487781036168133
3.7999999999999963,45,80,0,0.03,0.1,57.53777965080163,640.0,3.0,3.782512218963828,17.487781036168133
3.8249999999999904,53,80,1,0.022500000000000003,0.1,53.21270248483276,640.0,4.0,3.807512218963822,17.487781036168133
3.8333333333333295,50,80,0,0.03,0.1,63.85980598187024,640.0,3.0,3.8158455522971613,17.487781036168133
3.8499999999999903,48,80,1,0.022500000000000003,0.1,49.851227747041996,640.0,4.0,3.832512218963822,17.487781036168133
3.8666666666666627,47,80,0,0.03,0.1,59.55568934777288,640.0,3.0,3.8491788856304945,17.487781036168133
3.8749999999999902,57,80,1,0.022500000000000003,0.1,58.63001139258166,640.0,4.0,3.857512218963822,17.487781036168133
3.89999999999999,45,80,1,0.022500000000000003,0.1,46.74889827303201,640.0,4.0,3.882512218963822,17.487781036168133
3.899999999999996,33,80,0,0.03,0.1,45.04092111846999,640.0,3.0,3.8825122189638277,17.487781036168133
3.92499999999999,52,80,1,0.022500000000000003,0.1,52.91328889155607,640.0,4.0,3.907512218963822,17.487781036168133
3.933333333333329,62,80,0,0.03,0.1,74.62813202579227,640.0,3.0,3.915845552297161,17.487781036168133
3.94999999999999,43,80,1,0.022500000000000003,0.1,44.66716297486274,640.0,4.0,3.9325122189638217,17.487781036168133
3.9666666666666623,57,80,0,0.03,0.1,69.62474281839071,640.0,3.0,3.949178885630494,17.487781036168133
3.97499999999999,84,80,1,0.022500000000000003,0.1,85.14848170132979,640.0,4.0,3.9575122189638217,17.487781036168133
3.99999999999999,60,80,1,0.022500000000000003,0.1,60.45137346523813,640.0,4.0,3.9825122189638216,17.487781036168133
4.02499999999999,50,80,1,0.022500000000000003,0.1,51.0435134976949,640.0,4.0,4.0075122189638215,17.487781036168133
4.033333333333329,36,80,0,0.03,0.1,48.35984057862734,640.0,3.0,4.015845552297161,17.487781036168133
4.04999999999999,62,80,1,0.022500000000000003,0.1,62.738942857398044,640.0,4.0,4.032512218963822,17.487781036168133
4.066666666666662,65,80,0,0.03,0.1,77.95576717998208,640.0,3.0,4.049178885630494,17.487781036168133
4.07499999999999,57,80,1,0.022500000000000003,0.1,58.56220096395738,640.0,4.0,4.057512218963822,17.487781036168133
4.099999999999995,29,80,0,0.03,0.1,42.056306396258805,640.0,3.0,4.082512218963827,17.487781036168133
4.124999999999991,67,80,1,0.022500000000000003,0.1,67.86133376055584,640.0,4.0,4.107512218963823,17.487781036168133
4.133333333333328,55,80,0,0.03,0.1,67.51177080064346,640.0,3.0,4.11584555229716,17.487781036168133
4.1499999999999915,69,80,1,0.022500000000000003,0.1,69.6960986886055,640.0,4.0,4.132512218963823,17.487781036168133
4.166666666666662,76,80,0,0.03,0.1,88.03783201036772,640.0,3.0,4.149178885630493,17.487781036168133
4.174999999999992,53,80,1,0.022500000000000003,0.1,53.20958531058525,640.0,4.0,4.157512218963824,17.487781036168133
4.199999999999992,52,80,1,0.022500000000000003,0.1,52.6295265197481,640.0,4.0,4.182512218963824,17.487781036168133
4.199999999999995,35,80,0,0.03,0.1,47.321135038327185,640.0,3.0,4.182512218963827,17.487781036168133
4.2249999999999925,55,80,1,0.022500000000000003,0.1,56.479338276458954,640.0,4.0,4.207512218963824,17.487781036168133
4.233333333333328,40,80,0,0.03,0.1,52.75138906108452,640.0,3.0,4.21584555229716,17.487781036168133
4.249999999999993,29,80,1,0.022500000000000003,0.1,30.535409091384512,640.0,4.0,4.232512218963825,17.487781036168133
4.266666666666661,48,80,0,0.03,0.1,61.27553747312181,640.0,3.0,4.249178885630493,17.487781036168133
4.299999999999994,77,80,1,0.022500000000000003,0.1,77.49599062328991,640.0,4.0,4.282512218963825,17.487781036168133
4.2999999999999945,41,80,0,0.03,0.1,53.55551162731265,640.0,3.0,4.282512218963826,17.487781036168133
4.324999999999994,81,80,1,0.022500000000000003,0.1,81.05558673281644,640.0,4.0,4.307512218963826,17.487781036168133
4.333333333333328,28,80,0,0.03,0.1,40.1515080823535,640.0,3.0,4.3158455522971595,17.487781036168133
4.349999999999994,55,80,1,0.022500000000000003,0.1,56.812338693678356,640.0,4.0,4.332512218963826,17.487781036168133
4.366666666666661,48,80,0,0.03,0.1,60.87760607751715,640.0,3.0,4.349178885630493,17.487781036168133
4.374999999999995,67,80,1,0.022500000000000003,0.1,67.37992912711381,640.0,4.0,4.3575122189638265,17.487781036168133
4.399999999999994,33,80,0,0.03,0.1,46.40251246430586,640.0,3.0,4.382512218963826,17.487781036168133
4.399999999999995,62,80,1,0.022500000000000003,0.1,63.98400197815726,640.0,4.0,4.382512218963827,17.487781036168133
4.424999999999995,98,80,1,0.022500000000000003,0.1,99.40967434822704,640.0,4.0,4.407512218963827,17.487781036168133
4.433333333333327,53,80,0,0.03,0.1,66.06198311213032,640.0,3.0,4.415845552297159,17.487781036168133
4.449999999999996,74,80,1,0.022500000000000003,0.1,74.33055886636258,640.0,4.0,4.4325122189638275,17.487781036168133
4.466666666666661,36,80,0,0.03,0.1,48.23136980180732,640.0,3.0,4.449178885630492,17.487781036168133
4.474999999999996,57,80,1,0.022500000000000003,0.1,58.362654829046186,640.0,4.0,4.457512218963828,17.487781036168133
4.499999999999994,67,80,0,0.03,0.1,79.8391603842245,640.0,3.0,4.482512218963826,17.487781036168133
4.4999999999999964,47,80,1,0.022500000000000003,0.1,47.76908236031455,640.0,4.0,4.482512218963828,17.487781036168133
4.524999999999997,38,80,1,0.022500000000000003,0.1,39.437487100703066,640.0,4.0,4.507512218963829,17.487781036168133
4.533333333333327,36,80,0,0.03,0.1,49.97435785809616,640.0,3.0,4.515845552297159,17.487781036168133
4.549999999999997,62,80,1,0.022500000000000003,0.1,62.604334539100456,640.0,4.0,4.532512218963829,17.487781036168133
4.56666666666666,43,80,0,0.03,0.1,55.87761259256735,640.0,3.0,4.549178885630492,17.487781036168133
4.5749999999999975,50,80,1,0.022500000000000003,0.1,50.31871046036092,640.0,4.0,4.557512218963829,17.487781036168133
4.599999999999993,57,80,0,0.03,0.1,70.41302038233178,640.0,3.0,4.582512218963825,17.487781036168133
4.599999999999998,41,80,1,0.022500000000000003,0.1,41.79515251714977,640.0,4.0,4.58251221896383,17.487781036168133
4.624999999999998,50,80,1,0.022500000000000003,0.1,51.72386708169566,640.0,4.0,4.60751221896383,17.487781036168133
4.633333333333327,31,80,0,0.03,0.1,44.244936749645376,640.0,3.0,4.615845552297158,17.487781036168133
4.649999999999999,45,80,1,0.022500000000000003,0.1,46.156185553735746,640.0,4.0,4.63251221896383,17.487781036168133
4.674999999999999,81,80,1,0.022500000000000003,0.1,81.59541292892882,640.0,4.0,4.657512218963831,17.487781036168133
4.699999999999993,64,80,0,0.03,0.1,76.73142725481509,640.0,3.0,4.682512218963825,17.487781036168133
4.699999999999999,71,80,1,0.022500000000000003,0.1,71.28498888895297,640.0,4.0,4.682512218963831,17.487781036168133
4.725,59,80,1,0.022500000000000003,0.1,59.897950191147295,640.0,4.0,4.707512218963831,17.487781036168133
4.733333333333326,26,80,0,0.03,0.1,39.424214597616285,640.0,3.0,4.715845552297158,17.487781036168133
4.75,77,80,1,0.022500000000000003,0.1,78.94328497779233,640.0,4.0,4.732512218963832,17.487781036168133
4.7666666666666595,50,80,0,0.03,0.1,62.363313389213495,640.0,3.0,4.749178885630491,17.487781036168133
4.775,60,80,1,0.022500000000000003,0.1,60.990314337889515,640.0,4.0,4.757512218963832,17.487781036168133
4.800000000000001,48,80,1,0.022500000000000003,0.1,48.97556222299822,640.0,4.0,4.7825122189638325,17.487781036168133
4.825000000000001,79,80,1,0.022500000000000003,0.1,79.49598818905162,640.0,4.0,4.807512218963833,17.487781036168133
4.833333333333326,57,80,0,0.03,0.1,70.00733275874957,640.0,3.0,4.815845552297158,17.487781036168133
4.850000000000001,65,80,1,0.022500000000000003,0.1,66.89804855916363,640.0,4.0,4.832512218963833,17.487781036168133
4.866666666666659,31,80,0,0.03,0.1,44.16703090076055,640.0,3.0,4.849178885630491,17.487781036168133
4.875000000000002,45,80,1,0.022500000000000003,0.1,46.723249224621355,640.0,4.0,4.857512218963834,17.487781036168133
4.900000000000002,57,80,1,0.022500000000000003,0.1,57.56366492052982,640.0,4.0,4.882512218963834,17.487781036168133
4.9250000000000025,48,80,1,0.022500000000000003,0.1,48.79208635667511,640.0,4.0,4.907512218963834,17.487781036168133
4.933333333333326,53,80,0,0.03,0.1,66.6808520398963,640.0,3.0,4.915845552297157,17.487781036168133
4.950000000000003,41,80,1,0.022500000000000003,0.1,42.3001634436565,640.0,4.0,4.932512218963835,17.487781036168133
4.966666666666659,50,80,0,0.03,0.1,63.80140381738478,640.0,3.0,4.949178885630491,17.487781036168133
4.975000000000003,71,80,1,0.022500000000000003,0.1,71.85507260840501,640.0,4.0,4.957512218963835,17.487781036168133
5.0000000000000036,84,80,1,0.022500000000000003,0.1,84.44053299801767,640.0,4.0,4.982512218963835,17.487781036168133
5.025000000000004,41,80,1,0.022500000000000003,0.1,42.09833505511499,640.0,4.0,5.007512218963836,17.487781036168133
5.033333333333325,52,80,0,0.03,0.1,64.43453708156129,640.0,3.0,5.015845552297157,17.487781036168133
5.050000000000004,67,80,1,0.022500000000000003,0.1,67.20600622963931,640.0,4.0,5.032512218963836,17.487781036168133
5.066666666666658,38,80,0,0.03,0.1,51.295683563795315,640.0,3.0,5.04917888563049,17.487781036168133
5.075000000000005,50,80,1,0.022500000000000003,0.1,51.671775115240614,640.0,4.0,5.057512218963836,17.487781036168133
5.100000000000005,53,80,1,0.022500000000000003,0.1,53.76479508781189,640.0,4.0,5.082512218963837,17.487781036168133
5.125000000000005,52,80,1,0.022500000000000003,0.1,52.41735776974247,640.0,4.0,5.107512218963837,17.487781036168133
5.133333333333325,50,80,0,0.03,0.1,63.75132765822312,640.0,3.0,5.115845552297157,17.487781036168133
5.150000000000006,48,80,1,0.022500000000000003,0.1,48.940918148098355,640.0,4.0,5.1325122189638375,17.487781036168133
5.166666666666658,38,80,0,0.03,0.1,50.85630184926249,640.0,3.0,5.14917888563049,17.487781036168133
5.175000000000006,60,80,1,0.022500000000000003,0.1,60.621076837693785,640.0,4.0,5.157512218963838,17.487781036168133
5.199999999999991,71,80,0,0.03,0.1,83.88191374265288,640.0,3.0,5.182512218963823,17.487781036168133
5.200000000000006,48,80,1,0.022500000000000003,0.1,49.36383850993872,640.0,4.0,5.182512218963838,17.487781036168133
5.225000000000007,62,80,1,0.022500000000000003,0.1,63.46184736998194,640.0,4.0,5.2075122189638385,17.487781036168133
5.2333333333333245,53,80,0,0.03,0.1,66.06506138767088,640.0,3.0,5.215845552297156,17.487781036168133
5.250000000000007,59,80,1,0.022500000000000003,0.1,59.356952199051044,640.0,4.0,5.232512218963839,17.487781036168133
5.266666666666658,31,80,0,0.03,0.1,44.751315235806096,640.0,3.0,5.2491788856304895,17.487781036168133
5.2750000000000075,55,80,1,0.022500000000000003,0.1,56.94146500010996,640.0,4.0,5.257512218963839,17.487781036168133
5.300000000000008,48,80,1,0.022500000000000003,0.1,48.38318512586755,640.0,4.0,5.28251221896384,17.487781036168133
5.325000000000008,52,80,1,0.022500000000000003,0.1,52.61732696872534,640.0,4.0,5.30751221896384,17.487781036168133
5.333333333333324,35,80,0,0.03,0.1,47.524074621090286,640.0,3.0,5.315845552297156,17.487781036168133
5.3500000000000085,69,80,1,0.022500000000000003,0.1,69.66900769056969,640.0,4.0,5.33251221896384,17.487781036168133
5.366666666666657,57,80,0,0.03,0.1,70.07468292790338,640.0,3.0,5.349178885630489,17.487781036168133
5.375000000000009,65,80,1,0.022500000000000003,0.1,66.41174000159208,640.0,4.0,5.357512218963841,17.487781036168133
5.399999999999991,62,80,0,0.03,0.1,74.83002341129477,640.0,3.0,5.382512218963822,17.487781036168133
5.400000000000009,47,80,1,0.022500000000000003,0.1,47.48729286657854,640.0,4.0,5.382512218963841,17.487781036168133
5.42500000000001,60,80,1,0.022500000000000003,0.1,61.271453509494094,640.0,4.0,5.407512218963841,17.487781036168133
5.433333333333324,36,80,0,0.03,0.1,49.49526632509811,640.0,3.0,5.415845552297156,17.487781036168133
5.45000000000001,69,80,1,0.022500000000000003,0.1,69.6177551791589,640.0,4.0,5.432512218963842,17.487781036168133
5.47500000000001,38,80,1,0.022500000000000003,0.1,38.631612401646436,640.0,4.0,5.457512218963842,17.487781036168133
5.49999999999999,53,80,0,0.03,0.1,65.28359586478717,640.0,3.0,5.482512218963822,17.487781036168133
5.500000000000011,65,80,1,0.022500000000000003,0.1,66.95501046246316,640.0,4.0,5.482512218963842,17.487781036168133
5.525000000000011,50,80,1,0.022500000000000003,0.1,51.51841588549316,640.0,4.0,5.507512218963843,17.487781036168133
5.5333333333333234,57,80,0,0.03,0.1,70.52237004792947,640.0,3.0,5.515845552297155,17.487781036168133
5.550000000000011,67,80,1,0.022500000000000003,0.1,67.30366295799244,640.0,4.0,5.532512218963843,17.487781036168133
5.566666666666657,72,80,0,0.03,0.1,84.27895017797053,640.0,3.0,5.5491788856304884,17.487781036168133
5.575000000000012,50,80,1,0.022500000000000003,0.1,50.230282796255786,640.0,4.0,5.5575122189638435,17.487781036168133
5.59999999999999,43,80,0,0.03,0.1,56.85903211516326,640.0,3.0,5.582512218963822,17.487781036168133
5.600000000000012,36,80,1,0.022500000000000003,0.1,36.89750911149416,640.0,4.0,5.582512218963844,17.487781036168133
5.625000000000012,38,80,1,0.022500000000000003,0.1,39.16745679509552,640.0,4.0,5.607512218963844,17.487781036168133
5.650000000000013,60,80,1,0.022500000000000003,0.1,60.61548731726569,640.0,4.0,5.632512218963845,17.487781036168133
5.666666666666656,36,80,0,0.03,0.1,48.614215300793305,640.0,3.0,5.649178885630488,17.487781036168133
5.675000000000013,62,80,1,0.022500000000000003,0.1,63.32444802203497,640.0,4.0,5.657512218963845,17.487781036168133
5.7000000000000135,48,80,1,0.022500000000000003,0.1,48.42474719866357,640.0,4.0,5.682512218963845,17.487781036168133
5.725000000000014,67,80,1,0.022500000000000003,0.1,68.17398347235039,640.0,4.0,5.707512218963846,17.487781036168133
5.733333333333323,47,80,0,0.03,0.1,59.01309811949947,640.0,3.0,5.7158455522971545,17.487781036168133
5.750000000000014,38,80,1,0.022500000000000003,0.1,38.73254320295732,640.0,4.0,5.732512218963846,17.487781036168133
5.766666666666656,52,80,0,0.03,0.1,64.36674527765304,640.0,3.0,5.749178885630488,17.487781036168133
5.775000000000015,59,80,1,0.022500000000000003,0.1,59.15417857731435,640.0,4.0,5.757512218963846,17.487781036168133
5.799999999999989,50,80,0,0.03,0.1,63.54164223142424,640.0,3.0,5.782512218963821,17.487781036168133
5.800000000000015,43,80,1,0.022500000000000003,0.1,44.49899264304055,640.0,4.0,5.782512218963847,17.487781036168133
5.833333333333322,57,80,0,0.03,0.1,70.58794558766111,640.0,3.0,5.815845552297154,17.487781036168133
5.850000000000016,60,80,1,0.022500000000000003,0.1,60.6067029928501,640.0,4.0,5.832512218963847,17.487781036168133
5.866666666666656,48,80,0,0.03,0.1,60.16642421603721,640.0,3.0,5.849178885630487,17.487781036168133
5.899999999999989,65,80,0,0.03,0.1,78.60523618761366,640.0,3.0,5.882512218963821,17.487781036168133
5.900000000000016,55,80,1,0.022500000000000003,0.1,55.077689033858235,640.0,4.0,5.882512218963848,17.487781036168133
5.925000000000017,72,80,1,0.022500000000000003,0.1,72.88054795794484,640.0,4.0,5.9075122189638485,17.487781036168133
5.933333333333322,43,80,0,0.03,0.1,56.61239253455416,640.0,3.0,5.915845552297154,17.487781036168133
5.950000000000017,52,80,1,0.022500000000000003,0.1,52.61578407010369,640.0,4.0,5.932512218963849,17.487781036168133
5.966666666666655,81,80,0,0.03,0.1,94.81816533234712,640.0,3.0,5.949178885630487,17.487781036168133
5.975000000000017,69,80,1,0.022500000000000003,0.1,70.69685903443381,640.0,4.0,5.957512218963849,17.487781036168133
5.9999999999999885,55,80,0,0.03,0.1,68.00854205139208,640.0,3.0,5.98251221896382,17.487781036168133
6.000000000000018,45,80,1,0.022500000000000003,0.1,45.539752260382485,640.0,4.0,5.9825122189638495,17.487781036168133
6.025000000000018,65,80,1,0.022500000000000003,0.1,66.78149347731562,640.0,4.0,6.00751221896385,17.487781036168133
6.033333333333322,36,80,0,0.03,0.1,49.02838327787158,640.0,3.0,6.0158455522971535,17.487781036168133
6.0500000000000185,77,80,1,0.022500000000000003,0.1,78.45207834442112,640.0,4.0,6.03251221896385,17.487781036168133
6.066666666666655,33,80,0,0.03,0.1,46.29257602481776,640.0,3.0,6.049178885630487,17.487781036168133
6.075000000000019,28,80,1,0.022500000000000003,0.1,28.362950398370696,640.0,4.0,6.057512218963851,17.487781036168133
6.099999999999988,53,80,0,0.03,0.1,66.17564691511276,640.0,3.0,6.08251221896382,17.487781036168133
6.100000000000019,48,80,1,0.022500000000000003,0.1,49.7997407299779,640.0,4.0,6.082512218963851,17.487781036168133
6.1250000000000195,67,80,1,0.022500000000000003,0.1,67.38652322791091,640.0,4.0,6.107512218963851,17.487781036168133
6.133333333333321,45,80,0,0.03,0.1,57.13967634782911,640.0,3.0,6.115845552297153,17.487781036168133
6.15000000000002,57,80,1,0.022500000000000003,0.1,57.401019058649695,640.0,4.0,6.132512218963852,17.487781036168133
6.17500000000002,64,80,1,0.022500000000000003,0.1,64.75066717915276,640.0,4.0,6.157512218963852,17.487781036168133
6.199999999999988,53,80,0,0.03,0.1,66.05744159454137,640.0,3.0,6.1825122189638195,17.487781036168133
6.200000000000021,52,80,1,0.022500000000000003,0.1,52.268989610037494,640.0,4.0,6.182512218963852,17.487781036168133
6.225000000000021,60,80,1,0.022500000000000003,0.1,61.10834927965312,640.0,4.0,6.207512218963853,17.487781036168133
6.233333333333321,47,80,0,0.03,0.1,59.06778991799203,640.0,3.0,6.215845552297153,17.487781036168133
6.250000000000021,57,80,1,0.022500000000000003,0.1,58.007331386981384,640.0,4.0,6.232512218963853,17.487781036168133
6.266666666666654,36,80,0,0.03,0.1,49.16104040872442,640.0,3.0,6.249178885630486,17.487781036168133
6.275000000000022,74,80,1,0.022500000000000003,0.1,74.94761038924554,640.0,4.0,6.2575122189638535,17.487781036168133
6.299999999999987,28,80,0,0.03,0.1,40.60995552402093,640.0,3.0,6.282512218963819,17.487781036168133
6.300000000000022,62,80,1,0.022500000000000003,0.1,63.256586794255526,640.0,4.0,6.282512218963854,17.487781036168133
6.325000000000022,64,80,1,0.022500000000000003,0.1,64.3213140745626,640.0,4.0,6.307512218963854,17.487781036168133
6.333333333333321,41,80,0,0.03,0.1,54.28460861354213,640.0,3.0,6.315845552297152,17.487781036168133
6.350000000000023,53,80,1,0.022500000000000003,0.1,54.727974833632416,640.0,4.0,6.3325122189638545,17.487781036168133
6.366666666666654,57,80,0,0.03,0.1,70.96190456734044,640.0,3.0,6.349178885630486,17.487781036168133
6.399999999999987,50,80,0,0.03,0.1,62.74039992486661,640.0,3.0,6.382512218963819,17.487781036168133
6.4000000000000234,53,80,1,0.022500000000000003,0.1,54.46325519590885,640.0,4.0,6.382512218963855,17.487781036168133
6.425000000000024,65,80,1,0.022500000000000003,0.1,65.0489874224422,640.0,4.0,6.407512218963856,17.487781036168133
6.43333333333332,31,80,0,0.03,0.1,44.054543632486556,640.0,3.0,6.415845552297152,17.487781036168133
6.450000000000024,53,80,1,0.022500000000000003,0.1,54.611398645500635,640.0,4.0,6.432512218963856,17.487781036168133
6.4666666666666535,50,80,0,0.03,0.1,62.21671585089513,640.0,3.0,6.449178885630485,17.487781036168133
6.4750000000000245,62,80,1,0.022500000000000003,0.1,63.70911816827409,640.0,4.0,6.457512218963856,17.487781036168133
6.499999999999987,52,80,0,0.03,0.1,64.93206246052911,640.0,3.0,6.4825122189638185,17.487781036168133
6.500000000000025,86,80,1,0.022500000000000003,0.1,86.56513022266162,640.0,4.0,6.482512218963857,17.487781036168133
6.525000000000025,71,80,1,0.022500000000000003,0.1,71.15039620392567,640.0,4.0,6.507512218963857,17.487781036168133
6.53333333333332,36,80,0,0.03,0.1,48.686624816625496,640.0,3.0,6.515845552297152,17.487781036168133
6.550000000000026,55,80,1,0.022500000000000003,0.1,55.82689878825163,640.0,4.0,6.532512218963857,17.487781036168133
6.566666666666653,48,80,0,0.03,0.1,61.96768135610276,640.0,3.0,6.549178885630485,17.487781036168133
6.575000000000026,74,80,1,0.022500000000000003,0.1,75.3755382036985,640.0,4.0,6.557512218963858,17.487781036168133
6.600000000000026,53,80,1,0.022500000000000003,0.1,54.77663522532414,640.0,4.0,6.582512218963858,17.487781036168133
6.625000000000027,33,80,1,0.022500000000000003,0.1,33.912005949723465,640.0,4.0,6.607512218963858,17.487781036168133
6.650000000000027,47,80,1,0.022500000000000003,0.1,47.096495220257225,640.0,4.0,6.632512218963859,17.487781036168133
6.666666666666653,52,80,0,0.03,0.1,64.57967821245802,640.0,3.0,6.6491788856304845,17.487781036168133
6.675000000000027,36,80,1,0.022500000000000003,0.1,36.05386341086904,640.0,4.0,6.657512218963859,17.487781036168133
6.699999999999986,55,80,0,0.03,0.1,67.1780419375134,640.0,3.0,6.682512218963818,17.487781036168133
6.725000000000028,60,80,1,0.022500000000000003,0.1,60.23575525362626,640.0,4.0,6.70751221896386,17.487781036168133
6.750000000000028,81,80,1,0.022500000000000003,0.1,81.45839759712362,640.0,4.0,6.73251221896386,17.487781036168133
6.775000000000029,64,80,1,0.022500000000000003,0.1,64.18467038418129,640.0,4.0,6.757512218963861,17.487781036168133
6.799999999999986,29,80,0,0.03,0.1,42.36583209014923,640.0,3.0,6.782512218963817,17.487781036168133
6.800000000000029,57,80,1,0.022500000000000003,0.1,57.19551323124654,640.0,4.0,6.782512218963861,17.487781036168133
6.8250000000000295,69,80,1,0.022500000000000003,0.1,70.61639143914866,640.0,4.0,6.807512218963861,17.487781036168133
6.833333333333319,35,80,0,0.03,0.1,47.99583948908643,640.0,3.0,6.815845552297151,17.487781036168133
6.85000000000003,31,80,1,0.022500000000000003,0.1,31.697468044699068,640.0,4.0,6.832512218963862,17.487781036168133
6.866666666666652,53,80,0,0.03,0.1,66.59245142027085,640.0,3.0,6.849178885630484,17.487781036168133
6.87500000000003,62,80,1,0.022500000000000003,0.1,63.01586634378965,640.0,4.0,6.857512218963862,17.487781036168133
6.9000000000000306,69,80,1,0.022500000000000003,0.1,69.86707448175318,640.0,4.0,6.882512218963862,17.487781036168133
6.925000000000031,41,80,1,0.022500000000000003,0.1,41.07409605401803,640.0,4.0,6.907512218963863,17.487781036168133
6.9333333333333185,53,80,0,0.03,0.1,66.59261038471742,640.0,3.0,6.91584555229715,17.487781036168133
6.950000000000031,74,80,1,0.022500000000000003,0.1,74.6400517530487,640.0,4.0,6.932512218963863,17.487781036168133
6.966666666666652,96,80,0,0.03,0.1,109.31496308038044,640.0,3.0,6.9491788856304835,17.487781036168133
6.975000000000032,64,80,1,0.022500000000000003,0.1,64.3327540159285,640.0,4.0,6.957512218963863,17.487781036168133
6.999999999999985,55,80,0,0.03,0.1,67.30739853687254,640.0,3.0,6.982512218963817,17.487781036168133
7.000000000000032,53,80,1,0.022500000000000003,0.1,54.68431470206974,640.0,4.0,6.982512218963864,17.487781036168133
7.025000000000032,67,80,1,0.022500000000000003,0.1,68.09960788616044,640.0,4.0,7.007512218963864,17.487781036168133
7.033333333333318,62,80,0,0.03,0.1,74.53524019431167,640.0,3.0,7.01584555229715,17.487781036168133
7.050000000000033,89,80,1,0.022500000000000003,0.1,89.06486857989627,640.0,4.0,7.0325122189638645,17.487781036168133
7.066666666666651,60,80,0,0.03,0.1,72.21122257271298,640.0,3.0,7.049178885630483,17.487781036168133
7.0999999999999845,55,80,0,0.03,0.1,68.33780801671422,640.0,3.0,7.082512218963816,17.487781036168133
7.100000000000033,62,80,1,0.022500000000000003,0.1,63.1772235046443,640.0,4.0,7.082512218963865,17.487781036168133
7.125000000000034,53,80,1,0.022500000000000003,0.1,54.12018048588487,640.0,4.0,7.1075122189638655,17.487781036168133
7.133333333333318,43,80,0,0.03,0.1,55.96455366860358,640.0,3.0,7.1158455522971495,17.487781036168133
7.150000000000034,48,80,1,0.022500000000000003,0.1,49.121992070850666,640.0,4.0,7.132512218963866,17.487781036168133
7.166666666666651,57,80,0,0.03,0.1,69.71480602231382,640.0,3.0,7.149178885630483,17.487781036168133
7.1750000000000345,69,80,1,0.022500000000000003,0.1,70.62829845176634,640.0,4.0,7.157512218963866,17.487781036168133
7.199999999999984,38,80,0,0.03,0.1,50.10783725391908,640.0,3.0,7.182512218963816,17.487781036168133
7.200000000000035,48,80,1,0.022500000000000003,0.1,49.0421270283665,640.0,4.0,7.182512218963867,17.487781036168133
7.225000000000035,60,80,1,0.022500000000000003,0.1,60.916047836408225,640.0,4.0,7.207512218963867,17.487781036168133
7.233333333333317,43,80,0,0.03,0.1,56.968721833727884,640.0,3.0,7.215845552297149,17.487781036168133
7.2500000000000355,53,80,1,0.022500000000000003,0.1,53.885984681406505,640.0,4.0,7.232512218963867,17.487781036168133
7.266666666666651,41,80,0,0.03,0.1,53.787346587787475,640.0,3.0,7.249178885630482,17.487781036168133
7.275000000000036,65,80,1,0.022500000000000003,0.1,66.13094176955381,640.0,4.0,7.257512218963868,17.487781036168133
7.299999999999984,48,80,0,0.03,0.1,61.04798898414493,640.0,3.0,7.282512218963816,17.487781036168133
7.300000000000036,64,80,1,0.022500000000000003,0.1,64.27087494767294,640.0,4.0,7.282512218963868,17.487781036168133
7.325000000000037,72,80,1,0.022500000000000003,0.1,73.28051128650111,640.0,4.0,7.307512218963868,17.487781036168133
7.333333333333317,77,80,0,0.03,0.1,89.62762965342091,640.0,3.0,7.315845552297149,17.487781036168133
7.350000000000037,53,80,1,0.022500000000000003,0.1,53.47179009465924,640.0,4.0,7.332512218963869,17.487781036168133
7.36666666666665,24,80,0,0.03,0.1,36.09900553482562,640.0,3.0,7.349178885630482,17.487781036168133
7.375000000000037,55,80,1,0.022500000000000003,0.1,56.54560082824485,640.0,4.0,7.357512218963869,17.487781036168133
7.400000000000038,47,80,1,0.022500000000000003,0.1,47.47182443798646,640.0,4.0,7.382512218963869,17.487781036168133
7.425000000000038,53,80,1,0.022500000000000003,0.1,54.31304627102577,640.0,4.0,7.40751221896387,17.487781036168133
7.433333333333317,26,80,0,0.03,0.1,39.35723684877246,640.0,3.0,7.4158455522971485,17.487781036168133
7.450000000000038,64,80,1,0.022500000000000003,0.1,64.8294463109741,640.0,4.0,7.43251221896387,17.487781036168133
7.46666666666665,41,80,0,0.03,0.1,53.95927211789525,640.0,3.0,7.449178885630482,17.487781036168133
7.475000000000039,69,80,1,0.022500000000000003,0.1,69.6894542930605,640.0,4.0,7.4575122189638705,17.487781036168133
7.499999999999983,60,80,0,0.03,0.1,73.93856764118229,640.0,3.0,7.482512218963815,17.487781036168133
7.500000000000039,48,80,1,0.022500000000000003,0.1,48.19628385052639,640.0,4.0,7.482512218963871,17.487781036168133
7.525000000000039,71,80,1,0.022500000000000003,0.1,71.13095577735245,640.0,4.0,7.507512218963871,17.487781036168133
7.55000000000004,77,80,1,0.022500000000000003,0.1,77.35216459270337,640.0,4.0,7.532512218963872,17.487781036168133
7.5666666666666496,33,80,0,0.03,0.1,46.204866842504885,640.0,3.0,7.549178885630481,17.487781036168133
7.57500000000004,65,80,1,0.022500000000000003,0.1,65.29196676126337,640.0,4.0,7.557512218963872,17.487781036168133
7.599999999999983,38,80,0,0.03,0.1,50.844112521472404,640.0,3.0,7.5825122189638146,17.487781036168133
7.6000000000000405,84,80,1,0.022500000000000003,0.1,84.02298640074325,640.0,4.0,7.582512218963872,17.487781036168133
7.625000000000041,50,80,1,0.022500000000000003,0.1,50.09549825147427,640.0,4.0,7.607512218963873,17.487781036168133
7.633333333333316,55,80,0,0.03,0.1,68.69885118636385,640.0,3.0,7.615845552297148,17.487781036168133
7.650000000000041,43,80,1,0.022500000000000003,0.1,44.06841979761386,640.0,4.0,7.632512218963873,17.487781036168133
7.666666666666649,38,80,0,0.03,0.1,50.65130711402065,640.0,3.0,7.649178885630481,17.487781036168133
7.675000000000042,36,80,1,0.022500000000000003,0.1,37.232380814025234,640.0,4.0,7.657512218963873,17.487781036168133
7.699999999999982,50,80,0,0.03,0.1,62.77066994664928,640.0,3.0,7.682512218963814,17.487781036168133
7.700000000000042,79,80,1,0.022500000000000003,0.1,79.14936718706154,640.0,4.0,7.682512218963874,17.487781036168133
7.725000000000042,67,80,1,0.022500000000000003,0.1,68.37588040133194,640.0,4.0,7.707512218963874,17.487781036168133
7.733333333333316,48,80,0,0.03,0.1,60.58331955076881,640.0,3.0,7.715845552297147,17.487781036168133
7.750000000000043,59,80,1,0.022500000000000003,0.1,59.288516212346174,640.0,4.0,7.732512218963874,17.487781036168133
7.766666666666649,38,80,0,0.03,0.1,51.65951555064554,640.0,3.0,7.749178885630481,17.487781036168133
7.775000000000043,62,80,1,0.022500000000000003,0.1,63.5835984168937,640.0,4.0,7.757512218963875,17.487781036168133
7.799999999999982,74,80,0,0.03,0.1,87.44248434336417,640.0,3.0,7.782512218963814,17.487781036168133
7.800000000000043,45,80,1,0.022500000000000003,0.1,45.59374019458078,640.0,4.0,7.782512218963875,17.487781036168133
7.825000000000044,91,80,1,0.022500000000000003,0.1,91.30562533909537,640.0,4.0,7.8075122189638755,17.487781036168133
7.833333333333315,55,80,0,0.03,0.1,68.11416348567055,640.0,3.0,7.815845552297147,17.487781036168133
7.850000000000044,60,80,1,0.022500000000000003,0.1,61.65403112928291,640.0,4.0,7.832512218963876,17.487781036168133
7.8666666666666485,21,80,0,0.03,0.1,34.07817489078263,640.0,3.0,7.84917888563048,17.487781036168133
7.899999999999982,50,80,0,0.03,0.1,62.38661522904867,640.0,3.0,7.8825122189638135,17.487781036168133
7.900000000000045,69,80,1,0.022500000000000003,0.1,69.28981278590325,640.0,4.0,7.8825122189638765,17.487781036168133
7.925000000000045,65,80,1,0.022500000000000003,0.1,66.15691816622993,640.0,4.0,7.907512218963877,17.487781036168133
7.933333333333315,38,80,0,0.03,0.1,51.529133250964634,640.0,3.0,7.915845552297147,17.487781036168133
7.9500000000000455,62,80,1,0.022500000000000003,0.1,62.86571551077288,640.0,4.0,7.932512218963877,17.487781036168133
7.966666666666648,57,80,0,0.03,0.1,70.91114668539167,640.0,3.0,7.94917888563048,17.487781036168133
7.975000000000046,48,80,1,0.022500000000000003,0.1,49.88192697030001,640.0,4.0,7.957512218963878,17.487781036168133
7.999999999999981,36,80,0,0.03,0.1,49.855734548061434,640.0,3.0,7.982512218963813,17.487781036168133
8.000000000000046,65,80,1,0.022500000000000003,0.1,66.03479497134074,640.0,4.0,7.982512218963878,17.487781036168133
8.025000000000047,84,80,1,0.022500000000000003,0.1,84.08991355488044,640.0,4.0,8.007512218963878,17.487781036168133
8.033333333333315,45,80,0,0.03,0.1,58.531373549223694,640.0,3.0,8.015845552297147,17.487781036168133
8.050000000000047,77,80,1,0.022500000000000003,0.1,77.22137659078372,640.0,4.0,8.032512218963879,17.487781036168133
8.066666666666649,53,80,0,0.03,0.1,66.46383717094986,640.0,3.0,8.04917888563048,17.487781036168133
8.075000000000047,79,80,1,0.022500000000000003,0.1,80.39278882098428,640.0,4.0,8.057512218963879,17.487781036168133
8.099999999999982,59,80,0,0.03,0.1,71.08166648537755,640.0,3.0,8.082512218963814,17.487781036168133
8.125000000000048,47,80,1,0.022500000000000003,0.1,47.33305830069016,640.0,4.0,8.10751221896388,17.487781036168133
8.133333333333315,31,80,0,0.03,0.1,44.63620598968606,640.0,3.0,8.115845552297147,17.487781036168133
8.150000000000048,57,80,1,0.022500000000000003,0.1,58.389927422724504,640.0,4.0,8.13251221896388,17.487781036168133
8.166666666666648,43,80,0,0.03,0.1,55.71838418123586,640.0,3.0,8.14917888563048,17.487781036168133
8.175000000000049,60,80,1,0.022500000000000003,0.1,60.71327887729529,640.0,4.0,8.15751221896388,17.487781036168133
8.199999999999982,41,80,0,0.03,0.1,53.92070001713976,640.0,3.0,8.182512218963813,17.487781036168133
8.200000000000049,74,80,1,0.022500000000000003,0.1,74.00565143642814,640.0,4.0,8.18251221896388,17.487781036168133
8.22500000000005,38,80,1,0.022500000000000003,0.1,38.33645273965031,640.0,4.0,8.207512218963881,17.487781036168133
8.25000000000005,79,80,1,0.022500000000000003,0.1,79.57824408909586,640.0,4.0,8.232512218963882,17.487781036168133
8.266666666666648,69,80,0,0.03,0.1,82.59781427559804,640.0,3.0,8.24917888563048,17.487781036168133
8.27500000000005,57,80,1,0.022500000000000003,0.1,57.977498898188934,640.0,4.0,8.257512218963882,17.487781036168133
8.299999999999981,53,80,0,0.03,0.1,65.18376590030023,640.0,3.0,8.282512218963813,17.487781036168133
8.32500000000005,47,80,1,0.022500000000000003,0.1,47.04506399666985,640.0,4.0,8.307512218963883,17.487781036168133
8.333333333333314,31,80,0,0.03,0.1,43.86068538451142,640.0,3.0,8.315845552297146,17.487781036168133
8.350000000000051,38,80,1,0.022500000000000003,0.1,38.81783460011815,640.0,4.0,8.332512218963883,17.487781036168133
8.366666666666648,59,80,0,0.03,0.1,71.74863292230114,640.0,3.0,8.34917888563048,17.487781036168133
8.375000000000052,69,80,1,0.022500000000000003,0.1,70.5365834747125,640.0,4.0,8.357512218963883,17.487781036168133
8.39999999999998,74,80,0,0.03,0.1,87.16359932176171,640.0,3.0,8.382512218963813,17.487781036168133
8.400000000000052,60,80,1,0.022500000000000003,0.1,60.93846998001157,640.0,4.0,8.382512218963884,17.487781036168133
8.425000000000052,43,80,1,0.022500000000000003,0.1,43.48850048331451,640.0,4.0,8.407512218963884,17.487781036168133
8.466666666666647,28,80,0,0.03,0.1,40.55206443578862,640.0,3.0,8.449178885630479,17.487781036168133
8.475000000000053,55,80,1,0.022500000000000003,0.1,55.70195584908636,640.0,4.0,8.457512218963885,17.487781036168133
8.49999999999998,41,80,0,0.03,0.1,53.80180386731198,640.0,3.0,8.482512218963812,17.487781036168133
8.500000000000053,81,80,1,0.022500000000000003,0.1,81.36347552370424,640.0,4.0,8.482512218963885,17.487781036168133
8.525000000000054,55,80,1,0.022500000000000003,0.1,56.677230702545856,640.0,4.0,8.507512218963885,17.487781036168133
8.533333333333314,64,80,0,0.03,0.1,76.21646270958877,640.0,3.0,8.515845552297145,17.487781036168133
8.550000000000054,40,80,1,0.022500000000000003,0.1,40.75977020008824,640.0,4.0,8.532512218963886,17.487781036168133
8.566666666666647,38,80,0,0.03,0.1,50.941830840079604,640.0,3.0,8.549178885630479,17.487781036168133
8.575000000000054,55,80,1,0.022500000000000003,0.1,56.85448877969991,640.0,4.0,8.557512218963886,17.487781036168133
8.59999999999998,53,80,0,0.03,0.1,65.68088868027172,640.0,3.0,8.582512218963812,17.487781036168133
8.625000000000055,24,80,1,0.022500000000000003,0.1,25.479850970347883,640.0,4.0,8.607512218963887,17.487781036168133
8.633333333333313,57,80,0,0.03,0.1,69.91531588389552,640.0,3.0,8.615845552297145,17.487781036168133
8.650000000000055,59,80,1,0.022500000000000003,0.1,59.305025708572,640.0,4.0,8.632512218963887,17.487781036168133
8.666666666666647,36,80,0,0.03,0.1,48.13528996380054,640.0,3.0,8.649178885630478,17.487781036168133
8.69999999999998,47,80,0,0.03,0.1,59.238075442408956,640.0,3.0,8.682512218963812,17.487781036168133
8.700000000000056,67,80,1,0.022500000000000003,0.1,68.91144146961176,640.0,4.0,8.682512218963888,17.487781036168133
8.725000000000056,83,80,1,0.022500000000000003,0.1,83.66663801530042,640.0,4.0,8.707512218963888,17.487781036168133
8.733333333333313,21,80,0,0.03,0.1,18.511778047115868,640.0,3.0,8.715845552297145,17.487781036168133
8.750000000000057,74,80,1,0.022500000000000003,0.1,74.42003237821129,640.0,4.0,8.732512218963889,17.487781036168133
8.766666666666646,33,80,0,0.03,0.1,46.88783819092109,640.0,3.0,8.749178885630478,17.487781036168133
8.775000000000057,55,80,1,0.022500000000000003,0.1,56.55822476089817,640.0,4.0,8.757512218963889,17.487781036168133
8.79999999999998,43,80,0,0.03,0.1,56.767127662167546,640.0,3.0,8.782512218963811,17.487781036168133
8.800000000000058,45,80,1,0.022500000000000003,0.1,45.83646836810662,640.0,4.0,8.78251221896389,17.487781036168133
8.825000000000058,91,80,1,0.022500000000000003,0.1,92.93900548159822,640.0,4.0,8.80751221896389,17.487781036168133
8.833333333333313,31,80,0,0.03,0.1,44.02837527084993,640.0,3.0,8.815845552297144,17.487781036168133
8.850000000000058,60,80,1,0.022500000000000003,0.1,60.75799595538545,640.0,4.0,8.83251221896389,17.487781036168133
8.866666666666646,67,80,0,0.03,0.1,80.89486469032494,640.0,3.0,8.849178885630478,17.487781036168133
8.899999999999979,29,80,0,0.03,0.1,41.694190362103896,640.0,3.0,8.88251221896381,17.487781036168133
8.900000000000059,59,80,1,0.022500000000000003,0.1,59.691198884991955,640.0,4.0,8.88251221896389,17.487781036168133
8.92500000000006,62,80,1,0.022500000000000003,0.1,62.53548493782854,640.0,4.0,8.907512218963891,17.487781036168133
8.933333333333312,41,80,0,0.03,0.1,54.36743057027861,640.0,3.0,8.915845552297144,17.487781036168133
8.95000000000006,57,80,1,0.022500000000000003,0.1,58.15218672737354,640.0,4.0,8.932512218963891,17.487781036168133
8.966666666666645,48,80,0,0.03,0.1,61.67347938926197,640.0,3.0,8.949178885630477,17.487781036168133
8.97500000000006,52,80,1,0.022500000000000003,0.1,52.65712631193298,640.0,4.0,8.957512218963892,17.487781036168133
8.999999999999979,65,80,0,0.03,0.1,78.44829810004629,640.0,3.0,8.98251221896381,17.487781036168133
9.00000000000006,53,80,1,0.022500000000000003,0.1,53.00020555212298,640.0,4.0,8.982512218963892,17.487781036168133
9.02500000000006,59,80,1,0.022500000000000003,0.1,59.58075814123522,640.0,4.0,9.007512218963893,17.487781036168133
9.033333333333312,29,80,0,0.03,0.1,41.620964464903174,640.0,3.0,9.015845552297144,17.487781036168133
9.050000000000061,53,80,1,0.022500000000000003,0.1,53.04416292948781,640.0,4.0,9.032512218963893,17.487781036168133
9.066666666666645,62,80,0,0.03,0.1,74.88849602758349,640.0,3.0,9.049178885630477,17.487781036168133
9.075000000000061,50,80,1,0.022500000000000003,0.1,50.875573981732295,640.0,4.0,9.057512218963893,17.487781036168133
9.099999999999978,48,80,0,0.03,0.1,60.130983181050716,640.0,3.0,9.08251221896381,17.487781036168133
9.100000000000062,60,80,1,0.022500000000000003,0.1,61.362306914456276,640.0,4.0,9.082512218963894,17.487781036168133
9.125000000000062,55,80,1,0.022500000000000003,0.1,56.73629161701305,640.0,4.0,9.107512218963894,17.487781036168133
9.133333333333312,35,80,0,0.03,0.1,47.43668926658623,640.0,3.0,9.115845552297143,17.487781036168133
9.150000000000063,79,80,1,0.022500000000000003,0.1,79.25111025385841,640.0,4.0,9.132512218963894,17.487781036168133
9.166666666666645,53,80,0,0.03,0.1,65.91492447056987,640.0,3.0,9.149178885630477,17.487781036168133
9.175000000000063,26,80,1,0.022500000000000003,0.1,26.067586452569444,640.0,4.0,9.157512218963895,17.487781036168133
9.199999999999978,50,80,0,0.03,0.1,62.54796410334042,640.0,3.0,9.18251221896381,17.487781036168133
9.200000000000063,72,80,1,0.022500000000000003,0.1,73.9712877046075,640.0,4.0,9.182512218963895,17.487781036168133
9.225000000000064,74,80,1,0.022500000000000003,0.1,75.94989046396965,640.0,4.0,9.207512218963895,17.487781036168133
9.233333333333311,40,80,0,0.03,0.1,52.31722397236743,640.0,3.0,9.215845552297143,17.487781036168133
9.250000000000064,33,80,1,0.022500000000000003,0.1,33.46060502517568,640.0,4.0,9.232512218963896,17.487781036168133
9.266666666666644,48,80,0,0.03,0.1,60.89346668787224,640.0,3.0,9.249178885630476,17.487781036168133
9.275000000000064,55,80,1,0.022500000000000003,0.1,55.61359879577154,640.0,4.0,9.257512218963896,17.487781036168133
9.299999999999978,43,80,0,0.03,0.1,55.067985960169466,640.0,3.0,9.28251221896381,17.487781036168133
9.325000000000065,41,80,1,0.022500000000000003,0.1,41.98385030761189,640.0,4.0,9.307512218963897,17.487781036168133
9.33333333333331,48,80,0,0.03,0.1,61.45302201921597,640.0,3.0,9.315845552297143,17.487781036168133
9.350000000000065,50,80,1,0.022500000000000003,0.1,50.043946398836795,640.0,4.0,9.332512218963897,17.487781036168133
9.366666666666644,55,80,0,0.03,0.1,68.4752726338694,640.0,3.0,9.349178885630476,17.487781036168133
9.375000000000066,45,80,1,0.022500000000000003,0.1,45.78462917803739,640.0,4.0,9.357512218963898,17.487781036168133
9.399999999999977,67,80,0,0.03,0.1,80.30101524666051,640.0,3.0,9.382512218963809,17.487781036168133
9.400000000000066,81,80,1,0.022500000000000003,0.1,82.42906167582237,640.0,4.0,9.382512218963898,17.487781036168133
9.425000000000066,71,80,1,0.022500000000000003,0.1,71.9766834322875,640.0,4.0,9.407512218963898,17.487781036168133
9.43333333333331,31,80,0,0.03,0.1,44.15596161501633,640.0,3.0,9.415845552297142,17.487781036168133
9.450000000000067,76,80,1,0.022500000000000003,0.1,76.27590521592523,640.0,4.0,9.432512218963899,17.487781036168133
9.466666666666644,74,80,0,0.03,0.1,87.30282719560022,640.0,3.0,9.449178885630475,17.487781036168133
9.475000000000067,69,80,1,0.022500000000000003,0.1,69.23740241975341,640.0,4.0,9.457512218963899,17.487781036168133
9.499999999999977,23,80,0,0.03,0.1,35.01327616611198,640.0,3.0,9.482512218963809,17.487781036168133
9.500000000000068,45,80,1,0.022500000000000003,0.1,45.548137328419465,640.0,4.0,9.4825122189639,17.487781036168133
9.525000000000068,53,80,1,0.022500000000000003,0.1,53.286140591618896,640.0,4.0,9.5075122189639,17.487781036168133
9.550000000000068,65,80,1,0.022500000000000003,0.1,66.26399438371735,640.0,4.0,9.5325122189639,17.487781036168133
9.566666666666643,55,80,0,0.03,0.1,67.53046024300258,640.0,3.0,9.549178885630475,17.487781036168133
9.575000000000069,43,80,1,0.022500000000000003,0.1,44.3567640461831,640.0,4.0,9.5575122189639,17.487781036168133
9.599999999999977,50,80,0,0.03,0.1,63.59669590700842,640.0,3.0,9.582512218963808,17.487781036168133
9.600000000000069,69,80,1,0.022500000000000003,0.1,69.12637990620657,640.0,4.0,9.5825122189639,17.487781036168133
9.62500000000007,55,80,1,0.022500000000000003,0.1,56.92383490357587,640.0,4.0,9.607512218963901,17.487781036168133
9.63333333333331,40,80,0,0.03,0.1,52.0294461462964,640.0,3.0,9.615845552297142,17.487781036168133
9.666666666666643,45,80,0,0.03,0.1,57.336035195426874,640.0,3.0,9.649178885630475,17.487781036168133
9.67500000000007,69,80,1,0.022500000000000003,0.1,69.1002875930047,640.0,4.0,9.657512218963902,17.487781036168133
9.699999999999976,41,80,0,0.03,0.1,53.68958803636694,640.0,3.0,9.682512218963808,17.487781036168133
9.70000000000007,65,80,1,0.022500000000000003,0.1,65.6865703870213,640.0,4.0,9.682512218963902,17.487781036168133
9.72500000000007,55,80,1,0.022500000000000003,0.1,55.37963307751578,640.0,4.0,9.707512218963902,17.487781036168133
9.73333333333331,40,80,0,0.03,0.1,52.45613111111409,640.0,3.0,9.715845552297141,17.487781036168133
9.750000000000071,74,80,1,0.022500000000000003,0.1,74.83942148306238,640.0,4.0,9.732512218963903,17.487781036168133
9.766666666666643,57,80,0,0.03,0.1,70.87490684186912,640.0,3.0,9.749178885630474,17.487781036168133
9.775000000000071,45,80,1,0.022500000000000003,0.1,46.16238940672132,640.0,4.0,9.757512218963903,17.487781036168133
9.799999999999976,52,80,0,0.03,0.1,64.56979822035261,640.0,3.0,9.782512218963808,17.487781036168133
9.800000000000072,67,80,1,0.022500000000000003,0.1,67.88397576888657,640.0,4.0,9.782512218963904,17.487781036168133
9.833333333333309,38,80,0,0.03,0.1,51.13075718066362,640.0,3.0,9.81584555229714,17.487781036168133
9.850000000000072,55,80,1,0.022500000000000003,0.1,56.037805576780926,640.0,4.0,9.832512218963904,17.487781036168133
9.866666666666642,59,80,0,0.03,0.1,71.5148784055456,640.0,3.0,9.849178885630474,17.487781036168133
9.875000000000073,64,80,1,0.022500000000000003,0.1,64.1745026846991,640.0,4.0,9.857512218963905,17.487781036168133
9.899999999999975,50,80,0,0.03,0.1,63.9334338672206,640.0,3.0,9.882512218963807,17.487781036168133
9.900000000000073,43,80,1,0.022500000000000003,0.1,43.98574622226812,640.0,4.0,9.882512218963905,17.487781036168133
9.925000000000074,71,80,1,0.022500000000000003,0.1,71.82754584584833,640.0,4.0,9.907512218963905,17.487781036168133
9.933333333333309,57,80,0,0.03,0.1,70.40463512113868,640.0,3.0,9.91584555229714,17.487781036168133
9.966666666666642,55,80,0,0.03,0.1,68.05924917662223,640.0,3.0,9.949178885630474,17.487781036168133
9.975000000000074,53,80,1,0.022500000000000003,0.1,53.30914533735629,640.0,4.0,9.957512218963906,17.487781036168133
10.0,21,67,1,0.009007652824381663,0.014154160877098738,10.371486565536188,540.3416077579872,1.4142135623730951,9.98047898338221,19.521016617790814
10.0,85,73,0,0.009000000000000001,0.004504893782209178,85.17622142008534,589.8462040836334,1.0,9.981417399804496,18.58260019550342
9.999999999999975,36,80,0,0.03,0.1,49.388863860197475,640.0,3.0,9.982512218963807,17.487781036168133
10.01,78,75,0,0.01204628962693462,0.013384766252149578,78.15243766289716,604.7058260956202,1.0,9.991730205278593,18.269794721407624
10.020008503138202,60,52,1,0.009000000000000001,0.0037090235530114588,60.164838118536885,418.36068125041055,1.4142135623730951,9.998141445464693,21.867057673509287
10.02338476625215,26,77,0,0.0108414094479504,0.012046010497722666,26.08741571179734,618.0632645676583,1.0,10.005427777004838,17.956989247311828
10.030008503138202,86,85,1,0.009000000000000001,0.0017147702874414934,86.0275099937537,686.0243216846504,1.4142135623730951,10.013302735787272,16.705767350928642
10.040008503138202,46,68,1,0.009000000000000001,0.010782136514820939,46.13927775581871,546.7444116040608,1.4142135623730951,10.020643889257459,19.364613880742915
10.035430776749873,83,99,0,0.009000000000000001,0.005231999628934997,83.32374456414566,799.9276279736575,1.0,10.020914647717616,14.516129032258064
10.045430776749873,59,51,0,0.009000000000000001,0.00830634928887911,59.25700198472224,411.2346541600587,1.0,10.023407316339316,22.023460410557185
10.050008503138201,41,88,1,0.02562734342442438,0.04026948515379324,41.30036035372086,708.5332580589006,1.4142135623730951,10.033771943998417,16.236559139784944
10.055430776749873,108,66,0,0.009000000000000001,0.0046935082166473,111.72574892239376,528.9438427166011,1.0,10.035753357395034,19.67741935483871
10.065430776749873,76,102,0,0.009000000000000001,0.002251116282460733,76.13417482593053,817.4651183996496,1.0,10.051383855928758,14.04692082111437
10.075430776749872,29,67,0,0.05616842620302766,0.06240936244780851,29.077262885824204,536.1536632596844,1.0,10.055909760132081,19.521016617790814
10.078483329165339,55,71,1,0.009000000000000001,0.0018128391730599437,55.336042909912116,572.6115714008461,1.4142135623730951,10.059587923495739,18.89540566959922
10.098483329165338,85,58,1,0.04711891774314964,0.07404023612967166,85.82751150336031,465.7445599489908,1.4142135623730951,10.077554687914116,20.928641251221897
10.137840139197682,62,107,0,0.009000000000000001,0.00027842831116149007,62.41961813409725,857.1494032802495,1.0,10.124575232061806,13.264907135874878
10.147840139197681,21,84,0,0.009000000000000001,0.001879215657693045,20.889768336568146,677.0890012578967,1.0,10.130977969109704,16.86217008797654
10.150837682213282,26,75,1,0.009000000000000001,0.004818200745703525,26.93518144519554,605.5105376327729,1.4142135623730951,10.132567887491875,18.269794721407624
10.157840139197681,73,101,0,0.014227496558811364,0.015808329509790404,73.24472772742801,814.8709018536008,1.0,10.14363681563952,14.203323558162268
10.173648468707471,98,91,0,0.009000000000000001,0.0034680379125680374,98.89280268398105,732.5183372731277,1.0,10.15788111777883,15.76735092864125
10.18364846870747,97,107,0,0.009000000000000001,0.0028923304295782825,97.69187124626734,857.2059729624799,1.0,10.170383561571596,13.264907135874878
10.19364846870747,69,52,0,0.009000000000000001,0.00813914451519477,69.2067348916025,423.4829833875275,1.0,10.171781411033962,21.867057673509287
10.186099928094116,82,109,1,0.009000000000000001,0.014043775014476288,82.10994443784828,877.5302557424945,1.4142135623730951,10.173147826432336,12.952101661779082
10.196099928094116,46,50,1,0.016433126555285626,0.02582216716297599,46.9830642854689,400.78255259573643,1.4142135623730951,10.173920064946511,22.179863147605083
10.20364846870747,21,96,0,0.009000000000000001,0.002727925575739085,3.1266861723732617,769.0168082131852,1.0,10.188663131464068,14.985337243401759
10.21364846870747,25,74,0,0.009000000000000001,0.001296424135077654,25.575240788187706,594.6478070209882,1.0,10.195222271249015,18.426197458455523
10.21435895759999,63,92,1,0.009657673785483684,0.015175570276006817,63.47682395178133,743.2949567463033,1.4142135623730951,10.198748009408396,15.610948191593351
10.22364846870747,73,72,0,0.009000000000000001,0.005109782879312189,73.94452823678365,577.8363582324746,1.0,10.204909465774918,18.73900293255132
10.225089706250527,45,73,1,0.009000000000000001,0.0018238329218521951,45.24545123623396,591.9194415224897,1.4142135623730951,10.206507106055023,18.58260019550342
10.235089706250527,38,76,1,0.009000000000000001,0.009138613286561839,38.68445050254296,609.4738950937377,1.4142135623730951,10.216976314266168,18.113391984359726
10.245089706250527,52,54,1,0.013278573555621741,0.02086526534592111,52.63485243150305,435.50383226662774,1.4142135623730951,10.223535454051113,21.55425219941349
10.25269192850705,21,108,0,0.014710489961751158,0.016344988846390174,17.91423077019151,868.414869662379,1.0,10.239583424108222,13.10850439882698
10.259843676867884,72,91,1,0.009000000000000001,0.0012536594334713969,72.2861781847026,734.2863233614571,1.4142135623730951,10.244076325939243,15.76735092864125
10.26903691735344,74,53,0,0.01780522116194308,0.019783579068825642,74.58160474395261,425.7129067421252,1.0,10.247326262416978,21.71065493646139
10.269843676867884,55,72,1,0.010837378678668297,0.017029297675495242,55.96060238491033,580.9599954189325,1.4142135623730951,10.251104673935332,18.73900293255132
10.28188520873307,64,104,1,0.009000000000000001,0.013508504678601692,64.96137713387986,836.8492967331725,1.4142135623730951,10.268151093386052,13.734115347018573
10.29188520873307,78,57,1,0.012288078099806858,0.019308851893607412,78.21452640292674,460.2792082018451,1.4142135623730951,10.2708001647448,21.085043988269796
10.288820496422264,23,87,0,0.00925973040635355,0.010288589340392833,23.539680408331755,698.4214244584446,1.0,10.272427534545432,16.392961876832846
10.299109085762657,51,54,0,0.009000000000000001,0.006102478169071506,51.547848393609826,437.5688908679044,1.0,10.277554833563244,21.55425219941349
10.305538628843967,61,58,1,0.022217454563955543,0.03491136173972661,61.40042410285146,471.06856189672885,1.4142135623730951,10.284609987592745,20.928641251221897
10.309109085762657,65,80,0,0.0175857400379213,0.01953971115324589,65.82049021470047,647.7456581030992,1.0,10.291621304726489,17.487781036168133
10.330224689470585,42,76,1,0.009000000000000001,0.00017663508921723038,42.12517903856335,611.0171300638195,1.4142135623730951,10.312111297486226,18.113391984359726
10.328648796915903,22,101,0,0.015741575852397403,0.017490639835997114,22.609144375759968,809.5511588370998,1.0,10.314445473357742,14.203323558162268
10.340224689470585,108,52,1,0.009000000000000001,0.005244228287855665,124.27463696732141,421.8695361544737,1.4142135623730951,10.318357631797076,21.867057673509287
10.346139436751901,50,93,0,0.021688041113462564,0.02409782345940285,50.39084735560037,747.3482354272134,1.0,10.330684891297356,15.454545454545453
10.350224689470584,48,84,1,0.009000000000000001,0.001968780658270222,48.344371773823866,679.3211982252127,1.4142135623730951,10.333362519382607,16.86217008797654
10.360224689470584,80,102,1,0.009000000000000001,0.0063048902428658685,80.53104020838347,822.8021814949534,1.4142135623730951,10.34617776864947,14.04692082111437
10.370237260211304,21,55,0,0.009000000000000001,0.004764804224820481,17.69119370709504,445.7910366633171,1.0,10.348839410748939,21.397849462365592
10.370224689470584,90,76,1,0.011257117092465302,0.01768885296154046,90.89578536365137,614.9655386950741,1.4142135623730951,10.352111297486225,18.113391984359726
10.380237260211304,87,58,0,0.03365144788775816,0.03739049765306462,87.45924486279404,468.4093154594807,1.0,10.359308618960082,20.928641251221897
10.3827325973511,37,99,1,0.01066943243678573,0.016765395616584224,37.347583069830776,794.4925799603966,1.4142135623730951,10.368216468318844,14.516129032258064
10.394587522280863,33,99,1,0.009000000000000001,0.00887022193373513,33.72992305072971,799.1901702591763,1.4142135623730951,10.380071393248606,14.516129032258064
10.417627757864368,28,83,0,0.04050662381715729,0.04500735979684144,28.335650660702267,670.950473689179,1.0,10.400609185039343,17.01857282502444
10.422919415145634,43,87,1,0.009000000000000001,0.006958472744588849,43.363516146325935,700.5370834001164,1.4142135623730951,10.406526453268802,16.392961876832846
10.432919415145633,36,60,1,0.011672470633988153,0.018341518085541915,36.31713490225092,483.4301008493764,1.4142135623730951,10.412303579368507,20.6158357771261
10.445888826961175,95,58,1,0.009000000000000001,0.008445720203967916,95.56853984677898,471.2970720409544,1.4142135623730951,10.424960185709953,20.928641251221897
10.46263511766121,54,95,0,0.027852414222807792,0.03094712691423088,54.57011474379177,766.1124432047807,1.0,10.44749337768076,15.141739980449657
10.479309873463144,49,89,1,0.009908274539359474,0.015569351370309108,49.676240745795916,718.4511587273716,1.4142135623730951,10.463229717060408,16.080156402737046
10.490319067395767,56,69,1,0.009000000000000001,0.006246469006661123,56.38545793351576,555.6087475316967,1.4142135623730951,10.471110856252071,19.208211143695017
10.49358224457544,90,103,0,0.022177716651995725,0.02464190739110636,90.87044672171042,824.5978257826596,1.0,10.479691726491374,13.890518084066471
10.500319067395766,42,87,1,0.010791462809219072,0.016957147847380522,42.86990744950438,702.8896247263451,1.4142135623730951,10.483926105518934,16.392961876832846
10.512309581628232,105,58,1,0.009000000000000001,0.006802360298383376,105.39330838920813,470.27648378918036,1.4142135623730951,10.49138094037701,20.928641251221897
10.522309581628232,48,51,1,0.009000000000000001,0.009971011234033808,48.90969555236644,413.76835993473276,1.4142135623730951,10.500286121217675,22.023460410557185
10.518224151966548,85,80,0,0.009000000000000001,0.0043085927331018015,85.49303642192908,644.7124818215702,1.0,10.50073637093038,17.487781036168133
10.528224151966548,79,52,0,0.009000000000000001,0.003750196936591835,79.64363363132495,416.9729892928994,1.0,10.506357094293039,21.867057673509287
10.532309581628231,57,52,1,0.009000000000000001,0.01056176054206053,57.548917439160014,419.4980062874558,1.4142135623730951,10.510442523954723,21.867057673509287
10.538224151966547,63,68,0,0.01613804116805395,0.01793115685339328,63.212343701904,548.6745036862753,1.0,10.518859538085804,19.364613880742915
10.542309581628231,69,74,1,0.009000000000000001,0.000471675670887548,69.82220130233382,593.9933799734347,1.4142135623730951,10.523883384169777,18.426197458455523
10.552309581628231,21,106,1,0.009000000000000001,0.002615746107766963,16.709245877323724,850.0415915082403,1.4142135623730951,10.538888271755308,13.421309872922777
10.55615530881994,87,102,0,0.03486035706330162,0.038733730070335134,87.09766650084342,822.2746992675352,1.0,10.542108387998827,14.04692082111437
10.56230958162823,51,109,1,0.009000000000000001,0.0018518313524679797,51.48030518128109,877.9594144776596,1.4142135623730951,10.549357479966451,12.952101661779082
10.57230958162823,65,101,1,0.009000000000000001,0.005652437032357894,65.749836968717,813.3536798707437,1.4142135623730951,10.558106258070069,14.203323558162268
10.58230958162823,81,68,1,0.03948191491835891,0.06203984394000423,81.69414601768455,544.2027189093728,1.4142135623730951,10.562944967747487,19.364613880742915
10.594889038890276,58,101,0,0.009000000000000001,0.005765107822793015,58.07002143098418,814.4577370753386,1.0,10.580685715332114,14.203323558162268
10.604889038890276,26,57,0,0.009000000000000001,0.0005656469290336459,26.27616186325296,460.2834428886394,1.0,10.583803994902006,21.085043988269796
10.614889038890276,72,93,0,0.009000000000000001,0.0012011301495657412,72.02480024441628,748.1443879390699,1.0,10.59943449343573,15.454545454545453
10.624889038890275,53,69,0,0.009000000000000001,0.006229890196028505,53.73534592207691,557.6451689153051,1.0,10.60568082774658,19.208211143695017
10.626178375981963,23,71,1,0.03100210297579412,0.04871510498939482,23.048003537440323,570.1935521272528,1.4142135623730951,10.607282970312363,18.89540566959922
10.634889038890275,63,99,0,0.01046821744440067,0.011631352716000742,63.239633299672526,795.3615824194817,1.0,10.620372909858018,14.516129032258064
10.646520391606275,80,88,0,0.009000000000000001,0.005757444105602384,80.82636058010132,707.9315940911523,1.0,10.63028383246649,16.236559139784944
10.656520391606275,66,51,0,0.009000000000000001,0.0039782346444877425,66.7927729294852,412.200390778269,1.0,10.634496931195718,22.023460410557185
10.660625157066178,24,59,1,0.009000000000000001,0.011693902453408202,24.32935128119295,477.07252158924354,1.4142135623730951,10.639852918552004,20.772238514174
10.666520391606275,77,99,0,0.02755325276605145,0.03061472529561272,77.1215901649307,799.3916178868327,1.0,10.652004262574017,14.516129032258064
10.670625157066178,97,102,1,0.009000000000000001,0.012101844634373509,97.74755138201235,816.8249809687927,1.4142135623730951,10.656578236245064,14.04692082111437
10.690625157066178,29,110,1,0.009000000000000001,0.0045031006356320595,29.725083992277384,883.2086929332037,1.4142135623730951,10.677829458141446,12.795698924731184
10.697135116901887,61,71,0,0.0834596245464389,0.09273291616270989,61.12841311496988,575.3559077258551,1.0,10.678239711232287,18.89540566959922
10.700625157066177,39,71,1,0.009000000000000001,0.012236802744811731,39.23905856762417,573.6385195152537,1.4142135623730951,10.681729751396578,18.89540566959922
10.710625157066177,55,89,1,0.009000000000000001,0.013029217854338589,55.875288324881,713.1171607105318,1.4142135623730951,10.69454500066344,16.080156402737046
10.720625157066177,33,75,1,0.009000000000000001,0.010067786564692125,33.40405125142076,600.8894003271621,1.4142135623730951,10.70235536234477,18.269794721407624
10.730625157066177,67,85,1,0.04859878231396231,0.0763656189591369,67.00468228800035,684.6886805911414,1.4142135623730951,10.713919389715247,16.705767350928642
10.78462380408169,81,62,1,0.009253106838305863,0.014539854649799313,81.5871593075579,500.65605391121665,1.4142135623730951,10.76432077377866,20.303030303030305
10.789868033064597,47,89,0,0.01967659099800468,0.021862878886671867,47.7634181400006,713.752731609185,1.0,10.77378787666186,16.080156402737046
10.79490503390203,59,83,1,0.009000000000000001,0.007541317825352952,59.27653753149957,671.5122919788316,1.4142135623730951,10.777886461077005,17.01857282502444
10.80490503390203,46,110,1,0.009000000000000001,0.0038766990818841856,46.37506117875155,882.0144235827569,1.4142135623730951,10.792109334977297,12.795698924731184
10.811730911951269,21,111,0,0.027930339864437267,0.03103371096048585,0.3693221019404547,892.0417345996475,1.0,10.799091615763587,12.639296187683286
10.81490503390203,66,104,1,0.022928435349234187,0.03602856026097964,66.381271153424,834.9845798238425,1.4142135623730951,10.80117091855501,13.734115347018573
10.840381073178955,102,99,1,0.009000000000000001,0.0021001825361434637,102.45880080631888,795.2548971374424,1.4142135623730951,10.825864944146698,14.516129032258064
10.850381073178955,44,104,1,0.009000000000000001,0.0019998994432803576,44.02835004743483,838.5452905090945,1.4142135623730951,10.836646957831936,13.734115347018573
10.860381073178955,80,59,1,0.02752243431353738,0.04324733319525245,80.95606633664318,474.39798470255784,1.4142135623730951,10.83960883466478,20.772238514174
10.874697579566844,35,64,0,0.009000000000000001,0.0065687899739117475,35.8532185659961,516.803875524955,1.0,10.85470735473791,19.990224828934508
10.884697579566843,34,51,0,0.009000000000000001,0.0006450717140602098,34.77811301212351,408.9369673667069,1.0,10.862674119156287,22.023460410557185
10.890961555749552,59,103,1,0.009000000000000001,0.009317299191886749,59.67667628003621,831.7737612572726,1.4142135623730951,10.877071037665486,13.890518084066471
10.894697579566843,21,92,0,0.059399702718016076,0.06599966968668453,13.591720773418558,739.8236413465349,1.0,10.87908663137525,15.610948191593351
10.900961555749552,69,73,1,0.009000000000000001,0.013327635703863748,69.37254954156003,587.6649539598009,1.4142135623730951,10.882378955554048,18.58260019550342
10.910961555749552,75,74,1,0.009000000000000001,0.005048538285901139,75.3548959630929,593.270253411514,1.4142135623730951,10.892535358291097,18.426197458455523
10.920961555749551,42,80,1,0.009000000000000001,0.010739343984210932,42.59354452893429,646.1627400005909,1.4142135623730951,10.903473774713383,17.487781036168133
10.930961555749551,88,97,1,0.009000000000000001,0.012915644417603251,88.65495023971867,782.2638973273588,1.4142135623730951,10.916132621243197,14.82893450635386
10.940961555749551,51,109,1,0.009000000000000001,0.012783161937669941,51.91445218599621,878.0235718059665,1.4142135623730951,10.928009454087771,12.952101661779082
10.95096155574955,87,105,1,0.009000000000000001,0.003356053075566752,87.97934446100125,846.5451025977075,1.4142135623730951,10.93738384313958,13.577712609970675
10.96096155574955,55,105,1,0.009000000000000001,0.000967399330313751,55.09308048755461,841.7323814930303,1.4142135623730951,10.94738384313958,13.577712609970675
10.960697249253528,31,109,0,0.009000000000000001,0.003693378839114,31.022500040487014,874.9805919751127,1.0,10.947745147591748,12.952101661779082
10.970697249253528,56,104,0,0.020835802555320415,0.023150891728133793,56.022646724481234,839.5591537810824,1.0,10.956963133906509,13.734115347018573
10.97096155574955,108,107,1,0.009000000000000001,0.00892178098002637,115.99786570284722,863.1913033650434,1.4142135623730951,10.957696648613675,13.264907135874878
10.98096155574955,64,79,1,0.009000000000000001,0.00028951754048378765,64.61478418557698,638.4217341589085,1.4142135623730951,10.963317371976334,17.64418377321603
10.99096155574955,82,58,1,0.01111015478343945,0.017457923972004876,82.84704872423524,467.2175647040609,1.4142135623730951,10.970032914498328,20.928641251221897
10.993848140981662,40,79,0,0.039090081642131236,0.04343342404681248,40.18596376758094,633.7007556249348,1.0,10.976203957208446,17.64418377321603
11.003306172175593,86,72,1,0.009000000000000001,0.00533717806964661,86.42773829393488,579.3577627085067,1.4142135623730951,10.984567169243041,18.73900293255132
11.013306172175593,38,109,1,0.015577771550041215,0.02447810644179782,38.53560209579034,878.7240095190481,1.4142135623730951,11.000354070513813,12.952101661779082
11.030614807231194,43,112,1,0.009000000000000001,0.00013354196508427854,43.584971956821676,898.9104278409891,1.4142135623730951,11.01813191378056,12.482893450635387
11.040614807231194,47,50,1,0.010782616883766827,0.016943247816551297,47.14527987779012,407.15763883353,1.4142135623730951,11.01843494408359,22.179863147605083
11.037281565028474,88,82,0,0.012830321329781893,0.014255912588646547,88.01046994520726,656.3442555082543,1.0,11.020106589466401,17.174975562072337
11.05153747761712,98,61,0,0.009000000000000001,0.003933525420779439,98.90660538690517,488.26401600275415,1.0,11.031078044577043,20.459433040078203
11.052595492657602,80,102,1,0.012781184072748879,0.020083693176520506,80.55881051101626,817.0722985003379,1.4142135623730951,11.038548571836488,14.04692082111437
11.06153747761712,73,71,0,0.009000000000000001,0.003736273479307601,73.32904360336579,575.062629583365,1.0,11.04264207194752,18.89540566959922
11.06679680829399,70,98,1,0.01287658358850831,0.02023359905322141,70.11311546635397,784.4613910538205,1.4142135623730951,11.052124276524683,14.672531769305962
11.07153747761712,45,110,0,0.009000000000000001,0.0008937451249915272,45.05110808584119,884.5513150704057,1.0,11.058741778692388,12.795698924731184
11.08153747761712,51,97,0,0.029056333095351005,0.032284814550390006,51.03841755896234,779.1192378520457,1.0,11.066708543110765,14.82893450635386
11.092501195333103,41,80,1,0.017853704546430264,0.02805439012018207,41.59069184230376,643.8139048336054,1.4142135623730951,11.075013414296935,17.487781036168133
11.11382229216751,31,59,0,0.016075737932688055,0.01786193103632006,31.834315031708996,476.94795316992753,1.0,11.093050053653336,20.772238514174
11.112338644829137,65,75,1,0.009000000000000001,0.0012124469486148798,65.08360989538747,603.7715155162155,1.4142135623730951,11.09406885010773,18.269794721407624
11.122338644829137,55,56,1,0.009000000000000001,0.007841107095759466,55.414855441271285,455.49904939565744,1.4142135623730951,11.101097198103819,21.241446725317694
11.13168422320383,43,83,0,0.022840825540315253,0.025378695044794727,43.07494232808526,668.4872114467069,1.0,11.114665650378805,17.01857282502444
11.132338644829137,46,109,1,0.01576498605246521,0.024772285651132202,46.83744787615225,873.8440129822354,1.4142135623730951,11.119386543167357,12.952101661779082
11.149855295998542,60,68,1,0.009000000000000001,0.0011259695059868365,60.72457889304372,549.782838976937,1.4142135623730951,11.130490682117799,19.364613880742915
11.159855295998542,74,81,1,0.009000000000000001,0.0011996493710935811,74.60657861656178,650.3121340352089,1.4142135623730951,11.142523917699421,17.331378299120235
11.170544836111429,51,58,0,0.009000000000000001,0.001439188544565206,51.299159397615306,464.7574606414021,1.0,11.149616194860206,20.928641251221897
11.186639022293129,61,68,1,0.009000000000000001,0.007734388968241315,61.980304783756544,547.6452470239717,1.4142135623730951,11.167274408412386,19.364613880742915
11.196639022293128,80,108,1,0.009000000000000001,0.003966991375988393,80.95006048249888,864.614026815927,1.4142135623730951,11.183530517894301,13.10850439882698
11.206639022293128,44,106,1,0.009000000000000001,0.007790497262663004,44.88227388675811,853.0555010662486,1.4142135623730951,11.193217712420205,13.421309872922777
11.213484207588628,73,84,0,0.02674926159041199,0.02972140176712443,73.04397846694421,675.4286853045696,1.0,11.196622037500651,16.86217008797654
11.216639022293128,23,90,1,0.009000000000000001,0.005817966960858743,23.020966981659193,720.238021087922,1.4142135623730951,11.20071526862744,15.923753665689148
11.226639022293128,56,87,1,0.036869614289503236,0.05793500951964483,56.81959969099449,701.7465480216893,1.4142135623730951,11.210246060416296,16.392961876832846
11.243205609355753,86,75,0,0.009000000000000001,0.001365073451285262,86.0066316937313,604.2266065353493,1.0,11.224935814634346,18.269794721407624
11.253205609355753,81,80,0,0.009000000000000001,0.006994681179459242,81.2184200774203,647.9378675393854,1.0,11.235717828319585,17.487781036168133
11.263205609355753,37,63,0,0.009000000000000001,0.0012677917085333781,37.18358900627215,510.09160097490565,1.0,11.24305898178977,20.146627565982406
11.267605260392576,39,105,1,0.009000000000000001,0.006643161429100262,39.487849320685996,844.3295401326993,1.4142135623730951,11.254027547782606,13.577712609970675
11.273205609355752,21,87,0,0.01552054672256286,0.017245051913958732,-23.539411890242008,696.2038923297588,1.0,11.25681264747892,16.392961876832846
11.277605260392576,68,78,1,0.009000000000000001,0.01049001273304852,68.04089100629922,624.674871019821,1.4142135623730951,11.259804673882313,17.80058651026393
11.287605260392576,44,92,1,0.009000000000000001,0.013223441408099406,44.42606684946003,741.3086106117012,1.4142135623730951,11.271994312200983,15.610948191593351
11.297605260392576,64,94,1,0.009000000000000001,0.004154726488372657,64.53821985213725,756.976316253295,1.4142135623730951,11.282307117675078,15.298142717497555
11.307605260392576,65,82,1,0.016504748829862633,0.025934710709725785,65.67796202102873,660.0849461553755,1.4142135623730951,11.290430284830503,17.174975562072337
11.325943870203535,92,98,1,0.009000000000000001,0.0023125895244637635,92.87301067127474,787.6730752015678,1.4142135623730951,11.311271338434228,14.672531769305962
11.335943870203534,21,58,1,0.009000000000000001,0.004749649036629097,15.999812051845609,466.91418149984656,1.4142135623730951,11.315015228952312,20.928641251221897
11.333566688432722,71,91,0,0.02155477680566189,0.023949752006290986,71.10116526354098,729.2259173292127,1.0,11.31779933750408,15.76735092864125
11.345943870203534,59,53,1,0.009479669548232018,0.014895863602138836,59.325987225768486,427.1660174114519,1.4142135623730951,11.324233215267073,21.71065493646139
11.356476836368236,44,67,1,0.013181894533391544,0.020713348918771204,44.971439226682406,538.0847789104497,1.4142135623730951,11.336955819750445,19.521016617790814
11.357516440439012,69,102,0,0.025663577200311687,0.028515085778124095,69.7348222353691,818.506664181836,1.0,11.343469519617898,14.04692082111437
11.371123385849781,60,53,1,0.011717666402309652,0.018412536383899846,60.36909555293054,431.3448108109329,1.4142135623730951,11.34941273091332,21.71065493646139
11.38414301518568,39,56,1,0.01745432993548643,0.027426833463221795,39.39720143100754,450.94619403300675,1.4142135623730951,11.362901568460362,21.241446725317694
11.386031526217137,77,92,0,0.01614032546902178,0.017933694965579755,77.16016833122738,740.0703858801502,1.0,11.370420578025543,15.610948191593351
11.403536715113999,87,66,1,0.009000000000000001,0.00669979001347212,87.01410650496825,535.1966431922627,1.4142135623730951,11.38385929575916,19.67741935483871
11.403965221182716,44,105,0,0.01301314165679954,0.014459046285332823,44.41940820231169,840.4353795994642,1.0,11.390387508572745,13.577712609970675
11.41842426746805,71,51,0,0.02773579484892963,0.03081754983214403,71.53349057785793,414.62364151727957,1.0,11.396400807057493,22.023460410557185
11.413536715113999,84,105,1,0.017656900284175176,0.027745142057055437,84.65811684813058,845.9360724053674,1.4142135623730951,11.399959002504028,13.577712609970675
11.443155493207527,58,74,1,0.009000000000000001,0.00710579115839274,58.42685743725588,593.8244027278236,1.4142135623730951,11.424729295749072,18.426197458455523
11.449241817300193,51,96,0,0.023593239579716735,0.026214710644129707,51.11223915366488,771.7541281458039,1.0,11.43425648005679,14.985337243401759
11.453155493207527,107,93,1,0.009561297791036634,0.015024130011079915,107.5606033536007,751.9285458171655,1.4142135623730951,11.437700947752981,15.454545454545453
11.46377915741979,72,91,1,0.009000000000000001,6.559224737619619e-05,72.53384834995224,733.1927067891032,1.4142135623730951,11.448011806491149,15.76735092864125
11.47377915741979,40,97,1,0.03229194367745664,0.050741894115608116,40.406304333574994,780.5188951253915,1.4142135623730951,11.458950222913435,14.82893450635386
11.475456527944322,39,101,0,0.009000000000000001,0.0026288765209434477,39.99458430529759,808.9835120595311,1.0,11.46125320438616,14.203323558162268
11.485456527944322,54,67,0,0.024091969009665024,0.026768854455183358,54.582872458336006,543.5190665874563,1.0,11.465935511326531,19.521016617790814
11.509659094839186,34,56,1,0.028745761442756524,0.045169606325653186,34.670711589780296,452.68246112542823,1.4142135623730951,11.488417648113868,21.241446725317694
11.512225382399505,60,111,0,0.01295364817391047,0.014392942415456076,60.08195402828185,890.5930890137117,1.0,11.499586086211822,12.639296187683286
11.526618324814962,78,83,0,0.013488737612702355,0.01498748623633595,78.07930245786358,669.9926898579278,1.0,11.509599751989937,17.01857282502444
11.541605811051298,27,56,0,0.020431240606747784,0.02270137845194198,27.5940381133722,453.4903194134792,1.0,11.52036436432598,21.241446725317694
11.541598829775582,85,90,1,0.014533243298173949,0.02283678864171721,85.4036290447278,722.074610737958,1.4142135623730951,11.525675076109893,15.923753665689148
11.557746877884664,69,81,1,0.009000000000000001,0.0007407848167731299,69.79020042034284,650.2005728551006,1.4142135623730951,11.540415499585544,17.331378299120235
11.56430718950324,72,71,0,0.019324014489942518,0.021471127211047242,72.91253651512426,570.9360830193431,1.0,11.54541178383364,18.89540566959922
11.567746877884664,57,78,1,0.009000000000000001,0.008503775626088235,57.00058112740162,628.849802579647,1.4142135623730951,11.5499462913744,17.80058651026393
11.577746877884664,26,53,1,0.009000000000000001,0.003514635888788937,26.2904578303286,426.1775100937362,1.4142135623730951,11.556036222948203,21.71065493646139
11.585778316714286,61,108,0,0.013518409914157812,0.015020455460175346,61.15089720679453,866.0140527550087,1.0,11.572669812315459,13.10850439882698
11.600798772174462,64,54,0,0.009000000000000001,0.0016222949649791192,64.21309991737219,433.91852955258594,1.0,11.579244519975049,21.55425219941349
11.60322356411971,50,91,1,0.01648567723954439,0.02590474259674347,50.48010816427397,728.6767410850644,1.4142135623730951,11.58745621319107,15.76735092864125
11.610798772174462,69,94,0,0.009000000000000001,0.0053707862464235975,69.80429636105822,754.0860443226409,1.0,11.595500629456964,15.298142717497555
11.620798772174462,21,88,0,0.009000000000000001,0.0010458889109214197,16.560986376463056,710.4577588837385,1.0,11.604562213034677,16.236559139784944
11.62154098327476,71,105,1,0.009000000000000001,0.009587892866411148,71.58057717188619,840.0783689607425,1.4142135623730951,11.60796327066479,13.577712609970675
11.63154098327476,83,68,1,0.009000000000000001,0.0036452332044944586,83.30259195304467,547.6507387859164,1.4142135623730951,11.612176369394017,19.364613880742915
11.640798772174461,68,51,0,0.049007624064448606,0.054452915627165116,68.81045440291362,412.29345822940076,1.0,11.618775311763905,22.023460410557185
11.64154098327476,98,90,1,0.009000000000000001,0.002203173637210313,98.45407741456583,725.8198802386382,1.4142135623730951,11.625617229609071,15.923753665689148
11.65154098327476,85,74,1,0.012807730146294098,0.020125406306782063,85.80422245604301,597.5654538057516,1.4142135623730951,11.633114785816305,18.426197458455523
11.66577179454842,27,62,1,0.011922825346087145,0.018734912562491258,27.151090954567962,499.60763744702655,1.4142135623730951,11.64546876424539,20.303030303030305
11.679019378266293,38,53,1,0.021089193760904627,0.033138470929094874,38.916411922846315,429.0459760401749,1.4142135623730951,11.657308723329832,21.71065493646139
11.695251687801626,47,70,0,0.009000000000000001,0.0003355792160171079,47.380670704489035,561.8051095747707,1.0,11.676199879394979,19.05180840664712
11.70245181577841,26,82,1,0.009000000000000001,0.0017735156453506703,26.09914167789593,657.9309513561641,1.4142135623730951,11.685276840216337,17.174975562072337
11.705251687801626,77,77,0,0.009054283611442683,0.010060315123825202,77.57096657599374,622.9513531883741,1.0,11.687294698554314,17.956989247311828
11.71245181577841,23,51,1,0.009000000000000001,0.004671277008385869,23.392341834397065,409.6638154588005,1.4142135623730951,11.690428355367853,22.023460410557185
11.715312002925451,85,112,0,0.009000000000000001,0.004795367438376105,85.92165600773195,898.5622500788556,1.0,11.702829109474816,12.482893450635387
11.72245181577841,32,75,1,0.009000000000000001,0.0019921473495688306,32.788425717914805,606.8213374593176,1.4142135623730951,11.704182021057003,18.269794721407624
11.72531200292545,30,99,0,0.009000000000000001,0.008331626851650512,30.48313492222045,797.4047743749647,1.0,11.710795873893193,14.516129032258064
11.73531200292545,55,63,0,0.015972285213493746,0.017746983570548606,55.73423228430226,510.3848063943802,1.0,11.715165375359469,20.146627565982406
11.73245181577841,78,87,1,0.009000000000000001,0.01018465828850988,78.69551308905604,697.5658374528407,1.4142135623730951,11.716058853901577,16.392961876832846
11.74245181577841,21,79,1,0.009000000000000001,0.00014960085687229076,2.1626839894366086,632.0475797267519,1.4142135623730951,11.724807632005193,17.64418377321603
11.752451815778409,108,69,1,0.03160109701439838,0.04965633331514457,108.42979113199773,555.9319289584416,1.4142135623730951,11.733243604634714,19.208211143695017
11.753058986495999,86,67,0,0.009000000000000001,0.0012895958535356804,86.92447654624436,536.6297634991047,1.0,11.733537969878208,19.521016617790814
11.763058986495999,91,59,0,0.04067758448619897,0.04519731609577664,91.45305179261311,475.52894589045013,1.0,11.742286747981824,20.772238514174
11.787564145794407,65,98,1,0.014196553687668428,0.022307731960064962,65.19160515764402,786.4607409380576,1.4142135623730951,11.7728916140251,14.672531769305962
11.803338094336262,54,66,1,0.009000000000000001,0.011050093893041348,54.29531700744862,532.791416479303,1.4142135623730951,11.783660674981423,19.67741935483871
11.808256302591776,57,89,0,0.009000000000000001,0.008493352087551174,57.24983279260875,719.2629738320427,1.0,11.792176146189039,16.080156402737046
11.813338094336261,64,68,1,0.009000000000000001,0.00026562349059697503,64.61363434068554,546.6543053902824,1.4142135623730951,11.793973480455518,19.364613880742915
11.818256302591776,75,67,0,0.009000000000000001,0.007602364545137094,75.19842005528582,537.1076011743351,1.0,11.798735285973985,19.521016617790814
11.823338094336261,21,73,1,0.014160740383598592,0.02225145678192168,8.122552000339361,585.8696474531652,1.4142135623730951,11.804755494140757,18.58260019550342
11.828256302591775,81,64,0,0.05580590214327895,0.06200655793697661,81.5493249302482,514.9773029455431,1.0,11.808266077762841,19.990224828934508
11.839072250318038,66,68,1,0.009000000000000001,2.031814041521722e-05,66.13376768909686,549.9002637826179,1.4142135623730951,11.819707636437295,19.364613880742915
11.849072250318038,76,78,1,0.009925441278481993,0.015596326298407761,76.08527753465613,628.9978795017857,1.4142135623730951,11.831271663807774,17.80058651026393
11.87010051840524,42,80,1,0.009000000000000001,0.001019282859514063,42.16477764556839,642.0385348551008,1.4142135623730951,11.852612737369071,17.487781036168133
11.88010051840524,40,79,1,0.013136398143443582,0.020641858239100735,40.871932714027636,636.9049141989733,1.4142135623730951,11.862456334632023,17.64418377321603
11.890262860528752,55,51,0,0.009000000000000001,0.0035949012206828684,55.0423879576481,415.5670414422557,1.0,11.868239400118195,22.023460410557185
11.8946965163424,72,54,1,0.009000000000000001,0.0008937733509372612,72.89017999346744,437.8025203083754,1.4142135623730951,11.873142264142986,21.55425219941349
11.900262860528752,82,79,0,0.01423704409482586,0.015818937883139844,82.812066126783,636.6049533457785,1.0,11.882618676755536,17.64418377321603
11.9046965163424,61,64,1,0.009000000000000001,0.006828043494694153,61.23903304106899,512.6906340033829,1.4142135623730951,11.884706291513465,19.990224828934508
11.916081798411891,51,61,0,0.04654911160621081,0.05172123511801201,51.7685801207369,492.7627578515606,1.0,11.895622365371814,20.459433040078203
11.9146965163424,68,98,1,0.009000000000000001,0.003269226368284623,68.13155041945768,790.6609278736526,1.4142135623730951,11.900023984573092,14.672531769305962
11.924696516342399,36,59,1,0.009000000000000001,0.012951859840437402,36.13967778235711,473.48135479410485,1.4142135623730951,11.903924277828224,20.772238514174
11.934696516342399,28,92,1,0.015909870876038124,0.024999950187219813,28.84495475868887,737.0651477680315,1.4142135623730951,11.919085568150805,15.610948191593351
11.952374150649108,97,71,1,0.009000000000000001,0.004514650418980757,97.87456338987634,572.5961042471052,1.4142135623730951,11.933478744979508,18.89540566959922
11.962374150649108,53,105,1,0.023815075616995973,0.03742178102944057,53.68850870926373,845.0705686980073,1.4142135623730951,11.948796438039137,13.577712609970675
11.967803033529904,76,102,0,0.027400754313853793,0.030445282570948657,76.9851729899909,822.3916140584438,1.0,11.95375611270879,14.04692082111437
11.988835345779103,21,53,1,0.011741962983317448,0.01845071477765598,15.942929423015507,431.1016130823514,1.4142135623730951,11.967124690842642,21.71065493646139
11.998248316100852,77,89,0,0.019323793520150314,0.021470881689055903,77.34096192696185,713.1101608157077,1.0,11.982168159698116,16.080156402737046
12.001881971316122,33,109,1,0.009000000000000001,0.0023902659510698365,33.86207721245269,878.9670605283852,1.4142135623730951,11.988929869654342,12.952101661779082
12.011881971316122,56,65,1,0.009000000000000001,0.01131448281942694,56.26028461610153,520.9466470564446,1.4142135623730951,11.992048149224235,19.83382209188661
12.01971919778991,89,80,0,0.009000000000000001,0.002110409788913737,89.9808424197008,640.7611757562751,1.0,12.002231416753741,17.487781036168133
12.021881971316121,47,67,1,0.009000000000000001,0.010415325780787733,47.28149353290026,537.351907523946,1.4142135623730951,12.00236095469833,19.521016617790814
12.029719197789909,71,57,0,0.009000000000000001,0.0018716874626101203,71.79370960846794,462.59289610127524,1.0,12.008634153801639,21.085043988269796
12.031881971316121,65,78,1,0.01570198849208757,0.02467329453526278,65.39101884933646,629.8324352013306,1.4142135623730951,12.014081384805857,17.80058651026393
12.039719197789909,27,80,0,0.015619214001753602,0.017354682224170668,27.401491278639533,645.7972733707185,1.0,12.02223141675374,17.487781036168133
12.04932862519622,46,60,1,0.009000000000000001,0.011863951914087052,46.471195798610374,482.87488991007797,1.4142135623730951,12.028712789419092,20.6158357771261
12.059328625196219,58,63,1,0.009000000000000001,0.00884645351133414,58.007193516173444,504.5927327039639,1.4142135623730951,12.039181997630237,20.146627565982406
12.05707388001408,52,86,0,0.009000000000000001,0.000995445761901895,52.413651157523354,690.9857009571995,1.0,12.0405245154002,16.549364613880744
12.06707388001408,44,78,0,0.009000000000000001,0.004699991949186861,44.769479152959434,627.6100745409005,1.0,12.049273293503816,17.80058651026393
12.069328625196219,70,65,1,0.009000000000000001,0.0007690682930419026,70.74868194604305,520.9885651585226,1.4142135623730951,12.049494803104333,19.83382209188661
12.07707388001408,83,54,0,0.009000000000000001,0.00017532879076396355,83.89805368035255,436.2234438972794,1.0,12.055519627814666,21.55425219941349
12.079328625196219,68,62,1,0.030878012311886742,0.04852011532288182,68.90625723153413,498.4628522267142,1.4142135623730951,12.059025594893189,20.303030303030305
12.08707388001408,108,68,0,0.009000000000000001,0.007475887456285758,119.33470709454384,545.8312893546516,1.0,12.067709266133336,19.364613880742915
12.09707388001408,48,103,0,0.01602968554425401,0.017810761715837786,48.099211727825164,830.0611985946023,1.0,12.083183361930013,13.890518084066471
12.114884641729917,59,56,0,0.020431583622417204,0.02270175958046356,59.41975254964489,452.4650892090874,1.0,12.0936431950046,21.241446725317694
12.11363752776498,61,66,1,0.028874041999149582,0.045371179773030776,61.15107470355712,529.7708915880452,1.4142135623730951,12.093960108410142,19.67741935483871
12.137586401310381,46,111,0,0.009000000000000001,0.0041569692417707735,46.295886728650245,893.3312966335732,1.0,12.124947105122699,12.639296187683286
12.145719796652925,67,87,1,0.009000000000000001,0.008617025144892144,67.96425271820438,696.7804676893929,1.4142135623730951,12.129326834776093,16.392961876832846
12.147586401310381,108,93,0,0.009000000000000001,0.0023059335325958793,117.64863076405095,751.2324852720519,1.0,12.132131855855835,15.454545454545453
12.155719796652924,63,61,1,0.009000000000000001,0.0011383455332076582,63.905865956313505,495.0538248918638,1.4142135623730951,12.135260363612847,20.459433040078203
12.169889137670951,38,71,0,0.009000000000000001,0.005928147539967902,38.96835196861964,575.3134656045904,1.0,12.150993732001352,18.89540566959922
12.165719796652924,60,106,1,0.015016552982615722,0.023596236542343673,60.993097262060346,853.9493968898097,1.4142135623730951,12.152298486780001,13.421309872922777
12.189889137670951,64,93,0,0.009000000000000001,0.007585662803033922,64.68984683991918,744.7324845686328,1.0,12.174434592216405,15.454545454545453
12.19988913767095,34,62,0,0.02176707220799525,0.02418563578666139,34.49681334201357,500.07512212240505,1.0,12.179586107367921,20.303030303030305
12.212920993032853,73,60,1,0.013516778532515088,0.0212395683558626,73.73022668171811,480.83571811848094,1.4142135623730951,12.192305157255726,20.6158357771261
12.224074773457613,66,94,0,0.009000000000000001,0.0027495170270261543,66.61225349635808,753.2378632434506,1.0,12.208776630740115,15.298142717497555
12.22793963584676,36,90,1,0.009000000000000001,0.009719742482074804,36.924279128267095,720.3075917744436,1.4142135623730951,12.21201588218107,15.923753665689148
12.23793963584676,79,60,1,0.010485393408067142,0.016476206182784444,79.9404557827048,481.34987190428296,1.4142135623730951,12.217323800069632,20.6158357771261
12.234074773457612,40,108,0,0.009000000000000001,0.00048143620104048164,40.83491242545162,868.1061231218449,1.0,12.220966269058785,13.10850439882698
12.249590072966834,59,50,1,0.009000000000000001,0.012489080815629867,59.84756263745115,406.0515583880537,1.4142135623730951,12.22741020981923,22.179863147605083
12.244074773457612,103,104,0,0.009000000000000001,0.0008005572851851204,103.48752297923691,835.4845618730428,1.0,12.230340658110594,13.734115347018573
12.254074773457612,68,100,0,0.016902910883772354,0.018781012093080394,68.59021748860245,800.8640415348959,1.0,12.239715047162402,14.359726295210166
12.259590072966834,97,72,1,0.009000000000000001,0.00013619345776356428,97.49412316681011,578.5146719850061,1.4142135623730951,12.240851070034282,18.73900293255132
12.269590072966833,75,63,1,0.024879741876584347,0.039094742655786024,75.08700558818919,511.0379353466603,1.4142135623730951,12.249443445400852,20.146627565982406
12.272855785550693,62,101,0,0.009000000000000001,0.006220241237196504,62.748800789171135,808.6488849812469,1.0,12.258652461992531,14.203323558162268
12.282855785550693,82,90,0,0.009000000000000001,0.009030914579025695,82.80349130397197,721.7888475982625,1.0,12.266932031885004,15.923753665689148
12.292855785550692,51,53,0,0.010089870488443389,0.011210967209381544,51.13148119626648,430.1760419952819,1.0,12.271145130614231,21.71065493646139
12.304066752760074,64,59,0,0.009000000000000001,0.004257407363098746,64.90918550617789,479.7723400565942,1.0,12.283294514245899,20.772238514174
12.297234230607483,29,103,1,0.009000000000000001,0.005821820528198336,29.53451504122549,824.021044800742,1.4142135623730951,12.283343712523417,13.890518084066471
12.307234230607483,56,51,1,0.012458649877738976,0.019576879584395957,56.3081753472392,414.5848818226322,1.4142135623730951,12.285210770196926,22.023460410557185
12.314066752760073,35,99,0,0.027729480019532377,0.030810533355035974,35.242170075116206,794.8492535712396,1.0,12.299550623727816,14.516129032258064
12.321077174916082,39,91,1,0.009000000000000001,0.009834596319537085,39.049687758250414,731.2170058505341,1.4142135623730951,12.305309823987441,15.76735092864125
12.331077174916082,41,107,1,0.009000000000000001,0.0018919988015543762,41.80818665955183,859.7655123280249,1.4142135623730951,12.317812267780207,13.264907135874878
12.341077174916082,22,52,1,0.04771974249167731,0.07498434113853526,22.40760640886178,422.45564949780794,1.4142135623730951,12.319210117242573,21.867057673509287
12.344877286115109,47,81,0,0.014512718772110503,0.01612524308012278,47.296842298890724,649.0978582265695,1.0,12.327545907815988,17.331378299120235
12.36100252919523,37,112,0,0.010941727038060877,0.012157474486734309,37.60287821650566,898.166958028371,1.0,12.348519635744596,12.482893450635387
12.373160003681965,78,90,0,0.04968863970151628,0.05520959966835142,78.07981824905379,725.1628431734684,1.0,12.357236250016276,15.923753665689148
12.394099111017946,27,97,1,0.013663343640711053,0.021469873204508615,27.741252711283515,777.1324866735113,1.4142135623730951,12.379270176511591,14.82893450635386
12.40928060395207,21,109,1,0.02392451593133266,0.037593749892557586,21.521748796417214,875.4642972512743,1.4142135623730951,12.39632850229029,12.952101661779082
12.428369603350317,47,51,0,0.009000000000000001,0.0033385766770334,47.94586281134103,415.32625110290303,1.0,12.40634614293976,22.023460410557185
12.435863399431328,88,65,1,0.009000000000000001,0.012910094151681956,88.60701254681081,525.5006916311502,1.4142135623730951,12.416029577339442,19.83382209188661
12.438369603350317,65,78,0,0.009000000000000001,0.004469681297083448,65.07827928912944,631.3114783696582,1.0,12.420569016840053,17.80058651026393
12.445863399431328,45,72,1,0.009000000000000001,0.012454242614276603,45.785603260197234,579.2892307624365,1.4142135623730951,12.427124396498776,18.73900293255132
12.448369603350317,82,76,0,0.027364768990076345,0.030405298877862606,82.38909802388692,612.7466672240377,1.0,12.430256211365958,18.113391984359726
12.455863399431328,42,107,1,0.010204132525868185,0.016034247344816906,42.9580531430295,859.1195433377186,1.4142135623730951,12.442598492295453,13.264907135874878
12.47877490222818,80,73,0,0.009000000000000001,0.006368227990342239,80.95580516685958,585.5193814923014,1.0,12.460192302032675,18.58260019550342
12.48720132446007,55,86,1,0.028685154490500114,0.045074371688036394,55.454071896442805,690.8111464945968,1.4142135623730951,12.47065195984619,16.549364613880744
12.48877490222818,22,95,0,0.059319862535472806,0.06591095837274756,22.516635326508677,762.6288302075682,1.0,12.47363316224773,15.141739980449657
12.519073718338404,73,97,1,0.009000000000000001,0.008606859147226314,73.18153911603954,779.3881268786627,1.4142135623730951,12.50424478383205,14.82893450635386
12.529073718338404,108,72,1,0.009000000000000001,0.004979652725980896,123.221329047599,576.5251958001512,1.4142135623730951,12.510334715405852,18.73900293255132
12.539073718338404,93,79,1,0.021432607405330924,0.03367809341070781,93.86522162542138,638.1678666505494,1.4142135623730951,12.521429534565188,17.64418377321603
12.562887726566549,50,62,1,0.009000000000000001,0.010323584249210543,50.27015981726932,502.340054528642,1.4142135623730951,12.54258469626352,20.303030303030305
12.564688375154915,21,87,0,0.031179984474875057,0.03464442719430562,20.809145266992402,696.175164296681,1.0,12.548295413278083,16.392961876832846
12.572887726566549,46,103,1,0.009000000000000001,0.013415381453609912,46.78269130330773,827.5151008099676,1.4142135623730951,12.558997208482483,13.890518084066471
12.582887726566549,35,54,1,0.009000000000000001,0.003480414898696546,35.37072867011934,435.5791425867164,1.4142135623730951,12.561333474367135,21.55425219941349
12.592887726566548,60,75,1,0.009000000000000001,0.0010725623560343194,60.26739751317018,604.7060359085092,1.4142135623730951,12.574617931845141,18.269794721407624
12.602887726566548,77,102,1,0.015897486886427885,0.024980490624927493,77.03139097213938,817.912963955258,1.4142135623730951,12.588840805745434,14.04692082111437
12.620551600884802,84,90,1,0.009000000000000001,0.006056296860943314,84.88913492975831,727.3253434329772,1.4142135623730951,12.604627847219113,15.923753665689148
12.635851141442075,93,58,0,0.01316818967894427,0.014631321865493633,93.0432838290943,465.7838425636299,1.0,12.614922500190852,20.928641251221897
12.640551600884802,46,52,1,0.009000000000000001,0.011618435408563856,46.25106985109403,418.7855451994537,1.4142135623730951,12.618684543211293,21.867057673509287
12.650551600884802,21,97,1,0.009000000000000001,0.0020521967376999598,20.001353012402014,782.7733752579304,1.4142135623730951,12.635722666378447,14.82893450635386
12.650482463307569,78,106,0,0.016985226273215984,0.018872473636906646,78.64838629817494,854.5162603328205,1.0,12.637061153434646,13.421309872922777
12.660551600884801,76,53,1,0.009000000000000001,1.7452234575648485e-07,76.56568320912655,427.31721000048617,1.4142135623730951,12.63884094594834,21.71065493646139
12.669354936944476,67,80,0,0.009000000000000001,0.0029709684117021685,67.77120306254268,646.1389282240174,1.0,12.651867155908308,17.487781036168133
12.679354936944476,53,104,0,0.009000000000000001,0.0042599545499155565,53.004240504156236,835.3749506362557,1.0,12.665620821597457,13.734115347018573
12.699354936944475,65,74,0,0.009000000000000001,0.0026783594642644706,65.64479589251282,595.5407683258803,1.0,12.68092873948602,18.426197458455523
12.708892530774623,35,50,1,0.009000000000000001,0.005440367642012552,35.281567898262075,400.7369110431557,1.4142135623730951,12.686712667627019,22.179863147605083
12.709354936944475,79,70,0,0.04707663356458544,0.052307370627317155,79.37503499546602,562.5950321123474,1.0,12.690303128537828,19.05180840664712
12.718892530774623,42,110,1,0.012475682371410933,0.01960364356612031,42.02324469707771,883.4227498996427,1.4142135623730951,12.70609683184989,12.795698924731184
12.73275440007619,89,103,1,0.009000000000000001,0.0038097154566631647,89.21696567403912,824.2126895452624,1.4142135623730951,12.718863881992124,13.890518084066471
12.75275440007619,80,61,1,0.009000000000000001,0.00590219878971953,80.72631982191817,490.8069838783013,1.4142135623730951,12.732294967036113,20.459433040078203
12.761662307571791,30,58,0,0.020046037824546725,0.022273375360607472,30.101614581607222,465.4368303591749,1.0,12.740733666320569,20.928641251221897
12.76275440007619,73,106,1,0.009000000000000001,0.006952953599501706,73.91143750374353,850.970098374575,1.4142135623730951,12.749333090203267,13.421309872922777
12.77275440007619,95,91,1,0.015688548440036233,0.02465217553094056,95.03356500091056,730.5071271236602,1.4142135623730951,12.756987049147549,15.76735092864125
12.783935682932398,22,54,0,0.0472582411347294,0.052509156816366,22.65843238824251,436.74837366500634,1.0,12.762381430732985,21.55425219941349
12.790186120565119,21,84,1,0.009000000000000001,0.0012255683318224667,18.717538777252358,672.2484795519325,1.4142135623730951,12.773323950477142,16.86217008797654
12.800186120565119,71,86,1,0.0117943460656169,0.018533026850352415,71.52731167231917,691.8863902570558,1.4142135623730951,12.783636755951239,16.549364613880744
12.813290949526916,46,52,1,0.029030979119659035,0.04561778266665771,46.33479119644495,421.21114910344585,1.4142135623730951,12.791423891853407,21.867057673509287
12.836444839748765,53,82,0,0.009000000000000001,0.002790569101568909,53.462496708004586,659.8869742780089,1.0,12.819269864186692,17.174975562072337
12.845547592993205,21,94,1,0.009000000000000001,0.0046249290421415705,21.876851029978603,757.212082035621,1.4142135623730951,12.830249450275707,15.298142717497555
12.855547592993204,79,56,1,0.01358368642996717,0.021344703973647714,79.03043648383456,451.2579820332372,1.4142135623730951,12.834306146267886,21.241446725317694
12.856444839748765,89,94,0,0.012961335373741816,0.014401483748602017,89.60848611302487,753.3886084427229,1.0,12.841146697031267,15.298142717497555
12.870846323497366,80,79,0,0.009000000000000001,0.0027415792152877022,80.32989623964083,637.3154378749069,1.0,12.85320213972415,17.64418377321603
12.88064057791539,63,93,1,0.01677598688978636,0.026360920201921226,63.76928652963482,748.6046909548184,1.4142135623730951,12.865186032460844,15.454545454545453
12.908731210857509,52,56,0,0.011884468684084942,0.013204965204538824,52.720596913537236,455.9598096988639,1.0,12.88748976413219,21.241446725317694
12.912569640442221,58,103,1,0.012462862231868831,0.019583498660329247,58.21893651481462,830.8454518936726,1.4142135623730951,12.898679122358155,13.890518084066471
12.921936176062047,69,53,0,0.009000000000000001,0.0047155170859216194,69.11342848656297,428.54342804465745,1.0,12.900225521125586,21.71065493646139
12.926417265144298,47,71,1,0.009000000000000001,0.004804558153931617,47.136980510177,572.6709761224439,1.4142135623730951,12.907521859474699,18.89540566959922
12.931936176062047,56,108,0,0.010226439578258242,0.011362710642509157,56.858016653526015,866.9375087639525,1.0,12.91882767166322,13.10850439882698
12.936417265144298,72,111,1,0.009000000000000001,0.006133299544053418,72.96058155880613,889.2627341945703,1.4142135623730951,12.923777968956616,12.639296187683286
12.943298886704556,35,81,0,0.009000000000000001,0.005700384165851805,35.16108325122882,653.6174043441962,1.0,12.925967508405435,17.331378299120235
12.946417265144298,85,85,1,0.01853516069174324,0.029125195145586636,85.39696912665377,681.0363972012856,1.4142135623730951,12.929711497793368,16.705767350928642
12.953298886704555,63,104,0,0.009000000000000001,0.0006369259950157754,63.34422224691034,833.959147260011,1.0,12.939564771357537,13.734115347018573
12.963298886704555,70,82,0,0.009000000000000001,0.009097384036380142,70.86083740371203,657.7980142896251,1.0,12.946123911142482,17.174975562072337
12.967011888135124,82,81,1,0.02805719780772843,0.04408763295763802,82.50144293291436,648.1293764411807,1.4142135623730951,12.949680509836003,17.331378299120235
12.973298886704555,39,51,0,0.00905965424336961,0.010066282492632899,39.092789663099595,414.986794936339,1.0,12.951275426293998,22.023460410557185
12.983365169197187,69,94,0,0.009000000000000001,0.005521021320206713,69.68136056049786,752.3403813683233,1.0,12.96806702647969,15.298142717497555
12.993365169197187,66,77,0,0.009000000000000001,0.003381945816549155,66.63765966227827,621.8751096522856,1.0,12.975408179949875,17.956989247311828
13.003365169197187,44,61,0,0.02735142689961247,0.030390474332902744,44.38287510371785,488.574894723693,1.0,12.98290573615711,20.459433040078203
13.008186552365933,47,51,1,0.009000000000000001,0.007276272642736264,47.1664020585698,412.5967069796147,1.4142135623730951,12.986163091955376,22.023460410557185
13.018186552365933,58,64,1,0.01743408062507966,0.02739501474165962,58.55306420660132,517.4867024979764,1.4142135623730951,12.998196327536998,19.990224828934508
13.033755643530089,59,88,0,0.015925813331134776,0.017695348145705305,59.25869674628208,708.923620100607,1.0,13.017519084390305,16.236559139784944
13.037557753060465,70,101,1,0.011649320692394102,0.018305141461796973,70.91508407141713,808.5640710077926,1.4142135623730951,13.023354429502303,14.203323558162268
13.051450991675795,108,85,0,0.0274297442764668,0.030477493640518667,108.0817744123705,685.3048733194148,1.0,13.034745224324865,16.705767350928642
13.05050144271868,103,103,1,0.009000000000000001,0.011859095447833508,103.66135639919331,831.3202355745896,1.4142135623730951,13.036610924634614,13.890518084066471
13.06050144271868,60,100,1,0.009000000000000001,0.002963153402399323,60.95847353315257,800.0017408818408,1.4142135623730951,13.04614171642347,14.359726295210166
13.07050144271868,36,104,1,0.009000000000000001,0.012068123810997446,36.08659945999039,832.6478794544562,1.4142135623730951,13.056767327371661,13.734115347018573
13.08050144271868,53,69,1,0.009000000000000001,0.0025666869581446646,53.28304593201548,554.8939296045496,1.4142135623730951,13.061293231574984,19.208211143695017
13.081928485316313,64,92,0,0.009000000000000001,0.0004628747660085779,64.74158376413718,738.2566928886233,1.0,13.06631753712472,15.610948191593351
13.09050144271868,69,99,1,0.009000000000000001,0.005138316607915812,69.03777636333899,798.3406985956861,1.4142135623730951,13.075985313686422,14.516129032258064
13.091928485316313,70,91,0,0.009000000000000001,0.003643979970270359,70.7814824380739,729.4427351163285,1.0,13.076161134387672,15.76735092864125
13.100501442718679,79,89,1,0.009000000000000001,0.004324591982898394,79.43658819928864,712.4370498034995,1.4142135623730951,13.084421286315942,16.080156402737046
13.101928485316312,41,91,0,0.009000000000000001,0.007509773473437882,41.48092026199492,728.922652301518,1.0,13.086161134387671,15.76735092864125
13.111928485316312,67,53,0,0.10046325928100946,0.11162584364556608,67.11907967222821,424.106019430278,1.0,13.090217830379851,21.71065493646139
13.110501442718679,61,67,1,0.009000000000000001,0.01272058143183804,61.673924372185176,543.8163645218391,1.4142135623730951,13.090980426100888,19.521016617790814
13.120501442718679,44,72,1,0.009000000000000001,0.005496044467941928,44.64565134134081,576.4792517261783,1.4142135623730951,13.101762439786127,18.73900293255132
13.130501442718678,89,75,1,0.009269023376759484,0.014564865077073918,89.2259636556288,602.2636927869348,1.4142135623730951,13.112231647997271,18.269794721407624
13.140800357581744,39,98,1,0.009000000000000001,0.0010620225962038319,39.15741529794843,791.8799212420536,1.4142135623730951,13.126127825812437,14.672531769305962
13.150800357581744,103,70,1,0.009000000000000001,0.005048008394275707,103.52025484758661,566.228078574356,1.4142135623730951,13.131748549175096,19.05180840664712
13.170800357581744,93,89,1,0.027592030936466144,0.043356693737520484,93.2941778652623,716.1410768188199,1.4142135623730951,13.154720201179007,16.080156402737046
13.201458169733373,87,76,1,0.009000000000000001,0.0033282677689315887,87.51897399748626,609.1669320511401,1.4142135623730951,13.183344777749014,18.113391984359726
13.211458169733373,52,67,1,0.013269437596710966,0.020850909571480107,52.93764307695464,538.1595542329268,1.4142135623730951,13.191937153115582,19.521016617790814
13.223554328961878,84,98,0,0.05102815201959009,0.05669794668843343,84.12342175867244,791.1927420291368,1.0,13.208881797192571,14.672531769305962
13.226201989285274,47,111,1,0.009000000000000001,0.008485007760689714,47.32711205152907,890.1843704710925,1.4142135623730951,13.213562693097591,12.639296187683286
13.236201989285274,28,110,1,0.009000000000000001,0.0010483328774418448,28.12044116483878,885.338272704872,1.4142135623730951,13.223406290360542,12.795698924731184
13.246201989285273,61,75,1,0.009000000000000001,0.0018037878773331376,61.859369249693515,601.8005011807957,1.4142135623730951,13.227932194563866,18.269794721407624
13.256201989285273,44,71,1,0.012781747320844356,0.020084578235515623,44.57382472923461,573.2620839763591,1.4142135623730951,13.237306583615673,18.89540566959922
13.270403930752877,100,66,1,0.009000000000000001,0.007602812271511889,100.83650569009762,532.1381315793196,1.4142135623730951,13.250726511398039,19.67741935483871
13.280403930752877,21,67,1,0.009000000000000001,0.003447480643070062,18.061125967318432,543.730832448625,1.4142135623730951,13.260882914135086,19.521016617790814
13.280252275650312,53,96,0,0.011300243930008457,0.012555826588898285,53.94287895685321,769.2246046256632,1.0,13.26526693840691,14.985337243401759
13.290403930752877,56,110,1,0.010207607977856867,0.01603970849074776,56.92699904940933,884.268665849946,1.4142135623730951,13.277608231828145,12.795698924731184
13.30174571739494,57,55,1,0.009000000000000001,0.013881379904140009,57.998777393416965,446.0334930412377,1.4142135623730951,13.280347867932575,21.397849462365592
13.31174571739494,64,88,1,0.009000000000000001,0.01370857571638236,64.45662215378543,711.8243891451331,1.4142135623730951,13.295509158255156,16.236559139784944
13.32174571739494,88,88,1,0.009980847777634643,0.015683389212346976,88.55787353378803,705.0037085397428,1.4142135623730951,13.305509158255155,16.236559139784944
13.324427638753585,37,97,0,0.02226768088010949,0.0247418676445661,37.59066593423466,781.142567388308,1.0,13.30959870424723,14.82893450635386
13.332835548258979,84,66,1,0.009000000000000001,0.005629292977261338,84.32821777305273,535.5481268820329,1.4142135623730951,13.31315812890414,19.67741935483871
13.342835548258979,54,86,1,0.009000000000000001,0.013657175448305383,54.84215147639812,693.792935554701,1.4142135623730951,13.326286183645099,16.549364613880744
13.349169506398152,90,57,0,0.021580633932044967,0.02397848214671663,90.95415668100898,460.1045276853042,1.0,13.328084462409882,21.085043988269796
13.352835548258978,66,92,1,0.011529384732988469,0.01811668028356622,66.64304278380692,740.0559427234864,1.4142135623730951,13.337224600067385,15.610948191593351
13.365645975740076,61,65,1,0.009000000000000001,0.00786757367255915,61.05071430513334,526.5507695898044,1.4142135623730951,13.34581215364819,19.83382209188661
13.373147988544869,53,50,0,0.010615530982647819,0.011795034425164243,53.72640180107705,402.8793302490608,1.0,13.350968125397264,22.179863147605083
13.384943022970033,29,93,0,0.009000000000000001,0.005886437864147817,29.327457997526974,747.7336033449311,1.0,13.369488477515487,15.454545454545453
13.385645975740076,50,92,1,0.009000000000000001,0.007638286664545683,50.750800139394826,736.2302490125144,1.4142135623730951,13.370035027548482,15.610948191593351
13.395645975740075,70,56,1,0.036012670417539326,0.05658845213528497,70.0908594539414,450.9465504364684,1.4142135623730951,13.374404529014758,21.241446725317694
13.394943022970033,21,78,0,0.009000000000000001,0.007379030140671097,20.550222825886614,624.3468113112654,1.0,13.377142436459769,17.80058651026393
13.404943022970032,28,54,0,0.009000000000000001,0.004068159730979668,28.96451223249221,436.59796188422183,1.0,13.383388770770619,21.55425219941349
13.414943022970032,45,91,0,0.012486819536799159,0.013874243929776842,45.57662488791934,734.1063992775081,1.0,13.399175672041391,15.76735092864125
13.435660053981787,39,96,1,0.009000000000000001,0.00012532119187867285,39.254614298059664,774.1921748381158,1.4142135623730951,13.420674716738384,14.985337243401759
13.443310922852035,43,79,0,0.009882783739821514,0.010980870822023904,43.608184071573056,639.5909388148655,1.0,13.42566673907882,17.64418377321603
13.445660053981786,56,77,1,0.02348118560564302,0.03689712349344473,56.61773005733713,617.0104863543794,1.4142135623730951,13.427703064734475,17.956989247311828
13.45429179367406,32,74,0,0.009000000000000001,0.00038964830913021706,32.23813859875323,599.4113904484502,1.0,13.435865596215605,18.426197458455523
13.46429179367406,23,83,0,0.011716799240681154,0.013018665822979059,23.212899545703706,666.8012733634392,1.0,13.447273220849034,17.01857282502444
13.471750260210278,100,50,1,0.009000000000000001,0.004490483737429788,100.25911032750255,404.5270807901855,1.4142135623730951,13.449570397062674,22.179863147605083
13.477310459497039,76,94,0,0.012639393336710067,0.014043770374122296,76.31935381240214,759.0615381132473,1.0,13.462012316779541,15.298142717497555
13.481750260210278,48,88,1,0.009000000000000001,0.013354009084342169,48.18129421606757,706.6458424436895,1.4142135623730951,13.465513701070494,16.236559139784944
13.491354229871162,73,51,0,0.04202278278755677,0.04669198087506308,73.81124801986633,409.1162913381808,1.0,13.469330769460605,22.023460410557185
13.491750260210278,79,55,1,0.009691519458538404,0.015228753620297518,79.38074399565143,445.6957431658882,1.4142135623730951,13.470352410747912,21.397849462365592
13.50251861516421,36,104,1,0.009000000000000001,0.003333478313840976,36.642184479059196,838.7350233272409,1.4142135623730951,13.488784499817191,13.734115347018573
13.51251861516421,43,65,1,0.012812321313272576,0.020132620629679937,43.233483945694694,523.7798851399432,1.4142135623730951,13.492684793072323,19.83382209188661
13.526754527734512,39,78,1,0.009000000000000001,0.0009684985548497205,39.107589459655465,629.4702582984102,1.4142135623730951,13.508953941224249,17.80058651026393
13.536754527734512,98,55,1,0.012595954797342455,0.019792633450489056,98.75944365386756,440.57458926811955,1.4142135623730951,13.515356678272147,21.397849462365592
13.538046210746225,53,107,0,0.009000000000000001,0.003268198660687694,53.935543487976865,863.5172723981533,1.0,13.52478130361035,13.264907135874878
13.548046210746225,69,108,0,0.009000000000000001,0.0009323985290808095,69.41002871282086,867.2180134027572,1.0,13.534937706347398,13.10850439882698
13.550750033064892,83,102,1,0.028886018704282482,0.045389999349510206,83.9302501318688,819.2459169215124,1.4142135623730951,13.536703112243778,14.04692082111437
13.558046210746225,59,66,0,0.009000000000000001,0.006499237189598076,59.191523354190814,528.388283860254,1.0,13.538368791391386,19.67741935483871
13.568046210746225,37,69,0,0.009000000000000001,0.005029424888874929,37.19164360555837,553.6449824631433,1.0,13.54883799960253,19.208211143695017
13.578046210746225,21,88,0,0.021933220769533218,0.02437024529948135,14.109524133963355,705.1668916554593,1.0,13.56180965160644,16.236559139784944
13.582845609402984,26,88,1,0.015609704984053013,0.024528284992322964,26.38993055206158,708.3918039262705,1.4142135623730951,13.5666090502632,16.236559139784944
13.600189726051932,64,96,1,0.01296547141253686,0.02037327279352253,64.96259471602599,768.9586966770128,1.4142135623730951,13.58520438880853,14.985337243401759
13.614595805399196,55,107,1,0.009000000000000001,0.011054888117950728,55.559022656140705,860.3833042316787,1.4142135623730951,13.60133089826332,13.264907135874878
13.621306131915427,56,92,0,0.009000000000000001,0.008004995009386532,56.777565519419745,740.5589269824914,1.0,13.605695183723833,15.610948191593351
13.624595805399196,45,83,1,0.009000000000000001,0.013172245670596225,45.13066379947958,669.1659716278567,1.4142135623730951,13.60757723257417,17.01857282502444
13.634595805399195,79,91,1,0.009000000000000001,0.004697121728787957,79.44828037287144,733.2315237634178,1.4142135623730951,13.618828454470554,15.76735092864125
13.641306131915426,63,66,0,0.016666978492435754,0.01851886499159528,63.851428967972296,528.2813918506819,1.0,13.621628712560588,19.67741935483871
13.644595805399195,53,78,1,0.014779807493458114,0.023224226896124404,53.52860099287534,627.1727115338276,1.4142135623730951,13.626795218888931,17.80058651026393
13.659824996907021,37,80,0,0.044480650119406995,0.049422944577118884,37.50652682798825,641.7728233599623,1.0,13.642337215870853,17.487781036168133
13.671570540878633,35,90,1,0.009000000000000001,0.008765616298559627,35.58422621286228,724.6611622884409,1.4142135623730951,13.655646787212945,15.923753665689148
13.681570540878633,48,51,1,0.02628252151931745,0.04129899820664607,48.502774623317904,410.9566643875045,1.4142135623730951,13.659547080468077,22.023460410557185
13.70924794148414,46,89,0,0.022138092685377347,0.024597880761530386,46.1048818753399,716.5756877970111,1.0,13.693167785081403,16.080156402737046
13.710773342566764,21,81,1,0.009000000000000001,0.005372556878544582,17.435895985209285,651.3156213150653,1.4142135623730951,13.693441964267643,17.331378299120235
13.720773342566764,79,56,1,0.009000000000000001,0.0008672347927193249,79.03606480303435,452.6966090539026,1.4142135623730951,13.699531895841446,21.241446725317694
13.730773342566764,59,75,1,0.013801452713918014,0.021686890676082017,59.60314199405698,604.8355266879963,1.4142135623730951,13.712503547845357,18.269794721407624
13.733845822245671,61,87,0,0.040826707021683895,0.04536300780187099,61.52852144763878,700.8059100731656,1.0,13.717452860368839,16.392961876832846
13.746108290026672,43,60,1,0.010163702467258359,0.015970717636801846,43.21828278515694,480.23130713561324,1.4142135623730951,13.725492454249546,20.6158357771261
13.757401292768071,48,61,1,0.009000000000000001,0.0010964970990100752,48.18340622415569,492.82335245062154,1.4142135623730951,13.736941859727994,20.459433040078203
13.76740129276807,63,92,1,0.010417459889434138,0.01636945895679498,63.25724617315197,742.5671549372421,1.4142135623730951,13.751790344576477,15.610948191593351
13.779208830047542,53,63,0,0.023089079898554344,0.025654533220615935,53.18539653881916,506.02241995411333,1.0,13.75906220248156,20.146627565982406
13.788976248200775,62,83,1,0.009000000000000001,0.005561757445739454,62.39053815651457,667.7769074398364,1.4142135623730951,13.77195767537575,17.01857282502444
13.798976248200775,21,72,1,0.009000000000000001,0.006621498568758866,20.165865948526495,576.894579368218,1.4142135623730951,13.780237245268223,18.73900293255132
13.804863363268158,69,75,0,0.012745715373578659,0.014161905970642954,69.62861319184536,605.5142349033524,1.0,13.78659356854675,18.269794721407624
13.808976248200775,43,107,1,0.016834232128449856,0.026452443764656313,43.96630434965351,856.8942219366297,1.4142135623730951,13.7957113410649,13.264907135874878
13.82768095056572,84,70,1,0.02915024690312315,0.04580519390769008,84.13284542338943,563.3712710150204,1.4142135623730951,13.808629142159072,19.05180840664712
13.846500993971334,78,67,0,0.020473010493198055,0.02274778943688673,78.0330236898227,537.4030177740681,1.0,13.826979977353544,19.521016617790814
13.860070113791412,76,104,1,0.009000000000000001,0.006564207106862796,76.98327416900369,838.1597165711557,1.4142135623730951,13.846335998444394,13.734115347018573
13.86924878340822,103,55,0,0.02334729049450697,0.02594143388278552,103.66975312076772,447.7676569173341,1.0,13.847850933945855,21.397849462365592
13.870070113791412,60,74,1,0.009000000000000001,0.001623268287210814,60.216916476295374,596.3653716357081,1.4142135623730951,13.851643916332957,18.426197458455523
13.880070113791412,26,103,1,0.009000000000000001,0.012090411472022606,26.383824213154483,829.4083855840773,1.4142135623730951,13.866179595707345,13.890518084066471
13.895190217291006,40,78,0,0.01320019293238255,0.014666881035980612,40.12334444962167,625.8838393686145,1.0,13.877389630780742,17.80058651026393
13.902054721366792,50,88,1,0.018684510101524665,0.02935987510208142,50.65436296727523,705.2733775077122,1.4142135623730951,13.885818162227007,16.236559139784944
13.909857098326986,72,103,0,0.011925361404899165,0.013250401560999072,72.58470593406986,831.3985387716143,1.0,13.89596658024292,13.890518084066471
13.923107499887985,42,55,0,0.009000000000000001,0.00366435490032809,42.36215005253281,447.8572777600809,1.0,13.90170965042562,21.397849462365592
13.922815288146264,98,92,1,0.009000000000000001,0.002621827336099551,98.18171771770842,736.8227087374539,1.4142135623730951,13.90720433995467,15.610948191593351
13.932815288146264,35,57,1,0.009000000000000001,0.002963110340908532,35.111578334693604,458.77565007511,1.4142135623730951,13.911730244157994,21.085043988269796
13.933107499887985,89,84,0,0.009000000000000001,0.00035883689897360987,89.39002650302743,673.348706357035,1.0,13.916245329800008,16.86217008797654
13.942815288146264,77,50,1,0.009000000000000001,0.002709964784145727,77.851576764011,400.99606760953515,1.4142135623730951,13.92063542499866,22.179863147605083
13.953107499887984,67,58,0,0.012184776641780847,0.01353864071308983,67.54520385731634,468.21987627836654,1.0,13.932178858636762,20.928641251221897
13.952815288146263,62,60,1,0.012108782588104494,0.01902711617769396,62.69051872378841,480.68140052769184,1.4142135623730951,13.932199452369137,20.6158357771261
13.966269491021935,101,51,1,0.009000000000000001,0.0013087875228603135,101.87134015820835,409.5644832186435,1.4142135623730951,13.944246030611378,22.023460410557185
13.966646140601075,59,75,0,0.01603688709267626,0.017818763436306954,59.949988861915585,602.159384052146,1.0,13.948376345879668,18.269794721407624
13.976269491021934,53,72,1,0.009000000000000001,0.0027182996417260187,53.255528465481945,577.1356636086078,1.4142135623730951,13.957530488089382,18.73900293255132
13.986269491021934,70,63,1,0.009000000000000001,0.0016697647711645008,70.19918678994108,511.1806523740851,1.4142135623730951,13.966122863455952,20.146627565982406
13.984464904037381,83,111,0,0.009000000000000001,0.008384479884775736,83.43321488309047,895.6279968510942,1.0,13.971825607849699,12.639296187683286
13.99446490403738,86,56,0,0.009000000000000001,0.0020612718620487466,86.49717927560049,452.0548246920832,1.0,13.973223457312063,21.241446725317694
13.996269491021934,25,53,1,0.009000000000000001,0.010985325015287466,25.97702557956547,428.8660796125586,1.4142135623730951,13.974558836085473,21.71065493646139
14.00446490403738,21,54,0,0.01739586733659282,0.01932874148510313,21.046898556822107,439.70968449449333,1.0,13.982910651837967,21.55425219941349
14.006269491021934,74,64,1,0.009000000000000001,0.007439864775350637,74.39662319605549,517.1016854631671,1.4142135623730951,13.986279266193,19.990224828934508
14.016269491021934,62,84,1,0.009000000000000001,0.0037183444420803447,62.70121716019749,678.439221586048,1.4142135623730951,13.999407320933956,16.86217008797654
14.023793645522483,73,105,0,0.009000000000000001,0.0013432630659586191,73.52029110012057,847.0954373320592,1.0,14.010215932912512,13.577712609970675
14.033793645522483,33,72,0,0.009000000000000001,0.0031954354778994604,33.58129721191956,577.4981529159686,1.0,14.01505464258993,18.73900293255132
14.043793645522483,42,82,0,0.009000000000000001,0.0010792704109744474,42.928833005747094,659.5298954541352,1.0,14.02661866996041,17.174975562072337
14.046269491021933,85,75,1,0.009000000000000001,0.010400590652146258,85.32525243194502,605.979047517051,1.4142135623730951,14.027999696300526,18.269794721407624
14.053793645522482,45,83,0,0.009000000000000001,0.0010501026956616206,45.07636078784661,670.0059573022553,1.0,14.036775072697457,17.01857282502444
14.063793645522482,76,90,0,0.028632458022611513,0.031813842247346125,76.83295355614135,725.4386845235971,1.0,14.047869891856793,15.923753665689148
14.077952382923735,108,57,1,0.009000000000000001,0.013957285936991035,113.26083052708267,458.6019528401167,1.4142135623730951,14.056867338935465,21.085043988269796
14.087952382923735,70,62,1,0.009000000000000001,0.006169378715530956,70.40375321876454,503.1260569180763,1.4142135623730951,14.067649352620705,20.303030303030305
14.095607487769827,31,91,0,0.010278031039758877,0.011420034488620974,31.857521835328413,734.7434775990951,1.0,14.079840136841186,15.76735092864125
14.097952382923735,40,105,1,0.009000000000000001,0.007460236944925272,40.65437859000468,847.8373888093893,1.4142135623730951,14.084374670313764,13.577712609970675
14.107952382923735,21,51,1,0.009000000000000001,0.0034283045809523033,-4.434913130819808,409.0620205228649,1.4142135623730951,14.085928922513178,22.023460410557185
14.107027522258448,30,91,0,0.06938320510854862,0.07709245012060957,30.396765569277463,730.9195949246894,1.0,14.091260171329807,15.76735092864125
14.117952382923734,66,54,1,0.015024057985628038,0.023608029516838862,66.2297654755253,434.52295315729987,1.4142135623730951,14.096398130724321,21.55425219941349
14.134645780685544,108,93,1,0.009000000000000001,0.009644085218512862,108.68709418247695,744.3158146539378,1.4142135623730951,14.119191235230998,15.454545454545453
14.144645780685543,83,50,1,0.009000000000000001,0.004380821953829917,83.0034366625141,404.9893883292247,1.4142135623730951,14.122465917537939,22.179863147605083
14.154645780685543,89,101,1,0.01226978743701164,0.01928011088984098,89.86795382450538,810.6941814503471,1.4142135623730951,14.140442457127381,14.203323558162268
14.168278877837778,63,80,1,0.017694253547057483,0.027803837047018817,63.168502142821374,642.5473299897701,1.4142135623730951,14.15079109680161,17.487781036168133
14.184119972379058,53,53,0,0.011015399398067746,0.012239332664519717,53.74803451347066,430.0711713003926,1.0,14.162409317442597,21.71065493646139
14.18793915955673,54,61,1,0.009000000000000001,0.006088616997554826,54.266091792383314,491.72109820171727,1.4142135623730951,14.167479726516653,20.459433040078203
14.196359305043577,101,109,0,0.011153892511943474,0.012393213902159415,101.44401221325026,878.8126422526901,1.0,14.183407203381798,12.952101661779082
14.19793915955673,94,105,1,0.01843170846707301,0.028962635657601845,94.32373527743708,841.2799383861736,1.4142135623730951,14.18436144694676,13.577712609970675
14.208752518945737,36,83,0,0.009000000000000001,0.002891087444110553,36.223382672695124,667.9138422365406,1.0,14.191733946120712,17.01857282502444
14.218752518945736,75,78,0,0.009000000000000001,0.0015251172555354132,75.1059260372829,625.1854681290926,1.0,14.200951932435473,17.80058651026393
14.218418835631256,55,100,1,0.009000000000000001,0.009419095140067613,55.569968082112425,801.7688297313017,1.4142135623730951,14.204059109336047,14.359726295210166
14.228418835631256,43,62,1,0.022151210574363266,0.0348072693524965,43.243307205801386,501.7363712487979,1.4142135623730951,14.208115805328227,20.303030303030305
14.228752518945736,91,99,0,0.019051964890323164,0.021168849878136848,91.53622739145358,797.7249803948646,1.0,14.214236389913479,14.516129032258064
14.249921368823873,30,64,0,0.03536641835150682,0.03929602039056313,30.85095624656624,517.3210409277268,1.0,14.22993114399494,19.990224828934508
14.253031291824993,53,83,1,0.009000000000000001,0.001039826934054521,53.383147369899206,670.8804821337817,1.4142135623730951,14.236012718999968,17.01857282502444
14.263031291824992,82,54,1,0.03287696841849273,0.05166117180793817,82.57670745174437,433.28236395711144,1.4142135623730951,14.241477039625579,21.55425219941349
14.289217389214436,61,102,0,0.009000000000000001,0.007645291993718021,61.75192214336058,821.0166471882106,1.0,14.275170468393322,14.04692082111437
14.299217389214435,78,88,0,0.009935553896526865,0.011039504329474294,78.72187631319798,711.7928440013799,1.0,14.282980830074651,16.236559139784944
14.299561256734428,55,100,1,0.009975775648142319,0.015675419129771245,55.34521438937631,801.9072725967234,1.4142135623730951,14.285201530439219,14.359726295210166
14.31025689354391,47,101,0,0.009000000000000001,0.0014002346931453271,47.34073623326745,813.0338151262642,1.0,14.296053569985748,14.203323558162268
14.310645451899031,44,112,1,0.009000000000000001,0.0085234377641928,44.08069627741159,898.5911769514752,1.4142135623730951,14.298162558448396,12.482893450635387
14.320645451899031,34,71,1,0.009000000000000001,0.012282672683365607,34.13107652694744,575.2602671430809,1.4142135623730951,14.301750046229431,18.89540566959922
14.32025689354391,68,94,0,0.02056575240475198,0.022850836005279977,68.68023805016773,754.3723488714882,1.0,14.304958750826412,15.298142717497555
14.33064545189903,43,54,1,0.009000000000000001,0.006990969529406342,43.47077600585004,434.35683886198046,1.4142135623730951,14.309091199699617,21.55425219941349
14.34064545189903,102,91,1,0.009000000000000001,0.006920397209560821,102.28053433901262,728.364742360804,1.4142135623730951,14.32487810097039,15.76735092864125
14.35064545189903,53,50,1,0.011776131493212468,0.0185044054111,53.21168289173296,404.18184093842854,1.4142135623730951,14.328465588751426,22.179863147605083
14.353107729549189,38,108,0,0.009000000000000001,0.0013758546085856644,38.64609355712235,868.4789115155313,1.0,14.339999225150361,13.10850439882698
14.363730042447044,54,50,1,0.009000000000000001,0.0036821296294551444,54.98510027462366,402.656737834173,1.4142135623730951,14.341550179299439,22.179863147605083
14.363107729549188,39,77,0,0.01089440575330295,0.012104895281447722,39.645631215858444,623.6012702524179,1.0,14.345150740301877,17.956989247311828
14.375212624830636,21,82,0,0.012389998547980693,0.01376666505331188,21.575536855157942,657.839713848249,1.0,14.358037649268564,17.174975562072337
14.373730042447043,108,98,1,0.015580575505272188,0.024482512432371074,110.64325397005496,786.4047866451688,1.4142135623730951,14.359057510677737,14.672531769305962
14.388979289883949,66,103,0,0.033995120127988235,0.0377723556977647,66.03133537935312,825.7124788725479,1.0,14.375088771799883,13.890518084066471
14.391041793008457,93,96,1,0.009000000000000001,0.011925013217433523,93.51832539795033,775.8734961979202,1.4142135623730951,14.376056455765054,14.985337243401759
14.401041793008456,69,82,1,0.015507974537593297,0.024368431017778965,69.95155164251479,659.0040332023125,1.4142135623730951,14.383866817446384,17.174975562072337
14.418272875828004,85,96,1,0.009000000000000001,0.002268004615266361,85.78193361467184,771.1265935995436,1.4142135623730951,14.403287538584602,14.985337243401759
14.428272875828004,96,62,1,0.009000000000000001,0.0027927933339526824,96.62847161667989,497.4875999501446,1.4142135623730951,14.407969845524974,20.303030303030305
14.426751645581714,59,108,0,0.009000000000000001,0.003507580257591478,59.96278785993833,865.2976073219581,1.0,14.413643141182886,13.10850439882698
14.436751645581714,49,104,0,0.009000000000000001,0.001855691692649144,49.4739070498249,838.9871602225348,1.0,14.423017530234695,13.734115347018573
14.438272875828003,68,97,1,0.021106122045925553,0.03316507116272188,68.54406310140062,779.3576605819603,1.4142135623730951,14.423443941321649,14.82893450635386
14.446751645581713,87,100,0,0.027342669408600962,0.0303807437873344,87.99126593368294,802.9627000588106,1.0,14.432391919286504,14.359726295210166
14.461724122545698,65,90,1,0.009000000000000001,0.01363806248965673,65.2319378559873,727.0663685139368,1.4142135623730951,14.44580036888001,15.923753665689148
14.471724122545698,104,59,1,0.020995135832152442,0.0329906731529948,104.75100136375389,478.2383580018003,1.4142135623730951,14.450951884031523,20.772238514174
14.477132389369048,47,75,0,0.021070701363117526,0.023411890403463916,47.829046558641835,601.4900893825807,1.0,14.458862594647641,18.269794721407624
14.49505205124809,86,94,1,0.009000000000000001,0.009634564587250344,86.63831030112806,758.1985559790495,1.4142135623730951,14.479753908530592,15.298142717497555
14.500544279772512,54,93,0,0.009000000000000001,0.002858775350499863,54.3274863098641,747.4755444512309,1.0,14.485089734317967,15.454545454545453
14.50505205124809,44,65,1,0.009000000000000001,0.004740044203949783,44.87250049792845,520.7503139964167,1.4142135623730951,14.485218229156203,19.83382209188661
14.510544279772512,61,101,0,0.009000000000000001,0.0063720063931965954,61.21285957425614,811.2402818171804,1.0,14.49634095621435,14.203323558162268
14.51505205124809,35,76,1,0.009000000000000001,0.003629404154888249,35.806668549313244,612.4254214340435,1.4142135623730951,14.49693865926373,18.113391984359726
14.525052051248089,27,54,1,0.02275955751857548,0.03576319435153332,27.06300959281426,438.48583469043706,1.4142135623730951,14.503497799048676,21.55425219941349
14.520544279772512,64,103,0,0.009000000000000001,0.0021325231314983915,64.09193364097034,831.0072411363112,1.0,14.506653761688446,13.890518084066471
14.530544279772512,108,97,0,0.03457081955631779,0.03841202172924199,119.15706326058441,782.4049004514977,1.0,14.515715345266157,14.82893450635386
14.550340448490951,60,73,1,0.011371520245175154,0.017868620172807697,60.745077546296564,591.399382218194,1.4142135623730951,14.531757848295447,18.58260019550342
14.56297547098559,86,66,1,0.0164669633885168,0.025875336616824084,86.60010447929162,535.9730197092244,1.4142135623730951,14.543298051630751,19.67741935483871
14.568956301501753,52,81,0,0.009000000000000001,0.002882644626818689,52.79663317458021,651.2830382317212,1.0,14.551624923202633,17.331378299120235
14.578956301501753,51,54,0,0.009000000000000001,0.007628997235043517,51.07889032097038,434.0861546927468,1.0,14.55740204930234,21.55425219941349
14.58127209697283,74,66,1,0.011252961210489496,0.01768232262303623,74.32278671219943,532.0309923468594,1.4142135623730951,14.561594677617991,19.67741935483871
14.588956301501753,36,58,0,0.009000000000000001,0.00039226319953218966,36.184481615133734,467.58314457741136,1.0,14.56802766025053,20.928641251221897
14.593775387206707,25,66,1,0.026709588923652258,0.041970069890265804,25.871843402219206,534.7559311461364,1.4142135623730951,14.574097967851868,19.67741935483871
14.598956301501753,72,77,0,0.044549370089690954,0.04949930009965661,72.18618408747601,616.248939165066,1.0,14.580999312254441,17.956989247311828
14.623452708232987,86,93,1,0.009000000000000001,0.003177984274390435,86.52145751526982,747.3204794468638,1.4142135623730951,14.607998162778442,15.454545454545453
14.633452708232987,23,91,1,0.009000000000000001,0.0037022409530628056,23.377686749457702,730.9844723969343,1.4142135623730951,14.617685357304346,15.76735092864125
14.643452708232987,74,98,1,0.01610470706997892,0.025306105729344514,74.82899521114963,789.0126215723266,1.4142135623730951,14.62878017646368,14.672531769305962
14.648455601601409,61,81,0,0.009000000000000001,0.005605488424960561,61.29572204269903,653.0709314201221,1.0,14.631124223302288,17.331378299120235
14.658455601601409,66,63,0,0.009000000000000001,0.008684203359398224,66.79918604256378,508.01909125479983,1.0,14.638308974035427,20.146627565982406
14.66134682719963,37,77,1,0.013657090990061248,0.0214600481118978,37.213816158581665,616.1731132016737,1.4142135623730951,14.643389837952318,17.956989247311828
14.668455601601408,40,90,0,0.01304775384082781,0.014497504267586456,40.961234547991836,725.1005461990767,1.0,14.65253184793572,15.923753665689148
14.676521372744142,94,66,1,0.009000000000000001,0.00047466812191955705,94.43363951194425,529.7882246375245,1.4142135623730951,14.656843953389304,19.67741935483871
14.686521372744142,52,84,1,0.009000000000000001,0.0005138477284136968,52.016704359576984,678.668584786504,1.4142135623730951,14.669659202656165,16.86217008797654
14.682953105868995,43,112,0,0.009000000000000001,0.0024735592733166963,43.47199788088936,897.4331585848836,1.0,14.67047021241836,12.482893450635387
14.692953105868995,58,93,0,0.009000000000000001,0.0008927562213663552,58.49623305114133,747.5176144292766,1.0,14.677498560414449,15.454545454545453
14.696521372744142,71,91,1,0.009000000000000001,0.0005963902752081894,71.79701090105542,733.4236956528291,1.4142135623730951,14.6807540218155,15.76735092864125
14.702953105868994,46,57,0,0.05555652404836886,0.06172947116485429,46.47242334176778,460.69246971121447,1.0,14.681868061880724,21.085043988269796
14.706521372744142,76,112,1,0.009000000000000001,0.005851865991484956,76.09778270280488,898.0788367493894,1.4142135623730951,14.694038479293507,12.482893450635387
14.74503357698662,63,70,1,0.06496730332180643,0.10208626829833922,63.00876757836406,563.3196247129555,1.4142135623730951,14.725981768579972,19.05180840664712
14.764682577033849,50,56,0,0.009000000000000001,0.005420470589116647,50.13765224881958,450.52290550532337,1.0,14.74344113030853,21.241446725317694
14.774682577033849,60,112,0,0.015905422844030473,0.017672692048922748,60.37648113109445,898.3484269264884,1.0,14.762199683583214,12.482893450635387
14.79235526908277,42,88,0,0.022704958485135658,0.02522773165015073,42.51043964701432,707.6097191155054,1.0,14.776118709942986,16.236559139784944
14.817583000732922,71,76,0,0.009000000000000001,0.0054847324963047785,71.9886476422898,613.0416919451857,1.0,14.799469608748563,18.113391984359726
14.817219469566405,68,112,1,0.013164390519457798,0.02068584401443668,68.84641989888488,898.8141487010782,1.4142135623730951,14.80473657611577,12.482893450635387
14.83184657014358,67,52,1,0.009000000000000001,0.004146117695948956,67.57740640645181,420.17541342984987,1.4142135623730951,14.809979512470072,21.867057673509287
14.827583000732922,108,105,0,0.009000000000000001,0.002101183887905177,114.92836965114412,843.3021076202333,1.0,14.814005288122951,13.577712609970675
14.837583000732922,47,75,0,0.009000000000000001,0.008961682946891732,47.8294105408174,607.0648762644635,1.0,14.819313206011515,18.269794721407624
14.84184657014358,89,85,1,0.009000000000000001,0.00794481459137074,89.15512936546524,683.0903456125354,1.4142135623730951,14.825140802792651,16.705767350928642
14.847583000732921,31,95,0,0.0237272996397222,0.026363666266358,31.89499549977949,766.807190280701,1.0,14.832441260752471,15.141739980449657
14.85184657014358,45,90,1,0.009000000000000001,0.005626468187316246,45.65835274159281,727.1710027463598,1.4142135623730951,14.835922816477892,15.923753665689148
14.86184657014358,92,52,1,0.009000000000000001,0.003959838275876324,92.03767794824266,419.4690083438328,1.4142135623730951,14.839979512470071,21.867057673509287
14.87184657014358,75,88,1,0.017323394903839058,0.027221088910393505,75.11399708156819,709.7631000181516,1.4142135623730951,14.855610011003796,16.236559139784944
14.873946666999279,59,80,0,0.01979988740329759,0.021999874892552874,59.28262862634481,640.6720758176618,1.0,14.85645888596311,17.487781036168133
14.891094786703402,83,86,1,0.009000000000000001,0.012430907791113782,83.20225110261472,693.4682532794535,1.4142135623730951,14.874545422089522,16.549364613880744
14.895946541891831,55,66,0,0.009000000000000001,0.0002906825919966945,55.81647107916605,529.9066043725171,1.0,14.876269122536993,19.67741935483871
14.905946541891831,62,63,0,0.019282383203144102,0.02142487022571567,62.61229512501889,507.60093600861876,1.0,14.88579991432585,20.146627565982406
14.901094786703402,67,111,1,0.009000000000000001,0.013046489114757285,67.93376142301045,895.3395785328829,1.4142135623730951,14.88845549051572,12.639296187683286
14.911094786703401,102,74,1,0.01349399050281587,0.021203760421795493,102.45052279822609,594.6152358458942,1.4142135623730951,14.892668589244947,18.426197458455523
14.927371412117546,33,65,0,0.009000000000000001,0.0001829224537316643,33.152845723228616,520.6007287997708,1.0,14.90753759002566,19.83382209188661
14.926088109484308,48,87,1,0.009000000000000001,0.0038985808680626166,48.18855563529594,698.4259384438797,1.4142135623730951,14.909695147607476,16.392961876832846
14.937371412117546,36,84,0,0.05028014281242885,0.05586682534714317,36.141450406987374,673.9797444868465,1.0,14.920509242029569,16.86217008797654
14.964021883853897,73,112,1,0.009000000000000001,0.0035669285728134495,73.45155357131844,897.8155547494417,1.4142135623730951,14.951538990403263,12.482893450635387
14.974021883853897,86,94,1,0.03789300933195302,0.05954311968486468,86.84298347634905,757.55008064185,1.4142135623730951,14.9587237411364,15.298142717497555
14.99323823746469,59,102,0,0.009000000000000001,0.009087414466303926,59.25746406826502,822.178541369808,1.0,14.979191316643576,14.04692082111437
15.00323823746469,31,70,0,0.009000000000000001,0.0015484847412993573,31.366561082154327,562.33796344503,1.0,14.984186429058042,19.05180840664712
15.026125227556067,88,73,1,0.009000000000000001,0.009098057681856777,88.54836102396101,586.5613092111918,1.4142135623730951,15.007542627360563,18.58260019550342
15.03329263563506,39,99,0,0.009000000000000001,0.007071388446323889,39.00431087817314,792.5082719185284,1.0,15.018776506602803,14.516129032258064
15.04329263563506,21,109,0,0.030056514970370575,0.033396127744856195,5.367035793791942,877.6673432519642,1.0,15.03034053397328,12.952101661779082
15.066269356638479,86,90,1,0.009000000000000001,0.010407994972772098,86.71071672497287,724.3194783844078,1.4142135623730951,15.05034560297279,15.923753665689148
15.076269356638479,85,59,1,0.009000000000000001,0.004829718584421504,85.86363142869945,478.103284343311,1.4142135623730951,15.055497118124304,20.772238514174
15.076688763379916,87,77,0,0.020871130011151918,0.023190144456835465,87.41583490892044,618.8015620276959,1.0,15.058731774132605,17.956989247311828
15.086269356638478,31,94,1,0.00964557719150804,0.015156562312385843,31.05599517426073,752.5695727852817,1.4142135623730951,15.07097121392098,15.298142717497555
15.096986664629043,68,91,1,0.009000000000000001,0.009109276729316688,68.96383846564135,733.8802958015765,1.4142135623730951,15.081219313700402,15.76735092864125
15.099878907836752,33,102,0,0.009000000000000001,0.004408935603734666,33.10026322751071,820.4357897129613,1.0,15.085831987015638,14.04692082111437
15.106986664629042,72,93,1,0.01733790836464131,0.027243894613841853,72.55389609605746,749.8197848110608,1.4142135623730951,15.091532119174497,15.454545454545453
15.109878907836752,57,89,0,0.009000000000000001,0.0005877617511563408,57.87977618378172,718.6007384041402,1.0,15.093798751434015,16.080156402737046
15.119878907836751,82,105,0,0.014538301682169538,0.01615366853574393,82.11239047167591,847.5588703532682,1.0,15.10630119522678,13.577712609970675
15.126251007256421,91,100,1,0.01738426724106078,0.027316740560251625,91.94081232881202,801.4054674122502,1.4142135623730951,15.111891280961212,14.359726295210166
15.136032576372495,44,82,0,0.01366797904205766,0.015186643380064067,44.62815756553958,659.204010972602,1.0,15.118857600810422,17.174975562072337
15.145566859746488,36,75,1,0.030949357310585266,0.04863222317262287,36.473731768859764,600.943599945365,1.4142135623730951,15.12729706502508,18.269794721407624
15.151219219752559,64,96,0,0.009000000000000001,0.0024407666063493223,64.04148461940592,768.7168843607428,1.0,15.136233882509156,14.985337243401759
15.161219219752558,54,55,0,0.009691578886393281,0.010768420984881424,54.504411324234084,442.3960080229016,1.0,15.139821370290193,21.397849462365592
15.17198764073744,62,54,0,0.01700892512976951,0.0188988056997439,62.16102810367887,436.0421679993367,1.0,15.150433388538026,21.55425219941349
15.179955034536027,108,85,1,0.009000000000000001,0.0025030618269095673,133.48672716974926,686.3036164410112,1.4142135623730951,15.163249267185098,16.705767350928642
15.190886446437183,40,68,0,0.009000000000000001,0.0011088439030351811,40.740174402920466,548.2677906438277,1.0,15.17152183255644,19.364613880742915
15.189955034536027,63,87,1,0.009000000000000001,0.004865450695389127,63.62665049483538,696.4200902540551,1.4142135623730951,15.173562072659195,16.392961876832846
15.199955034536027,78,53,1,0.009000000000000001,0.0065758224624851095,78.36663452075425,425.9946759888537,1.4142135623730951,15.178244379599565,21.71065493646139
15.200886446437183,91,98,0,0.009000000000000001,0.006454896760003201,91.17147179632926,787.3267655905909,1.0,15.186213914667876,14.672531769305962
15.210886446437183,49,56,0,0.014618461737984792,0.016242735264427547,49.16616821758466,449.1978248566987,1.0,15.189644999711865,21.241446725317694
15.219955034536026,56,105,1,0.02031762941299255,0.031926074523471744,56.42387521526723,841.457408259361,1.4142135623730951,15.206377321926055,13.577712609970675
15.243324687852112,74,73,0,0.009000000000000001,0.004619219243303854,74.57114641880685,590.969819826448,1.0,15.224742087656608,18.58260019550342
15.24253017832824,70,105,1,0.010271490170198756,0.016140089671641124,70.29097535852938,843.0467176566041,1.4142135623730951,15.228952465718269,13.577712609970675
15.253942945184017,51,96,1,0.009000000000000001,0.0032845388551081636,51.813410338830785,768.7130428853386,1.4142135623730951,15.238957607940614,14.985337243401759
15.263942945184017,66,79,1,0.009000000000000001,0.005064003616156015,66.92769433937961,632.5047587632138,1.4142135623730951,15.2462987614108,17.64418377321603
15.263324687852112,75,83,0,0.012886365984472988,0.014318184427192208,75.40049849171159,665.1510666245791,1.0,15.246306115027087,17.01857282502444
15.273942945184016,61,53,1,0.01794499617183129,0.02819784106993009,61.79463043012725,431.19703429913864,1.4142135623730951,15.252232290247555,21.71065493646139
15.277642872279305,89,110,0,0.009000000000000001,0.0006428488096366355,89.39105009343197,884.244388797192,1.0,15.264847173354573,12.795698924731184
15.287642872279305,94,96,0,0.02164089755939886,0.024045441732665398,94.9348485619468,774.036589714766,1.0,15.272657535035902,14.985337243401759
15.293881829819384,68,108,1,0.009000000000000001,0.00612581925856551,68.23360821422244,868.9826157169471,1.4142135623730951,15.280773325420556,13.10850439882698
15.303881829819383,67,74,1,0.009000000000000001,0.0013341647953098133,67.40280259995636,592.7987962566667,1.4142135623730951,15.285455632360929,18.426197458455523
15.31168831401197,103,91,0,0.022546208706892338,0.025051343007658152,103.18251780045598,728.2393036657513,1.0,15.29592096308333,15.76735092864125
15.313881829819383,44,79,1,0.009000000000000001,0.0011052614453526154,44.169545555538406,634.5536055237893,1.4142135623730951,15.296237646046167,17.64418377321603
15.323881829819383,43,56,1,0.009000000000000001,0.004691145725993735,43.083157108428225,450.4890534088805,1.4142135623730951,15.302640383094065,21.241446725317694
15.336739657019628,73,64,0,0.009000000000000001,0.0020561349297057744,73.36370017859996,512.3078059219259,1.0,15.316749432190694,19.990224828934508
15.333881829819383,21,99,1,0.009000000000000001,0.0027496703009094255,19.14688161407973,799.1465986045934,1.4142135623730951,15.319365700787126,14.516129032258064
15.343881829819383,48,68,1,0.009000000000000001,0.005923529580754024,48.89242352785173,549.6916868526741,1.4142135623730951,15.32451721593864,19.364613880742915
15.346739657019628,54,77,0,0.009000000000000001,0.006982216641190195,54.951116194534904,616.0384414720979,1.0,15.328782667772316,17.956989247311828
15.353881829819382,50,72,1,0.009000000000000001,0.003969369104822649,50.84342065940226,577.6598742369438,1.4142135623730951,15.33514282688683,18.73900293255132
15.363881829819382,46,53,1,0.010699474376290185,0.01681260197023666,46.076552363933374,431.28242110972576,1.4142135623730951,15.342171174882921,21.71065493646139
15.366739657019627,63,62,0,0.009000000000000001,0.001943114070074285,63.54478380544265,498.73524492996864,1.0,15.346436626716597,20.303030303030305
15.376739657019627,27,100,0,0.02942599159485745,0.032695546216508276,27.826723679908127,807.9734694843087,1.0,15.362379930724417,14.359726295210166
15.385770134681927,67,59,1,0.019091474354262405,0.029999357730551134,67.96956597994576,477.4626555717213,1.4142135623730951,15.364997896167752,20.772238514174
15.40698288396444,21,85,1,0.009000000000000001,0.0012954129575855943,13.965609587908979,681.7041822419271,1.4142135623730951,15.390277116613511,16.705767350928642
15.409435203236136,81,102,0,0.026675280979195887,0.02963920108799543,81.9120052865832,823.257169345139,1.0,15.395388282415022,14.04692082111437
15.41698288396444,56,58,1,0.015546956252097337,0.02442968487259693,56.39749868194789,468.5742440763716,1.4142135623730951,15.396054242713218,20.928641251221897
15.434257279800104,32,88,1,0.009000000000000001,0.013037496623045442,32.023881833072046,711.9992427644912,1.4142135623730951,15.41802072066032,16.236559139784944
15.439074404324131,80,78,0,0.033917393834202135,0.03768599314911348,80.10150488060094,630.26974863707,1.0,15.421273817813868,17.80058651026393
15.444257279800103,60,80,1,0.009000000000000001,0.0047956514185686664,60.43299956721838,643.9171592720063,1.4142135623730951,15.426769498763935,17.487781036168133
15.464257279800103,50,76,1,0.009000000000000001,0.0008799965661842546,50.54875515735584,609.303637459165,1.4142135623730951,15.446143887815744,18.113391984359726
15.474257279800103,73,91,1,0.009000000000000001,0.009199283699842553,73.00421014407162,733.6061685970906,1.4142135623730951,15.458489928871462,15.76735092864125
15.476760397473244,40,95,0,0.024909539675491598,0.027677266306101775,40.47251145456781,764.2453385808067,1.0,15.461618657492794,15.141739980449657
15.484257279800103,99,103,1,0.014326592447495708,0.02251206815760043,99.38782893819777,831.1014868290944,1.4142135623730951,15.470366761716036,13.890518084066471
15.500175715852876,89,111,1,0.009000000000000001,0.005650442640984961,89.37247676576948,894.7255654825283,1.4142135623730951,15.487536419665194,12.639296187683286
15.504437663779346,35,84,0,0.0202244681771855,0.02247163130798389,35.068756127938656,672.5134594484691,1.0,15.487575493691368,16.86217008797654
15.510175715852876,63,73,1,0.02102889337123346,0.03304371800810671,63.28372391211104,585.7336313121884,1.4142135623730951,15.491593115657372,18.58260019550342
15.526909295087329,72,108,0,0.05640200903272876,0.06266889892525418,72.06960971793926,868.6940332485594,1.0,15.513800790688501,13.10850439882698
15.533541152932024,100,80,1,0.009000000000000001,0.003256798149727695,100.86471572035047,646.2845353766488,1.4142135623730951,15.516053371895856,17.487781036168133
15.543541152932024,58,102,1,0.009000000000000001,0.009900934470112359,58.20613996439601,819.1152105409003,1.4142135623730951,15.52949423211091,14.04692082111437
15.553541152932024,53,70,1,0.009000000000000001,0.0067272437468474215,53.44506354223412,564.1165528391697,1.4142135623730951,15.534489344525376,19.05180840664712
15.563541152932023,85,97,1,0.009000000000000001,0.009076767386275693,85.30635971935824,781.2234793374342,1.4142135623730951,15.548712218425669,14.82893450635386
15.573541152932023,66,86,1,0.009000000000000001,0.0020201583530971958,66.28680838419152,689.6572333309689,1.4142135623730951,15.556991788318143,16.549364613880744
15.583541152932023,29,90,1,0.009000000000000001,0.010089127129717981,29.877414017840746,722.3726242884093,1.4142135623730951,15.567617399266334,15.923753665689148
15.589578194012583,57,95,0,0.009000000000000001,0.0006620016917637911,57.73507799915085,762.9899549926478,1.0,15.574436454032133,15.141739980449657
15.593541152932023,21,91,1,0.009000000000000001,0.003917096370277769,9.679783234324901,730.8336298145946,1.4142135623730951,15.577773802003382,15.76735092864125
15.603541152932022,80,85,1,0.009000000000000001,0.0022836994143156856,80.73100378967189,685.4387084197381,1.4142135623730951,15.586835385581093,16.705767350928642
15.613541152932022,38,61,1,0.009000000000000001,0.0030734841775604854,38.19239290220548,491.4188899344085,1.4142135623730951,15.593081719891945,20.459433040078203
15.623541152932022,42,67,1,0.016677143246894774,0.026205602401552737,42.83884360880099,542.8537838304452,1.4142135623730951,15.604020136314231,19.521016617790814
15.625116740723021,71,83,0,0.009516441786833642,0.010573824207592935,71.86664193800684,671.1186027459241,1.0,15.608098167897996,17.01857282502444
15.635690564930615,77,81,0,0.012048027811695436,0.013386697568550484,77.36672686026671,654.1802734581399,1.0,15.618359186631494,17.331378299120235
15.642071312095238,61,58,1,0.025000753314597043,0.03928489378560806,61.6198483499346,471.5005613328632,1.4142135623730951,15.621142670844016,20.928641251221897
15.649077262499166,103,104,0,0.009000000000000001,0.005297682750024308,103.47300068795955,836.6614579304039,1.0,15.635343147152147,13.734115347018573
15.659077262499165,74,97,0,0.013653929090810535,0.015171032323122816,74.96517256563929,780.560768521579,1.0,15.64424832799281,14.82893450635386
15.674248294822288,53,65,0,0.009000000000000001,0.002616580057336857,53.98876706419415,523.3394322608115,1.0,15.654414472730402,19.83382209188661
15.669849926889235,70,99,1,0.009000000000000001,0.007039216196322472,70.68207531248164,798.866131674107,1.4142135623730951,15.655333797856978,14.516129032258064
15.679849926889235,62,102,1,0.009000000000000001,0.006868534685230025,62.78815401783719,822.5604257480175,1.4142135623730951,15.66580300606812,14.04692082111437
15.689849926889234,39,60,1,0.015171121505183417,0.02383911754337835,39.72243711814863,487.5615700651766,1.4142135623730951,15.669234091112108,20.6158357771261
15.684248294822288,59,111,0,0.017500234755752356,0.019444705284169285,59.52903634054861,895.9049756746817,1.0,15.671608998634605,12.639296187683286
15.703693000106457,90,62,0,0.009000000000000001,0.0015667156456663914,90.91157937124652,502.0178173144494,1.0,15.683389969803427,20.303030303030305
15.706706728561661,43,104,1,0.010663537744703723,0.016756133001597125,43.62261613713852,837.0358866525926,1.4142135623730951,15.692972613214643,13.734115347018573
15.713693000106456,49,95,0,0.010933270816692812,0.012148078685214236,49.85251293394696,766.5356480148374,1.0,15.698551260126006,15.141739980449657
15.725841078791671,47,98,0,0.012920510301724336,0.014356122557471485,47.64860281876447,791.8958922426987,1.0,15.711168547022364,14.672531769305962
15.728555103833553,67,89,1,0.009000000000000001,9.804064711055536e-06,67.10843531354433,713.664467545339,1.4142135623730951,15.712474947430817,16.080156402737046
15.738555103833553,69,59,1,0.013243638202626803,0.02081036973479696,69.0052069717719,476.0242837122459,1.4142135623730951,15.717782865319379,20.772238514174
15.740197201349142,33,50,0,0.010907248525148381,0.012119165027942646,33.354638723769604,402.61480677145636,1.0,15.718017338201538,22.179863147605083
15.752316366377086,25,59,0,0.01932191640217292,0.021468796002414355,25.20344242845826,474.44402516622233,1.0,15.731544127862911,20.772238514174
15.753270257392028,42,80,1,0.009000000000000001,0.009196297407376432,42.85087179669911,643.0652426074621,1.4142135623730951,15.73578247635586,17.487781036168133
15.763270257392028,53,52,1,0.02419912677021933,0.038025259195588905,53.71907837572255,420.0295595253472,1.4142135623730951,15.741403199718519,21.867057673509287
15.7837851623795,40,95,0,0.07571807411457226,0.08413119346063584,40.38754880138411,761.0354691013686,1.0,15.76864342239905,15.141739980449657
15.790158176025605,44,106,1,0.009000000000000001,0.005168250801057884,44.25129708267737,854.2172759396876,1.4142135623730951,15.776736866152682,13.421309872922777
15.810158176025604,58,76,1,0.013646092850940207,0.021442766203557975,58.92616366169764,614.9926070605298,1.4142135623730951,15.792044784041245,18.113391984359726
15.825320501415538,30,112,1,0.009000000000000001,0.013628956950613598,30.86539905222281,899.7788516252193,1.4142135623730951,15.812837607964903,12.482893450635387
15.835320501415538,88,60,1,0.014006595109753762,0.0220092408520916,88.11989548273321,485.3541816562401,1.4142135623730951,15.814704665638411,20.6158357771261
15.85088338487082,51,62,1,0.009000000000000001,0.0004640602334810582,51.231937127700704,502.2241862321365,1.4142135623730951,15.83058035456779,20.303030303030305
15.860883384870819,108,106,1,0.009000000000000001,0.006242088124984625,117.8411675857712,855.3028586072109,1.4142135623730951,15.847462074997896,13.421309872922777
15.867916355840135,21,87,0,0.02933922167275069,0.03259913519194521,9.741104936069348,696.522167093392,1.0,15.851523393963303,16.392961876832846
15.870883384870819,65,81,1,0.009000000000000001,0.010695779888396066,65.31579895868147,650.6378223128647,1.4142135623730951,15.853552006571698,17.331378299120235
15.880883384870819,61,77,1,0.009000000000000001,0.0007732369038535295,61.3520708834909,619.0893066241722,1.4142135623730951,15.862926395623507,17.956989247311828
15.890883384870818,47,60,1,0.017444940964444204,0.0274120801185722,47.7085024236448,480.33979235592255,1.4142135623730951,15.870267549093692,20.6158357771261
15.900515491032081,100,50,0,0.009000000000000001,0.007452008991838972,100.34621555833169,401.60913180213936,1.0,15.878335627884477,22.179863147605083
15.91026665260909,22,53,1,0.009000000000000001,0.0003793311586698058,22.724830719148088,424.80718666941874,1.4142135623730951,15.88855599767263,21.71065493646139
15.910515491032081,41,72,0,0.0130478029050499,0.014497558783388778,41.97826680527726,577.7465052206787,1.0,15.891776488099529,18.73900293255132
15.92026665260909,52,56,1,0.012309725232923098,0.019342867081651283,52.764063275499026,455.79649997862373,1.4142135623730951,15.899025205883772,21.241446725317694
15.925013049815469,64,80,0,0.02134130608949574,0.023712562321661936,64.34679624506546,640.4864449430619,1.0,15.9075252687793,17.487781036168133
15.933944125090116,40,73,1,0.009000000000000001,0.014059632338498993,40.44972496390947,589.8757614596587,1.4142135623730951,15.915361524894612,18.58260019550342
15.943944125090116,46,74,1,0.015432857338986375,0.024250395727737427,46.88978308497502,596.0467884522864,1.4142135623730951,15.925517927631661,18.426197458455523
15.948725612137132,39,54,0,0.013879781952407704,0.01542197994711967,39.941708759498184,432.42679724148417,1.0,15.927171359937718,21.55425219941349
15.961091744355656,67,64,1,0.013262918372467904,0.020840665598879343,67.80033927015701,518.4666624533243,1.4142135623730951,15.941101519526722,19.990224828934508
15.96414759208425,104,87,0,0.011710736555689947,0.013011929506322163,104.67157433367348,701.7438332982274,1.0,15.947754630207418,16.392961876832846
15.975828320325064,49,85,1,0.010799522393181524,0.016969812261765842,49.29017581872597,682.8907774204981,1.4142135623730951,15.959122552974135,16.705767350928642
15.977159521590572,105,100,0,0.01523417028062068,0.01692685586735631,105.27875150614585,802.4944998403848,1.0,15.962799795295362,14.359726295210166
15.987827789650822,44,51,1,0.02526921224013594,0.03970673628942719,44.64019639734122,409.57774277562646,1.4142135623730951,15.965804329240266,22.023460410557185
15.994086377457927,59,54,0,0.009000000000000001,0.00471697779189374,59.83097282580635,438.5291395671656,1.0,15.972532125258514,21.55425219941349
16.004086377457927,91,70,0,0.009000000000000001,0.0009050253911258641,91.49780692182317,567.1191593480304,1.0,15.98503456905128,19.05180840664712
16.01408637745793,82,82,0,0.02074461555685961,0.023049572840955122,82.7478192680932,658.6345282208047,1.0,15.996911401895856,17.174975562072337
16.015904692139863,56,82,1,0.016740206522014002,0.02630469677817638,56.01068436695638,662.367818830716,1.4142135623730951,15.99872971657779,17.174975562072337
16.034504921608768,43,51,1,0.014249610122557575,0.022391102104277624,43.13452761809667,415.0519361056595,1.4142135623730951,16.01248146119821,22.023460410557185
16.037135950298882,76,59,0,0.009000000000000001,0.008702608678468548,76.36882680105424,473.726263353142,1.0,16.01636371178471,20.772238514174
16.047135950298884,39,63,0,0.009000000000000001,0.005966757229985479,39.76174549695018,510.3059763556056,1.0,16.026989322732902,20.146627565982406
16.050337821744943,31,91,1,0.031090155025916787,0.04885346543770396,31.087361212125295,733.9339533504067,1.4142135623730951,16.034570470816302,15.76735092864125
16.070813907005768,64,76,0,0.08647388388856092,0.09608209320951214,64.55634806909914,610.624026647036,1.0,16.052700515021407,18.113391984359726
16.084882438440406,76,92,1,0.02583254319214632,0.04059192548102455,76.68049668211737,739.2499841463189,1.4142135623730951,16.069271490248813,15.610948191593351
16.11358526420946,24,103,1,0.009000000000000001,0.005730983631972472,24.90660624744379,824.054617507815,1.4142135623730951,16.09969474612539,13.890518084066471
16.12358526420946,67,67,1,0.028069979390763042,0.04410771727772263,67.95219952270418,538.732339862477,1.4142135623730951,16.10406424759167,19.521016617790814
16.154774130199197,72,110,1,0.009000000000000001,0.004961266388530257,72.80162042970149,881.6801602230189,1.4142135623730951,16.141978431274467,12.795698924731184
16.1647741301992,83,88,1,0.009000000000000001,0.00015506620176117676,83.79020779661013,711.3447704748987,1.4142135623730951,16.148537571059414,16.236559139784944
16.16689600021528,73,99,0,0.013649698743028035,0.015166331936697816,73.84219358863373,792.8258090401159,1.0,16.152379871183022,14.516129032258064
16.1747741301992,84,69,1,0.04406515885660988,0.06924171698126956,84.92106371436357,555.9397178818626,1.4142135623730951,16.155565919055505,19.208211143695017
16.18206233215198,87,73,0,0.009000000000000001,0.0018891669672905103,87.53782392459854,591.9164759665221,1.0,16.163479731956475,18.58260019550342
16.19206233215198,52,86,0,0.011452504898835607,0.012725005443150675,52.69862685187647,693.8846804310991,1.0,16.1755129675381,16.549364613880744
16.204787337595132,26,51,0,0.009000000000000001,0.0030588710692552637,26.14021204589099,413.0983542660324,1.0,16.182763877184573,22.023460410557185
16.214787337595133,31,101,0,0.009000000000000001,0.00036733786905795475,31.812707357598796,815.8485218378867,1.0,16.20058401403697,14.203323558162268
16.223735417817654,57,66,1,0.009000000000000001,0.006232092213810511,57.39376870290134,530.5242631174241,1.4142135623730951,16.204057998462815,19.67741935483871
16.224787337595135,21,108,0,0.009000000000000001,0.0047838930964505255,14.496843808625059,870.3396225576703,1.0,16.21167883319631,13.10850439882698
16.234787337595137,64,76,0,0.009000000000000001,0.004502328273008915,64.08716069189747,614.8284063694675,1.0,16.216673945610776,18.113391984359726
16.233735417817655,40,102,1,0.009000000000000001,0.006309900323590973,40.81563711897585,817.2858951278138,1.4142135623730951,16.21968849699654,14.04692082111437
16.244787337595138,51,100,0,0.027829526847060502,0.030921696496733892,51.148074489779034,801.3216548978552,1.0,16.230427611299927,14.359726295210166
16.243735417817657,48,108,1,0.026163993730337745,0.04111274975476474,48.7575876412712,864.3152810576971,1.4142135623730951,16.23062691341883,13.10850439882698
16.272806521962476,32,55,1,0.009000000000000001,0.00095701726695257,32.28732617681122,446.18026405568924,1.4142135623730951,16.251408672500112,21.397849462365592
16.27570903409187,69,80,0,0.009000000000000001,0.009192512197236824,69.64251078140578,641.4844360426775,1.0,16.258221253055705,17.487781036168133
16.285709034091873,64,81,0,0.009000000000000001,0.0021490508534685398,64.93647299905642,648.2305761776499,1.0,16.268377655792754,17.331378299120235
16.282806521962478,33,110,1,0.009000000000000001,0.002665222881840972,33.71037832777832,884.0381907253668,1.4142135623730951,16.270010823037747,12.795698924731184
16.29280652196248,67,81,1,0.009000000000000001,0.008878217776291329,67.1614043175913,650.7589801750833,1.4142135623730951,16.27547514366336,17.331378299120235
16.295709034091875,50,95,0,0.009000000000000001,0.008613157562116969,50.917102755684965,764.7541143261983,1.0,16.280567294111425,15.141739980449657
16.305709034091876,68,58,0,0.0195797884360597,0.021755320484510777,68.51468357208479,467.67704113884275,1.0,16.284780392840656,20.928641251221897
16.30280652196248,108,96,1,0.009000000000000001,0.004248551826855703,109.81530101198011,775.5885684770215,1.4142135623730951,16.28782118471908,14.985337243401759
16.312806521962482,51,86,1,0.013382337442933021,0.021028314564499072,51.06546037714562,688.9455563470442,1.4142135623730951,16.296257157348602,16.549364613880744
16.327675785787964,73,53,1,0.02240586918680601,0.0352074267563761,73.58606358586114,427.8027608402303,1.4142135623730951,16.3059651308515,21.71065493646139
16.3483415028938,36,65,0,0.04235804261046438,0.04706449178940486,36.56699348919908,523.489399536,1.0,16.328507680801913,19.83382209188661
16.352571195995527,76,63,1,0.009000000000000001,0.00010352586632242151,76.77632688031213,506.22363859773645,1.4142135623730951,16.332424568429545,20.146627565982406
16.36257119599553,21,105,1,0.010397699639713003,0.01633840871995997,19.022772418944314,842.2934441148068,1.4142135623730951,16.34899348338556,13.577712609970675
16.374124195595208,22,106,1,0.02156590291090063,0.033887547090463425,22.71399495804463,854.5876320267928,1.4142135623730951,16.360702885722286,13.421309872922777
16.395405994683205,38,65,0,0.03195682840192017,0.035507587113244636,38.58105985543432,524.7730999247531,1.0,16.37557217259132,19.83382209188661
16.398086309940652,33,61,1,0.009000000000000001,0.005650499040313241,33.494129339721965,495.3049165372249,1.4142135623730951,16.377626876900575,20.459433040078203
16.408086309940654,82,71,1,0.009000000000000001,0.0030617444222839673,82.1752910060257,571.053810431797,1.4142135623730951,16.389190904271054,18.89540566959922
16.418086309940655,65,67,1,0.009000000000000001,0.008430668544809831,65.50353908243153,543.9726713379962,1.4142135623730951,16.398565293322864,19.521016617790814
16.428086309940657,101,68,1,0.009000000000000001,0.010183327344637902,101.10402510812565,549.9710348885113,1.4142135623730951,16.408721696059914,19.364613880742915
16.43091358179645,52,98,0,0.009000000000000001,0.004760777634812922,52.70805964833082,788.3552784775907,1.0,16.416241050027143,14.672531769305962
16.43808630994066,30,57,1,0.009000000000000001,0.01359814921650774,30.98317447225955,458.29153727784836,1.4142135623730951,16.41700126595239,21.085043988269796
16.44091358179645,97,80,0,0.009000000000000001,0.0010140065814288773,97.63451507323704,643.7855968366921,1.0,16.423425800760285,17.487781036168133
16.450913581796453,62,75,0,0.009000000000000001,0.0005128728740692475,62.43946290454824,605.5478013003533,1.0,16.432643787075044,18.269794721407624
16.44808630994066,54,106,1,0.009000000000000001,0.011867873933091064,54.2798838644743,851.2065166430517,1.4142135623730951,16.43466500006774,13.421309872922777
16.45808630994066,80,108,1,0.009000000000000001,0.00632294984879363,80.45229323539245,865.7774571547404,1.4142135623730951,16.444977805541836,13.10850439882698
16.460913581796454,32,106,0,0.009000000000000001,0.006400560833918048,32.85536660419337,849.9166728436362,1.0,16.447492271923533,13.421309872922777
16.468086309940663,90,85,1,0.016421534148022138,0.025803951452339796,90.03495412354235,683.3026294527315,1.4142135623730951,16.451380542589735,16.705767350928642
16.470913581796456,65,85,0,0.009000000000000001,0.0003309757403250229,65.92985706735128,680.084091730921,1.0,16.454207814445528,16.705767350928642
16.507682729353206,64,78,1,0.015410523917104398,0.02421530214093777,64.25325084172044,631.9908490834437,1.4142135623730951,16.48988214284294,17.80058651026393
16.522340678590243,81,111,0,0.009000000000000001,0.00813973278445944,81.23056295670463,890.6485452486233,1.0,16.50970138240256,12.639296187683286
16.524805533705546,38,111,1,0.009000000000000001,0.0018955126423396045,38.110701548306245,890.2841135303618,1.4142135623730951,16.512166237517864,12.639296187683286
16.532340678590245,37,90,0,0.009000000000000001,0.004446404213754771,37.939676670702795,727.0873007370373,1.0,16.516416924924556,15.923753665689148
16.534805533705548,63,96,1,0.009000000000000001,0.003625263475742986,63.57384182031293,769.4333385665163,1.4142135623730951,16.519820196462145,14.985337243401759
16.54480553370555,43,91,1,0.009000000000000001,0.0004947210313282956,43.69341784963889,729.3588193635111,1.4142135623730951,16.529038182776908,15.76735092864125
16.542340678590246,28,110,0,0.009000000000000001,0.0033115262270141943,28.00422454431228,886.0026648157685,1.0,16.529544979665516,12.795698924731184
16.552340678590248,108,71,0,0.0126608322785094,0.014067591420566,117.95498396780715,574.7531860434094,1.0,16.53344527292065,18.89540566959922
16.55480553370555,21,108,1,0.009000000000000001,0.011398662662824745,18.136062737321822,869.157864325658,1.4142135623730951,16.541697029306725,13.10850439882698
16.566408270010815,49,65,0,0.009000000000000001,0.0018171966536343024,49.7578291948235,525.483330670149,1.0,16.54657444791893,19.83382209188661
16.564805533705552,73,111,1,0.01630278884243211,0.02561736120608029,73.97386746153026,891.7836032568315,1.4142135623730951,16.55216623751787,12.639296187683286
16.576408270010816,46,85,0,0.025666679172551988,0.028518532413946654,46.9959602959526,680.6113941412625,1.0,16.55970250265989,16.705767350928642
16.58291974353048,58,71,1,0.009000000000000001,0.0045099056918157625,58.416609098620555,573.7593976568774,1.4142135623730951,16.56402433786088,18.89540566959922
16.59291974353048,70,53,1,0.009000000000000001,0.0007749192782025734,70.81573332803171,426.3826289298013,1.4142135623730951,16.571209088594017,21.71065493646139
16.60291974353048,23,88,1,0.01124217939173928,0.017665380629365558,23.507008383122432,706.9851531626164,1.4142135623730951,16.586683184390697,16.236559139784944
16.604926802424764,52,94,0,0.010004291704603487,0.011115879671781652,52.90701023648282,753.9175486148843,1.0,16.589628659707266,15.298142717497555
16.616042682096545,63,55,0,0.010587379058334682,0.011763754509260758,63.65557232583898,440.8626728733891,1.0,16.59464483263418,21.397849462365592
16.615411053965747,54,86,1,0.009000000000000001,0.00437250264714922,54.386039264533125,688.8158771722112,1.4142135623730951,16.598861689351867,16.549364613880744
16.627806436605805,29,109,0,0.009000000000000001,0.009195661809100536,29.6078278649831,872.8490735001412,1.0,16.614854334944027,12.952101661779082
16.637806436605807,58,91,0,0.025608903411168248,0.028454337123520274,58.60838526162638,734.5111686645541,1.0,16.622039085677166,15.76735092864125
16.645411053965752,34,55,1,0.015640325356386153,0.024576400265476788,34.12650840087086,442.3441709376534,1.4142135623730951,16.624013204503388,21.397849462365592
16.662789193250624,44,80,1,0.009000000000000001,0.00942987393466264,44.719917719862906,641.0660494599209,1.4142135623730951,16.645301412214458,17.487781036168133
16.666260773729327,102,84,0,0.009000000000000001,0.009306693595033284,102.47669809624719,672.7159347034527,1.0,16.64939860364135,16.86217008797654
16.672789193250626,46,100,1,0.01754808567623799,0.027574156396689795,46.666335649249724,804.2028694468454,1.4142135623730951,16.658429466955415,14.359726295210166
16.67626077372933,35,82,0,0.009000000000000001,0.0009644479504068983,35.175052129833645,656.2513243851658,1.0,16.659085798167258,17.174975562072337
16.692287066224225,28,74,1,0.016563497209526018,0.026027024882267345,28.767755355946097,592.3055379893841,1.4142135623730951,16.673860868765768,18.426197458455523
16.710690952012587,69,57,1,0.009000000000000001,0.009218479119546277,69.85829254982121,459.32188287079015,1.4142135623730951,16.68960590802432,21.085043988269796
16.71089047055485,58,66,0,0.009000000000000001,0.00337274600528811,58.58683656233461,529.3104174440193,1.0,16.691213051200013,19.67741935483871
16.720890470554853,87,82,0,0.009000000000000001,0.0026995791512610242,87.8864115229463,659.6929297519687,1.0,16.70371549499278,17.174975562072337
16.72069095201259,55,92,1,0.025910655143575337,0.040714666571129376,55.516718609735946,741.9332259176716,1.4142135623730951,16.705080003820996,15.610948191593351
16.730890470554854,41,104,0,0.009000000000000001,0.0034389575218063263,41.55924126446227,838.9150390760204,1.0,16.717156355207834,13.734115347018573
16.740890470554856,51,78,0,0.02857659818957776,0.03175177576619751,51.3486382990897,625.6196720904941,1.0,16.72308988404459,17.80058651026393
16.749480568838784,59,75,1,0.009000000000000001,0.0113755979554997,59.356035750982564,603.8740525013661,1.4142135623730951,16.731210774117375,18.269794721407624
16.759480568838786,47,91,1,0.009000000000000001,0.002637081111799061,47.667873195773474,728.2048017503284,1.4142135623730951,16.743713217910145,15.76735092864125
16.769480568838787,101,54,1,0.03384682287976314,0.05318515106644557,101.36316816161047,434.2252262830084,1.4142135623730951,16.747926316639372,21.55425219941349
16.772642246321052,72,98,0,0.056686712286554336,0.06298523587394926,72.27397202231889,786.0062381549951,1.0,16.757969714551745,14.672531769305962
16.807088149816302,71,57,1,0.009000000000000001,0.008110692341145226,71.97805357118263,458.1792425822479,1.4142135623730951,16.786003105828033,21.085043988269796
16.817088149816303,64,54,1,0.009057219583348012,0.014232047524624394,64.31594590890975,438.40152415721076,1.4142135623730951,16.795533897616888,21.55425219941349
16.837151727131136,69,88,1,0.009000000000000001,0.007742793395683012,69.67920936588676,705.9155100516107,1.4142135623730951,16.820915167991352,16.236559139784944
16.835627482195,58,106,0,0.009000000000000001,0.00041314917955322285,58.53495778872011,854.6101029307802,1.0,16.82220617232208,13.421309872922777
16.847151727131138,70,65,1,0.009000000000000001,0.007013090703229172,70.26281475803478,527.6681868816221,1.4142135623730951,16.82731790503925,19.83382209188661
16.845627482195003,42,81,0,0.010445092911052927,0.011605658790058808,42.33939721625196,648.9062540171451,1.0,16.828296103895884,17.331378299120235
16.857233140985063,84,73,0,0.009000000000000001,0.0016719146177490663,84.92133013763068,590.2100037537812,1.0,16.83865054078956,18.58260019550342
16.85715172713114,34,92,1,0.009000000000000001,0.001678633950530415,34.337115469948195,737.9114625520368,1.4142135623730951,16.841540778939546,15.610948191593351
16.86715172713114,21,54,1,0.010246727955318809,0.01610117960484377,17.113302447843644,435.05406982062846,1.4142135623730951,16.845597474931726,21.55425219941349
16.867233140985064,72,110,0,0.020174101897568016,0.022415668775075573,72.13017823720078,882.2383269504057,1.0,16.854437442060334,12.795698924731184
16.87853698041483,50,101,1,0.009000000000000001,0.007544333000740607,50.9509399407778,813.651074868623,1.4142135623730951,16.864333656856665,14.203323558162268
16.88853698041483,51,76,1,0.009000000000000001,0.0006422850694652184,51.60924023914681,609.5914379510607,1.4142135623730951,16.87042358843047,18.113391984359726
16.898536980414832,63,64,1,0.009000000000000001,0.0027625147003442676,63.67444783042381,515.690318188424,1.4142135623730951,16.878546755585898,19.990224828934508
16.89964880976014,64,89,0,0.011634122352685206,0.012926802614094672,64.81564329493649,717.2912087751519,1.0,16.883568653357404,16.080156402737046
16.908536980414834,84,95,1,0.009000000000000001,0.010470203649207123,84.43577394357004,765.7431798515579,1.4142135623730951,16.893395240434383,15.141739980449657
16.912575612374237,78,83,0,0.021587346712589394,0.023985940791765994,78.36936514009041,666.51443362307,1.0,16.895557039549214,17.01857282502444
16.918536980414835,68,108,1,0.030288311741716006,0.047593490273910036,68.48514871676824,867.1520570837451,1.4142135623730951,16.90542847601601,13.10850439882698
16.936561553166005,55,93,0,0.009000000000000001,0.0025788241738397754,55.39628500304066,747.9495590844012,1.0,16.92110700771146,15.454545454545453
16.946561553166006,80,106,0,0.02128004791997339,0.02364449768885932,80.01137613982475,853.0716273828832,1.0,16.933140243293085,13.421309872922777
16.952190660127854,53,89,1,0.023692621568700674,0.03722936305625534,53.85766651992592,717.7071784309549,1.4142135623730951,16.936110503725118,16.080156402737046
16.970206050854866,49,111,0,0.009000000000000001,0.004863209393556966,49.73386351087795,891.760736357611,1.0,16.957566754667184,12.639296187683286
16.97851579520419,95,83,1,0.009486448117138993,0.014906515095562971,95.1469034944152,665.6470091754659,1.4142135623730951,16.961497222379165,17.01857282502444
16.980206050854868,46,105,0,0.009000000000000001,0.0022747588557075825,46.88382253178989,846.9948550039352,1.0,16.9666283382449,13.577712609970675
16.99020605085487,47,59,0,0.014339192245218495,0.01593243582802055,47.622790321607944,476.05214161113645,1.0,16.969433812340696,20.772238514174
17.001057240112836,52,102,1,0.012551874494678013,0.01972336793730954,52.83367829736896,816.4648577871139,1.4142135623730951,16.98701031929172,14.04692082111437
17.00613848668289,42,105,0,0.009000000000000001,0.008705942923348078,42.34070603897208,841.2081842036694,1.0,16.99256077407292,13.577712609970675
17.01613848668289,64,81,0,0.02197286844012371,0.02441429826680412,64.88813003743437,652.6033867883191,1.0,16.998807108383772,17.331378299120235
17.015003767329144,66,102,1,0.009000000000000001,0.011657604475376929,66.57665646413005,822.3329545451122,1.4142135623730951,17.00095684650803,14.04692082111437
17.025003767329146,77,65,1,0.009000000000000001,0.008466078376465253,77.57362817118369,525.5846337742007,1.4142135623730951,17.00516994523726,19.83382209188661
17.035003767329147,54,80,1,0.017748399290909152,0.027888918875129717,54.878586753428436,642.0102862547021,1.4142135623730951,17.01751598629298,17.487781036168133
17.054724210985714,76,70,1,0.009000000000000001,0.010826145873267079,76.15063690788094,562.6055981381056,1.4142135623730951,17.035672402579067,19.05180840664712
17.064724210985716,21,66,1,0.009000000000000001,0.0006009188568409011,17.64969817735087,535.999302672178,1.4142135623730951,17.045046791630877,19.67741935483871
17.074724210985718,96,71,1,0.009000000000000001,9.599214668743096e-05,96.18320541392842,572.9030492052125,1.4142135623730951,17.055828805316118,18.89540566959922
17.08472421098572,43,100,1,0.010614902958659574,0.01667971080823407,43.38834691015464,802.7150215229896,1.4142135623730951,17.070364484690508,14.359726295210166
17.091779163795447,58,60,0,0.013593929078162531,0.015104365642402813,58.9193562521072,482.9774476478925,1.0,17.071163328018322,20.6158357771261
17.09651854760645,92,66,1,0.02799705094901685,0.04399312128727796,92.32007337011677,532.9642253160594,1.4142135623730951,17.076841128251612,19.67741935483871
17.10688352943785,31,50,0,0.028842191425188752,0.032046879361320835,31.463729222879174,406.3037599878795,1.0,17.084703666290245,22.179863147605083
17.127626381994247,48,51,1,0.044283291007696866,0.06958447858844381,48.61570939431665,412.8847993821756,1.4142135623730951,17.10560292158369,22.023460410557185
17.138930408799173,53,82,0,0.011075743463137321,0.012306381625708135,53.87395338954592,663.6998110613381,1.0,17.1217554332371,17.174975562072337
17.151236790424882,40,103,0,0.017153907904085768,0.01905989767120641,40.67107615079175,829.088526578582,1.0,17.137346272340814,13.890518084066471
17.170296688096087,74,83,0,0.02307972439724856,0.025644138219165065,74.3146161494561,670.3968774927722,1.0,17.153278115271064,17.01857282502444
17.176830038669465,90,57,1,0.009000000000000001,0.013877278387559182,90.77672337877449,460.1937893945445,1.4142135623730951,17.155744994681196,21.085043988269796
17.186830038669466,86,61,1,0.02662556407836094,0.04183803758383549,86.10575623760994,490.5916395250414,1.4142135623730951,17.16637060562939,20.459433040078203
17.19594082631525,52,101,0,0.016722611234712845,0.018580679149680937,52.712123427024096,810.8184488552358,1.0,17.181737502757088,14.203323558162268
17.214521505464933,21,72,0,0.009000000000000001,0.009222394776361238,13.07336576855758,578.8991326627208,1.0,17.19578250253238,18.73900293255132
17.216413998756533,42,84,1,0.009305920325354308,0.014622843038310565,42.83947516727417,673.2292708640622,1.4142135623730951,17.199551828668557,16.86217008797654
17.224521505464935,48,60,0,0.009202120480145667,0.010224578311272964,48.039302587381286,486.8807965678719,1.0,17.20390566968781,20.6158357771261
17.22675391022915,35,60,1,0.009000000000000001,0.008098498679089376,35.314163387852986,480.11280048825313,1.4142135623730951,17.206138074452024,20.6158357771261
17.23474608377621,83,101,0,0.016805387003426327,0.018672652226029252,83.82452493390701,812.9891063540409,1.0,17.220542760218045,14.203323558162268
17.23675391022915,95,106,1,0.009000000000000001,0.0028118761615663233,95.90645360221343,848.9823234238943,1.4142135623730951,17.22333260035623,13.421309872922777
17.25341873600224,46,71,0,0.009000000000000001,0.001591036141471326,46.43316536642204,573.9707057910833,1.0,17.23452333033264,18.89540566959922
17.256753910229154,32,64,1,0.009000000000000001,0.0015845010220311997,32.81594275495449,516.906416546532,1.4142135623730951,17.23676368540022,19.990224828934508
17.26341873600224,50,96,0,0.009000000000000001,0.008977130218803182,50.142992181542,774.4131684816532,1.0,17.248433398758838,14.985337243401759
17.266753910229156,68,102,1,0.009000000000000001,0.00035989956973212975,68.26453846291095,817.4736028472018,1.4142135623730951,17.25270698940804,14.04692082111437
17.27341873600224,23,102,0,0.01421693539472927,0.015796594883032523,23.557225344846238,820.7237765423799,1.0,17.259371815181126,14.04692082111437
17.276753910229157,51,104,1,0.03509641065395814,0.055148688819381314,51.03211012165991,834.204761973467,1.4142135623730951,17.263019794882137,13.734115347018573
17.289215330885273,89,111,0,0.009000000000000001,0.009559647660658891,89.85247038207154,889.5524690075772,1.0,17.27657603469759,12.639296187683286
17.31429798654042,41,54,0,0.015651965664335965,0.017391072960373295,41.03840819675332,434.8205740812029,1.0,17.292743734341006,21.55425219941349
17.31574992206689,47,76,1,0.024914692166584033,0.039149661738148725,47.8254861457485,609.8136914034052,1.4142135623730951,17.297636530082528,18.113391984359726
17.331689059500793,50,102,0,0.009000000000000001,0.0028834228568868224,50.3503981315999,818.52056262147,1.0,17.317642138679677,14.04692082111437
17.343432913363092,62,74,1,0.009000000000000001,0.0007792311467188501,62.003547012476425,596.4475544465895,1.4142135623730951,17.325006715904635,18.426197458455523
17.341689059500794,72,90,0,0.009000000000000001,0.004912487090681209,72.58235226343605,721.4409550293537,1.0,17.325765305835105,15.923753665689148
17.351689059500796,21,63,0,0.01599294197380012,0.01776993552644458,13.533232471713085,506.32218818554804,1.0,17.331542431934814,20.146627565982406
17.363432913363095,43,52,1,0.009000000000000001,0.00017050343493627348,43.75990072204767,420.12900150461604,1.4142135623730951,17.341565855689584,21.867057673509287
17.36945899502724,63,68,0,0.009000000000000001,0.0005062892881584108,63.02032727086458,551.9732006203619,1.0,17.350094381146498,19.364613880742915
17.373432913363096,84,74,1,0.009000000000000001,0.013313808008572021,84.11022981903577,598.8422072165274,1.4142135623730951,17.35500671590464,18.426197458455523
17.379458995027242,77,91,0,0.014295146572244968,0.0158834961913833,77.366654093493,732.4924517379976,1.0,17.3636916440986,15.76735092864125
17.395342491218624,76,106,0,0.009000000000000001,0.004522392199459053,76.0190587593435,853.5975153529149,1.0,17.381921181345703,13.421309872922777
17.405342491218626,36,77,0,0.014996936935170927,0.01666326326130103,36.808502741636815,623.5277719032127,1.0,17.387385501971313,17.956989247311828
17.422005754479926,63,104,0,0.009000000000000001,0.009252747372044933,63.60326679291323,832.281804761335,1.0,17.408271639132906,13.734115347018573
17.422062280336696,68,106,1,0.009000000000000001,0.004751350131430527,68.18286456531904,852.1216457037826,1.4142135623730951,17.408640970463775,13.421309872922777
17.432005754479928,66,56,0,0.010679673136307818,0.011866303484786464,66.07048354236193,455.36029666315784,1.0,17.41076430775461,21.241446725317694
17.432062280336698,44,76,1,0.009000000000000001,0.007043383214590719,44.874754723257425,613.0606189761154,1.4142135623730951,17.413948888352337,18.113391984359726
17.443872057964715,58,52,0,0.009000000000000001,0.008236960479770026,58.4772944653405,421.01233758570265,1.0,17.422005000291204,21.867057673509287
17.4420622803367,61,100,1,0.01704864657456933,0.026789363562068402,61.678302411375356,802.824402681671,1.4142135623730951,17.42770255404149,14.359726295210166
17.453872057964716,54,103,0,0.018180516820452467,0.020200574244947186,54.67533830891265,829.1708383995605,1.0,17.439981539880648,13.890518084066471
17.46100522097511,75,108,1,0.009000000000000001,0.003810200356040325,75.25587832202305,865.1992100846628,1.4142135623730951,17.447896716576285,13.10850439882698
17.471005220975112,46,78,1,0.009000000000000001,0.0015032883429563014,46.830020798044345,625.0293197131126,1.4142135623730951,17.453204634464846,17.80058651026393
17.481005220975113,76,53,1,0.009000000000000001,0.00617498565928285,76.25662852047412,425.6469244906078,1.4142135623730951,17.45929456603865,21.71065493646139
17.474072632209662,70,106,0,0.009000000000000001,0.00518429201877449,70.12042723834666,855.3850808219577,1.0,17.46065132233674,13.421309872922777
17.484072632209664,81,67,0,0.01893063003676429,0.021034033374182543,81.32790608522305,540.760599207465,1.0,17.464551615591873,19.521016617790814
17.491005220975115,41,77,1,0.009000000000000001,0.01017492429284441,41.39917945383063,621.05351733986,1.4142135623730951,17.4730482317278,17.956989247311828
17.505106665583845,47,57,0,0.02783202926509462,0.030924476961216245,47.357869616280226,456.29019520596853,1.0,17.484021621595577,21.085043988269796
17.511005220975118,21,100,1,0.009000000000000001,0.012729336799022828,3.1139404784205027,802.7161646499932,1.4142135623730951,17.496645494679907,14.359726295210166
17.52100522097512,55,66,1,0.01362957240052201,0.0214168068201825,55.873249562129374,534.0871838724566,1.4142135623730951,17.50132780162028,19.67741935483871
17.536031142545063,38,65,0,0.016420529250596522,0.0182450325006628,38.14310824644643,520.9469141294195,1.0,17.516197320453177,19.83382209188661
17.546149190309034,97,62,1,0.010867944988311295,0.01707732799732727,97.62710714871534,496.7176714782413,1.4142135623730951,17.525846160006004,20.303030303030305
17.554276175045725,62,79,0,0.009000000000000001,0.0001872241271254203,62.20475389556385,634.3839827322529,1.0,17.536631991272507,17.64418377321603
17.55822468474049,39,66,1,0.009792600265956,0.015387586785570393,39.37199904479576,529.9140689701497,1.4142135623730951,17.538547265385652,19.67741935483871
17.569105351702664,52,64,1,0.020736767729154323,0.03258468684705641,52.49961214378391,514.9968769816203,1.4142135623730951,17.54911512687373,19.990224828934508
17.57427617504573,78,53,0,0.018352321508164852,0.02039146834240539,78.70161682352659,424.0714179891767,1.0,17.552565520109265,21.71065493646139
17.59214620473506,74,65,1,0.009000000000000001,0.007947679652295042,74.6405560748268,520.2657925900744,1.4142135623730951,17.572312382643172,19.83382209188661
17.594667643388135,70,87,0,0.031481491889580916,0.03497943543286768,70.27951109936392,696.6107850536921,1.0,17.578274681511303,16.392961876832846
17.60214620473506,72,101,1,0.010652436543786902,0.01673868914726913,72.39641482554984,812.1752236246748,1.4142135623730951,17.587942881176897,14.203323558162268
17.61398224533927,83,59,1,0.009000000000000001,0.007587376265128042,83.351917087992,478.1584853544304,1.4142135623730951,17.593210006825096,20.772238514174
17.62398224533927,93,66,1,0.012784149907410409,0.020088353536078386,93.6342960543858,535.3219709908828,1.4142135623730951,17.604304825984432,19.67741935483871
17.629647078821,81,61,0,0.030083790020981254,0.033426433356645836,81.5792571284998,492.6650897643572,1.0,17.609187645780924,20.459433040078203
17.638186856347506,32,112,1,0.009000000000000001,0.001270785937559074,32.59987627825463,896.2908977438817,1.4142135623730951,17.62570396289687,12.482893450635387
17.648186856347508,74,86,1,0.009000000000000001,0.0025476234954690245,74.52536882443813,688.9035251255423,1.4142135623730951,17.631637491733628,16.549364613880744
17.65818685634751,86,68,1,0.019193772344767178,0.03016010351452376,86.77039913714722,544.719760809744,1.4142135623730951,17.638822242466766,19.364613880742915
17.663073512177647,77,52,0,0.009000000000000001,0.0012339264048615362,77.62331221347593,417.33513336324165,1.0,17.641206454504136,21.867057673509287
17.67307351217765,44,112,0,0.011801780179464155,0.013113089088293506,44.41604851391054,897.718758095655,1.0,17.660590618727014,12.482893450635387
17.679513270063918,28,76,1,0.009000000000000001,0.009457691166771134,28.460499493074806,613.743227045134,1.4142135623730951,17.661399878079557,18.113391984359726
17.68618660126594,42,101,0,0.02613375554178288,0.029037506157536534,42.38908862915127,815.6867571928549,1.0,17.671983277707778,14.203323558162268
17.68951327006392,102,85,1,0.009000000000000001,0.006013538006274889,102.39973174299445,682.1159083422681,1.4142135623730951,17.672807502712992,16.705767350928642
17.69951327006392,82,84,1,0.018146429420866785,0.028514362884039954,82.27308170413662,678.0953463150058,1.4142135623730951,17.682651099975946,16.86217008797654
17.715224107423477,60,57,0,0.012335493476840024,0.01370610386315558,60.86552139527106,457.4664985297834,1.0,17.69413906343521,21.085043988269796
17.71967596942044,73,51,1,0.014432827193319743,0.022678999955755546,73.02788043049624,408.10019866973363,1.4142135623730951,17.69765250900988,22.023460410557185
17.728930211286634,66,101,0,0.009000000000000001,0.0014783769461169224,66.3637326551733,814.6433996583778,1.0,17.71472688772847,14.203323558162268
17.735712444079685,75,65,1,0.016283858716795496,0.025587615383399483,75.92274549963628,526.5131704601266,1.4142135623730951,17.715878621987798,19.83382209188661
17.75380562043168,42,56,1,0.019155411361115395,0.030099825044138957,42.61808323059983,451.42129607873835,1.4142135623730951,17.732564173706365,21.241446725317694
17.770607066847962,21,77,0,0.009836952880206314,0.010929947644673681,16.5592223214581,617.2979804293559,1.0,17.75265007760065,17.956989247311828
17.77508941083292,49,92,1,0.009000000000000001,0.0020193546287496558,49.1254591684629,738.2418747603022,1.4142135623730951,17.759478462641326,15.610948191593351
17.781537014492635,43,87,0,0.0200702869830008,0.022300318870000887,43.48958719590773,700.9617155075657,1.0,17.765144052615803,16.392961876832846
17.78508941083292,81,87,1,0.009000000000000001,0.013529968959085262,81.4733643515313,701.5750600614736,1.4142135623730951,17.76869644895609,16.392961876832846
17.8072592103367,103,64,1,0.013970741175227178,0.02195290182934501,103.86434359079271,513.1362150015931,1.4142135623730951,17.787268985507765,19.990224828934508
17.803837333362637,108,89,0,0.03011149492599604,0.03345721658444004,110.52485762899225,715.6537765459943,1.0,17.7877571769599,16.080156402737046
17.822782256086953,74,96,1,0.011252817969986268,0.01768209754230029,74.84712288263381,773.5391335645145,1.4142135623730951,17.80779691884355,14.985337243401759
17.835285387164713,28,53,1,0.009000000000000001,0.0037022078520016336,28.409519014221615,429.97165043065417,1.4142135623730951,17.81357473222825,21.71065493646139
17.837294549947078,33,93,0,0.012092572763903424,0.013436191959892693,33.28669375047092,751.3168865427581,1.0,17.821840004492532,15.454545454545453
17.845285387164715,85,52,1,0.009000000000000001,0.0021057290846495593,85.74928183182945,422.4984106177122,1.4142135623730951,17.823418329491204,21.867057673509287
17.850730741906972,36,74,0,0.009000000000000001,0.0040659827957491915,36.82804834010267,592.2556638224063,1.0,17.832304544448515,18.426197458455523
17.855285387164717,67,71,1,0.012646728498242004,0.01987241662429352,67.81048462641145,570.659322975026,1.4142135623730951,17.836389981495117,18.89540566959922
17.860730741906973,60,90,0,0.009028538217028169,0.010031709130031298,60.723877740843,726.1121297727362,1.0,17.844806988241285,15.923753665689148
17.869337307718318,54,79,1,0.009000000000000001,0.009766506099506638,54.98349360836737,632.668466969743,1.4142135623730951,17.8516931239451,17.64418377321603
17.870762451037006,95,81,0,0.04058653677163123,0.045096151968479145,95.49789536173824,653.1330297476013,1.0,17.853431072737887,17.331378299120235
17.87933730771832,72,55,1,0.009000000000000001,0.00020665322516423765,72.80364184378867,440.7993600024192,1.4142135623730951,17.857939458255956,21.397849462365592
17.88933730771832,61,76,1,0.009000000000000001,0.0044880546968407466,61.82105735903551,613.1991784008112,1.4142135623730951,17.87122391573396,18.113391984359726
17.899337307718323,53,60,1,0.009000000000000001,0.011915915936004384,53.455330028340946,487.3235929481648,1.4142135623730951,17.878721471941198,20.6158357771261
17.909337307718324,65,53,1,0.009000000000000001,0.005263205675834143,65.25865440082583,425.2083868011046,1.4142135623730951,17.88762665278186,21.71065493646139
17.915858603005486,74,54,0,0.013572984033684921,0.015081093370761023,74.66744771158902,435.4661080668867,1.0,17.89430435080607,21.55425219941349
17.930939696376246,49,52,0,0.009000000000000001,0.004403320858277086,49.44987093523743,422.82437275119185,1.0,17.909072638702735,21.867057673509287
17.942786116112234,41,55,1,0.009000000000000001,0.012448928590937042,41.44599706630845,444.93842586808034,1.4142135623730951,17.92138826664987,21.397849462365592
17.940939696376248,21,67,0,0.009000000000000001,0.002262763658069958,7.013978006818348,538.4071538956529,1.0,17.921418679758457,19.521016617790814
17.95093969637625,54,62,0,0.04804648513962648,0.05338498348847386,54.71532895180902,498.04885636919647,1.0,17.93063666607322,20.303030303030305
17.952786116112236,60,71,1,0.009000000000000001,0.013778600238176295,60.01200156080711,570.4792857177791,1.4142135623730951,17.933890710442636,18.89540566959922
17.962786116112238,34,94,1,0.0237899145562115,0.03738224423676824,34.37676358557653,757.359416751018,1.4142135623730951,17.94748797339474,15.298142717497555
17.989219354508027,53,82,1,0.009000000000000001,0.005208369404335468,53.290360697602964,662.7351536779465,1.4142135623730951,17.972044378945956,17.174975562072337
18.0,48,80,0,0.03,0.1,61.95116501598958,640.0,3.0,17.982512218963834,17.487781036168133
18.0,91,80,1,0.022500000000000003,0.1,92.14792386028063,640.0,4.0,17.982512218963834,17.487781036168133
17.99921935450803,62,92,1,0.011424341563418747,0.017951620866854933,62.670642433278616,738.180533936362,1.4142135623730951,17.983608406316435,15.610948191593351
18.025,36,80,1,0.022500000000000003,0.1,36.44700487032637,640.0,4.0,18.007512218963832,17.487781036168133
18.033333333333335,52,80,0,0.03,0.1,64.7055339546843,640.0,3.0,18.01584555229717,17.487781036168133
18.049999999999997,59,80,1,0.022500000000000003,0.1,59.58680817856678,640.0,4.0,18.03251221896383,17.487781036168133
18.06666666666667,48,80,0,0.03,0.1,61.895544573417936,640.0,3.0,18.049178885630504,17.487781036168133
18.074999999999996,67,80,1,0.022500000000000003,0.1,68.1989495689571,640.0,4.0,18.05751221896383,17.487781036168133
18.099999999999994,60,80,1,0.022500000000000003,0.1,61.57540098119912,640.0,4.0,18.082512218963828,17.487781036168133
18.100000000000005,36,80,0,0.03,0.1,48.722325290735455,640.0,3.0,18.08251221896384,17.487781036168133
18.124999999999993,57,80,1,0.022500000000000003,0.1,58.551960927798525,640.0,4.0,18.107512218963826,17.487781036168133
18.13333333333334,38,80,0,0.03,0.1,50.88357422529215,640.0,3.0,18.115845552297174,17.487781036168133
18.14999999999999,43,80,1,0.022500000000000003,0.1,43.37003054789345,640.0,4.0,18.132512218963825,17.487781036168133
18.166666666666675,62,80,0,0.03,0.1,75.19020313826984,640.0,3.0,18.14917888563051,17.487781036168133
18.19999999999999,50,80,1,0.022500000000000003,0.1,50.313421094196144,640.0,4.0,18.182512218963822,17.487781036168133
18.20000000000001,65,80,0,0.03,0.1,78.38509319303652,640.0,3.0,18.182512218963844,17.487781036168133
18.224999999999987,31,80,1,0.022500000000000003,0.1,31.969002176274515,640.0,4.0,18.20751221896382,17.487781036168133
18.233333333333345,43,80,0,0.03,0.1,56.95218641520571,640.0,3.0,18.21584555229718,17.487781036168133
18.249999999999986,74,80,1,0.022500000000000003,0.1,75.29078042257575,640.0,4.0,18.23251221896382,17.487781036168133
18.26666666666668,48,80,0,0.03,0.1,60.58883516484191,640.0,3.0,18.249178885630513,17.487781036168133
18.274999999999984,72,80,1,0.022500000000000003,0.1,72.26733849397814,640.0,4.0,18.257512218963818,17.487781036168133
18.299999999999983,60,80,1,0.022500000000000003,0.1,60.661260503693825,640.0,4.0,18.282512218963817,17.487781036168133
18.300000000000015,36,80,0,0.03,0.1,48.42093600007979,640.0,3.0,18.28251221896385,17.487781036168133
18.32499999999998,62,80,1,0.022500000000000003,0.1,62.932156009032994,640.0,4.0,18.307512218963815,17.487781036168133
18.34999999999998,72,80,1,0.022500000000000003,0.1,73.75127056275919,640.0,4.0,18.332512218963814,17.487781036168133
18.366666666666685,55,80,0,0.03,0.1,68.51733534325477,640.0,3.0,18.34917888563052,17.487781036168133
18.37499999999998,62,80,1,0.022500000000000003,0.1,62.87154760675946,640.0,4.0,18.357512218963812,17.487781036168133
18.399999999999977,71,80,1,0.022500000000000003,0.1,71.57142470094482,640.0,4.0,18.38251221896381,17.487781036168133
18.40000000000002,72,80,0,0.03,0.1,84.84758318673599,640.0,3.0,18.382512218963853,17.487781036168133
18.424999999999976,55,80,1,0.022500000000000003,0.1,56.192227828814715,640.0,4.0,18.40751221896381,17.487781036168133
18.433333333333355,36,80,0,0.03,0.1,48.75746461209934,640.0,3.0,18.41584555229719,17.487781036168133
18.449999999999974,76,80,1,0.022500000000000003,0.1,76.79339185374651,640.0,4.0,18.432512218963808,17.487781036168133
18.46666666666669,43,80,0,0.03,0.1,55.16149889256682,640.0,3.0,18.449178885630523,17.487781036168133
18.474999999999973,64,80,1,0.022500000000000003,0.1,64.10605729193836,640.0,4.0,18.457512218963807,17.487781036168133
18.49999999999997,62,80,1,0.022500000000000003,0.1,62.48386487815519,640.0,4.0,18.482512218963805,17.487781036168133
18.500000000000025,50,80,0,0.03,0.1,62.962507808327324,640.0,3.0,18.48251221896386,17.487781036168133
18.52499999999997,43,80,1,0.022500000000000003,0.1,43.74321806448599,640.0,4.0,18.507512218963804,17.487781036168133
18.53333333333336,55,80,0,0.03,0.1,68.27506608288986,640.0,3.0,18.515845552297193,17.487781036168133
18.54999999999997,62,80,1,0.022500000000000003,0.1,63.67303493506187,640.0,4.0,18.532512218963802,17.487781036168133
18.566666666666695,45,80,0,0.03,0.1,57.239454239390305,640.0,3.0,18.54917888563053,17.487781036168133
18.574999999999967,48,80,1,0.022500000000000003,0.1,49.350977056071024,640.0,4.0,18.5575122189638,17.487781036168133
18.599999999999966,50,80,1,0.022500000000000003,0.1,51.829981100435276,640.0,4.0,18.5825122189638,17.487781036168133
18.60000000000003,36,80,0,0.03,0.1,48.82609804219263,640.0,3.0,18.582512218963863,17.487781036168133
18.624999999999964,48,80,1,0.022500000000000003,0.1,49.56319195755365,640.0,4.0,18.607512218963798,17.487781036168133
18.633333333333365,59,80,0,0.03,0.1,71.28201637022171,640.0,3.0,18.6158455522972,17.487781036168133
18.649999999999963,45,80,1,0.022500000000000003,0.1,46.35219287168992,640.0,4.0,18.632512218963797,17.487781036168133
18.6666666666667,57,80,0,0.03,0.1,69.23053264058345,640.0,3.0,18.649178885630533,17.487781036168133
18.67499999999996,86,80,1,0.022500000000000003,0.1,87.19707395861711,640.0,4.0,18.657512218963795,17.487781036168133
18.69999999999996,77,80,1,0.022500000000000003,0.1,77.04113999345157,640.0,4.0,18.682512218963794,17.487781036168133
18.700000000000035,36,80,0,0.03,0.1,48.27169151278432,640.0,3.0,18.68251221896387,17.487781036168133
18.72499999999996,84,80,1,0.022500000000000003,0.1,84.58070402744654,640.0,4.0,18.707512218963792,17.487781036168133
18.73333333333337,65,80,0,0.03,0.1,77.34966785415034,640.0,3.0,18.715845552297203,17.487781036168133
18.749999999999957,43,80,1,0.022500000000000003,0.1,44.34694374968878,640.0,4.0,18.73251221896379,17.487781036168133
18.766666666666705,62,80,0,0.03,0.1,74.97854347771653,640.0,3.0,18.74917888563054,17.487781036168133
18.774999999999956,60,80,1,0.022500000000000003,0.1,60.91204799885942,640.0,4.0,18.75751221896379,17.487781036168133
18.799999999999955,43,80,1,0.022500000000000003,0.1,43.44310239738758,640.0,4.0,18.782512218963788,17.487781036168133
18.80000000000004,48,80,0,0.03,0.1,61.71899516477175,640.0,3.0,18.782512218963873,17.487781036168133
18.824999999999953,50,80,1,0.022500000000000003,0.1,51.09510557187758,640.0,4.0,18.807512218963787,17.487781036168133
18.84999999999995,48,80,1,0.022500000000000003,0.1,48.24797461226784,640.0,4.0,18.832512218963785,17.487781036168133
18.86666666666671,55,80,0,0.03,0.1,67.0919394702836,640.0,3.0,18.849178885630543,17.487781036168133
18.87499999999995,74,80,1,0.022500000000000003,0.1,75.866675282452,640.0,4.0,18.857512218963784,17.487781036168133
18.89999999999995,53,80,1,0.022500000000000003,0.1,54.92826012029747,640.0,4.0,18.882512218963782,17.487781036168133
18.900000000000045,36,80,0,0.03,0.1,48.97020070071989,640.0,3.0,18.88251221896388,17.487781036168133
18.924999999999947,72,80,1,0.022500000000000003,0.1,73.6752554712834,640.0,4.0,18.90751221896378,17.487781036168133
18.93333333333338,48,80,0,0.03,0.1,60.38440293330025,640.0,3.0,18.915845552297213,17.487781036168133
18.949999999999946,67,80,1,0.022500000000000003,0.1,67.73274738673302,640.0,4.0,18.93251221896378,17.487781036168133
18.966666666666715,21,80,0,0.03,0.1,32.44949062900249,640.0,3.0,18.94917888563055,17.487781036168133
18.974999999999945,89,80,1,0.022500000000000003,0.1,89.4865760269413,640.0,4.0,18.957512218963778,17.487781036168133
18.999999999999943,41,80,1,0.022500000000000003,0.1,41.06311394381153,640.0,4.0,18.982512218963777,17.487781036168133
19.00000000000005,59,80,0,0.03,0.1,71.21863226243758,640.0,3.0,18.982512218963883,17.487781036168133
19.02499999999994,76,80,1,0.022500000000000003,0.1,76.11818546927103,640.0,4.0,19.007512218963775,17.487781036168133
19.033333333333385,28,80,0,0.03,0.1,40.012886752744194,640.0,3.0,19.01584555229722,17.487781036168133
19.04999999999994,74,80,1,0.022500000000000003,0.1,74.67444314112932,640.0,4.0,19.032512218963774,17.487781036168133
19.06666666666672,67,80,0,0.03,0.1,79.24377380389119,640.0,3.0,19.049178885630553,17.487781036168133
19.07499999999994,47,80,1,0.022500000000000003,0.1,47.540750873253955,640.0,4.0,19.057512218963772,17.487781036168133
19.099999999999937,72,80,1,0.022500000000000003,0.1,72.89130670685644,640.0,4.0,19.08251221896377,17.487781036168133
19.100000000000055,43,80,0,0.03,0.1,55.77446279722943,640.0,3.0,19.08251221896389,17.487781036168133
19.124999999999936,64,80,1,0.022500000000000003,0.1,64.30265552673573,640.0,4.0,19.10751221896377,17.487781036168133
19.13333333333339,45,80,0,0.03,0.1,57.29066263128094,640.0,3.0,19.115845552297223,17.487781036168133
19.149999999999935,57,80,1,0.022500000000000003,0.1,57.08830387259638,640.0,4.0,19.132512218963768,17.487781036168133
19.166666666666725,38,80,0,0.03,0.1,51.96500600211833,640.0,3.0,19.14917888563056,17.487781036168133
19.174999999999933,48,80,1,0.022500000000000003,0.1,49.45362576675841,640.0,4.0,19.157512218963767,17.487781036168133
19.199999999999932,50,80,1,0.022500000000000003,0.1,50.79539902145042,640.0,4.0,19.182512218963765,17.487781036168133
19.20000000000006,43,80,0,0.03,0.1,56.313102413797424,640.0,3.0,19.182512218963893,17.487781036168133
19.22499999999993,86,80,1,0.022500000000000003,0.1,86.23759482605985,640.0,4.0,19.207512218963764,17.487781036168133
19.233333333333395,65,80,0,0.03,0.1,78.15720121789487,640.0,3.0,19.21584555229723,17.487781036168133
19.24999999999993,60,80,1,0.022500000000000003,0.1,60.00874008265578,640.0,4.0,19.232512218963763,17.487781036168133
19.26666666666673,21,80,0,0.03,0.1,28.15604919635098,640.0,3.0,19.249178885630563,17.487781036168133
19.274999999999928,69,80,1,0.022500000000000003,0.1,70.01126401960268,640.0,4.0,19.25751221896376,17.487781036168133
19.299999999999926,48,80,1,0.022500000000000003,0.1,49.87648791465532,640.0,4.0,19.28251221896376,17.487781036168133
19.300000000000065,64,80,0,0.03,0.1,76.3451569419288,640.0,3.0,19.282512218963898,17.487781036168133
19.324999999999925,50,80,1,0.022500000000000003,0.1,50.017882288363026,640.0,4.0,19.30751221896376,17.487781036168133
19.3333333333334,52,80,0,0.03,0.1,64.32670055810186,640.0,3.0,19.315845552297233,17.487781036168133
19.349999999999923,72,80,1,0.022500000000000003,0.1,73.84940555839927,640.0,4.0,19.332512218963757,17.487781036168133
19.366666666666735,31,80,0,0.03,0.1,44.55012290742764,640.0,3.0,19.349178885630568,17.487781036168133
19.374999999999922,41,80,1,0.022500000000000003,0.1,42.72542449214039,640.0,4.0,19.357512218963755,17.487781036168133
19.39999999999992,53,80,1,0.022500000000000003,0.1,54.685263770812526,640.0,4.0,19.382512218963754,17.487781036168133
19.40000000000007,33,80,0,0.03,0.1,46.23600136896975,640.0,3.0,19.382512218963903,17.487781036168133
19.42499999999992,60,80,1,0.022500000000000003,0.1,60.43555086172457,640.0,4.0,19.407512218963753,17.487781036168133
19.433333333333405,69,80,0,0.03,0.1,81.457830748265,640.0,3.0,19.415845552297238,17.487781036168133
19.46666666666674,35,80,0,0.03,0.1,47.89751193673304,640.0,3.0,19.449178885630573,17.487781036168133
19.474999999999916,57,80,1,0.022500000000000003,0.1,57.7076059517932,640.0,4.0,19.45751221896375,17.487781036168133
19.499999999999915,65,80,1,0.022500000000000003,0.1,65.06649319802781,640.0,4.0,19.48251221896375,17.487781036168133
19.500000000000075,33,80,0,0.03,0.1,45.23711346437172,640.0,3.0,19.482512218963908,17.487781036168133
19.524999999999913,67,80,1,0.022500000000000003,0.1,68.86855367446799,640.0,4.0,19.507512218963747,17.487781036168133
19.53333333333341,62,80,0,0.03,0.1,74.55762614226853,640.0,3.0,19.515845552297243,17.487781036168133
19.549999999999912,69,80,1,0.022500000000000003,0.1,69.40336058187943,640.0,4.0,19.532512218963745,17.487781036168133
19.566666666666745,52,80,0,0.03,0.1,64.33347681645971,640.0,3.0,19.549178885630578,17.487781036168133
19.57499999999991,47,80,1,0.022500000000000003,0.1,47.38171124905182,640.0,4.0,19.557512218963744,17.487781036168133
19.59999999999991,55,80,1,0.022500000000000003,0.1,56.3628147465114,640.0,4.0,19.582512218963743,17.487781036168133
19.60000000000008,35,80,0,0.03,0.1,47.99455262033409,640.0,3.0,19.582512218963913,17.487781036168133
19.624999999999908,74,80,1,0.022500000000000003,0.1,75.2929646320248,640.0,4.0,19.60751221896374,17.487781036168133
19.633333333333415,50,80,0,0.03,0.1,62.77279968517912,640.0,3.0,19.615845552297248,17.487781036168133
19.649999999999906,71,80,1,0.022500000000000003,0.1,71.45148400094557,640.0,4.0,19.63251221896374,17.487781036168133
19.66666666666675,33,80,0,0.03,0.1,46.87036564940445,640.0,3.0,19.649178885630583,17.487781036168133
19.674999999999905,41,80,1,0.022500000000000003,0.1,42.427399021042376,640.0,4.0,19.65751221896374,17.487781036168133
19.699999999999903,64,80,1,0.022500000000000003,0.1,64.49894272450818,640.0,4.0,19.682512218963737,17.487781036168133
19.700000000000085,62,80,0,0.03,0.1,74.09051389980935,640.0,3.0,19.682512218963918,17.487781036168133
19.724999999999902,33,80,1,0.022500000000000003,0.1,34.67871680800243,640.0,4.0,19.707512218963736,17.487781036168133
19.73333333333342,60,80,0,0.03,0.1,73.58554835037611,640.0,3.0,19.715845552297253,17.487781036168133
19.766666666666755,53,80,0,0.03,0.1,66.80967934492087,640.0,3.0,19.749178885630588,17.487781036168133
19.7749999999999,84,80,1,0.022500000000000003,0.1,84.2914178143485,640.0,4.0,19.757512218963733,17.487781036168133
19.799999999999898,47,80,1,0.022500000000000003,0.1,47.86697321895697,640.0,4.0,19.78251221896373,17.487781036168133
19.80000000000009,52,80,0,0.03,0.1,64.6292615839618,640.0,3.0,19.782512218963923,17.487781036168133
19.824999999999896,48,80,1,0.022500000000000003,0.1,49.320665017707746,640.0,4.0,19.80751221896373,17.487781036168133
19.833333333333425,69,80,0,0.03,0.1,82.54320799830239,640.0,3.0,19.815845552297258,17.487781036168133
19.86666666666676,47,80,0,0.03,0.1,59.99598499056928,640.0,3.0,19.849178885630593,17.487781036168133
19.874999999999893,40,80,1,0.022500000000000003,0.1,40.25214060531653,640.0,4.0,19.857512218963727,17.487781036168133
19.899999999999892,50,80,1,0.022500000000000003,0.1,51.9007356174715,640.0,4.0,19.882512218963726,17.487781036168133
19.900000000000095,31,80,0,0.03,0.1,44.87201119461375,640.0,3.0,19.882512218963928,17.487781036168133
19.92499999999989,67,80,1,0.022500000000000003,0.1,67.63444656104643,640.0,4.0,19.907512218963724,17.487781036168133
19.93333333333343,53,80,0,0.03,0.1,65.75326608425353,640.0,3.0,19.915845552297263,17.487781036168133
19.94999999999989,50,80,1,0.022500000000000003,0.1,51.88114114957564,640.0,4.0,19.932512218963723,17.487781036168133
19.966666666666764,74,80,0,0.03,0.1,86.70140223407506,640.0,3.0,19.949178885630598,17.487781036168133
19.974999999999888,55,80,1,0.022500000000000003,0.1,56.97958416369956,640.0,4.0,19.95751221896372,17.487781036168133
19.999999999999886,69,80,1,0.022500000000000003,0.1,69.52557709203245,640.0,4.0,19.98251221896372,17.487781036168133
20.0000000000001,35,80,0,0.03,0.1,47.01107848722109,640.0,3.0,19.982512218963933,17.487781036168133
20.024999999999885,65,80,1,0.022500000000000003,0.1,65.39578986926799,640.0,4.0,20.00751221896372,17.487781036168133
20.033333333333434,43,80,0,0.03,0.1,55.37327658631698,640.0,3.0,20.015845552297268,17.487781036168133
20.049999999999883,62,80,1,0.022500000000000003,0.1,63.41527547258114,640.0,4.0,20.032512218963717,17.487781036168133
20.06666666666677,53,80,0,0.03,0.1,65.33050928769859,640.0,3.0,20.049178885630603,17.487781036168133
20.074999999999882,55,80,1,0.022500000000000003,0.1,55.6592348253435,640.0,4.0,20.057512218963716,17.487781036168133
20.09999999999988,64,80,1,0.022500000000000003,0.1,64.73678227544264,640.0,4.0,20.082512218963714,17.487781036168133
20.100000000000104,47,80,0,0.03,0.1,59.31001793272654,640.0,3.0,20.082512218963938,17.487781036168133
20.12499999999988,57,80,1,0.022500000000000003,0.1,58.41622169472311,640.0,4.0,20.107512218963713,17.487781036168133
20.13333333333344,35,80,0,0.03,0.1,47.426514171170375,640.0,3.0,20.115845552297273,17.487781036168133
20.149999999999878,65,80,1,0.022500000000000003,0.1,65.85991180705004,640.0,4.0,20.13251221896371,17.487781036168133
20.166666666666774,62,80,0,0.03,0.1,74.35978055975002,640.0,3.0,20.149178885630608,17.487781036168133
20.174999999999876,53,80,1,0.022500000000000003,0.1,53.63927007848988,640.0,4.0,20.15751221896371,17.487781036168133
20.199999999999875,57,80,1,0.022500000000000003,0.1,57.663117127941874,640.0,4.0,20.18251221896371,17.487781036168133
20.20000000000011,77,80,0,0.03,0.1,89.69652124182092,640.0,3.0,20.182512218963943,17.487781036168133
20.224999999999874,47,80,1,0.022500000000000003,0.1,47.32854025533422,640.0,4.0,20.207512218963707,17.487781036168133
20.233333333333444,50,80,0,0.03,0.1,62.51048267550601,640.0,3.0,20.215845552297278,17.487781036168133
20.249999999999872,59,80,1,0.022500000000000003,0.1,59.55190259192018,640.0,4.0,20.232512218963706,17.487781036168133
20.26666666666678,36,80,0,0.03,0.1,48.427925891379196,640.0,3.0,20.249178885630613,17.487781036168133
20.27499999999987,48,80,1,0.022500000000000003,0.1,49.61918894555079,640.0,4.0,20.257512218963704,17.487781036168133
20.29999999999987,45,80,1,0.022500000000000003,0.1,45.740205437926484,640.0,4.0,20.282512218963703,17.487781036168133
20.300000000000114,28,80,0,0.03,0.1,40.173305279315514,640.0,3.0,20.282512218963948,17.487781036168133
20.324999999999868,62,80,1,0.022500000000000003,0.1,63.310862692548966,640.0,4.0,20.3075122189637,17.487781036168133
20.33333333333345,50,80,0,0.03,0.1,63.30209255963111,640.0,3.0,20.315845552297283,17.487781036168133
20.374999999999865,69,80,1,0.022500000000000003,0.1,70.02078380734173,640.0,4.0,20.3575122189637,17.487781036168133
20.399999999999864,53,80,1,0.022500000000000003,0.1,54.48159270943873,640.0,4.0,20.382512218963697,17.487781036168133
20.424999999999862,65,80,1,0.022500000000000003,0.1,65.22307643951048,640.0,4.0,20.407512218963696,17.487781036168133
20.433333333333454,47,80,0,0.03,0.1,59.96923083623867,640.0,3.0,20.415845552297288,17.487781036168133
20.44999999999986,67,80,1,0.022500000000000003,0.1,67.0502089251029,640.0,4.0,20.432512218963694,17.487781036168133
20.46666666666679,40,80,0,0.03,0.1,52.457322857096884,640.0,3.0,20.449178885630623,17.487781036168133
20.47499999999986,65,80,1,0.022500000000000003,0.1,65.69310474024441,640.0,4.0,20.457512218963693,17.487781036168133
20.499999999999858,48,80,1,0.022500000000000003,0.1,49.43163286013258,640.0,4.0,20.48251221896369,17.487781036168133
20.500000000000124,33,80,0,0.03,0.1,46.020305501208455,640.0,3.0,20.482512218963958,17.487781036168133
20.524999999999856,60,80,1,0.022500000000000003,0.1,61.911852573071215,640.0,4.0,20.50751221896369,17.487781036168133
20.53333333333346,57,80,0,0.03,0.1,70.68481697695849,640.0,3.0,20.515845552297293,17.487781036168133
20.549999999999855,64,80,1,0.022500000000000003,0.1,64.66099578949967,640.0,4.0,20.53251221896369,17.487781036168133
20.566666666666794,59,80,0,0.03,0.1,71.6962767537355,640.0,3.0,20.549178885630628,17.487781036168133
20.574999999999854,60,80,1,0.022500000000000003,0.1,60.09188437642166,640.0,4.0,20.557512218963687,17.487781036168133
20.599999999999852,33,80,1,0.022500000000000003,0.1,33.293085972850115,640.0,4.0,20.582512218963686,17.487781036168133
20.60000000000013,28,80,0,0.03,0.1,40.214658730358614,640.0,3.0,20.582512218963963,17.487781036168133
20.62499999999985,62,80,1,0.022500000000000003,0.1,62.05426718686054,640.0,4.0,20.607512218963684,17.487781036168133
20.633333333333464,67,80,0,0.03,0.1,80.34993892071276,640.0,3.0,20.615845552297298,17.487781036168133
20.64999999999985,88,80,1,0.022500000000000003,0.1,88.3203973042847,640.0,4.0,20.632512218963683,17.487781036168133
20.6666666666668,55,80,0,0.03,0.1,67.34811162744322,640.0,3.0,20.649178885630633,17.487781036168133
20.699999999999847,50,80,1,0.022500000000000003,0.1,50.680613147451886,640.0,4.0,20.68251221896368,17.487781036168133
20.700000000000134,65,80,0,0.03,0.1,77.91481145786616,640.0,3.0,20.682512218963968,17.487781036168133
20.724999999999845,64,80,1,0.022500000000000003,0.1,64.7788615643059,640.0,4.0,20.70751221896368,17.487781036168133
20.73333333333347,29,80,0,0.03,0.1,42.820764819390526,640.0,3.0,20.715845552297303,17.487781036168133
20.749999999999844,62,80,1,0.022500000000000003,0.1,63.99844109397212,640.0,4.0,20.732512218963677,17.487781036168133
20.774999999999842,74,80,1,0.022500000000000003,0.1,75.2670101173301,640.0,4.0,20.757512218963676,17.487781036168133
20.79999999999984,43,80,1,0.022500000000000003,0.1,43.899287604366236,640.0,4.0,20.782512218963674,17.487781036168133
20.80000000000014,45,80,0,0.03,0.1,58.0931928349786,640.0,3.0,20.782512218963973,17.487781036168133
20.82499999999984,69,80,1,0.022500000000000003,0.1,69.3616672329599,640.0,4.0,20.807512218963673,17.487781036168133
20.833333333333474,53,80,0,0.03,0.1,66.43564066425849,640.0,3.0,20.815845552297308,17.487781036168133
20.849999999999838,67,80,1,0.022500000000000003,0.1,67.55740238401873,640.0,4.0,20.83251221896367,17.487781036168133
20.874999999999837,57,80,1,0.022500000000000003,0.1,58.18052432716101,640.0,4.0,20.85751221896367,17.487781036168133
20.899999999999835,64,80,1,0.022500000000000003,0.1,64.33519766939763,640.0,4.0,20.88251221896367,17.487781036168133
20.924999999999834,72,80,1,0.022500000000000003,0.1,73.17705576445897,640.0,4.0,20.907512218963667,17.487781036168133
20.93333333333348,43,80,0,0.03,0.1,56.89367965680597,640.0,3.0,20.915845552297313,17.487781036168133
20.949999999999832,71,80,1,0.022500000000000003,0.1,71.16563686436416,640.0,4.0,20.932512218963666,17.487781036168133
20.966666666666814,33,80,0,0.03,0.1,46.86247414187658,640.0,3.0,20.949178885630648,17.487781036168133
20.97499999999983,45,80,1,0.022500000000000003,0.1,45.36935280545627,640.0,4.0,20.957512218963664,17.487781036168133
20.99999999999983,69,80,1,0.022500000000000003,0.1,70.4980247904702,640.0,4.0,20.982512218963663,17.487781036168133
21.00000000000015,62,80,0,0.03,0.1,75.74400733080512,640.0,3.0,20.982512218963983,17.487781036168133
21.024999999999828,59,80,1,0.022500000000000003,0.1,59.17198585558376,640.0,4.0,21.00751221896366,17.487781036168133
21.033333333333484,35,80,0,0.03,0.1,47.65177055039085,640.0,3.0,21.015845552297318,17.487781036168133
21.049999999999827,60,80,1,0.022500000000000003,0.1,60.932788454598594,640.0,4.0,21.03251221896366,17.487781036168133
21.06666666666682,67,80,0,0.03,0.1,80.84439750108572,640.0,3.0,21.049178885630653,17.487781036168133
21.099999999999824,57,80,1,0.022500000000000003,0.1,58.076889743382274,640.0,4.0,21.082512218963657,17.487781036168133
21.100000000000154,43,80,0,0.03,0.1,56.35987648503668,640.0,3.0,21.082512218963988,17.487781036168133
21.124999999999822,74,80,1,0.022500000000000003,0.1,75.25385596297043,640.0,4.0,21.107512218963656,17.487781036168133
21.13333333333349,67,80,0,0.03,0.1,80.35945052950848,640.0,3.0,21.115845552297323,17.487781036168133
21.14999999999982,57,80,1,0.022500000000000003,0.1,58.928410113930084,640.0,4.0,21.132512218963655,17.487781036168133
21.166666666666824,55,80,0,0.03,0.1,68.69032051275876,640.0,3.0,21.149178885630658,17.487781036168133
21.17499999999982,45,80,1,0.022500000000000003,0.1,45.66980955669544,640.0,4.0,21.157512218963653,17.487781036168133
21.199999999999818,53,80,1,0.022500000000000003,0.1,54.96281784358747,640.0,4.0,21.18251221896365,17.487781036168133
21.224999999999817,62,80,1,0.022500000000000003,0.1,62.28729237517409,640.0,4.0,21.20751221896365,17.487781036168133
21.233333333333494,41,80,0,0.03,0.1,53.351726440625576,640.0,3.0,21.215845552297328,17.487781036168133
21.249999999999815,74,80,1,0.022500000000000003,0.1,75.73394923900224,640.0,4.0,21.23251221896365,17.487781036168133
21.26666666666683,43,80,0,0.03,0.1,55.636379169970176,640.0,3.0,21.249178885630663,17.487781036168133
21.274999999999814,67,80,1,0.022500000000000003,0.1,67.71961196734507,640.0,4.0,21.257512218963647,17.487781036168133
21.299999999999812,48,80,1,0.022500000000000003,0.1,49.11314843203784,640.0,4.0,21.282512218963646,17.487781036168133
21.300000000000164,53,80,0,0.03,0.1,65.48245366240305,640.0,3.0,21.282512218963998,17.487781036168133
21.32499999999981,91,80,1,0.022500000000000003,0.1,91.81043093348981,640.0,4.0,21.307512218963645,17.487781036168133
21.34999999999981,62,80,1,0.022500000000000003,0.1,63.389123980518136,640.0,4.0,21.332512218963643,17.487781036168133
21.366666666666834,40,80,0,0.03,0.1,52.399213976720574,640.0,3.0,21.349178885630668,17.487781036168133
21.374999999999808,76,80,1,0.022500000000000003,0.1,76.32500144638739,640.0,4.0,21.35751221896364,17.487781036168133
21.399999999999807,57,80,1,0.022500000000000003,0.1,58.05805525021147,640.0,4.0,21.38251221896364,17.487781036168133
21.40000000000017,45,80,0,0.03,0.1,57.87991794793431,640.0,3.0,21.382512218964003,17.487781036168133
21.424999999999805,65,80,1,0.022500000000000003,0.1,66.82699833222975,640.0,4.0,21.40751221896364,17.487781036168133
21.433333333333504,48,80,0,0.03,0.1,61.005785980405115,640.0,3.0,21.415845552297338,17.487781036168133
21.449999999999804,69,80,1,0.022500000000000003,0.1,70.74519685783558,640.0,4.0,21.432512218963637,17.487781036168133
21.46666666666684,21,80,0,0.03,0.1,32.7522035914904,640.0,3.0,21.449178885630673,17.487781036168133
21.474999999999802,74,80,1,0.022500000000000003,0.1,75.59289231045447,640.0,4.0,21.457512218963636,17.487781036168133
21.4999999999998,72,80,1,0.022500000000000003,0.1,73.53431430884129,640.0,4.0,21.482512218963635,17.487781036168133
21.500000000000174,53,80,0,0.03,0.1,65.86455186929534,640.0,3.0,21.482512218964008,17.487781036168133
21.5249999999998,71,80,1,0.022500000000000003,0.1,71.16412160093412,640.0,4.0,21.507512218963633,17.487781036168133
21.53333333333351,35,80,0,0.03,0.1,47.45956832362487,640.0,3.0,21.515845552297343,17.487781036168133
21.549999999999798,55,80,1,0.022500000000000003,0.1,55.96688984071541,640.0,4.0,21.53251221896363,17.487781036168133
21.566666666666844,33,80,0,0.03,0.1,45.23734523896646,640.0,3.0,21.549178885630678,17.487781036168133
21.574999999999797,52,80,1,0.022500000000000003,0.1,52.68165066296241,640.0,4.0,21.55751221896363,17.487781036168133
21.599999999999795,64,80,1,0.022500000000000003,0.1,64.25737613214973,640.0,4.0,21.58251221896363,17.487781036168133
21.60000000000018,26,80,0,0.03,0.1,38.4019923569829,640.0,3.0,21.582512218964013,17.487781036168133
21.624999999999794,71,80,1,0.022500000000000003,0.1,71.94403932596569,640.0,4.0,21.607512218963628,17.487781036168133
21.633333333333514,24,80,0,0.03,0.1,37.038176027291,640.0,3.0,21.615845552297348,17.487781036168133
21.649999999999793,57,80,1,0.022500000000000003,0.1,57.14917503005943,640.0,4.0,21.632512218963626,17.487781036168133
21.66666666666685,29,80,0,0.03,0.1,42.6502719601627,640.0,3.0,21.649178885630683,17.487781036168133
21.67499999999979,72,80,1,0.022500000000000003,0.1,73.63420116114415,640.0,4.0,21.657512218963625,17.487781036168133
21.69999999999979,77,80,1,0.022500000000000003,0.1,78.5934943422231,640.0,4.0,21.682512218963623,17.487781036168133
21.700000000000184,38,80,0,0.03,0.1,50.92453174232972,640.0,3.0,21.682512218964018,17.487781036168133
21.72499999999979,48,80,1,0.022500000000000003,0.1,48.27109223586022,640.0,4.0,21.707512218963622,17.487781036168133
21.73333333333352,72,80,0,0.03,0.1,85.00171696034008,640.0,3.0,21.715845552297353,17.487781036168133
21.766666666666854,41,80,0,0.03,0.1,53.26874014854139,640.0,3.0,21.749178885630688,17.487781036168133
21.774999999999785,57,80,1,0.022500000000000003,0.1,58.20319924601169,640.0,4.0,21.75751221896362,17.487781036168133
21.799999999999784,62,80,1,0.022500000000000003,0.1,63.93744215282172,640.0,4.0,21.782512218963618,17.487781036168133
21.80000000000019,50,80,0,0.03,0.1,62.2752013602308,640.0,3.0,21.782512218964023,17.487781036168133
21.824999999999783,53,80,1,0.022500000000000003,0.1,53.285542223781746,640.0,4.0,21.807512218963616,17.487781036168133
21.84999999999978,77,80,1,0.022500000000000003,0.1,77.30819428949945,640.0,4.0,21.832512218963615,17.487781036168133
21.86666666666686,48,80,0,0.03,0.1,61.67763438356286,640.0,3.0,21.849178885630693,17.487781036168133
21.87499999999978,65,80,1,0.022500000000000003,0.1,65.42805582743617,640.0,4.0,21.857512218963613,17.487781036168133
21.89999999999978,60,80,1,0.022500000000000003,0.1,60.504922217481464,640.0,4.0,21.882512218963612,17.487781036168133
21.900000000000194,47,80,0,0.03,0.1,59.00872370270728,640.0,3.0,21.882512218964028,17.487781036168133
21.924999999999777,41,80,1,0.022500000000000003,0.1,41.620358094482846,640.0,4.0,21.90751221896361,17.487781036168133
21.93333333333353,31,80,0,0.03,0.1,44.70023982592967,640.0,3.0,21.915845552297363,17.487781036168133
21.949999999999775,43,80,1,0.022500000000000003,0.1,43.15755754972791,640.0,4.0,21.93251221896361,17.487781036168133
21.966666666666864,65,80,0,0.03,0.1,78.57187261797391,640.0,3.0,21.949178885630698,17.487781036168133
21.974999999999774,62,80,1,0.022500000000000003,0.1,63.59691840360712,640.0,4.0,21.957512218963608,17.487781036168133
21.999999999999773,31,80,1,0.022500000000000003,0.1,32.702775985218096,640.0,4.0,21.982512218963606,17.487781036168133
22.0000000000002,71,80,0,0.03,0.1,83.13211703856493,640.0,3.0,21.982512218964033,17.487781036168133
22.02499999999977,72,80,1,0.022500000000000003,0.1,72.96175884344412,640.0,4.0,22.007512218963605,17.487781036168133
22.033333333333534,26,80,0,0.03,0.1,38.46196871522962,640.0,3.0,22.015845552297368,17.487781036168133
22.04999999999977,57,80,1,0.022500000000000003,0.1,57.9756307920343,640.0,4.0,22.032512218963603,17.487781036168133
22.06666666666687,33,80,0,0.03,0.1,46.89243403665434,640.0,3.0,22.049178885630702,17.487781036168133
22.07499999999977,101,80,1,0.022500000000000003,0.1,101.5115900108126,640.0,4.0,22.057512218963602,17.487781036168133
22.099999999999767,89,80,1,0.022500000000000003,0.1,89.54132800788622,640.0,4.0,22.0825122189636,17.487781036168133
22.100000000000204,43,80,0,0.03,0.1,56.418427617574324,640.0,3.0,22.082512218964037,17.487781036168133
22.124999999999766,57,80,1,0.022500000000000003,0.1,57.677451913631785,640.0,4.0,22.1075122189636,17.487781036168133
22.13333333333354,35,80,0,0.03,0.1,47.65391622514955,640.0,3.0,22.115845552297372,17.487781036168133
22.166666666666874,53,80,0,0.03,0.1,66.47635908423507,640.0,3.0,22.149178885630707,17.487781036168133
22.174999999999763,72,80,1,0.022500000000000003,0.1,72.74344337922598,640.0,4.0,22.157512218963596,17.487781036168133
22.19999999999976,81,80,1,0.022500000000000003,0.1,81.80060940695088,640.0,4.0,22.182512218963595,17.487781036168133
22.20000000000021,38,80,0,0.03,0.1,50.678115809195354,640.0,3.0,22.182512218964042,17.487781036168133
22.233333333333544,74,80,0,0.03,0.1,87.71271766792451,640.0,3.0,22.215845552297377,17.487781036168133
22.24999999999976,36,80,1,0.022500000000000003,0.1,37.134394043460006,640.0,4.0,22.232512218963592,17.487781036168133
22.26666666666688,62,80,0,0.03,0.1,75.23902200759804,640.0,3.0,22.249178885630712,17.487781036168133
22.274999999999757,52,80,1,0.022500000000000003,0.1,52.03795448890392,640.0,4.0,22.25751221896359,17.487781036168133
22.299999999999756,67,80,1,0.022500000000000003,0.1,67.45904106462547,640.0,4.0,22.28251221896359,17.487781036168133
22.300000000000214,50,80,0,0.03,0.1,62.72094759209235,640.0,3.0,22.282512218964047,17.487781036168133
22.324999999999754,65,80,1,0.022500000000000003,0.1,66.35998195849724,640.0,4.0,22.307512218963588,17.487781036168133
22.33333333333355,60,80,0,0.03,0.1,73.14542417049257,640.0,3.0,22.315845552297382,17.487781036168133
22.349999999999753,72,80,1,0.022500000000000003,0.1,73.69307462379328,640.0,4.0,22.332512218963586,17.487781036168133
22.366666666666884,62,80,0,0.03,0.1,74.15552543177355,640.0,3.0,22.349178885630717,17.487781036168133
22.37499999999975,43,80,1,0.022500000000000003,0.1,44.643871636924054,640.0,4.0,22.357512218963585,17.487781036168133
22.39999999999975,29,80,1,0.022500000000000003,0.1,30.353358553998376,640.0,4.0,22.382512218963583,17.487781036168133
22.40000000000022,40,80,0,0.03,0.1,52.781472152854484,640.0,3.0,22.382512218964052,17.487781036168133
22.42499999999975,69,80,1,0.022500000000000003,0.1,70.98258169986747,640.0,4.0,22.407512218963582,17.487781036168133
22.433333333333554,36,80,0,0.03,0.1,49.55241926986285,640.0,3.0,22.415845552297387,17.487781036168133
22.449999999999747,48,80,1,0.022500000000000003,0.1,49.399087706044995,640.0,4.0,22.43251221896358,17.487781036168133
22.474999999999746,33,80,1,0.022500000000000003,0.1,34.16335533582543,640.0,4.0,22.45751221896358,17.487781036168133
22.499999999999744,60,80,1,0.022500000000000003,0.1,61.85681594828009,640.0,4.0,22.482512218963578,17.487781036168133
22.500000000000224,59,80,0,0.03,0.1,71.02894239357369,640.0,3.0,22.482512218964057,17.487781036168133
22.524999999999743,69,80,1,0.022500000000000003,0.1,70.15264880919906,640.0,4.0,22.507512218963576,17.487781036168133
22.53333333333356,48,80,0,0.03,0.1,61.77997310276375,640.0,3.0,22.515845552297392,17.487781036168133
22.54999999999974,57,80,1,0.022500000000000003,0.1,58.43766870884765,640.0,4.0,22.532512218963575,17.487781036168133
22.566666666666894,26,80,0,0.03,0.1,39.81444502795523,640.0,3.0,22.549178885630727,17.487781036168133
22.57499999999974,53,80,1,0.022500000000000003,0.1,54.139540656864135,640.0,4.0,22.557512218963574,17.487781036168133
22.59999999999974,57,80,1,0.022500000000000003,0.1,57.9601634285324,640.0,4.0,22.582512218963572,17.487781036168133
22.60000000000023,36,80,0,0.03,0.1,49.723847117429216,640.0,3.0,22.582512218964062,17.487781036168133
22.624999999999737,55,80,1,0.022500000000000003,0.1,55.25654064126998,640.0,4.0,22.60751221896357,17.487781036168133
22.633333333333564,47,80,0,0.03,0.1,59.05314734599196,640.0,3.0,22.615845552297397,17.487781036168133
22.649999999999736,41,80,1,0.022500000000000003,0.1,42.74499696716586,640.0,4.0,22.63251221896357,17.487781036168133
22.674999999999734,50,80,1,0.022500000000000003,0.1,50.85208733452247,640.0,4.0,22.657512218963568,17.487781036168133
22.699999999999733,65,80,1,0.022500000000000003,0.1,66.67238278417682,640.0,4.0,22.682512218963566,17.487781036168133
22.700000000000234,72,80,0,0.03,0.1,85.24853986290955,640.0,3.0,22.682512218964067,17.487781036168133
22.72499999999973,64,80,1,0.022500000000000003,0.1,64.1174853296192,640.0,4.0,22.707512218963565,17.487781036168133
22.73333333333357,29,80,0,0.03,0.1,42.25935433729282,640.0,3.0,22.715845552297402,17.487781036168133
22.74999999999973,62,80,1,0.022500000000000003,0.1,62.1511655163753,640.0,4.0,22.732512218963564,17.487781036168133
22.766666666666904,53,80,0,0.03,0.1,66.47154229549919,640.0,3.0,22.749178885630737,17.487781036168133
22.77499999999973,47,80,1,0.022500000000000003,0.1,47.26209943227674,640.0,4.0,22.757512218963562,17.487781036168133
22.799999999999727,57,80,1,0.022500000000000003,0.1,57.67675952466346,640.0,4.0,22.78251221896356,17.487781036168133
22.80000000000024,67,80,0,0.03,0.1,79.0606477866021,640.0,3.0,22.782512218964072,17.487781036168133
22.824999999999726,31,80,1,0.022500000000000003,0.1,32.13356740553146,640.0,4.0,22.80751221896356,17.487781036168133
22.833333333333574,77,80,0,0.03,0.1,89.07455674141178,640.0,3.0,22.815845552297407,17.487781036168133
22.849999999999724,62,80,1,0.022500000000000003,0.1,62.28450129773299,640.0,4.0,22.832512218963558,17.487781036168133
22.86666666666691,41,80,0,0.03,0.1,54.823712983245294,640.0,3.0,22.849178885630742,17.487781036168133
22.900000000000244,53,80,0,0.03,0.1,66.29029699481856,640.0,3.0,22.882512218964077,17.487781036168133
22.92499999999972,52,80,1,0.022500000000000003,0.1,52.50012578153273,640.0,4.0,22.907512218963554,17.487781036168133
22.93333333333358,55,80,0,0.03,0.1,67.29293257214267,640.0,3.0,22.915845552297412,17.487781036168133
22.94999999999972,64,80,1,0.022500000000000003,0.1,64.21256676748966,640.0,4.0,22.932512218963552,17.487781036168133
22.966666666666914,50,80,0,0.03,0.1,62.50216616388212,640.0,3.0,22.949178885630747,17.487781036168133
22.974999999999717,76,80,1,0.022500000000000003,0.1,76.03638572067179,640.0,4.0,22.95751221896355,17.487781036168133
22.999999999999716,53,80,1,0.022500000000000003,0.1,54.262724911358085,640.0,4.0,22.98251221896355,17.487781036168133
23.00000000000025,45,80,0,0.03,0.1,58.734781424136884,640.0,3.0,22.982512218964082,17.487781036168133
23.024999999999714,50,80,1,0.022500000000000003,0.1,51.139195785396524,640.0,4.0,23.007512218963548,17.487781036168133
23.049999999999713,33,80,1,0.022500000000000003,0.1,34.79778377707413,640.0,4.0,23.032512218963547,17.487781036168133
23.06666666666692,21,80,0,0.03,0.1,27.587250109188027,640.0,3.0,23.049178885630752,17.487781036168133
23.07499999999971,60,80,1,0.022500000000000003,0.1,61.324008055143764,640.0,4.0,23.057512218963545,17.487781036168133
23.09999999999971,86,80,1,0.022500000000000003,0.1,86.13857331383993,640.0,4.0,23.082512218963544,17.487781036168133
23.100000000000254,55,80,0,0.03,0.1,68.73048947280168,640.0,3.0,23.082512218964087,17.487781036168133
23.12499999999971,62,80,1,0.022500000000000003,0.1,63.55018831314785,640.0,4.0,23.107512218963542,17.487781036168133
23.13333333333359,48,80,0,0.03,0.1,61.61507716687318,640.0,3.0,23.115845552297422,17.487781036168133
23.149999999999707,59,80,1,0.022500000000000003,0.1,59.714829066448466,640.0,4.0,23.13251221896354,17.487781036168133
23.166666666666924,45,80,0,0.03,0.1,57.152321321238205,640.0,3.0,23.149178885630757,17.487781036168133
23.174999999999706,64,80,1,0.022500000000000003,0.1,64.12265357781742,640.0,4.0,23.15751221896354,17.487781036168133
23.199999999999704,59,80,1,0.022500000000000003,0.1,59.85802234945789,640.0,4.0,23.182512218963538,17.487781036168133
23.20000000000026,74,80,0,0.03,0.1,86.19983610521034,640.0,3.0,23.182512218964092,17.487781036168133
23.224999999999703,48,80,1,0.022500000000000003,0.1,49.593416035070334,640.0,4.0,23.207512218963537,17.487781036168133
23.233333333333594,38,80,0,0.03,0.1,51.36084455948093,640.0,3.0,23.215845552297427,17.487781036168133
23.2499999999997,69,80,1,0.022500000000000003,0.1,70.53798292067464,640.0,4.0,23.232512218963535,17.487781036168133
23.26666666666693,41,80,0,0.03,0.1,54.840627339967604,640.0,3.0,23.249178885630762,17.487781036168133
23.2749999999997,62,80,1,0.022500000000000003,0.1,62.889747495830456,640.0,4.0,23.257512218963534,17.487781036168133
23.2999999999997,60,80,1,0.022500000000000003,0.1,60.225449624750816,640.0,4.0,23.282512218963532,17.487781036168133
23.300000000000264,72,80,0,0.03,0.1,85.49188226822059,640.0,3.0,23.282512218964097,17.487781036168133
23.324999999999697,47,80,1,0.022500000000000003,0.1,47.5153148508384,640.0,4.0,23.30751221896353,17.487781036168133
23.3333333333336,36,80,0,0.03,0.1,49.34961529792184,640.0,3.0,23.315845552297432,17.487781036168133
23.349999999999696,76,80,1,0.022500000000000003,0.1,76.68490152876493,640.0,4.0,23.33251221896353,17.487781036168133
23.366666666666934,40,80,0,0.03,0.1,52.9585243784123,640.0,3.0,23.349178885630767,17.487781036168133
23.374999999999694,67,80,1,0.022500000000000003,0.1,68.50819514026381,640.0,4.0,23.357512218963528,17.487781036168133
23.399999999999693,52,80,1,0.022500000000000003,0.1,52.92261328169853,640.0,4.0,23.382512218963527,17.487781036168133
23.40000000000027,45,80,0,0.03,0.1,58.11807458008512,640.0,3.0,23.382512218964102,17.487781036168133
23.42499999999969,72,80,1,0.022500000000000003,0.1,72.8233581271288,640.0,4.0,23.407512218963525,17.487781036168133
23.433333333333604,57,80,0,0.03,0.1,70.76140137125823,640.0,3.0,23.415845552297437,17.487781036168133
23.44999999999969,53,80,1,0.022500000000000003,0.1,53.631093268669346,640.0,4.0,23.432512218963524,17.487781036168133
23.46666666666694,50,80,0,0.03,0.1,62.65987209412241,640.0,3.0,23.449178885630772,17.487781036168133
23.47499999999969,48,80,1,0.022500000000000003,0.1,49.99035529585873,640.0,4.0,23.457512218963522,17.487781036168133
23.500000000000274,31,80,0,0.03,0.1,43.45439555645103,640.0,3.0,23.482512218964107,17.487781036168133
23.524999999999686,36,80,1,0.022500000000000003,0.1,37.330322520472436,640.0,4.0,23.50751221896352,17.487781036168133
23.53333333333361,41,80,0,0.03,0.1,53.188242391971976,640.0,3.0,23.515845552297442,17.487781036168133
23.549999999999685,65,80,1,0.022500000000000003,0.1,66.03574246935304,640.0,4.0,23.532512218963518,17.487781036168133
23.566666666666944,40,80,0,0.03,0.1,52.22586325488369,640.0,3.0,23.549178885630777,17.487781036168133
23.574999999999683,36,80,1,0.022500000000000003,0.1,36.56134555726912,640.0,4.0,23.557512218963517,17.487781036168133
23.59999999999968,43,80,1,0.022500000000000003,0.1,44.27591895979824,640.0,4.0,23.582512218963515,17.487781036168133
23.60000000000028,47,80,0,0.03,0.1,59.01157062114502,640.0,3.0,23.582512218964112,17.487781036168133
23.62499999999968,33,80,1,0.022500000000000003,0.1,33.43247348379477,640.0,4.0,23.607512218963514,17.487781036168133
23.633333333333614,53,80,0,0.03,0.1,65.4507988304618,640.0,3.0,23.615845552297447,17.487781036168133
23.64999999999968,57,80,1,0.022500000000000003,0.1,58.898307932276566,640.0,4.0,23.632512218963512,17.487781036168133
23.699999999999676,55,80,1,0.022500000000000003,0.1,55.818288471214544,640.0,4.0,23.68251221896351,17.487781036168133
23.700000000000284,24,80,0,0.03,0.1,37.26704954818045,640.0,3.0,23.682512218964117,17.487781036168133
23.724999999999675,45,80,1,0.022500000000000003,0.1,46.655005508216625,640.0,4.0,23.707512218963508,17.487781036168133
23.73333333333362,60,80,0,0.03,0.1,73.61844464077896,640.0,3.0,23.715845552297452,17.487781036168133
23.749999999999673,43,80,1,0.022500000000000003,0.1,44.99540795601101,640.0,4.0,23.732512218963507,17.487781036168133
23.766666666666953,50,80,0,0.03,0.1,63.23288122875678,640.0,3.0,23.749178885630787,17.487781036168133
23.77499999999967,65,80,1,0.022500000000000003,0.1,65.94393425339615,640.0,4.0,23.757512218963505,17.487781036168133
23.79999999999967,52,80,1,0.022500000000000003,0.1,52.952935274131356,640.0,4.0,23.782512218963504,17.487781036168133
23.82499999999967,64,80,1,0.022500000000000003,0.1,64.04938651566265,640.0,4.0,23.807512218963502,17.487781036168133
23.833333333333623,53,80,0,0.03,0.1,65.68573858932061,640.0,3.0,23.815845552297457,17.487781036168133
23.849999999999667,48,80,1,0.022500000000000003,0.1,48.66881681760995,640.0,4.0,23.8325122189635,17.487781036168133
23.86666666666696,62,80,0,0.03,0.1,74.09693385901775,640.0,3.0,23.849178885630792,17.487781036168133
23.899999999999665,76,80,1,0.022500000000000003,0.1,76.68195887764561,640.0,4.0,23.882512218963498,17.487781036168133
23.900000000000293,53,80,0,0.03,0.1,65.97177998656163,640.0,3.0,23.882512218964127,17.487781036168133
23.924999999999663,67,80,1,0.022500000000000003,0.1,67.50292224502763,640.0,4.0,23.907512218963497,17.487781036168133
23.93333333333363,65,80,0,0.03,0.1,77.23168967939517,640.0,3.0,23.915845552297462,17.487781036168133
23.949999999999662,53,80,1,0.022500000000000003,0.1,54.72110312682905,640.0,4.0,23.932512218963495,17.487781036168133
23.97499999999966,62,80,1,0.022500000000000003,0.1,63.29214682055587,640.0,4.0,23.957512218963494,17.487781036168133
23.99999999999966,55,80,1,0.022500000000000003,0.1,56.919485766013274,640.0,4.0,23.982512218963493,17.487781036168133
24.0000000000003,45,80,0,0.03,0.1,58.74668484553083,640.0,3.0,23.982512218964132,17.487781036168133
24.024999999999658,60,80,1,0.022500000000000003,0.1,60.10086636409252,640.0,4.0,24.00751221896349,17.487781036168133
24.033333333333633,77,80,0,0.03,0.1,89.08716442172009,640.0,3.0,24.015845552297467,17.487781036168133
24.049999999999656,55,80,1,0.022500000000000003,0.1,55.83217853249916,640.0,4.0,24.03251221896349,17.487781036168133
24.06666666666697,59,80,0,0.03,0.1,71.37967516518262,640.0,3.0,24.049178885630802,17.487781036168133
24.074999999999655,57,80,1,0.022500000000000003,0.1,57.89650936466699,640.0,4.0,24.05751221896349,17.487781036168133
24.099999999999653,62,80,1,0.022500000000000003,0.1,62.714794919349444,640.0,4.0,24.082512218963487,17.487781036168133
24.100000000000303,55,80,0,0.03,0.1,67.34392858885649,640.0,3.0,24.082512218964137,17.487781036168133
24.124999999999652,47,80,1,0.022500000000000003,0.1,47.28500864535103,640.0,4.0,24.107512218963485,17.487781036168133
24.13333333333364,31,80,0,0.03,0.1,43.663303468309294,640.0,3.0,24.115845552297472,17.487781036168133
24.14999999999965,45,80,1,0.022500000000000003,0.1,46.99675101452828,640.0,4.0,24.132512218963484,17.487781036168133
24.17499999999965,41,80,1,0.022500000000000003,0.1,42.226655310960496,640.0,4.0,24.157512218963483,17.487781036168133
24.199999999999648,38,80,1,0.022500000000000003,0.1,39.51652986235251,640.0,4.0,24.18251221896348,17.487781036168133
24.20000000000031,50,80,0,0.03,0.1,63.74675817141572,640.0,3.0,24.182512218964142,17.487781036168133
24.224999999999646,43,80,1,0.022500000000000003,0.1,44.418781539577864,640.0,4.0,24.20751221896348,17.487781036168133
24.233333333333643,48,80,0,0.03,0.1,61.86267133143348,640.0,3.0,24.215845552297477,17.487781036168133
24.249999999999645,62,80,1,0.022500000000000003,0.1,62.04112008709286,640.0,4.0,24.23251221896348,17.487781036168133
24.26666666666698,40,80,0,0.03,0.1,52.139231167893556,640.0,3.0,24.249178885630812,17.487781036168133
24.299999999999642,65,80,1,0.022500000000000003,0.1,66.57426514215803,640.0,4.0,24.282512218963475,17.487781036168133
24.300000000000313,48,80,0,0.03,0.1,61.80457855503437,640.0,3.0,24.282512218964147,17.487781036168133
24.32499999999964,60,80,1,0.022500000000000003,0.1,60.44433598403279,640.0,4.0,24.307512218963474,17.487781036168133
24.33333333333365,67,80,0,0.03,0.1,80.33442467895803,640.0,3.0,24.315845552297482,17.487781036168133
24.34999999999964,33,80,1,0.022500000000000003,0.1,34.80314606799291,640.0,4.0,24.332512218963473,17.487781036168133
24.366666666666983,55,80,0,0.03,0.1,68.90115167424382,640.0,3.0,24.349178885630817,17.487781036168133
24.399999999999636,69,80,1,0.022500000000000003,0.1,70.3782226635739,640.0,4.0,24.38251221896347,17.487781036168133
24.40000000000032,33,80,0,0.03,0.1,45.39509107516495,640.0,3.0,24.382512218964152,17.487781036168133
24.424999999999635,47,80,1,0.022500000000000003,0.1,47.27855776211388,640.0,4.0,24.40751221896347,17.487781036168133
24.433333333333653,45,80,0,0.03,0.1,58.57268701257032,640.0,3.0,24.415845552297487,17.487781036168133
24.449999999999633,65,80,1,0.022500000000000003,0.1,65.3784517490559,640.0,4.0,24.432512218963467,17.487781036168133
24.46666666666699,36,80,0,0.03,0.1,49.69642904508722,640.0,3.0,24.449178885630822,17.487781036168133
24.474999999999632,48,80,1,0.022500000000000003,0.1,49.03682256116225,640.0,4.0,24.457512218963466,17.487781036168133
24.49999999999963,60,80,1,0.022500000000000003,0.1,61.250180822378695,640.0,4.0,24.482512218963464,17.487781036168133
24.500000000000323,43,80,0,0.03,0.1,55.03744106997041,640.0,3.0,24.482512218964157,17.487781036168133
24.53333333333366,41,80,0,0.03,0.1,54.70571947994057,640.0,3.0,24.515845552297492,17.487781036168133
24.549999999999628,36,80,1,0.022500000000000003,0.1,37.048237407557416,640.0,4.0,24.53251221896346,17.487781036168133
24.574999999999626,55,80,1,0.022500000000000003,0.1,55.099939972954004,640.0,4.0,24.55751221896346,17.487781036168133
24.599999999999625,57,80,1,0.022500000000000003,0.1,58.4162694876821,640.0,4.0,24.58251221896346,17.487781036168133
24.60000000000033,31,80,0,0.03,0.1,43.934267238740546,640.0,3.0,24.582512218964162,17.487781036168133
24.624999999999623,53,80,1,0.022500000000000003,0.1,54.909699921733065,640.0,4.0,24.607512218963457,17.487781036168133
24.633333333333663,45,80,0,0.03,0.1,58.36602007656717,640.0,3.0,24.615845552297497,17.487781036168133
24.649999999999622,43,80,1,0.022500000000000003,0.1,44.84440885475124,640.0,4.0,24.632512218963456,17.487781036168133
24.666666666667,40,80,0,0.03,0.1,52.82422224835443,640.0,3.0,24.649178885630832,17.487781036168133
24.67499999999962,53,80,1,0.022500000000000003,0.1,54.881292004721445,640.0,4.0,24.657512218963454,17.487781036168133
24.69999999999962,62,80,1,0.022500000000000003,0.1,63.44697283303339,640.0,4.0,24.682512218963453,17.487781036168133
24.700000000000333,21,80,0,0.03,0.1,22.503056767970968,640.0,3.0,24.682512218964167,17.487781036168133
24.724999999999618,59,80,1,0.022500000000000003,0.1,59.42536921443153,640.0,4.0,24.70751221896345,17.487781036168133
24.73333333333367,74,80,0,0.03,0.1,86.27804191362128,640.0,3.0,24.715845552297502,17.487781036168133
24.749999999999616,62,80,1,0.022500000000000003,0.1,62.336013191669934,640.0,4.0,24.73251221896345,17.487781036168133
24.766666666667003,60,80,0,0.03,0.1,73.93625157397341,640.0,3.0,24.749178885630837,17.487781036168133
24.774999999999615,50,80,1,0.022500000000000003,0.1,51.422525434185815,640.0,4.0,24.75751221896345,17.487781036168133
24.799999999999613,74,80,1,0.022500000000000003,0.1,74.99798930836684,640.0,4.0,24.782512218963447,17.487781036168133
24.800000000000338,43,80,0,0.03,0.1,55.18335072096005,640.0,3.0,24.782512218964172,17.487781036168133
24.833333333333673,48,80,0,0.03,0.1,60.24088383667966,640.0,3.0,24.815845552297507,17.487781036168133
24.84999999999961,65,80,1,0.022500000000000003,0.1,66.24077180271,640.0,4.0,24.832512218963444,17.487781036168133
24.866666666667008,33,80,0,0.03,0.1,45.00282435433521,640.0,3.0,24.84917888563084,17.487781036168133
24.87499999999961,74,80,1,0.022500000000000003,0.1,75.1282059898875,640.0,4.0,24.857512218963443,17.487781036168133
24.899999999999608,65,80,1,0.022500000000000003,0.1,66.15562358718586,640.0,4.0,24.88251221896344,17.487781036168133
24.900000000000343,69,80,0,0.03,0.1,81.70525283597908,640.0,3.0,24.882512218964177,17.487781036168133
24.924999999999606,57,80,1,0.022500000000000003,0.1,57.40768989357018,640.0,4.0,24.90751221896344,17.487781036168133
24.933333333333678,72,80,0,0.03,0.1,84.28529529309583,640.0,3.0,24.91584555229751,17.487781036168133
24.949999999999605,53,80,1,0.022500000000000003,0.1,53.237797802713864,640.0,4.0,24.93251221896344,17.487781036168133
24.966666666667013,50,80,0,0.03,0.1,62.005679721555516,640.0,3.0,24.949178885630847,17.487781036168133
24.999999999999602,41,80,1,0.022500000000000003,0.1,41.785920956650585,640.0,4.0,24.982512218963436,17.487781036168133
25.000000000000348,60,80,0,0.03,0.1,73.1011922455724,640.0,3.0,24.98251221896418,17.487781036168133
25.0249999999996,47,80,1,0.022500000000000003,0.1,47.582409467140565,640.0,4.0,25.007512218963434,17.487781036168133
25.033333333333683,50,80,0,0.03,0.1,62.24367077035423,640.0,3.0,25.015845552297517,17.487781036168133
25.0499999999996,53,80,1,0.022500000000000003,0.1,54.91126060170596,640.0,4.0,25.032512218963433,17.487781036168133
25.066666666667018,29,80,0,0.03,0.1,42.889914382388085,640.0,3.0,25.04917888563085,17.487781036168133
25.074999999999598,74,80,1,0.022500000000000003,0.1,75.84196809615358,640.0,4.0,25.05751221896343,17.487781036168133
25.099999999999596,64,80,1,0.022500000000000003,0.1,64.86102574132347,640.0,4.0,25.08251221896343,17.487781036168133
25.100000000000353,41,80,0,0.03,0.1,54.728660877265185,640.0,3.0,25.082512218964187,17.487781036168133
25.124999999999595,47,80,1,0.022500000000000003,0.1,47.60901429106886,640.0,4.0,25.10751221896343,17.487781036168133
25.133333333333688,48,80,0,0.03,0.1,61.68867797468105,640.0,3.0,25.11584555229752,17.487781036168133
25.149999999999594,55,80,1,0.022500000000000003,0.1,56.028061371073235,640.0,4.0,25.132512218963427,17.487781036168133
25.166666666667023,41,80,0,0.03,0.1,54.18178920008391,640.0,3.0,25.149178885630857,17.487781036168133
25.174999999999592,52,80,1,0.022500000000000003,0.1,52.13666375556743,640.0,4.0,25.157512218963426,17.487781036168133
25.19999999999959,50,80,1,0.022500000000000003,0.1,50.91470089941075,640.0,4.0,25.182512218963424,17.487781036168133
25.200000000000358,45,80,0,0.03,0.1,57.20123804883154,640.0,3.0,25.18251221896419,17.487781036168133
25.22499999999959,72,80,1,0.022500000000000003,0.1,72.52978634952677,640.0,4.0,25.207512218963423,17.487781036168133
25.249999999999588,41,80,1,0.022500000000000003,0.1,42.44168794542713,640.0,4.0,25.23251221896342,17.487781036168133
25.266666666667028,45,80,0,0.03,0.1,58.964755227322094,640.0,3.0,25.24917888563086,17.487781036168133
25.274999999999586,79,80,1,0.022500000000000003,0.1,80.59239495339997,640.0,4.0,25.25751221896342,17.487781036168133
25.299999999999585,69,80,1,0.022500000000000003,0.1,70.60134003436318,640.0,4.0,25.28251221896342,17.487781036168133
25.300000000000363,48,80,0,0.03,0.1,60.668908678367785,640.0,3.0,25.282512218964197,17.487781036168133
25.324999999999584,72,80,1,0.022500000000000003,0.1,73.96302938372733,640.0,4.0,25.307512218963417,17.487781036168133
25.333333333333698,33,80,0,0.03,0.1,46.42425515012351,640.0,3.0,25.31584555229753,17.487781036168133
25.349999999999582,53,80,1,0.022500000000000003,0.1,54.074374246076694,640.0,4.0,25.332512218963416,17.487781036168133
25.366666666667033,38,80,0,0.03,0.1,50.822193291162414,640.0,3.0,25.349178885630867,17.487781036168133
25.37499999999958,57,80,1,0.022500000000000003,0.1,58.0807587957874,640.0,4.0,25.357512218963414,17.487781036168133
25.39999999999958,41,80,1,0.022500000000000003,0.1,41.65565677408368,640.0,4.0,25.382512218963413,17.487781036168133
25.400000000000368,31,80,0,0.03,0.1,43.55732139904039,640.0,3.0,25.3825122189642,17.487781036168133
25.424999999999578,53,80,1,0.022500000000000003,0.1,53.28432118954492,640.0,4.0,25.40751221896341,17.487781036168133
25.433333333333703,60,80,0,0.03,0.1,72.51603903598337,640.0,3.0,25.415845552297537,17.487781036168133
25.449999999999577,65,80,1,0.022500000000000003,0.1,66.31878204983234,640.0,4.0,25.43251221896341,17.487781036168133
25.466666666667038,21,80,0,0.03,0.1,33.047719144443846,640.0,3.0,25.44917888563087,17.487781036168133
25.474999999999575,76,80,1,0.022500000000000003,0.1,76.58960719080187,640.0,4.0,25.45751221896341,17.487781036168133
25.499999999999574,45,80,1,0.022500000000000003,0.1,45.82839274492862,640.0,4.0,25.482512218963407,17.487781036168133
25.500000000000373,62,80,0,0.03,0.1,74.76595639445665,640.0,3.0,25.482512218964207,17.487781036168133
25.524999999999572,55,80,1,0.022500000000000003,0.1,55.3215240065886,640.0,4.0,25.507512218963406,17.487781036168133
25.533333333333708,65,80,0,0.03,0.1,77.7452722849644,640.0,3.0,25.51584555229754,17.487781036168133
25.54999999999957,57,80,1,0.022500000000000003,0.1,58.06336998102371,640.0,4.0,25.532512218963404,17.487781036168133
25.566666666667043,43,80,0,0.03,0.1,56.13208848662244,640.0,3.0,25.549178885630877,17.487781036168133
25.57499999999957,41,80,1,0.022500000000000003,0.1,42.133898211936184,640.0,4.0,25.557512218963403,17.487781036168133
25.599999999999568,67,80,1,0.022500000000000003,0.1,67.56927029450752,640.0,4.0,25.5825122189634,17.487781036168133
25.600000000000378,21,80,0,0.03,0.1,26.679845275810578,640.0,3.0,25.58251221896421,17.487781036168133
25.624999999999567,50,80,1,0.022500000000000003,0.1,50.73292375369461,640.0,4.0,25.6075122189634,17.487781036168133
25.633333333333713,43,80,0,0.03,0.1,55.37522480681868,640.0,3.0,25.615845552297547,17.487781036168133
25.649999999999565,57,80,1,0.022500000000000003,0.1,57.499003504934095,640.0,4.0,25.6325122189634,17.487781036168133
25.666666666667048,47,80,0,0.03,0.1,59.17844273550311,640.0,3.0,25.64917888563088,17.487781036168133
25.674999999999564,53,80,1,0.022500000000000003,0.1,54.215048039527964,640.0,4.0,25.657512218963397,17.487781036168133
25.699999999999562,48,80,1,0.022500000000000003,0.1,49.89646712678817,640.0,4.0,25.682512218963396,17.487781036168133
25.700000000000383,35,80,0,0.03,0.1,47.06434278490991,640.0,3.0,25.682512218964217,17.487781036168133
25.72499999999956,59,80,1,0.022500000000000003,0.1,59.9098241858489,640.0,4.0,25.707512218963394,17.487781036168133
25.733333333333718,41,80,0,0.03,0.1,53.40520455925449,640.0,3.0,25.71584555229755,17.487781036168133
25.74999999999956,57,80,1,0.022500000000000003,0.1,57.240197394329314,640.0,4.0,25.732512218963393,17.487781036168133
25.766666666667053,67,80,0,0.03,0.1,79.5864985454509,640.0,3.0,25.749178885630887,17.487781036168133
25.774999999999558,55,80,1,0.022500000000000003,0.1,55.24021910683308,640.0,4.0,25.75751221896339,17.487781036168133
25.799999999999557,50,80,1,0.022500000000000003,0.1,50.67569124249161,640.0,4.0,25.78251221896339,17.487781036168133
25.824999999999555,64,80,1,0.022500000000000003,0.1,64.08991578602183,640.0,4.0,25.80751221896339,17.487781036168133
25.833333333333723,36,80,0,0.03,0.1,48.16557933596032,640.0,3.0,25.815845552297557,17.487781036168133
25.849999999999554,81,80,1,0.022500000000000003,0.1,81.16630103670124,640.0,4.0,25.832512218963387,17.487781036168133
25.866666666667058,26,80,0,0.03,0.1,39.55073062917847,640.0,3.0,25.84917888563089,17.487781036168133
25.874999999999552,60,80,1,0.022500000000000003,0.1,61.790556580340834,640.0,4.0,25.857512218963386,17.487781036168133
25.89999999999955,72,80,1,0.022500000000000003,0.1,72.75031315086245,640.0,4.0,25.882512218963384,17.487781036168133
25.900000000000393,43,80,0,0.03,0.1,55.81417833459493,640.0,3.0,25.882512218964226,17.487781036168133
25.92499999999955,41,80,1,0.022500000000000003,0.1,42.20515935803567,640.0,4.0,25.907512218963383,17.487781036168133
25.933333333333728,45,80,0,0.03,0.1,57.26775322431439,640.0,3.0,25.91584555229756,17.487781036168133
25.949999999999548,62,80,1,0.022500000000000003,0.1,62.01934642296025,640.0,4.0,25.93251221896338,17.487781036168133
25.966666666667063,53,80,0,0.03,0.1,66.35134959825045,640.0,3.0,25.949178885630896,17.487781036168133
25.999999999999545,41,80,1,0.022500000000000003,0.1,41.095360927591656,640.0,4.0,25.98251221896338,17.487781036168133
26.024999999999544,50,80,1,0.022500000000000003,0.1,50.536045984524335,640.0,4.0,26.007512218963377,17.487781036168133
26.033333333333733,53,80,0,0.03,0.1,66.54719456463182,640.0,3.0,26.015845552297566,17.487781036168133
26.049999999999542,74,80,1,0.022500000000000003,0.1,75.25631148049374,640.0,4.0,26.032512218963376,17.487781036168133
26.066666666667068,72,80,0,0.03,0.1,84.76997171277094,640.0,3.0,26.0491788856309,17.487781036168133
26.09999999999954,62,80,1,0.022500000000000003,0.1,63.110460442296315,640.0,4.0,26.082512218963373,17.487781036168133
26.100000000000403,57,80,0,0.03,0.1,70.43841308728656,640.0,3.0,26.082512218964236,17.487781036168133
26.124999999999538,40,80,1,0.022500000000000003,0.1,40.38143283340888,640.0,4.0,26.10751221896337,17.487781036168133
26.133333333333738,47,80,0,0.03,0.1,59.38446710616611,640.0,3.0,26.11584555229757,17.487781036168133
26.149999999999537,57,80,1,0.022500000000000003,0.1,57.48760766223441,640.0,4.0,26.13251221896337,17.487781036168133
26.166666666667073,45,80,0,0.03,0.1,57.655673970517825,640.0,3.0,26.149178885630906,17.487781036168133
26.174999999999535,62,80,1,0.022500000000000003,0.1,63.86176011394222,640.0,4.0,26.15751221896337,17.487781036168133
26.200000000000408,43,80,0,0.03,0.1,55.43458388249765,640.0,3.0,26.18251221896424,17.487781036168133
26.224999999999532,36,80,1,0.022500000000000003,0.1,36.39944213144645,640.0,4.0,26.207512218963366,17.487781036168133
26.233333333333743,62,80,0,0.03,0.1,75.11220367938745,640.0,3.0,26.215845552297576,17.487781036168133
26.24999999999953,48,80,1,0.022500000000000003,0.1,48.60393154534564,640.0,4.0,26.232512218963365,17.487781036168133
26.266666666667078,38,80,0,0.03,0.1,51.97038789182332,640.0,3.0,26.24917888563091,17.487781036168133
26.27499999999953,59,80,1,0.022500000000000003,0.1,59.179804618896426,640.0,4.0,26.257512218963363,17.487781036168133
26.299999999999528,65,80,1,0.022500000000000003,0.1,66.86452364182003,640.0,4.0,26.28251221896336,17.487781036168133
26.300000000000413,48,80,0,0.03,0.1,60.578850675199774,640.0,3.0,26.282512218964246,17.487781036168133
26.324999999999527,31,80,1,0.022500000000000003,0.1,31.889563889920684,640.0,4.0,26.30751221896336,17.487781036168133
26.349999999999525,57,80,1,0.022500000000000003,0.1,57.92481311385781,640.0,4.0,26.33251221896336,17.487781036168133
26.366666666667083,41,80,0,0.03,0.1,53.57716233201239,640.0,3.0,26.349178885630916,17.487781036168133
26.374999999999524,60,80,1,0.022500000000000003,0.1,61.83102425445059,640.0,4.0,26.357512218963357,17.487781036168133
26.399999999999523,69,80,1,0.022500000000000003,0.1,70.87503345300753,640.0,4.0,26.382512218963356,17.487781036168133
26.400000000000418,29,80,0,0.03,0.1,42.43244098708351,640.0,3.0,26.38251221896425,17.487781036168133
26.42499999999952,67,80,1,0.022500000000000003,0.1,68.86857707823918,640.0,4.0,26.407512218963355,17.487781036168133
26.433333333333753,52,80,0,0.03,0.1,64.13407364630615,640.0,3.0,26.415845552297586,17.487781036168133
26.466666666667088,47,80,0,0.03,0.1,59.21914916025109,640.0,3.0,26.44917888563092,17.487781036168133
26.47499999999952,48,80,1,0.022500000000000003,0.1,49.76076151421524,640.0,4.0,26.457512218963352,17.487781036168133
26.499999999999517,35,80,1,0.022500000000000003,0.1,35.57757264482166,640.0,4.0,26.48251221896335,17.487781036168133
26.500000000000423,53,80,0,0.03,0.1,66.4030780087881,640.0,3.0,26.482512218964256,17.487781036168133
26.533333333333758,41,80,0,0.03,0.1,53.16991607757866,640.0,3.0,26.51584555229759,17.487781036168133
26.549999999999514,72,80,1,0.022500000000000003,0.1,72.82088736266957,640.0,4.0,26.532512218963348,17.487781036168133
26.566666666667093,62,80,0,0.03,0.1,75.62651262480702,640.0,3.0,26.549178885630926,17.487781036168133
26.574999999999513,77,80,1,0.022500000000000003,0.1,77.83621795231272,640.0,4.0,26.557512218963346,17.487781036168133
26.59999999999951,69,80,1,0.022500000000000003,0.1,69.09502850941165,640.0,4.0,26.582512218963345,17.487781036168133
26.600000000000428,36,80,0,0.03,0.1,48.77729560048839,640.0,3.0,26.58251221896426,17.487781036168133
26.62499999999951,65,80,1,0.022500000000000003,0.1,65.4955625318622,640.0,4.0,26.607512218963343,17.487781036168133
26.64999999999951,64,80,1,0.022500000000000003,0.1,64.85938749934036,640.0,4.0,26.632512218963342,17.487781036168133
26.666666666667098,24,80,0,0.03,0.1,37.630252674198246,640.0,3.0,26.64917888563093,17.487781036168133
26.674999999999507,52,80,1,0.022500000000000003,0.1,52.881680041462005,640.0,4.0,26.65751221896334,17.487781036168133
26.699999999999505,57,80,1,0.022500000000000003,0.1,58.335228242513665,640.0,4.0,26.68251221896334,17.487781036168133
26.700000000000433,53,80,0,0.03,0.1,65.5650568263282,640.0,3.0,26.682512218964266,17.487781036168133
26.724999999999504,81,80,1,0.022500000000000003,0.1,81.36408993057704,640.0,4.0,26.707512218963338,17.487781036168133
26.749999999999503,47,80,1,0.022500000000000003,0.1,47.93525752586398,640.0,4.0,26.732512218963336,17.487781036168133
26.766666666667103,36,80,0,0.03,0.1,49.816869530356705,640.0,3.0,26.749178885630936,17.487781036168133
26.7749999999995,79,80,1,0.022500000000000003,0.1,80.6691685210861,640.0,4.0,26.757512218963335,17.487781036168133
26.7999999999995,55,80,1,0.022500000000000003,0.1,55.87803962250165,640.0,4.0,26.782512218963333,17.487781036168133
26.800000000000438,53,80,0,0.03,0.1,65.43224240462096,640.0,3.0,26.78251221896427,17.487781036168133
26.8249999999995,76,80,1,0.022500000000000003,0.1,76.965530996417,640.0,4.0,26.807512218963332,17.487781036168133
26.833333333333773,64,80,0,0.03,0.1,76.37783897293004,640.0,3.0,26.815845552297606,17.487781036168133
26.849999999999497,41,80,1,0.022500000000000003,0.1,41.99276787843151,640.0,4.0,26.83251221896333,17.487781036168133
26.866666666667108,21,80,0,0.03,0.1,31.624718856267975,640.0,3.0,26.84917888563094,17.487781036168133
26.874999999999496,67,80,1,0.022500000000000003,0.1,67.4995737749075,640.0,4.0,26.85751221896333,17.487781036168133
26.899999999999494,50,80,1,0.022500000000000003,0.1,50.56934225987044,640.0,4.0,26.882512218963328,17.487781036168133
26.900000000000443,53,80,0,0.03,0.1,66.43513353588243,640.0,3.0,26.882512218964276,17.487781036168133
26.924999999999493,41,80,1,0.022500000000000003,0.1,41.8845799433704,640.0,4.0,26.907512218963326,17.487781036168133
26.933333333333778,21,80,0,0.03,0.1,28.086133499775006,640.0,3.0,26.91584555229761,17.487781036168133
26.94999999999949,62,80,1,0.022500000000000003,0.1,62.7972357428601,640.0,4.0,26.932512218963325,17.487781036168133
26.966666666667113,35,80,0,0.03,0.1,47.63949051490294,640.0,3.0,26.949178885630946,17.487781036168133
26.97499999999949,72,80,1,0.022500000000000003,0.1,72.9212388940284,640.0,4.0,26.957512218963323,17.487781036168133
26.99999999999949,48,80,1,0.022500000000000003,0.1,49.18474958600325,640.0,4.0,26.982512218963322,17.487781036168133
27.000000000000448,67,80,0,0.03,0.1,80.85332947073209,640.0,3.0,26.98251221896428,17.487781036168133
27.024999999999487,40,80,1,0.022500000000000003,0.1,40.81259570613246,640.0,4.0,27.00751221896332,17.487781036168133
27.049999999999486,57,80,1,0.022500000000000003,0.1,58.824387016512574,640.0,4.0,27.03251221896332,17.487781036168133
27.066666666667118,31,80,0,0.03,0.1,44.97433645556515,640.0,3.0,27.04917888563095,17.487781036168133
27.099999999999483,67,80,1,0.022500000000000003,0.1,67.01849123269758,640.0,4.0,27.082512218963316,17.487781036168133
27.100000000000453,45,80,0,0.03,0.1,57.46639706899607,640.0,3.0,27.082512218964286,17.487781036168133
27.12499999999948,72,80,1,0.022500000000000003,0.1,72.15481051346545,640.0,4.0,27.107512218963315,17.487781036168133
27.133333333333788,74,80,0,0.03,0.1,86.46920112849347,640.0,3.0,27.11584555229762,17.487781036168133
27.14999999999948,59,80,1,0.022500000000000003,0.1,59.239485679712075,640.0,4.0,27.132512218963313,17.487781036168133
27.166666666667123,24,80,0,0.03,0.1,36.554467235762864,640.0,3.0,27.149178885630956,17.487781036168133
27.17499999999948,83,80,1,0.022500000000000003,0.1,83.75044242936657,640.0,4.0,27.157512218963312,17.487781036168133
27.199999999999477,62,80,1,0.022500000000000003,0.1,62.87020473005173,640.0,4.0,27.18251221896331,17.487781036168133
27.200000000000458,33,80,0,0.03,0.1,46.54323313101639,640.0,3.0,27.18251221896429,17.487781036168133
27.224999999999476,55,80,1,0.022500000000000003,0.1,55.56574072311169,640.0,4.0,27.20751221896331,17.487781036168133
27.233333333333793,67,80,0,0.03,0.1,79.16712554469922,640.0,3.0,27.215845552297626,17.487781036168133
27.249999999999474,38,80,1,0.022500000000000003,0.1,39.3719378034838,640.0,4.0,27.232512218963308,17.487781036168133
27.266666666667128,71,80,0,0.03,0.1,83.77858999728298,640.0,3.0,27.24917888563096,17.487781036168133
27.274999999999473,55,80,1,0.022500000000000003,0.1,56.63795813995306,640.0,4.0,27.257512218963306,17.487781036168133
27.300000000000463,45,80,0,0.03,0.1,58.676080329084364,640.0,3.0,27.282512218964296,17.487781036168133
27.32499999999947,72,80,1,0.022500000000000003,0.1,72.29190139240282,640.0,4.0,27.307512218963303,17.487781036168133
27.333333333333798,31,80,0,0.03,0.1,44.14012540765898,640.0,3.0,27.31584555229763,17.487781036168133
27.34999999999947,65,80,1,0.022500000000000003,0.1,65.91979038805573,640.0,4.0,27.332512218963302,17.487781036168133
27.366666666667133,74,80,0,0.03,0.1,86.82679682315724,640.0,3.0,27.349178885630966,17.487781036168133
27.374999999999467,43,80,1,0.022500000000000003,0.1,44.9040752431025,640.0,4.0,27.3575122189633,17.487781036168133
27.399999999999466,62,80,1,0.022500000000000003,0.1,62.20485614606128,640.0,4.0,27.3825122189633,17.487781036168133
27.400000000000468,67,80,0,0.03,0.1,80.40886261438972,640.0,3.0,27.3825122189643,17.487781036168133
27.433333333333803,55,80,0,0.03,0.1,68.69052144335659,640.0,3.0,27.415845552297636,17.487781036168133
27.449999999999463,79,80,1,0.022500000000000003,0.1,79.55880140016426,640.0,4.0,27.432512218963296,17.487781036168133
27.466666666667138,36,80,0,0.03,0.1,49.601249933601025,640.0,3.0,27.44917888563097,17.487781036168133
27.47499999999946,71,80,1,0.022500000000000003,0.1,71.36005078289996,640.0,4.0,27.457512218963295,17.487781036168133
27.49999999999946,69,80,1,0.022500000000000003,0.1,69.73883717518692,640.0,4.0,27.482512218963294,17.487781036168133
27.500000000000473,47,80,0,0.03,0.1,59.37242443727313,640.0,3.0,27.482512218964306,17.487781036168133
27.52499999999946,60,80,1,0.022500000000000003,0.1,60.7691007310741,640.0,4.0,27.507512218963292,17.487781036168133
27.533333333333808,45,80,0,0.03,0.1,57.947390962626166,640.0,3.0,27.51584555229764,17.487781036168133
27.549999999999457,64,80,1,0.022500000000000003,0.1,64.97039366942016,640.0,4.0,27.53251221896329,17.487781036168133
27.566666666667142,52,80,0,0.03,0.1,64.2348966990794,640.0,3.0,27.549178885630976,17.487781036168133
27.574999999999456,74,80,1,0.022500000000000003,0.1,75.99366272903883,640.0,4.0,27.55751221896329,17.487781036168133
27.599999999999454,41,80,1,0.022500000000000003,0.1,42.94044931226048,640.0,4.0,27.582512218963288,17.487781036168133
27.600000000000477,65,80,0,0.03,0.1,78.5728184080811,640.0,3.0,27.58251221896431,17.487781036168133
27.624999999999453,55,80,1,0.022500000000000003,0.1,55.52717661162296,640.0,4.0,27.607512218963286,17.487781036168133
27.633333333333812,59,80,0,0.03,0.1,71.25653812655877,640.0,3.0,27.615845552297646,17.487781036168133
27.64999999999945,50,80,1,0.022500000000000003,0.1,50.11112001592012,640.0,4.0,27.632512218963285,17.487781036168133
27.666666666667147,33,80,0,0.03,0.1,46.20958621459509,640.0,3.0,27.64917888563098,17.487781036168133
27.67499999999945,64,80,1,0.022500000000000003,0.1,64.85315991969439,640.0,4.0,27.657512218963284,17.487781036168133
27.69999999999945,74,80,1,0.022500000000000003,0.1,75.74684384833009,640.0,4.0,27.682512218963282,17.487781036168133
27.700000000000482,65,80,0,0.03,0.1,77.61915456025008,640.0,3.0,27.682512218964316,17.487781036168133
27.724999999999447,52,80,1,0.022500000000000003,0.1,52.35872912997026,640.0,4.0,27.70751221896328,17.487781036168133
27.749999999999446,29,80,1,0.022500000000000003,0.1,29.404104096391194,640.0,4.0,27.73251221896328,17.487781036168133
27.766666666667152,55,80,0,0.03,0.1,68.79444218699413,640.0,3.0,27.749178885630986,17.487781036168133
27.774999999999444,53,80,1,0.022500000000000003,0.1,54.72357446368678,640.0,4.0,27.757512218963278,17.487781036168133
27.799999999999443,71,80,1,0.022500000000000003,0.1,71.69246376982281,640.0,4.0,27.782512218963276,17.487781036168133
27.800000000000487,65,80,0,0.03,0.1,78.77172299876612,640.0,3.0,27.78251221896432,17.487781036168133
27.833333333333822,33,80,0,0.03,0.1,45.771772806226544,640.0,3.0,27.815845552297656,17.487781036168133
27.84999999999944,65,80,1,0.022500000000000003,0.1,65.48078397197537,640.0,4.0,27.832512218963274,17.487781036168133
27.866666666667157,47,80,0,0.03,0.1,59.54143259255727,640.0,3.0,27.84917888563099,17.487781036168133
27.87499999999944,55,80,1,0.022500000000000003,0.1,56.41608573600666,640.0,4.0,27.857512218963272,17.487781036168133
27.899999999999437,43,80,1,0.022500000000000003,0.1,43.62840657638674,640.0,4.0,27.88251221896327,17.487781036168133
27.900000000000492,41,80,0,0.03,0.1,53.19738174260205,640.0,3.0,27.882512218964326,17.487781036168133
27.924999999999436,65,80,1,0.022500000000000003,0.1,66.59576731679319,640.0,4.0,27.90751221896327,17.487781036168133
27.933333333333827,26,80,0,0.03,0.1,39.931399355322164,640.0,3.0,27.91584555229766,17.487781036168133
27.949999999999434,48,80,1,0.022500000000000003,0.1,49.3211928315568,640.0,4.0,27.932512218963268,17.487781036168133
27.966666666667162,52,80,0,0.03,0.1,64.43788771334297,640.0,3.0,27.949178885630996,17.487781036168133
27.974999999999433,86,80,1,0.022500000000000003,0.1,87.95643818726984,640.0,4.0,27.957512218963267,17.487781036168133
27.99999999999943,67,80,1,0.022500000000000003,0.1,67.3024922669378,640.0,4.0,27.982512218963265,17.487781036168133
28.0,40,80,0,0.03,0.1,52.56770172730943,640.0,3.0,27.982512218963834,17.487781036168133
28.0,72,80,1,0.022500000000000003,0.1,73.25367573013689,640.0,4.0,27.982512218963834,17.487781036168133
28.025,48,80,1,0.022500000000000003,0.1,49.29840445311969,640.0,4.0,28.007512218963832,17.487781036168133
28.049999999999997,77,80,1,0.022500000000000003,0.1,78.23354651196092,640.0,4.0,28.03251221896383,17.487781036168133
28.06666666666667,45,80,0,0.03,0.1,58.81031415534607,640.0,3.0,28.049178885630504,17.487781036168133
28.074999999999996,57,80,1,0.022500000000000003,0.1,58.826162890942385,640.0,4.0,28.05751221896383,17.487781036168133
28.099999999999994,48,80,1,0.022500000000000003,0.1,48.63655025230668,640.0,4.0,28.082512218963828,17.487781036168133
28.100000000000005,43,80,0,0.03,0.1,56.9343753981216,640.0,3.0,28.08251221896384,17.487781036168133
28.124999999999993,72,80,1,0.022500000000000003,0.1,72.76969058457914,640.0,4.0,28.107512218963826,17.487781036168133
28.13333333333334,62,80,0,0.03,0.1,74.29547232678341,640.0,3.0,28.115845552297174,17.487781036168133
28.14999999999999,55,80,1,0.022500000000000003,0.1,56.329033782550155,640.0,4.0,28.132512218963825,17.487781036168133
28.166666666666675,50,80,0,0.03,0.1,62.386126972723794,640.0,3.0,28.14917888563051,17.487781036168133
28.17499999999999,69,80,1,0.022500000000000003,0.1,69.72179055982218,640.0,4.0,28.157512218963824,17.487781036168133
28.19999999999999,55,80,1,0.022500000000000003,0.1,56.26548950709073,640.0,4.0,28.182512218963822,17.487781036168133
28.20000000000001,38,80,0,0.03,0.1,50.63511374197084,640.0,3.0,28.182512218963844,17.487781036168133
28.224999999999987,59,80,1,0.022500000000000003,0.1,59.234225362817234,640.0,4.0,28.20751221896382,17.487781036168133
28.233333333333345,72,80,0,0.03,0.1,84.19764076999402,640.0,3.0,28.21584555229718,17.487781036168133
28.249999999999986,65,80,1,0.022500000000000003,0.1,66.31757061547893,640.0,4.0,28.23251221896382,17.487781036168133
28.26666666666668,48,80,0,0.03,0.1,60.63114664345885,640.0,3.0,28.249178885630513,17.487781036168133
28.274999999999984,62,80,1,0.022500000000000003,0.1,63.72348233715208,640.0,4.0,28.257512218963818,17.487781036168133
28.299999999999983,33,80,1,0.022500000000000003,0.1,34.457193210217746,640.0,4.0,28.282512218963817,17.487781036168133
28.300000000000015,57,80,0,0.03,0.1,69.84114785240187,640.0,3.0,28.28251221896385,17.487781036168133
28.32499999999998,45,80,1,0.022500000000000003,0.1,45.64808012679178,640.0,4.0,28.307512218963815,17.487781036168133
28.33333333333335,40,80,0,0.03,0.1,52.214700704707084,640.0,3.0,28.315845552297183,17.487781036168133
28.34999999999998,71,80,1,0.022500000000000003,0.1,71.89644780532244,640.0,4.0,28.332512218963814,17.487781036168133
28.366666666666685,52,80,0,0.03,0.1,64.6478800351299,640.0,3.0,28.34917888563052,17.487781036168133
28.37499999999998,57,80,1,0.022500000000000003,0.1,58.30865166206019,640.0,4.0,28.357512218963812,17.487781036168133
28.399999999999977,53,80,1,0.022500000000000003,0.1,53.2962393245258,640.0,4.0,28.38251221896381,17.487781036168133
28.40000000000002,50,80,0,0.03,0.1,63.9822078866329,640.0,3.0,28.382512218963853,17.487781036168133
28.424999999999976,41,80,1,0.022500000000000003,0.1,42.61025260470433,640.0,4.0,28.40751221896381,17.487781036168133
28.433333333333355,23,80,0,0.03,0.1,35.812489061169245,640.0,3.0,28.41584555229719,17.487781036168133
28.449999999999974,45,80,1,0.022500000000000003,0.1,46.17937508766914,640.0,4.0,28.432512218963808,17.487781036168133
28.46666666666669,72,80,0,0.03,0.1,85.7955214138962,640.0,3.0,28.449178885630523,17.487781036168133
28.474999999999973,33,80,1,0.022500000000000003,0.1,34.12097740848707,640.0,4.0,28.457512218963807,17.487781036168133
28.49999999999997,57,80,1,0.022500000000000003,0.1,58.70360680062038,640.0,4.0,28.482512218963805,17.487781036168133
28.500000000000025,64,80,0,0.03,0.1,76.52024909980861,640.0,3.0,28.48251221896386,17.487781036168133
28.52499999999997,52,80,1,0.022500000000000003,0.1,52.3399989685626,640.0,4.0,28.507512218963804,17.487781036168133
28.53333333333336,41,80,0,0.03,0.1,54.91589995333136,640.0,3.0,28.515845552297193,17.487781036168133
28.54999999999997,47,80,1,0.022500000000000003,0.1,47.62767499538796,640.0,4.0,28.532512218963802,17.487781036168133
28.566666666666695,33,80,0,0.03,0.1,45.89094732216505,640.0,3.0,28.54917888563053,17.487781036168133
28.574999999999967,59,80,1,0.022500000000000003,0.1,59.1280201578502,640.0,4.0,28.5575122189638,17.487781036168133
28.599999999999966,64,80,1,0.022500000000000003,0.1,64.65882407491505,640.0,4.0,28.5825122189638,17.487781036168133
28.60000000000003,52,80,0,0.03,0.1,64.44878865668547,640.0,3.0,28.582512218963863,17.487781036168133
28.624999999999964,86,80,1,0.022500000000000003,0.1,86.7929335322873,640.0,4.0,28.607512218963798,17.487781036168133
28.633333333333365,48,80,0,0.03,0.1,61.109730552504274,640.0,3.0,28.6158455522972,17.487781036168133
28.649999999999963,40,80,1,0.022500000000000003,0.1,40.647892229590866,640.0,4.0,28.632512218963797,17.487781036168133
28.6666666666667,52,80,0,0.03,0.1,64.55256254160933,640.0,3.0,28.649178885630533,17.487781036168133
28.67499999999996,74,80,1,0.022500000000000003,0.1,74.84007735424669,640.0,4.0,28.657512218963795,17.487781036168133
28.69999999999996,72,80,1,0.022500000000000003,0.1,72.45569998099292,640.0,4.0,28.682512218963794,17.487781036168133
28.700000000000035,50,80,0,0.03,0.1,62.45219067128435,640.0,3.0,28.68251221896387,17.487781036168133
28.73333333333337,53,80,0,0.03,0.1,66.47988466311585,640.0,3.0,28.715845552297203,17.487781036168133
28.749999999999957,62,80,1,0.022500000000000003,0.1,62.6014202187012,640.0,4.0,28.73251221896379,17.487781036168133
28.766666666666705,65,80,0,0.03,0.1,78.52551295221512,640.0,3.0,28.74917888563054,17.487781036168133
28.799999999999955,62,80,1,0.022500000000000003,0.1,62.37681382935986,640.0,4.0,28.782512218963788,17.487781036168133
28.80000000000004,55,80,0,0.03,0.1,67.27172102564667,640.0,3.0,28.782512218963873,17.487781036168133
28.824999999999953,79,80,1,0.022500000000000003,0.1,79.31687697157825,640.0,4.0,28.807512218963787,17.487781036168133
28.833333333333375,33,80,0,0.03,0.1,46.564409613952755,640.0,3.0,28.81584555229721,17.487781036168133
28.84999999999995,67,80,1,0.022500000000000003,0.1,67.7517597776808,640.0,4.0,28.832512218963785,17.487781036168133
28.86666666666671,65,80,0,0.03,0.1,77.44080451471939,640.0,3.0,28.849178885630543,17.487781036168133
28.89999999999995,53,80,1,0.022500000000000003,0.1,54.492040704580575,640.0,4.0,28.882512218963782,17.487781036168133
28.900000000000045,67,80,0,0.03,0.1,80.99986641265008,640.0,3.0,28.88251221896388,17.487781036168133
28.924999999999947,41,80,1,0.022500000000000003,0.1,41.00407468896851,640.0,4.0,28.90751221896378,17.487781036168133
28.93333333333338,88,80,0,0.03,0.1,100.34632620175469,640.0,3.0,28.915845552297213,17.487781036168133
28.949999999999946,57,80,1,0.022500000000000003,0.1,57.33160690508278,640.0,4.0,28.93251221896378,17.487781036168133
28.966666666666715,33,80,0,0.03,0.1,45.61927637453314,640.0,3.0,28.94917888563055,17.487781036168133
28.974999999999945,74,80,1,0.022500000000000003,0.1,75.44458438225811,640.0,4.0,28.957512218963778,17.487781036168133
28.999999999999943,40,80,1,0.022500000000000003,0.1,40.452251435652514,640.0,4.0,28.982512218963777,17.487781036168133
29.00000000000005,50,80,0,0.03,0.1,63.10888976832352,640.0,3.0,28.982512218963883,17.487781036168133
29.02499999999994,45,80,1,0.022500000000000003,0.1,46.494856087338306,640.0,4.0,29.007512218963775,17.487781036168133
29.033333333333385,21,80,0,0.03,0.1,33.349136599180966,640.0,3.0,29.01584555229722,17.487781036168133
29.04999999999994,60,80,1,0.022500000000000003,0.1,61.61622702379607,640.0,4.0,29.032512218963774,17.487781036168133
29.06666666666672,55,80,0,0.03,0.1,67.08030920165388,640.0,3.0,29.049178885630553,17.487781036168133
29.07499999999994,47,80,1,0.022500000000000003,0.1,47.39641875395504,640.0,4.0,29.057512218963772,17.487781036168133
29.099999999999937,48,80,1,0.022500000000000003,0.1,49.85569987692528,640.0,4.0,29.08251221896377,17.487781036168133
29.100000000000055,40,80,0,0.03,0.1,52.98303618346531,640.0,3.0,29.08251221896389,17.487781036168133
29.124999999999936,53,80,1,0.022500000000000003,0.1,54.57793815387933,640.0,4.0,29.10751221896377,17.487781036168133
29.13333333333339,72,80,0,0.03,0.1,84.62010617375941,640.0,3.0,29.115845552297223,17.487781036168133
29.149999999999935,41,80,1,0.022500000000000003,0.1,42.52009722636609,640.0,4.0,29.132512218963768,17.487781036168133
29.166666666666725,38,80,0,0.03,0.1,50.08492838376215,640.0,3.0,29.14917888563056,17.487781036168133
29.174999999999933,47,80,1,0.022500000000000003,0.1,47.53124036843049,640.0,4.0,29.157512218963767,17.487781036168133
29.199999999999932,69,80,1,0.022500000000000003,0.1,69.00387733487756,640.0,4.0,29.182512218963765,17.487781036168133
29.20000000000006,26,80,0,0.03,0.1,38.37845711401905,640.0,3.0,29.182512218963893,17.487781036168133
29.22499999999993,43,80,1,0.022500000000000003,0.1,43.265666787443664,640.0,4.0,29.207512218963764,17.487781036168133
29.233333333333395,41,80,0,0.03,0.1,53.967824119007744,640.0,3.0,29.21584555229723,17.487781036168133
29.24999999999993,38,80,1,0.022500000000000003,0.1,39.54723667846608,640.0,4.0,29.232512218963763,17.487781036168133
29.26666666666673,21,80,0,0.03,0.1,34.71375652842064,640.0,3.0,29.249178885630563,17.487781036168133
29.274999999999928,50,80,1,0.022500000000000003,0.1,51.935680261966155,640.0,4.0,29.25751221896376,17.487781036168133
29.299999999999926,69,80,1,0.022500000000000003,0.1,69.36903043212602,640.0,4.0,29.28251221896376,17.487781036168133
29.300000000000065,57,80,0,0.03,0.1,69.61407301769357,640.0,3.0,29.282512218963898,17.487781036168133
29.3333333333334,21,80,0,0.03,0.1,33.566937007919094,640.0,3.0,29.315845552297233,17.487781036168133
29.349999999999923,53,80,1,0.022500000000000003,0.1,54.053362200120084,640.0,4.0,29.332512218963757,17.487781036168133
29.366666666666735,48,80,0,0.03,0.1,60.364257039144434,640.0,3.0,29.349178885630568,17.487781036168133
29.374999999999922,60,80,1,0.022500000000000003,0.1,60.56779260819977,640.0,4.0,29.357512218963755,17.487781036168133
29.39999999999992,36,80,1,0.022500000000000003,0.1,37.65494485939645,640.0,4.0,29.382512218963754,17.487781036168133
29.40000000000007,21,80,0,0.03,0.1,33.40400870584068,640.0,3.0,29.382512218963903,17.487781036168133
29.42499999999992,65,80,1,0.022500000000000003,0.1,66.33223236832042,640.0,4.0,29.407512218963753,17.487781036168133
29.433333333333405,43,80,0,0.03,0.1,55.900188101930986,640.0,3.0,29.415845552297238,17.487781036168133
29.449999999999918,64,80,1,0.022500000000000003,0.1,64.90796840196664,640.0,4.0,29.43251221896375,17.487781036168133
29.46666666666674,69,80,0,0.03,0.1,81.03524039429803,640.0,3.0,29.449178885630573,17.487781036168133
29.474999999999916,53,80,1,0.022500000000000003,0.1,54.760851531574765,640.0,4.0,29.45751221896375,17.487781036168133
29.499999999999915,72,80,1,0.022500000000000003,0.1,72.87583375099413,640.0,4.0,29.48251221896375,17.487781036168133
29.500000000000075,52,80,0,0.03,0.1,64.61629301037817,640.0,3.0,29.482512218963908,17.487781036168133
29.524999999999913,45,80,1,0.022500000000000003,0.1,45.568049933401106,640.0,4.0,29.507512218963747,17.487781036168133
29.53333333333341,36,80,0,0.03,0.1,48.947281856448846,640.0,3.0,29.515845552297243,17.487781036168133
29.549999999999912,74,80,1,0.022500000000000003,0.1,74.43723511364568,640.0,4.0,29.532512218963745,17.487781036168133
29.566666666666745,47,80,0,0.03,0.1,59.60059534157973,640.0,3.0,29.549178885630578,17.487781036168133
29.57499999999991,60,80,1,0.022500000000000003,0.1,61.977518919619214,640.0,4.0,29.557512218963744,17.487781036168133
29.59999999999991,55,80,1,0.022500000000000003,0.1,55.69212684955938,640.0,4.0,29.582512218963743,17.487781036168133
29.60000000000008,48,80,0,0.03,0.1,60.23061596216892,640.0,3.0,29.582512218963913,17.487781036168133
29.624999999999908,59,80,1,0.022500000000000003,0.1,59.74561746728561,640.0,4.0,29.60751221896374,17.487781036168133
29.633333333333415,53,80,0,0.03,0.1,66.04966842679559,640.0,3.0,29.615845552297248,17.487781036168133
29.649999999999906,57,80,1,0.022500000000000003,0.1,58.62701099761995,640.0,4.0,29.63251221896374,17.487781036168133
29.66666666666675,29,80,0,0.03,0.1,42.504212950005424,640.0,3.0,29.649178885630583,17.487781036168133
29.674999999999905,74,80,1,0.022500000000000003,0.1,75.61962107414678,640.0,4.0,29.65751221896374,17.487781036168133
29.699999999999903,45,80,1,0.022500000000000003,0.1,46.218507168371026,640.0,4.0,29.682512218963737,17.487781036168133
29.700000000000085,55,80,0,0.03,0.1,67.58486110524584,640.0,3.0,29.682512218963918,17.487781036168133
29.724999999999902,50,80,1,0.022500000000000003,0.1,50.23975373892354,640.0,4.0,29.707512218963736,17.487781036168133
29.73333333333342,21,80,0,0.03,0.1,25.383787115484473,640.0,3.0,29.715845552297253,17.487781036168133
29.7499999999999,72,80,1,0.022500000000000003,0.1,73.26467701852775,640.0,4.0,29.732512218963734,17.487781036168133
29.766666666666755,38,80,0,0.03,0.1,51.93747772974323,640.0,3.0,29.749178885630588,17.487781036168133
29.7749999999999,52,80,1,0.022500000000000003,0.1,52.377152829646604,640.0,4.0,29.757512218963733,17.487781036168133
29.799999999999898,71,80,1,0.022500000000000003,0.1,71.52682338984437,640.0,4.0,29.78251221896373,17.487781036168133
29.80000000000009,41,80,0,0.03,0.1,53.750094816620226,640.0,3.0,29.782512218963923,17.487781036168133
29.824999999999896,81,80,1,0.022500000000000003,0.1,81.75278058251149,640.0,4.0,29.80751221896373,17.487781036168133
29.833333333333425,55,80,0,0.03,0.1,68.10658337371186,640.0,3.0,29.815845552297258,17.487781036168133
29.849999999999895,53,80,1,0.022500000000000003,0.1,54.85702365514709,640.0,4.0,29.83251221896373,17.487781036168133
29.86666666666676,48,80,0,0.03,0.1,60.28967491426393,640.0,3.0,29.849178885630593,17.487781036168133
29.874999999999893,67,80,1,0.022500000000000003,0.1,68.72143778016391,640.0,4.0,29.857512218963727,17.487781036168133
29.899999999999892,45,80,1,0.022500000000000003,0.1,45.23273879884981,640.0,4.0,29.882512218963726,17.487781036168133
29.900000000000095,29,80,0,0.03,0.1,42.00879291063953,640.0,3.0,29.882512218963928,17.487781036168133
29.92499999999989,69,80,1,0.022500000000000003,0.1,69.66058621526795,640.0,4.0,29.907512218963724,17.487781036168133
29.93333333333343,35,80,0,0.03,0.1,47.392087989542205,640.0,3.0,29.915845552297263,17.487781036168133
29.94999999999989,62,80,1,0.022500000000000003,0.1,62.55262702063062,640.0,4.0,29.932512218963723,17.487781036168133
29.966666666666764,50,80,0,0.03,0.1,62.543104122206806,640.0,3.0,29.949178885630598,17.487781036168133
29.974999999999888,65,80,1,0.022500000000000003,0.1,66.05489001165076,640.0,4.0,29.95751221896372,17.487781036168133
30.0000000000001,45,80,0,0.03,0.1,58.987938024133676,640.0,3.0,29.982512218963933,17.487781036168133
30.024999999999885,38,80,1,0.022500000000000003,0.1,38.73813228074019,640.0,4.0,30.00751221896372,17.487781036168133
30.033333333333434,40,80,0,0.03,0.1,52.58721139666245,640.0,3.0,30.015845552297268,17.487781036168133
30.049999999999883,65,80,1,0.022500000000000003,0.1,66.44162642879365,640.0,4.0,30.032512218963717,17.487781036168133
30.06666666666677,41,80,0,0.03,0.1,53.84532749424666,640.0,3.0,30.049178885630603,17.487781036168133
30.074999999999882,33,80,1,0.022500000000000003,0.1,33.58843964826298,640.0,4.0,30.057512218963716,17.487781036168133
30.09999999999988,55,80,1,0.022500000000000003,0.1,55.93791369929556,640.0,4.0,30.082512218963714,17.487781036168133
30.12499999999988,72,80,1,0.022500000000000003,0.1,72.04712789017562,640.0,4.0,30.107512218963713,17.487781036168133
30.13333333333344,41,80,0,0.03,0.1,53.37353506727405,640.0,3.0,30.115845552297273,17.487781036168133
30.149999999999878,62,80,1,0.022500000000000003,0.1,62.45629101917486,640.0,4.0,30.13251221896371,17.487781036168133
30.166666666666774,45,80,0,0.03,0.1,58.87243207642786,640.0,3.0,30.149178885630608,17.487781036168133
30.174999999999876,84,80,1,0.022500000000000003,0.1,84.93878585330961,640.0,4.0,30.15751221896371,17.487781036168133
30.199999999999875,72,80,1,0.022500000000000003,0.1,73.1213971530467,640.0,4.0,30.18251221896371,17.487781036168133
30.20000000000011,74,80,0,0.03,0.1,87.77518832743095,640.0,3.0,30.182512218963943,17.487781036168133
30.224999999999874,50,80,1,0.022500000000000003,0.1,51.63010062943262,640.0,4.0,30.207512218963707,17.487781036168133
30.233333333333444,29,80,0,0.03,0.1,41.77686224788579,640.0,3.0,30.215845552297278,17.487781036168133
30.249999999999872,60,80,1,0.022500000000000003,0.1,60.34961126209841,640.0,4.0,30.232512218963706,17.487781036168133
30.26666666666678,24,80,0,0.03,0.1,36.29641303584437,640.0,3.0,30.249178885630613,17.487781036168133
30.27499999999987,59,80,1,0.022500000000000003,0.1,59.39365500743122,640.0,4.0,30.257512218963704,17.487781036168133
30.29999999999987,38,80,1,0.022500000000000003,0.1,39.748137429169574,640.0,4.0,30.282512218963703,17.487781036168133
30.300000000000114,57,80,0,0.03,0.1,70.02994770942217,640.0,3.0,30.282512218963948,17.487781036168133
30.324999999999868,47,80,1,0.022500000000000003,0.1,47.962893869000276,640.0,4.0,30.3075122189637,17.487781036168133
30.349999999999866,52,80,1,0.022500000000000003,0.1,52.82226039065779,640.0,4.0,30.3325122189637,17.487781036168133
30.366666666666784,43,80,0,0.03,0.1,55.92655964489446,640.0,3.0,30.349178885630618,17.487781036168133
30.374999999999865,33,80,1,0.022500000000000003,0.1,33.93637756344401,640.0,4.0,30.3575122189637,17.487781036168133
30.399999999999864,60,80,1,0.022500000000000003,0.1,60.60791639362103,640.0,4.0,30.382512218963697,17.487781036168133
30.40000000000012,38,80,0,0.03,0.1,50.00119835992174,640.0,3.0,30.382512218963953,17.487781036168133
30.424999999999862,55,80,1,0.022500000000000003,0.1,56.81188038844108,640.0,4.0,30.407512218963696,17.487781036168133
30.433333333333454,43,80,0,0.03,0.1,56.67455819817584,640.0,3.0,30.415845552297288,17.487781036168133
30.44999999999986,38,80,1,0.022500000000000003,0.1,38.58695806321185,640.0,4.0,30.432512218963694,17.487781036168133
30.46666666666679,67,80,0,0.03,0.1,80.46128783483317,640.0,3.0,30.449178885630623,17.487781036168133
30.47499999999986,65,80,1,0.022500000000000003,0.1,65.17392467554986,640.0,4.0,30.457512218963693,17.487781036168133
30.499999999999858,69,80,1,0.022500000000000003,0.1,69.16317113204428,640.0,4.0,30.48251221896369,17.487781036168133
30.500000000000124,57,80,0,0.03,0.1,70.26724427031192,640.0,3.0,30.482512218963958,17.487781036168133
30.524999999999856,62,80,1,0.022500000000000003,0.1,62.906041329470575,640.0,4.0,30.50751221896369,17.487781036168133
30.53333333333346,59,80,0,0.03,0.1,71.0364609521533,640.0,3.0,30.515845552297293,17.487781036168133
30.549999999999855,55,80,1,0.022500000000000003,0.1,55.85192735732518,640.0,4.0,30.53251221896369,17.487781036168133
30.566666666666794,29,80,0,0.03,0.1,41.87229368585413,640.0,3.0,30.549178885630628,17.487781036168133
30.574999999999854,67,80,1,0.022500000000000003,0.1,67.57045954242375,640.0,4.0,30.557512218963687,17.487781036168133
30.60000000000013,33,80,0,0.03,0.1,45.26523217212328,640.0,3.0,30.582512218963963,17.487781036168133
30.62499999999985,62,80,1,0.022500000000000003,0.1,63.934765692412014,640.0,4.0,30.607512218963684,17.487781036168133
30.633333333333464,21,80,0,0.03,0.1,23.65979315858653,640.0,3.0,30.615845552297298,17.487781036168133
30.64999999999985,48,80,1,0.022500000000000003,0.1,49.44496319443506,640.0,4.0,30.632512218963683,17.487781036168133
30.6666666666668,36,80,0,0.03,0.1,49.63992549014075,640.0,3.0,30.649178885630633,17.487781036168133
30.674999999999848,62,80,1,0.022500000000000003,0.1,63.54048979854311,640.0,4.0,30.65751221896368,17.487781036168133
30.699999999999847,74,80,1,0.022500000000000003,0.1,75.30215233056613,640.0,4.0,30.68251221896368,17.487781036168133
30.700000000000134,60,80,0,0.03,0.1,72.24580078573644,640.0,3.0,30.682512218963968,17.487781036168133
30.724999999999845,52,80,1,0.022500000000000003,0.1,52.363148049769855,640.0,4.0,30.70751221896368,17.487781036168133
30.73333333333347,53,80,0,0.03,0.1,66.61691540157915,640.0,3.0,30.715845552297303,17.487781036168133
30.749999999999844,86,80,1,0.022500000000000003,0.1,86.85362354089511,640.0,4.0,30.732512218963677,17.487781036168133
30.766666666666804,45,80,0,0.03,0.1,57.164630234212815,640.0,3.0,30.749178885630638,17.487781036168133
30.79999999999984,60,80,1,0.022500000000000003,0.1,60.41480977075374,640.0,4.0,30.782512218963674,17.487781036168133
30.80000000000014,47,80,0,0.03,0.1,59.71455636840892,640.0,3.0,30.782512218963973,17.487781036168133
30.82499999999984,50,80,1,0.022500000000000003,0.1,51.392184371118894,640.0,4.0,30.807512218963673,17.487781036168133
30.833333333333474,38,80,0,0.03,0.1,51.182265055034804,640.0,3.0,30.815845552297308,17.487781036168133
30.849999999999838,62,80,1,0.022500000000000003,0.1,62.857866699779336,640.0,4.0,30.83251221896367,17.487781036168133
30.874999999999837,36,80,1,0.022500000000000003,0.1,37.69956233426848,640.0,4.0,30.85751221896367,17.487781036168133
30.899999999999835,53,80,1,0.022500000000000003,0.1,53.01066497514597,640.0,4.0,30.88251221896367,17.487781036168133
30.900000000000144,57,80,0,0.03,0.1,69.80324197735187,640.0,3.0,30.882512218963978,17.487781036168133
30.924999999999834,45,80,1,0.022500000000000003,0.1,46.02084863553834,640.0,4.0,30.907512218963667,17.487781036168133
30.93333333333348,26,80,0,0.03,0.1,39.31664912114594,640.0,3.0,30.915845552297313,17.487781036168133
30.949999999999832,60,80,1,0.022500000000000003,0.1,61.732330853021324,640.0,4.0,30.932512218963666,17.487781036168133
30.966666666666814,50,80,0,0.03,0.1,63.83549040431806,640.0,3.0,30.949178885630648,17.487781036168133
30.97499999999983,72,80,1,0.022500000000000003,0.1,72.72892640651402,640.0,4.0,30.957512218963664,17.487781036168133
30.99999999999983,67,80,1,0.022500000000000003,0.1,68.26887919506626,640.0,4.0,30.982512218963663,17.487781036168133
31.00000000000015,59,80,0,0.03,0.1,71.93516634821974,640.0,3.0,30.982512218963983,17.487781036168133
31.024999999999828,29,80,1,0.022500000000000003,0.1,29.642760181006178,640.0,4.0,31.00751221896366,17.487781036168133
31.033333333333484,41,80,0,0.03,0.1,54.686716301268866,640.0,3.0,31.015845552297318,17.487781036168133
31.049999999999827,86,80,1,0.022500000000000003,0.1,86.13849155747687,640.0,4.0,31.03251221896366,17.487781036168133
31.06666666666682,55,80,0,0.03,0.1,68.96896783514347,640.0,3.0,31.049178885630653,17.487781036168133
31.074999999999825,62,80,1,0.022500000000000003,0.1,63.779583239947115,640.0,4.0,31.05751221896366,17.487781036168133
31.099999999999824,50,80,1,0.022500000000000003,0.1,50.06081100168959,640.0,4.0,31.082512218963657,17.487781036168133
31.100000000000154,84,80,0,0.03,0.1,96.02757688924868,640.0,3.0,31.082512218963988,17.487781036168133
31.124999999999822,62,80,1,0.022500000000000003,0.1,62.01123736308404,640.0,4.0,31.107512218963656,17.487781036168133
31.13333333333349,45,80,0,0.03,0.1,58.664412249767786,640.0,3.0,31.115845552297323,17.487781036168133
31.166666666666824,53,80,0,0.03,0.1,65.03433024006814,640.0,3.0,31.149178885630658,17.487781036168133
31.17499999999982,50,80,1,0.022500000000000003,0.1,51.46433642301999,640.0,4.0,31.157512218963653,17.487781036168133
31.199999999999818,62,80,1,0.022500000000000003,0.1,62.53333334197857,640.0,4.0,31.18251221896365,17.487781036168133
31.20000000000016,38,80,0,0.03,0.1,50.55286932913419,640.0,3.0,31.182512218963993,17.487781036168133
31.224999999999817,52,80,1,0.022500000000000003,0.1,52.22435471846006,640.0,4.0,31.20751221896365,17.487781036168133
31.233333333333494,50,80,0,0.03,0.1,62.32001488130624,640.0,3.0,31.215845552297328,17.487781036168133
31.249999999999815,53,80,1,0.022500000000000003,0.1,54.82416649356771,640.0,4.0,31.23251221896365,17.487781036168133
31.299999999999812,41,80,1,0.022500000000000003,0.1,41.66180749133244,640.0,4.0,31.282512218963646,17.487781036168133
31.300000000000164,50,80,0,0.03,0.1,62.49398195545777,640.0,3.0,31.282512218963998,17.487781036168133
31.32499999999981,60,80,1,0.022500000000000003,0.1,61.86670681875692,640.0,4.0,31.307512218963645,17.487781036168133
31.3333333333335,33,80,0,0.03,0.1,46.94789990772664,640.0,3.0,31.315845552297333,17.487781036168133
31.34999999999981,67,80,1,0.022500000000000003,0.1,67.49183278740912,640.0,4.0,31.332512218963643,17.487781036168133
31.366666666666834,50,80,0,0.03,0.1,62.64143067296577,640.0,3.0,31.349178885630668,17.487781036168133
31.374999999999808,65,80,1,0.022500000000000003,0.1,66.59051002977756,640.0,4.0,31.35751221896364,17.487781036168133
31.399999999999807,69,80,1,0.022500000000000003,0.1,70.495043233731,640.0,4.0,31.38251221896364,17.487781036168133
31.424999999999805,64,80,1,0.022500000000000003,0.1,64.15155468819032,640.0,4.0,31.40751221896364,17.487781036168133
31.433333333333504,53,80,0,0.03,0.1,65.74253778578596,640.0,3.0,31.415845552297338,17.487781036168133
31.46666666666684,60,80,0,0.03,0.1,72.31343602011957,640.0,3.0,31.449178885630673,17.487781036168133
31.474999999999802,69,80,1,0.022500000000000003,0.1,70.74769746471921,640.0,4.0,31.457512218963636,17.487781036168133
31.4999999999998,41,80,1,0.022500000000000003,0.1,42.623775490023235,640.0,4.0,31.482512218963635,17.487781036168133
31.500000000000174,43,80,0,0.03,0.1,56.966246783838365,640.0,3.0,31.482512218964008,17.487781036168133
31.5249999999998,48,80,1,0.022500000000000003,0.1,48.471406303840254,640.0,4.0,31.507512218963633,17.487781036168133
31.53333333333351,57,80,0,0.03,0.1,69.5987230646235,640.0,3.0,31.515845552297343,17.487781036168133
31.549999999999798,47,80,1,0.022500000000000003,0.1,47.65823908578247,640.0,4.0,31.53251221896363,17.487781036168133
31.566666666666844,50,80,0,0.03,0.1,63.57462832917153,640.0,3.0,31.549178885630678,17.487781036168133
31.574999999999797,72,80,1,0.022500000000000003,0.1,73.82471755698317,640.0,4.0,31.55751221896363,17.487781036168133
31.60000000000018,35,80,0,0.03,0.1,47.82834266000343,640.0,3.0,31.582512218964013,17.487781036168133
31.624999999999794,65,80,1,0.022500000000000003,0.1,66.23750703417593,640.0,4.0,31.607512218963628,17.487781036168133
31.633333333333514,52,80,0,0.03,0.1,64.07706886142559,640.0,3.0,31.615845552297348,17.487781036168133
31.649999999999793,72,80,1,0.022500000000000003,0.1,73.720702274711,640.0,4.0,31.632512218963626,17.487781036168133
31.66666666666685,35,80,0,0.03,0.1,47.30628270796402,640.0,3.0,31.649178885630683,17.487781036168133
31.67499999999979,48,80,1,0.022500000000000003,0.1,48.74518038512655,640.0,4.0,31.657512218963625,17.487781036168133
31.69999999999979,64,80,1,0.022500000000000003,0.1,64.46201753422055,640.0,4.0,31.682512218963623,17.487781036168133
31.700000000000184,38,80,0,0.03,0.1,51.899132481474666,640.0,3.0,31.682512218964018,17.487781036168133
31.72499999999979,57,80,1,0.022500000000000003,0.1,58.3977673166955,640.0,4.0,31.707512218963622,17.487781036168133
31.73333333333352,50,80,0,0.03,0.1,62.42340233334239,640.0,3.0,31.715845552297353,17.487781036168133
31.749999999999787,69,80,1,0.022500000000000003,0.1,70.8400909297269,640.0,4.0,31.73251221896362,17.487781036168133
31.774999999999785,57,80,1,0.022500000000000003,0.1,58.52512982333187,640.0,4.0,31.75751221896362,17.487781036168133
31.799999999999784,55,80,1,0.022500000000000003,0.1,55.07273102835096,640.0,4.0,31.782512218963618,17.487781036168133
31.80000000000019,31,80,0,0.03,0.1,44.77782444701275,640.0,3.0,31.782512218964023,17.487781036168133
31.824999999999783,65,80,1,0.022500000000000003,0.1,66.92362903758067,640.0,4.0,31.807512218963616,17.487781036168133
31.833333333333524,60,80,0,0.03,0.1,73.49101787114081,640.0,3.0,31.815845552297358,17.487781036168133
31.84999999999978,71,80,1,0.022500000000000003,0.1,71.21496534004778,640.0,4.0,31.832512218963615,17.487781036168133
31.86666666666686,55,80,0,0.03,0.1,67.32168036224606,640.0,3.0,31.849178885630693,17.487781036168133
31.87499999999978,50,80,1,0.022500000000000003,0.1,51.44518150596094,640.0,4.0,31.857512218963613,17.487781036168133
31.89999999999978,59,80,1,0.022500000000000003,0.1,59.21823140668958,640.0,4.0,31.882512218963612,17.487781036168133
31.900000000000194,38,80,0,0.03,0.1,50.979476024180684,640.0,3.0,31.882512218964028,17.487781036168133
31.924999999999777,45,80,1,0.022500000000000003,0.1,46.45195988938684,640.0,4.0,31.90751221896361,17.487781036168133
31.93333333333353,28,80,0,0.03,0.1,40.31891460545056,640.0,3.0,31.915845552297363,17.487781036168133
31.974999999999774,62,80,1,0.022500000000000003,0.1,62.56588328209573,640.0,4.0,31.957512218963608,17.487781036168133
31.999999999999773,67,80,1,0.022500000000000003,0.1,67.79398856005929,640.0,4.0,31.982512218963606,17.487781036168133
32.0000000000002,41,80,0,0.03,0.1,54.29192046257715,640.0,3.0,31.982512218964033,17.487781036168133
32.02499999999977,62,80,1,0.022500000000000003,0.1,63.35445515631009,640.0,4.0,32.007512218963605,17.487781036168133
32.03333333333353,48,80,0,0.03,0.1,61.44819785027869,640.0,3.0,32.015845552297364,17.487781036168133
32.04999999999977,35,80,1,0.022500000000000003,0.1,35.0456100127441,640.0,4.0,32.0325122189636,17.487781036168133
32.06666666666686,43,80,0,0.03,0.1,55.35210673720875,640.0,3.0,32.049178885630695,17.487781036168133
32.07499999999977,55,80,1,0.022500000000000003,0.1,55.50912729502112,640.0,4.0,32.0575122189636,17.487781036168133
32.09999999999977,31,80,1,0.022500000000000003,0.1,31.605148671346157,640.0,4.0,32.0825122189636,17.487781036168133
32.10000000000019,21,80,0,0.03,0.1,34.30455218246387,640.0,3.0,32.08251221896403,17.487781036168133
32.124999999999766,77,80,1,0.022500000000000003,0.1,77.53217417797356,640.0,4.0,32.1075122189636,17.487781036168133
32.133333333333525,43,80,0,0.03,0.1,55.02915918974517,640.0,3.0,32.11584555229736,17.487781036168133
32.149999999999764,45,80,1,0.022500000000000003,0.1,46.0985013488885,640.0,4.0,32.1325122189636,17.487781036168133
32.17499999999976,76,80,1,0.022500000000000003,0.1,76.06916620108667,640.0,4.0,32.157512218963596,17.487781036168133
32.19999999999976,72,80,1,0.022500000000000003,0.1,72.10713143915706,640.0,4.0,32.182512218963595,17.487781036168133
32.20000000000019,55,80,0,0.03,0.1,68.11086111710796,640.0,3.0,32.18251221896402,17.487781036168133
32.22499999999976,48,80,1,0.022500000000000003,0.1,48.47244348753841,640.0,4.0,32.20751221896359,17.487781036168133
32.23333333333352,38,80,0,0.03,0.1,51.063044164978564,640.0,3.0,32.21584555229735,17.487781036168133
32.24999999999976,45,80,1,0.022500000000000003,0.1,45.50035262377286,640.0,4.0,32.23251221896359,17.487781036168133
32.26666666666685,69,80,0,0.03,0.1,81.48703581916885,640.0,3.0,32.249178885630684,17.487781036168133
32.27499999999976,64,80,1,0.022500000000000003,0.1,64.48473876974514,640.0,4.0,32.25751221896359,17.487781036168133
32.299999999999756,48,80,1,0.022500000000000003,0.1,49.19265232405669,640.0,4.0,32.28251221896359,17.487781036168133
32.30000000000018,23,80,0,0.03,0.1,35.531000951657504,640.0,3.0,32.282512218964015,17.487781036168133
32.324999999999754,60,80,1,0.022500000000000003,0.1,61.31180341962506,640.0,4.0,32.30751221896359,17.487781036168133
32.33333333333351,64,80,0,0.03,0.1,76.78294397187359,640.0,3.0,32.31584555229735,17.487781036168133
32.34999999999975,53,80,1,0.022500000000000003,0.1,53.81980683767144,640.0,4.0,32.332512218963586,17.487781036168133
32.366666666666845,45,80,0,0.03,0.1,57.12871717276026,640.0,3.0,32.34917888563068,17.487781036168133
32.37499999999975,36,80,1,0.022500000000000003,0.1,37.20117229483989,640.0,4.0,32.357512218963585,17.487781036168133
32.39999999999975,31,80,1,0.022500000000000003,0.1,31.450009355206923,640.0,4.0,32.38251221896358,17.487781036168133
32.400000000000176,59,80,0,0.03,0.1,71.00268636599752,640.0,3.0,32.38251221896401,17.487781036168133
32.42499999999975,62,80,1,0.022500000000000003,0.1,62.90155838073085,640.0,4.0,32.40751221896358,17.487781036168133
32.43333333333351,48,80,0,0.03,0.1,61.02145899595178,640.0,3.0,32.41584555229734,17.487781036168133
32.44999999999975,52,80,1,0.022500000000000003,0.1,52.812060846967995,640.0,4.0,32.43251221896358,17.487781036168133
32.499999999999744,67,80,1,0.022500000000000003,0.1,68.90705714040045,640.0,4.0,32.48251221896358,17.487781036168133
32.50000000000017,43,80,0,0.03,0.1,55.04176685372401,640.0,3.0,32.482512218964004,17.487781036168133
32.52499999999974,74,80,1,0.022500000000000003,0.1,75.0200611408953,640.0,4.0,32.507512218963576,17.487781036168133
32.5333333333335,33,80,0,0.03,0.1,45.937658557724006,640.0,3.0,32.515845552297336,17.487781036168133
32.54999999999974,55,80,1,0.022500000000000003,0.1,56.51142756656884,640.0,4.0,32.532512218963575,17.487781036168133
32.56666666666683,65,80,0,0.03,0.1,78.1824548770696,640.0,3.0,32.54917888563067,17.487781036168133
32.600000000000165,45,80,0,0.03,0.1,58.54744773270859,640.0,3.0,32.582512218964,17.487781036168133
32.62499999999974,41,80,1,0.022500000000000003,0.1,42.63122470784543,640.0,4.0,32.60751221896357,17.487781036168133
32.633333333333496,50,80,0,0.03,0.1,62.835948462389894,640.0,3.0,32.61584555229733,17.487781036168133
32.649999999999736,62,80,1,0.022500000000000003,0.1,62.85635910077052,640.0,4.0,32.63251221896357,17.487781036168133
32.674999999999734,67,80,1,0.022500000000000003,0.1,67.06414043932357,640.0,4.0,32.65751221896357,17.487781036168133
32.70000000000016,33,80,0,0.03,0.1,46.79097290119123,640.0,3.0,32.68251221896399,17.487781036168133
32.72499999999973,35,80,1,0.022500000000000003,0.1,35.20956540796845,640.0,4.0,32.707512218963565,17.487781036168133
32.73333333333349,55,80,0,0.03,0.1,67.62228348978249,640.0,3.0,32.715845552297324,17.487781036168133
32.74999999999973,50,80,1,0.022500000000000003,0.1,50.254652546445556,640.0,4.0,32.732512218963564,17.487781036168133
32.76666666666682,40,80,0,0.03,0.1,52.449347117274996,640.0,3.0,32.749178885630656,17.487781036168133
32.77499999999973,48,80,1,0.022500000000000003,0.1,48.758230363859624,640.0,4.0,32.75751221896356,17.487781036168133
32.79999999999973,60,80,1,0.022500000000000003,0.1,61.278553016437925,640.0,4.0,32.78251221896356,17.487781036168133
32.80000000000015,45,80,0,0.03,0.1,58.30823224775204,640.0,3.0,32.78251221896399,17.487781036168133
32.824999999999726,65,80,1,0.022500000000000003,0.1,66.1535306210302,640.0,4.0,32.80751221896356,17.487781036168133
32.833333333333485,48,80,0,0.03,0.1,60.925170756918895,640.0,3.0,32.81584555229732,17.487781036168133
32.849999999999724,79,80,1,0.022500000000000003,0.1,79.15789321530856,640.0,4.0,32.83251221896356,17.487781036168133
32.866666666666816,28,80,0,0.03,0.1,40.79716017347921,640.0,3.0,32.84917888563065,17.487781036168133
32.87499999999972,53,80,1,0.022500000000000003,0.1,53.664441851288665,640.0,4.0,32.85751221896356,17.487781036168133
32.90000000000015,38,80,0,0.03,0.1,50.03088585189843,640.0,3.0,32.88251221896398,17.487781036168133
32.92499999999972,74,80,1,0.022500000000000003,0.1,74.71580184164796,640.0,4.0,32.907512218963554,17.487781036168133
32.93333333333348,65,80,0,0.03,0.1,77.29373302288818,640.0,3.0,32.91584555229731,17.487781036168133
32.94999999999972,62,80,1,0.022500000000000003,0.1,63.79618481318791,640.0,4.0,32.93251221896355,17.487781036168133
32.96666666666681,59,80,0,0.03,0.1,71.34324721388538,640.0,3.0,32.949178885630644,17.487781036168133
32.97499999999972,76,80,1,0.022500000000000003,0.1,76.22593934320606,640.0,4.0,32.95751221896355,17.487781036168133
32.999999999999716,62,80,1,0.022500000000000003,0.1,63.6957184385259,640.0,4.0,32.98251221896355,17.487781036168133
33.00000000000014,47,80,0,0.03,0.1,59.198213410211395,640.0,3.0,32.982512218963976,17.487781036168133
33.024999999999714,45,80,1,0.022500000000000003,0.1,45.18890728047013,640.0,4.0,33.00751221896355,17.487781036168133
33.03333333333347,50,80,0,0.03,0.1,63.111980268965034,640.0,3.0,33.01584555229731,17.487781036168133
33.04999999999971,41,80,1,0.022500000000000003,0.1,42.935957058844075,640.0,4.0,33.03251221896355,17.487781036168133
33.066666666666805,43,80,0,0.03,0.1,56.23369592785334,640.0,3.0,33.04917888563064,17.487781036168133
33.07499999999971,40,80,1,0.022500000000000003,0.1,40.1406432120457,640.0,4.0,33.057512218963545,17.487781036168133
33.09999999999971,67,80,1,0.022500000000000003,0.1,68.47426348490846,640.0,4.0,33.082512218963544,17.487781036168133
33.100000000000136,65,80,0,0.03,0.1,77.36426733859817,640.0,3.0,33.08251221896397,17.487781036168133
33.12499999999971,74,80,1,0.022500000000000003,0.1,75.2140393355137,640.0,4.0,33.10751221896354,17.487781036168133
33.13333333333347,45,80,0,0.03,0.1,57.4354870042347,640.0,3.0,33.1158455522973,17.487781036168133
33.14999999999971,83,80,1,0.022500000000000003,0.1,83.67183540974568,640.0,4.0,33.13251221896354,17.487781036168133
33.1666666666668,50,80,0,0.03,0.1,62.967578779326054,640.0,3.0,33.14917888563063,17.487781036168133
33.174999999999706,69,80,1,0.022500000000000003,0.1,70.79174825373747,640.0,4.0,33.15751221896354,17.487781036168133
33.199999999999704,74,80,1,0.022500000000000003,0.1,74.88433379244782,640.0,4.0,33.18251221896354,17.487781036168133
33.20000000000013,62,80,0,0.03,0.1,74.66918584501843,640.0,3.0,33.182512218963964,17.487781036168133
33.2249999999997,52,80,1,0.022500000000000003,0.1,52.57579094203284,640.0,4.0,33.20751221896354,17.487781036168133
33.23333333333346,38,80,0,0.03,0.1,50.04964499397239,640.0,3.0,33.215845552297296,17.487781036168133
33.2499999999997,45,80,1,0.022500000000000003,0.1,45.19787754567864,640.0,4.0,33.232512218963535,17.487781036168133
33.266666666666794,67,80,0,0.03,0.1,79.95250156156024,640.0,3.0,33.24917888563063,17.487781036168133
33.2749999999997,69,80,1,0.022500000000000003,0.1,70.88101545494469,640.0,4.0,33.257512218963534,17.487781036168133
33.2999999999997,65,80,1,0.022500000000000003,0.1,65.34631362866433,640.0,4.0,33.28251221896353,17.487781036168133
33.300000000000125,28,80,0,0.03,0.1,40.41009395528478,640.0,3.0,33.28251221896396,17.487781036168133
33.3249999999997,60,80,1,0.022500000000000003,0.1,61.375287991563425,640.0,4.0,33.30751221896353,17.487781036168133
33.33333333333346,67,80,0,0.03,0.1,80.85941927824382,640.0,3.0,33.31584555229729,17.487781036168133
33.349999999999696,64,80,1,0.022500000000000003,0.1,64.95835495210227,640.0,4.0,33.33251221896353,17.487781036168133
33.36666666666679,43,80,0,0.03,0.1,55.229752525414725,640.0,3.0,33.34917888563062,17.487781036168133
33.39999999999969,76,80,1,0.022500000000000003,0.1,76.43285580612559,640.0,4.0,33.38251221896353,17.487781036168133
33.43333333333345,23,80,0,0.03,0.1,35.80786980885833,640.0,3.0,33.415845552297284,17.487781036168133
33.44999999999969,65,80,1,0.022500000000000003,0.1,66.96602050995644,640.0,4.0,33.432512218963524,17.487781036168133
33.46666666666678,41,80,0,0.03,0.1,54.17862761756553,640.0,3.0,33.449178885630616,17.487781036168133
33.47499999999969,69,80,1,0.022500000000000003,0.1,70.82627676880549,640.0,4.0,33.45751221896352,17.487781036168133
33.49999999999969,65,80,1,0.022500000000000003,0.1,66.58000067103713,640.0,4.0,33.48251221896352,17.487781036168133
33.500000000000114,33,80,0,0.03,0.1,46.69047640285588,640.0,3.0,33.48251221896395,17.487781036168133
33.524999999999686,53,80,1,0.022500000000000003,0.1,54.09702742995688,640.0,4.0,33.50751221896352,17.487781036168133
33.533333333333445,40,80,0,0.03,0.1,52.22212677921955,640.0,3.0,33.51584555229728,17.487781036168133
33.549999999999685,69,80,1,0.022500000000000003,0.1,69.6840278388882,640.0,4.0,33.53251221896352,17.487781036168133
33.56666666666678,45,80,0,0.03,0.1,58.242419637902344,640.0,3.0,33.54917888563061,17.487781036168133
33.57499999999968,41,80,1,0.022500000000000003,0.1,42.15046311860145,640.0,4.0,33.55751221896352,17.487781036168133
33.59999999999968,72,80,1,0.022500000000000003,0.1,73.48981186938731,640.0,4.0,33.582512218963515,17.487781036168133
33.60000000000011,60,80,0,0.03,0.1,72.2597326652532,640.0,3.0,33.58251221896394,17.487781036168133
33.62499999999968,43,80,1,0.022500000000000003,0.1,44.71010637099475,640.0,4.0,33.607512218963514,17.487781036168133
33.63333333333344,50,80,0,0.03,0.1,62.65732289792801,640.0,3.0,33.61584555229727,17.487781036168133
33.64999999999968,62,80,1,0.022500000000000003,0.1,63.65828207097258,640.0,4.0,33.63251221896351,17.487781036168133
33.67499999999968,48,80,1,0.022500000000000003,0.1,49.18202933214516,640.0,4.0,33.65751221896351,17.487781036168133
33.699999999999676,67,80,1,0.022500000000000003,0.1,67.08337898335266,640.0,4.0,33.68251221896351,17.487781036168133
33.7000000000001,33,80,0,0.03,0.1,45.977351822776804,640.0,3.0,33.682512218963936,17.487781036168133
33.724999999999675,59,80,1,0.022500000000000003,0.1,59.56575710812277,640.0,4.0,33.70751221896351,17.487781036168133
33.733333333333434,36,80,0,0.03,0.1,48.72634765308506,640.0,3.0,33.71584555229727,17.487781036168133
33.74999999999967,38,80,1,0.022500000000000003,0.1,39.587123735509344,640.0,4.0,33.73251221896351,17.487781036168133
33.766666666666765,71,80,0,0.03,0.1,83.0236802348968,640.0,3.0,33.7491788856306,17.487781036168133
33.77499999999967,65,80,1,0.022500000000000003,0.1,65.38495527703652,640.0,4.0,33.757512218963505,17.487781036168133
33.79999999999967,52,80,1,0.022500000000000003,0.1,52.602614056541306,640.0,4.0,33.782512218963504,17.487781036168133
33.8000000000001,38,80,0,0.03,0.1,50.589426755030445,640.0,3.0,33.78251221896393,17.487781036168133
33.82499999999967,71,80,1,0.022500000000000003,0.1,71.27867802641113,640.0,4.0,33.8075122189635,17.487781036168133
33.83333333333343,69,80,0,0.03,0.1,81.19946562633339,640.0,3.0,33.81584555229726,17.487781036168133
33.84999999999967,60,80,1,0.022500000000000003,0.1,60.01696881580041,640.0,4.0,33.8325122189635,17.487781036168133
33.86666666666676,43,80,0,0.03,0.1,56.888816654324906,640.0,3.0,33.84917888563059,17.487781036168133
33.874999999999666,65,80,1,0.022500000000000003,0.1,65.0613886129669,640.0,4.0,33.8575122189635,17.487781036168133
33.899999999999665,47,80,1,0.022500000000000003,0.1,47.743117375805284,640.0,4.0,33.8825122189635,17.487781036168133
33.90000000000009,48,80,0,0.03,0.1,60.02928558263685,640.0,3.0,33.882512218963925,17.487781036168133
33.92499999999966,52,80,1,0.022500000000000003,0.1,52.45654743772977,640.0,4.0,33.9075122189635,17.487781036168133
33.93333333333342,60,80,0,0.03,0.1,73.7006740509431,640.0,3.0,33.915845552297256,17.487781036168133
33.94999999999966,53,80,1,0.022500000000000003,0.1,54.129425457906116,640.0,4.0,33.932512218963495,17.487781036168133
33.966666666666754,64,80,0,0.03,0.1,76.2802230008148,640.0,3.0,33.94917888563059,17.487781036168133
33.97499999999966,69,80,1,0.022500000000000003,0.1,70.96579174710472,640.0,4.0,33.957512218963494,17.487781036168133
33.99999999999966,81,80,1,0.022500000000000003,0.1,81.47042672391026,640.0,4.0,33.98251221896349,17.487781036168133
34.000000000000085,45,80,0,0.03,0.1,58.58159922842768,640.0,3.0,33.98251221896392,17.487781036168133
34.02499999999966,48,80,1,0.022500000000000003,0.1,49.69380157769118,640.0,4.0,34.00751221896349,17.487781036168133
34.03333333333342,43,80,0,0.03,0.1,55.030488914924305,640.0,3.0,34.01584555229725,17.487781036168133
34.049999999999656,72,80,1,0.022500000000000003,0.1,73.78365625161831,640.0,4.0,34.03251221896349,17.487781036168133
34.06666666666675,47,80,0,0.03,0.1,59.28421825891567,640.0,3.0,34.04917888563058,17.487781036168133
34.074999999999655,31,80,1,0.022500000000000003,0.1,32.22812905311101,640.0,4.0,34.05751221896349,17.487781036168133
34.09999999999965,43,80,1,0.022500000000000003,0.1,44.7143756660187,640.0,4.0,34.08251221896349,17.487781036168133
34.10000000000008,52,80,0,0.03,0.1,64.32585636137111,640.0,3.0,34.08251221896391,17.487781036168133
34.12499999999965,47,80,1,0.022500000000000003,0.1,47.72763576080928,640.0,4.0,34.107512218963485,17.487781036168133
34.13333333333341,59,80,0,0.03,0.1,71.40868719193287,640.0,3.0,34.115845552297245,17.487781036168133
34.14999999999965,41,80,1,0.022500000000000003,0.1,42.687888775158754,640.0,4.0,34.132512218963484,17.487781036168133
34.16666666666674,48,80,0,0.03,0.1,60.05414219512514,640.0,3.0,34.149178885630576,17.487781036168133
34.17499999999965,38,80,1,0.022500000000000003,0.1,39.73006861071897,640.0,4.0,34.15751221896348,17.487781036168133
34.19999999999965,65,80,1,0.022500000000000003,0.1,65.28638607536381,640.0,4.0,34.18251221896348,17.487781036168133
34.200000000000074,55,80,0,0.03,0.1,67.92174461469637,640.0,3.0,34.18251221896391,17.487781036168133
34.224999999999646,57,80,1,0.022500000000000003,0.1,57.25993346908337,640.0,4.0,34.20751221896348,17.487781036168133
34.233333333333405,67,80,0,0.03,0.1,80.97100457306804,640.0,3.0,34.21584555229724,17.487781036168133
34.249999999999645,64,80,1,0.022500000000000003,0.1,64.8563890893454,640.0,4.0,34.23251221896348,17.487781036168133
34.26666666666674,52,80,0,0.03,0.1,64.88076303698924,640.0,3.0,34.24917888563057,17.487781036168133
34.29999999999964,62,80,1,0.022500000000000003,0.1,63.399897512608426,640.0,4.0,34.282512218963475,17.487781036168133
34.30000000000007,50,80,0,0.03,0.1,63.98915655686116,640.0,3.0,34.2825122189639,17.487781036168133
34.32499999999964,67,80,1,0.022500000000000003,0.1,68.41936865472478,640.0,4.0,34.307512218963474,17.487781036168133
34.3333333333334,28,80,0,0.03,0.1,40.55794143884713,640.0,3.0,34.31584555229723,17.487781036168133
34.34999999999964,59,80,1,0.022500000000000003,0.1,59.10998673609895,640.0,4.0,34.33251221896347,17.487781036168133
34.36666666666673,21,80,0,0.03,0.1,26.326654248587985,640.0,3.0,34.349178885630565,17.487781036168133
34.37499999999964,43,80,1,0.022500000000000003,0.1,44.806484629686466,640.0,4.0,34.35751221896347,17.487781036168133
34.399999999999636,72,80,1,0.022500000000000003,0.1,73.5400215145062,640.0,4.0,34.38251221896347,17.487781036168133
34.40000000000006,52,80,0,0.03,0.1,64.97120933414615,640.0,3.0,34.382512218963896,17.487781036168133
34.433333333333394,45,80,0,0.03,0.1,58.786249839604835,640.0,3.0,34.41584555229723,17.487781036168133
34.44999999999963,48,80,1,0.022500000000000003,0.1,48.024367375840946,640.0,4.0,34.43251221896347,17.487781036168133
34.466666666666725,41,80,0,0.03,0.1,53.4107817610913,640.0,3.0,34.44917888563056,17.487781036168133
34.47499999999963,57,80,1,0.022500000000000003,0.1,57.722651189703704,640.0,4.0,34.457512218963466,17.487781036168133
34.49999999999963,48,80,1,0.022500000000000003,0.1,48.316020233004636,640.0,4.0,34.482512218963464,17.487781036168133
34.50000000000006,50,80,0,0.03,0.1,63.11718661358521,640.0,3.0,34.48251221896389,17.487781036168133
34.52499999999963,53,80,1,0.022500000000000003,0.1,54.65689111053527,640.0,4.0,34.50751221896346,17.487781036168133
34.53333333333339,47,80,0,0.03,0.1,59.22683226627957,640.0,3.0,34.51584555229722,17.487781036168133
34.54999999999963,64,80,1,0.022500000000000003,0.1,64.40389019601237,640.0,4.0,34.53251221896346,17.487781036168133
34.56666666666672,62,80,0,0.03,0.1,74.4355872081139,640.0,3.0,34.54917888563055,17.487781036168133
34.599999999999625,48,80,1,0.022500000000000003,0.1,48.50777514975194,640.0,4.0,34.58251221896346,17.487781036168133
34.62499999999962,53,80,1,0.022500000000000003,0.1,53.75737122625607,640.0,4.0,34.60751221896346,17.487781036168133
34.63333333333338,38,80,0,0.03,0.1,50.43938195110185,640.0,3.0,34.615845552297216,17.487781036168133
34.64999999999962,72,80,1,0.022500000000000003,0.1,73.75146246105912,640.0,4.0,34.632512218963456,17.487781036168133
34.666666666666714,60,80,0,0.03,0.1,72.6741278586789,640.0,3.0,34.64917888563055,17.487781036168133
34.67499999999962,65,80,1,0.022500000000000003,0.1,66.35392150699445,640.0,4.0,34.657512218963454,17.487781036168133
34.69999999999962,86,80,1,0.022500000000000003,0.1,86.56083250366133,640.0,4.0,34.68251221896345,17.487781036168133
34.700000000000045,45,80,0,0.03,0.1,57.22072224068861,640.0,3.0,34.68251221896388,17.487781036168133
34.72499999999962,74,80,1,0.022500000000000003,0.1,75.10564062389156,640.0,4.0,34.70751221896345,17.487781036168133
34.73333333333338,53,80,0,0.03,0.1,66.73966955100553,640.0,3.0,34.71584555229721,17.487781036168133
34.76666666666671,41,80,0,0.03,0.1,53.88914296073215,640.0,3.0,34.74917888563054,17.487781036168133
34.79999999999961,69,80,1,0.022500000000000003,0.1,69.77741250090781,640.0,4.0,34.78251221896345,17.487781036168133
34.80000000000004,38,80,0,0.03,0.1,51.68221586563281,640.0,3.0,34.78251221896387,17.487781036168133
34.82499999999961,59,80,1,0.022500000000000003,0.1,59.320232938279545,640.0,4.0,34.807512218963446,17.487781036168133
34.83333333333337,48,80,0,0.03,0.1,61.07735334637691,640.0,3.0,34.815845552297205,17.487781036168133
34.84999999999961,52,80,1,0.022500000000000003,0.1,52.947432914710404,640.0,4.0,34.832512218963444,17.487781036168133
34.87499999999961,62,80,1,0.022500000000000003,0.1,62.150596358816365,640.0,4.0,34.85751221896344,17.487781036168133
34.89999999999961,72,80,1,0.022500000000000003,0.1,72.09870764302698,640.0,4.0,34.88251221896344,17.487781036168133
34.900000000000034,53,80,0,0.03,0.1,66.14178605269547,640.0,3.0,34.88251221896387,17.487781036168133
34.924999999999606,65,80,1,0.022500000000000003,0.1,66.41064436485391,640.0,4.0,34.90751221896344,17.487781036168133
34.933333333333366,43,80,0,0.03,0.1,56.561334357635296,640.0,3.0,34.9158455522972,17.487781036168133
34.949999999999605,48,80,1,0.022500000000000003,0.1,48.75553534282163,640.0,4.0,34.93251221896344,17.487781036168133
34.9666666666667,24,80,0,0.03,0.1,36.49459476773892,640.0,3.0,34.94917888563053,17.487781036168133
34.9749999999996,69,80,1,0.022500000000000003,0.1,69.50347409398555,640.0,4.0,34.95751221896344,17.487781036168133
34.9999999999996,50,80,1,0.022500000000000003,0.1,51.83887946142766,640.0,4.0,34.982512218963436,17.487781036168133
35.00000000000003,41,80,0,0.03,0.1,54.460494290068624,640.0,3.0,34.98251221896386,17.487781036168133
35.0249999999996,62,80,1,0.022500000000000003,0.1,62.77354392274286,640.0,4.0,35.007512218963434,17.487781036168133
35.03333333333336,57,80,0,0.03,0.1,70.16087637944084,640.0,3.0,35.01584555229719,17.487781036168133
35.0499999999996,55,80,1,0.022500000000000003,0.1,56.11711913629268,640.0,4.0,35.03251221896343,17.487781036168133
35.06666666666669,43,80,0,0.03,0.1,56.19358618568824,640.0,3.0,35.049178885630525,17.487781036168133
35.099999999999596,69,80,1,0.022500000000000003,0.1,69.80791008051852,640.0,4.0,35.08251221896343,17.487781036168133
35.124999999999595,45,80,1,0.022500000000000003,0.1,46.68552038635651,640.0,4.0,35.10751221896343,17.487781036168133
35.133333333333354,60,80,0,0.03,0.1,72.625619275596,640.0,3.0,35.11584555229719,17.487781036168133
35.149999999999594,84,80,1,0.022500000000000003,0.1,84.89849695074474,640.0,4.0,35.13251221896343,17.487781036168133
35.166666666666686,38,80,0,0.03,0.1,50.886742691085786,640.0,3.0,35.14917888563052,17.487781036168133
35.17499999999959,36,80,1,0.022500000000000003,0.1,36.69009831303045,640.0,4.0,35.157512218963426,17.487781036168133
35.19999999999959,52,80,1,0.022500000000000003,0.1,52.34985365433783,640.0,4.0,35.182512218963424,17.487781036168133
35.20000000000002,28,80,0,0.03,0.1,40.252118806490884,640.0,3.0,35.18251221896385,17.487781036168133
35.22499999999959,64,80,1,0.022500000000000003,0.1,64.73871219125428,640.0,4.0,35.20751221896342,17.487781036168133
35.23333333333335,45,80,0,0.03,0.1,57.94392167007367,640.0,3.0,35.21584555229718,17.487781036168133
35.24999999999959,67,80,1,0.022500000000000003,0.1,67.47922133037197,640.0,4.0,35.23251221896342,17.487781036168133
35.26666666666668,41,80,0,0.03,0.1,53.80257342401617,640.0,3.0,35.24917888563051,17.487781036168133
35.27499999999959,57,80,1,0.022500000000000003,0.1,58.71391077668218,640.0,4.0,35.25751221896342,17.487781036168133
35.299999999999585,59,80,1,0.022500000000000003,0.1,59.265399001580256,640.0,4.0,35.28251221896342,17.487781036168133
35.30000000000001,35,80,0,0.03,0.1,47.63204710715835,640.0,3.0,35.282512218963845,17.487781036168133
35.324999999999584,65,80,1,0.022500000000000003,0.1,65.2550410921935,640.0,4.0,35.30751221896342,17.487781036168133
35.33333333333334,45,80,0,0.03,0.1,57.755155764496756,640.0,3.0,35.315845552297176,17.487781036168133
35.34999999999958,57,80,1,0.022500000000000003,0.1,57.04231068854169,640.0,4.0,35.332512218963416,17.487781036168133
35.366666666666674,53,80,0,0.03,0.1,66.29127228475883,640.0,3.0,35.34917888563051,17.487781036168133
35.37499999999958,77,80,1,0.022500000000000003,0.1,77.83272010156679,640.0,4.0,35.357512218963414,17.487781036168133
35.39999999999958,69,80,1,0.022500000000000003,0.1,70.74366866216451,640.0,4.0,35.38251221896341,17.487781036168133
35.400000000000006,47,80,0,0.03,0.1,59.88110641193196,640.0,3.0,35.38251221896384,17.487781036168133
35.42499999999958,71,80,1,0.022500000000000003,0.1,71.17215169287212,640.0,4.0,35.40751221896341,17.487781036168133
35.43333333333334,50,80,0,0.03,0.1,63.92935773038384,640.0,3.0,35.41584555229717,17.487781036168133
35.44999999999958,47,80,1,0.022500000000000003,0.1,47.63319394085866,640.0,4.0,35.43251221896341,17.487781036168133
35.474999999999575,57,80,1,0.022500000000000003,0.1,58.983828167607,640.0,4.0,35.45751221896341,17.487781036168133
35.499999999999574,55,80,1,0.022500000000000003,0.1,56.15403585637499,640.0,4.0,35.48251221896341,17.487781036168133
35.5,43,80,0,0.03,0.1,55.61115057206318,640.0,3.0,35.482512218963834,17.487781036168133
35.52499999999957,47,80,1,0.022500000000000003,0.1,47.12830239117484,640.0,4.0,35.507512218963406,17.487781036168133
35.53333333333333,50,80,0,0.03,0.1,63.56286252345177,640.0,3.0,35.515845552297165,17.487781036168133
35.54999999999957,64,80,1,0.022500000000000003,0.1,64.61010155450582,640.0,4.0,35.532512218963404,17.487781036168133
35.56666666666666,41,80,0,0.03,0.1,53.48206895873108,640.0,3.0,35.549178885630496,17.487781036168133
35.57499999999957,53,80,1,0.022500000000000003,0.1,53.11813430041835,640.0,4.0,35.5575122189634,17.487781036168133
35.59999999999957,67,80,1,0.022500000000000003,0.1,68.38916902208304,640.0,4.0,35.5825122189634,17.487781036168133
35.599999999999994,36,80,0,0.03,0.1,49.16659558544674,640.0,3.0,35.58251221896383,17.487781036168133
35.62499999999957,45,80,1,0.022500000000000003,0.1,46.30154799495256,640.0,4.0,35.6075122189634,17.487781036168133
35.633333333333326,40,80,0,0.03,0.1,52.513182036252545,640.0,3.0,35.61584555229716,17.487781036168133
35.649999999999565,81,80,1,0.022500000000000003,0.1,82.00371984437531,640.0,4.0,35.6325122189634,17.487781036168133
35.66666666666666,41,80,0,0.03,0.1,53.87189028452239,640.0,3.0,35.64917888563049,17.487781036168133
35.674999999999564,48,80,1,0.022500000000000003,0.1,48.52694197002161,640.0,4.0,35.6575122189634,17.487781036168133
35.69999999999956,62,80,1,0.022500000000000003,0.1,62.80706991616558,640.0,4.0,35.682512218963396,17.487781036168133
35.69999999999999,52,80,0,0.03,0.1,64.6012902086032,640.0,3.0,35.68251221896382,17.487781036168133
35.72499999999956,69,80,1,0.022500000000000003,0.1,70.13579917296727,640.0,4.0,35.707512218963394,17.487781036168133
35.73333333333332,77,80,0,0.03,0.1,90.06817006976969,640.0,3.0,35.715845552297154,17.487781036168133
35.74999999999956,52,80,1,0.022500000000000003,0.1,52.695802493438556,640.0,4.0,35.73251221896339,17.487781036168133
35.76666666666665,38,80,0,0.03,0.1,50.83464401566924,640.0,3.0,35.749178885630485,17.487781036168133
35.77499999999956,69,80,1,0.022500000000000003,0.1,70.91159863594177,640.0,4.0,35.75751221896339,17.487781036168133
35.79999999999956,43,80,1,0.022500000000000003,0.1,44.26644994815467,640.0,4.0,35.78251221896339,17.487781036168133
35.79999999999998,41,80,0,0.03,0.1,54.66719608812208,640.0,3.0,35.78251221896382,17.487781036168133
35.824999999999555,77,80,1,0.022500000000000003,0.1,78.58710654953677,640.0,4.0,35.80751221896339,17.487781036168133
35.833333333333314,47,80,0,0.03,0.1,59.192025432176024,640.0,3.0,35.81584555229715,17.487781036168133
35.849999999999554,60,80,1,0.022500000000000003,0.1,60.181110591561705,640.0,4.0,35.83251221896339,17.487781036168133
35.866666666666646,53,80,0,0.03,0.1,65.06622526348477,640.0,3.0,35.84917888563048,17.487781036168133
35.87499999999955,52,80,1,0.022500000000000003,0.1,52.36593397799834,640.0,4.0,35.857512218963386,17.487781036168133
35.89999999999955,55,80,1,0.022500000000000003,0.1,56.17047331292884,640.0,4.0,35.882512218963384,17.487781036168133
35.89999999999998,50,80,0,0.03,0.1,63.373450393021244,640.0,3.0,35.88251221896381,17.487781036168133
35.92499999999955,69,80,1,0.022500000000000003,0.1,70.35416664822681,640.0,4.0,35.90751221896338,17.487781036168133
35.93333333333331,64,80,0,0.03,0.1,76.4364261625359,640.0,3.0,35.91584555229714,17.487781036168133
35.94999999999955,52,80,1,0.022500000000000003,0.1,52.51897226431439,640.0,4.0,35.93251221896338,17.487781036168133
35.96666666666664,21,80,0,0.03,0.1,28.942181497149335,640.0,3.0,35.949178885630474,17.487781036168133
35.97499999999955,50,80,1,0.022500000000000003,0.1,50.408221575388446,640.0,4.0,35.95751221896338,17.487781036168133
35.999999999999545,57,80,1,0.022500000000000003,0.1,57.16433155092815,640.0,4.0,35.98251221896338,17.487781036168133
36.024999999999544,43,80,1,0.022500000000000003,0.1,44.93488495654441,640.0,4.0,36.00751221896338,17.487781036168133
36.0333333333333,41,80,0,0.03,0.1,53.65275939827009,640.0,3.0,36.01584555229714,17.487781036168133
36.04999999999954,83,80,1,0.022500000000000003,0.1,83.30296202165525,640.0,4.0,36.032512218963376,17.487781036168133
36.066666666666634,62,80,0,0.03,0.1,74.04544240055947,640.0,3.0,36.04917888563047,17.487781036168133
36.07499999999954,52,80,1,0.022500000000000003,0.1,52.75014923245154,640.0,4.0,36.057512218963375,17.487781036168133
36.09999999999954,69,80,1,0.022500000000000003,0.1,70.64469486310917,640.0,4.0,36.08251221896337,17.487781036168133
36.099999999999966,26,80,0,0.03,0.1,39.959705195448365,640.0,3.0,36.0825122189638,17.487781036168133
36.12499999999954,62,80,1,0.022500000000000003,0.1,62.68121707069149,640.0,4.0,36.10751221896337,17.487781036168133
36.1333333333333,21,80,0,0.03,0.1,21.502306051919902,640.0,3.0,36.11584555229713,17.487781036168133
36.14999999999954,47,80,1,0.022500000000000003,0.1,47.397964153830806,640.0,4.0,36.13251221896337,17.487781036168133
36.16666666666663,55,80,0,0.03,0.1,67.31109639960587,640.0,3.0,36.14917888563046,17.487781036168133
36.174999999999535,59,80,1,0.022500000000000003,0.1,59.923779722077064,640.0,4.0,36.15751221896337,17.487781036168133
36.199999999999534,69,80,1,0.022500000000000003,0.1,70.03523557517758,640.0,4.0,36.18251221896337,17.487781036168133
36.19999999999996,50,80,0,0.03,0.1,63.11881246339475,640.0,3.0,36.182512218963794,17.487781036168133
36.22499999999953,57,80,1,0.022500000000000003,0.1,57.590254910895275,640.0,4.0,36.207512218963366,17.487781036168133
36.23333333333329,33,80,0,0.03,0.1,46.045332392967296,640.0,3.0,36.215845552297125,17.487781036168133
36.24999999999953,74,80,1,0.022500000000000003,0.1,75.27184570689316,640.0,4.0,36.232512218963365,17.487781036168133
36.26666666666662,35,80,0,0.03,0.1,47.3850931107721,640.0,3.0,36.24917888563046,17.487781036168133
36.27499999999953,72,80,1,0.022500000000000003,0.1,73.07539702760786,640.0,4.0,36.25751221896336,17.487781036168133
36.29999999999953,71,80,1,0.022500000000000003,0.1,71.76211013962661,640.0,4.0,36.28251221896336,17.487781036168133
36.32499999999953,53,80,1,0.022500000000000003,0.1,54.116393314905636,640.0,4.0,36.30751221896336,17.487781036168133
36.333333333333286,48,80,0,0.03,0.1,61.41485206366643,640.0,3.0,36.31584555229712,17.487781036168133
36.349999999999525,45,80,1,0.022500000000000003,0.1,46.178016668396964,640.0,4.0,36.33251221896336,17.487781036168133
36.36666666666662,38,80,0,0.03,0.1,51.98316446485751,640.0,3.0,36.34917888563045,17.487781036168133
36.374999999999524,52,80,1,0.022500000000000003,0.1,52.146078651356234,640.0,4.0,36.35751221896336,17.487781036168133
36.39999999999952,62,80,1,0.022500000000000003,0.1,62.51188404053402,640.0,4.0,36.382512218963356,17.487781036168133
36.39999999999995,53,80,0,0.03,0.1,66.32401816288666,640.0,3.0,36.38251221896378,17.487781036168133
36.42499999999952,65,80,1,0.022500000000000003,0.1,66.98606993321415,640.0,4.0,36.407512218963355,17.487781036168133
36.43333333333328,21,80,0,0.03,0.1,23.460778714823796,640.0,3.0,36.415845552297114,17.487781036168133
36.44999999999952,31,80,1,0.022500000000000003,0.1,32.203886019066275,640.0,4.0,36.43251221896335,17.487781036168133
36.46666666666661,36,80,0,0.03,0.1,49.032296126364166,640.0,3.0,36.449178885630445,17.487781036168133
36.47499999999952,59,80,1,0.022500000000000003,0.1,59.8961510193696,640.0,4.0,36.45751221896335,17.487781036168133
36.49999999999952,62,80,1,0.022500000000000003,0.1,62.023542084136764,640.0,4.0,36.48251221896335,17.487781036168133
36.49999999999994,33,80,0,0.03,0.1,45.586509300338555,640.0,3.0,36.48251221896378,17.487781036168133
36.524999999999515,55,80,1,0.022500000000000003,0.1,56.44743351916094,640.0,4.0,36.50751221896335,17.487781036168133
36.533333333333275,43,80,0,0.03,0.1,56.7188393168321,640.0,3.0,36.51584555229711,17.487781036168133
36.549999999999514,76,80,1,0.022500000000000003,0.1,76.52830513940324,640.0,4.0,36.53251221896335,17.487781036168133
36.566666666666606,41,80,0,0.03,0.1,53.11298869132622,640.0,3.0,36.54917888563044,17.487781036168133
36.57499999999951,65,80,1,0.022500000000000003,0.1,65.39878495041114,640.0,4.0,36.557512218963346,17.487781036168133
36.59999999999951,76,80,1,0.022500000000000003,0.1,76.77045642343549,640.0,4.0,36.582512218963345,17.487781036168133
36.59999999999994,57,80,0,0.03,0.1,70.2124003826658,640.0,3.0,36.58251221896377,17.487781036168133
36.63333333333327,24,80,0,0.03,0.1,36.20048932275127,640.0,3.0,36.6158455522971,17.487781036168133
36.64999999999951,71,80,1,0.022500000000000003,0.1,71.99971190408864,640.0,4.0,36.63251221896334,17.487781036168133
36.6666666666666,48,80,0,0.03,0.1,60.58229089703362,640.0,3.0,36.649178885630434,17.487781036168133
36.67499999999951,79,80,1,0.022500000000000003,0.1,80.92884984995226,640.0,4.0,36.65751221896334,17.487781036168133
36.699999999999505,76,80,1,0.022500000000000003,0.1,76.78967615069007,640.0,4.0,36.68251221896334,17.487781036168133
36.69999999999993,55,80,0,0.03,0.1,67.14670621710982,640.0,3.0,36.682512218963765,17.487781036168133
36.724999999999504,45,80,1,0.022500000000000003,0.1,46.020587604112215,640.0,4.0,36.70751221896334,17.487781036168133
36.73333333333326,71,80,0,0.03,0.1,83.76508718799302,640.0,3.0,36.7158455522971,17.487781036168133
36.7499999999995,55,80,1,0.022500000000000003,0.1,56.752946207457526,640.0,4.0,36.732512218963336,17.487781036168133
36.766666666666595,41,80,0,0.03,0.1,53.83339557000352,640.0,3.0,36.74917888563043,17.487781036168133
36.7999999999995,65,80,1,0.022500000000000003,0.1,66.262458048977,640.0,4.0,36.78251221896333,17.487781036168133
36.799999999999926,52,80,0,0.03,0.1,64.15307013571221,640.0,3.0,36.78251221896376,17.487781036168133
36.8249999999995,67,80,1,0.022500000000000003,0.1,68.78532550418602,640.0,4.0,36.80751221896333,17.487781036168133
36.83333333333326,24,80,0,0.03,0.1,36.910556255201726,640.0,3.0,36.81584555229709,17.487781036168133
36.8499999999995,48,80,1,0.022500000000000003,0.1,49.262173772470575,640.0,4.0,36.83251221896333,17.487781036168133
36.86666666666659,21,80,0,0.03,0.1,29.382960584793295,640.0,3.0,36.84917888563042,17.487781036168133
36.874999999999496,60,80,1,0.022500000000000003,0.1,60.868332978136806,640.0,4.0,36.85751221896333,17.487781036168133
36.899999999999494,33,80,1,0.022500000000000003,0.1,34.14493014840146,640.0,4.0,36.88251221896333,17.487781036168133
36.89999999999992,57,80,0,0.03,0.1,70.81311201000577,640.0,3.0,36.882512218963754,17.487781036168133
36.92499999999949,77,80,1,0.022500000000000003,0.1,78.4568960742642,640.0,4.0,36.907512218963326,17.487781036168133
36.93333333333325,47,80,0,0.03,0.1,59.9288282413047,640.0,3.0,36.915845552297085,17.487781036168133
36.94999999999949,53,80,1,0.022500000000000003,0.1,53.441609719338324,640.0,4.0,36.932512218963325,17.487781036168133
36.96666666666658,62,80,0,0.03,0.1,75.08496242941982,640.0,3.0,36.94917888563042,17.487781036168133
36.97499999999949,60,80,1,0.022500000000000003,0.1,60.71505843000956,640.0,4.0,36.95751221896332,17.487781036168133
36.99999999999949,55,80,1,0.022500000000000003,0.1,56.03648366095282,640.0,4.0,36.98251221896332,17.487781036168133
36.999999999999915,29,80,0,0.03,0.1,42.42044302118721,640.0,3.0,36.98251221896375,17.487781036168133
37.02499999999949,74,80,1,0.022500000000000003,0.1,74.66915296017171,640.0,4.0,37.00751221896332,17.487781036168133
37.033333333333246,53,80,0,0.03,0.1,66.65474738596804,640.0,3.0,37.01584555229708,17.487781036168133
37.049999999999486,23,80,1,0.022500000000000003,0.1,23.67991755011355,640.0,4.0,37.03251221896332,17.487781036168133
37.06666666666658,71,80,0,0.03,0.1,83.92086835896131,640.0,3.0,37.04917888563041,17.487781036168133
37.074999999999484,59,80,1,0.022500000000000003,0.1,59.787387618228365,640.0,4.0,37.05751221896332,17.487781036168133
37.09999999999948,57,80,1,0.022500000000000003,0.1,58.64551990402947,640.0,4.0,37.082512218963316,17.487781036168133
37.09999999999991,53,80,0,0.03,0.1,65.372231786973,640.0,3.0,37.08251221896374,17.487781036168133
37.13333333333324,50,80,0,0.03,0.1,63.54024327156542,640.0,3.0,37.115845552297074,17.487781036168133
37.14999999999948,81,80,1,0.022500000000000003,0.1,82.0956997841361,640.0,4.0,37.13251221896331,17.487781036168133
37.16666666666657,48,80,0,0.03,0.1,60.10951783455168,640.0,3.0,37.149178885630405,17.487781036168133
37.19999999999948,69,80,1,0.022500000000000003,0.1,69.87899106861647,640.0,4.0,37.18251221896331,17.487781036168133
37.1999999999999,26,80,0,0.03,0.1,39.892717348788324,640.0,3.0,37.18251221896374,17.487781036168133
37.224999999999476,64,80,1,0.022500000000000003,0.1,64.56003569543788,640.0,4.0,37.20751221896331,17.487781036168133
37.233333333333235,65,80,0,0.03,0.1,77.35133357709246,640.0,3.0,37.21584555229707,17.487781036168133
37.249999999999474,76,80,1,0.022500000000000003,0.1,76.1474464324546,640.0,4.0,37.23251221896331,17.487781036168133
37.266666666666566,40,80,0,0.03,0.1,52.18102221049516,640.0,3.0,37.2491788856304,17.487781036168133
37.27499999999947,50,80,1,0.022500000000000003,0.1,51.45997971484793,640.0,4.0,37.257512218963306,17.487781036168133
37.2999999999999,53,80,0,0.03,0.1,66.45738568170262,640.0,3.0,37.28251221896373,17.487781036168133
37.32499999999947,74,80,1,0.022500000000000003,0.1,74.0296948157107,640.0,4.0,37.3075122189633,17.487781036168133
37.33333333333323,26,80,0,0.03,0.1,39.99316087588795,640.0,3.0,37.31584555229706,17.487781036168133
37.34999999999947,65,80,1,0.022500000000000003,0.1,65.44411274662541,640.0,4.0,37.3325122189633,17.487781036168133
37.36666666666656,31,80,0,0.03,0.1,44.90291629430041,640.0,3.0,37.349178885630394,17.487781036168133
37.37499999999947,40,80,1,0.022500000000000003,0.1,40.224801962537484,640.0,4.0,37.3575122189633,17.487781036168133
37.399999999999466,53,80,1,0.022500000000000003,0.1,53.09689581487014,640.0,4.0,37.3825122189633,17.487781036168133
37.39999999999989,65,80,0,0.03,0.1,78.36911871004462,640.0,3.0,37.382512218963726,17.487781036168133
37.424999999999464,64,80,1,0.022500000000000003,0.1,64.94569796925518,640.0,4.0,37.4075122189633,17.487781036168133
37.43333333333322,43,80,0,0.03,0.1,55.55453070133961,640.0,3.0,37.41584555229706,17.487781036168133
37.44999999999946,69,80,1,0.022500000000000003,0.1,70.72338203579633,640.0,4.0,37.432512218963296,17.487781036168133
37.466666666666555,65,80,0,0.03,0.1,78.60192609334457,640.0,3.0,37.44917888563039,17.487781036168133
37.47499999999946,50,80,1,0.022500000000000003,0.1,51.30584763913018,640.0,4.0,37.457512218963295,17.487781036168133
37.49999999999946,21,80,1,0.022500000000000003,0.1,22.697523330343152,640.0,4.0,37.48251221896329,17.487781036168133
37.499999999999886,45,80,0,0.03,0.1,58.99864756405097,640.0,3.0,37.48251221896372,17.487781036168133
37.52499999999946,65,80,1,0.022500000000000003,0.1,66.69725677743402,640.0,4.0,37.50751221896329,17.487781036168133
37.53333333333322,24,80,0,0.03,0.1,36.42370850613942,640.0,3.0,37.51584555229705,17.487781036168133
37.54999999999946,43,80,1,0.022500000000000003,0.1,44.37989516871711,640.0,4.0,37.53251221896329,17.487781036168133
37.56666666666655,59,80,0,0.03,0.1,71.41846527656602,640.0,3.0,37.54917888563038,17.487781036168133
37.574999999999456,33,80,1,0.022500000000000003,0.1,34.17806338403314,640.0,4.0,37.55751221896329,17.487781036168133
37.599999999999454,23,80,1,0.022500000000000003,0.1,23.746228160202996,640.0,4.0,37.58251221896329,17.487781036168133
37.59999999999988,40,80,0,0.03,0.1,52.449378332728216,640.0,3.0,37.582512218963714,17.487781036168133
37.62499999999945,69,80,1,0.022500000000000003,0.1,70.41895501053109,640.0,4.0,37.607512218963286,17.487781036168133
37.63333333333321,55,80,0,0.03,0.1,68.94321681301815,640.0,3.0,37.615845552297046,17.487781036168133
37.64999999999945,60,80,1,0.022500000000000003,0.1,61.64630336518357,640.0,4.0,37.632512218963285,17.487781036168133
37.66666666666654,48,80,0,0.03,0.1,60.32269910451305,640.0,3.0,37.64917888563038,17.487781036168133
37.67499999999945,57,80,1,0.022500000000000003,0.1,57.11159832688318,640.0,4.0,37.657512218963284,17.487781036168133
37.69999999999945,77,80,1,0.022500000000000003,0.1,77.77951184592335,640.0,4.0,37.68251221896328,17.487781036168133
37.699999999999875,28,80,0,0.03,0.1,40.24808668233126,640.0,3.0,37.68251221896371,17.487781036168133
37.72499999999945,67,80,1,0.022500000000000003,0.1,68.15775594269533,640.0,4.0,37.70751221896328,17.487781036168133
37.733333333333206,50,80,0,0.03,0.1,62.10297299674328,640.0,3.0,37.71584555229704,17.487781036168133
37.749999999999446,79,80,1,0.022500000000000003,0.1,80.68864054684053,640.0,4.0,37.73251221896328,17.487781036168133
37.76666666666654,76,80,0,0.03,0.1,88.11165621955583,640.0,3.0,37.74917888563037,17.487781036168133
37.774999999999444,41,80,1,0.022500000000000003,0.1,42.172985956262444,640.0,4.0,37.75751221896328,17.487781036168133
37.79999999999944,59,80,1,0.022500000000000003,0.1,59.55775201338927,640.0,4.0,37.78251221896328,17.487781036168133
37.79999999999987,53,80,0,0.03,0.1,66.31022666898508,640.0,3.0,37.7825122189637,17.487781036168133
37.82499999999944,38,80,1,0.022500000000000003,0.1,39.306068800665415,640.0,4.0,37.807512218963275,17.487781036168133
37.8333333333332,47,80,0,0.03,0.1,59.26377276153007,640.0,3.0,37.815845552297034,17.487781036168133
37.84999999999944,57,80,1,0.022500000000000003,0.1,57.06390615225002,640.0,4.0,37.832512218963274,17.487781036168133
37.86666666666653,60,80,0,0.03,0.1,73.76439554504829,640.0,3.0,37.849178885630366,17.487781036168133
37.87499999999944,55,80,1,0.022500000000000003,0.1,56.81771707178653,640.0,4.0,37.85751221896327,17.487781036168133
37.89999999999944,67,80,1,0.022500000000000003,0.1,68.0206545569673,640.0,4.0,37.88251221896327,17.487781036168133
37.899999999999864,50,80,0,0.03,0.1,62.69655635459982,640.0,3.0,37.8825122189637,17.487781036168133
37.924999999999436,60,80,1,0.022500000000000003,0.1,60.5832176786163,640.0,4.0,37.90751221896327,17.487781036168133
37.949999999999434,67,80,1,0.022500000000000003,0.1,67.97961136998292,640.0,4.0,37.93251221896327,17.487781036168133
37.96666666666653,33,80,0,0.03,0.1,46.02719779636349,640.0,3.0,37.94917888563036,17.487781036168133
37.97499999999943,69,80,1,0.022500000000000003,0.1,69.00403370417784,640.0,4.0,37.95751221896327,17.487781036168133
38.0,104,51,1,0.009000000000000001,0.005058527656841592,104.6701769755327,412.3486488430556,1.4142135623730951,37.97797653958944,22.023460410557185
37.99999999999943,86,80,1,0.022500000000000003,0.1,87.58308707050422,640.0,4.0,37.982512218963265,17.487781036168133
37.99999999999986,50,80,0,0.03,0.1,62.99325473010686,640.0,3.0,37.98251221896369,17.487781036168133
38.0,40,88,0,0.009000000000000001,0.0020782557917645695,40.80888421999107,711.4770220916909,1.0,37.983763440860216,16.236559139784944
38.01,37,83,1,0.0158662710931255,0.02493143973798475,37.289384838479265,668.2890950143101,1.4142135623730951,37.992981427174975,17.01857282502444
38.01,54,98,0,0.009000000000000001,0.008882547123242181,54.05486777992911,788.9924857854685,1.0,37.99532746823069,14.672531769305962
38.019999999999996,52,107,0,0.009000000000000001,0.0037359708308043965,52.23649387496095,863.2926916091906,1.0,38.00673509286412,13.264907135874878
38.02762919010347,67,65,1,0.009000000000000001,0.00489046497686045,67.52736881778769,524.9508608184449,1.4142135623730951,38.00779536801158,19.83382209188661
38.029999999999994,32,76,0,0.016730954316757043,0.018589949240841157,32.198083858253035,609.4618123964593,1.0,38.01188660801564,18.113391984359726
38.037629190103466,75,93,1,0.009000000000000001,0.0010177722833530742,75.98482976135664,745.3076561933182,1.4142135623730951,38.02217464464892,15.454545454545453
38.047629190103464,21,63,1,0.009000000000000001,0.012743777523108197,18.764700230975137,508.4071379645542,1.4142135623730951,38.02748256253748,20.146627565982406
38.048589949240835,30,86,0,0.009832080815243326,0.010924534239159251,30.36370287194181,692.9041971076222,1.0,38.032040584626955,16.549364613880744
38.05762919010346,31,110,1,0.010571990006933926,0.016612279610087544,31.132723328512007,885.3340138969352,1.4142135623730951,38.04483349117873,12.795698924731184
38.059514483479994,82,110,0,0.009000000000000001,0.0017392856125160304,82.98131325652523,882.9183344037917,1.0,38.04671878455526,12.795698924731184
38.06937584566672,25,77,1,0.009000000000000001,0.002898588499940396,25.041888641775273,623.3443608723325,1.4142135623730951,38.05141885641941,17.956989247311828
38.06951448347999,29,94,0,0.009000000000000001,0.002881669587835624,29.80740731450915,758.7806913242679,1.0,38.054216340762494,15.298142717497555
38.07951448347999,77,92,0,0.020247067589680624,0.022496741766311803,77.55842645180256,736.7098644557163,1.0,38.0639035352884,15.610948191593351
38.07937584566672,104,101,1,0.009000000000000001,0.004398406870715004,104.7802692548465,812.5674378307095,1.4142135623730951,38.065172522108554,14.203323558162268
38.099375845666714,69,94,1,0.009000000000000001,0.001347400031882536,69.97140363614997,757.0595704624579,1.4142135623730951,38.084077702949216,15.298142717497555
38.10937584566671,38,75,1,0.009000000000000001,0.003276711711016964,38.236614575355375,607.8874004948257,1.4142135623730951,38.09110605094531,18.269794721407624
38.11937584566671,97,72,1,0.009000000000000001,0.009499913718221058,97.73535014845865,583.8542540637716,1.4142135623730951,38.10063684273416,18.73900293255132
38.11630941553425,41,95,0,0.009000000000000001,0.007399446909611339,41.0718736523673,766.3063496201994,1.0,38.1011676755538,15.141739980449657
38.12630941553425,43,67,0,0.015583192086739877,0.01731465787415542,43.81576911427379,540.642281776517,1.0,38.106788398916464,19.521016617790814
38.12937584566671,85,91,1,0.009000000000000001,0.0015907442492102623,85.97649295589541,732.8922007344355,1.4142135623730951,38.11360849473807,15.76735092864125
38.139375845666706,29,78,1,0.009000000000000001,0.005057797826972016,29.798044066441904,630.051313278844,1.4142135623730951,38.121575259156444,17.80058651026393
38.143624073408404,42,64,0,0.009000000000000001,0.00794317816204506,42.14673443218598,517.1625328252634,1.0,38.123633848579466,19.990224828934508
38.149375845666704,56,64,1,0.009000000000000001,0.0032247892532751583,56.192371596743705,513.7669384682316,1.4142135623730951,38.129385620837766,19.990224828934508
38.1593758456667,65,57,1,0.009000000000000001,0.0049192598154359475,65.2219088722311,463.7040358477145,1.4142135623730951,38.13829080167843,21.085043988269796
38.1636240734084,30,101,0,0.015392942881736342,0.017103269868595936,30.06497651927632,812.7199478743144,1.0,38.149420749850236,14.203323558162268
38.1693758456667,27,94,1,0.009733097311226832,0.015294086912704544,27.360739437139813,753.9739133505946,1.4142135623730951,38.1540777029492,15.298142717497555
38.18019039823473,89,66,1,0.009000000000000001,0.01222717140678174,89.46719970844045,528.0105865307565,1.4142135623730951,38.160512978879886,19.67741935483871
38.180727343277,70,88,0,0.009000000000000001,0.002378049517500823,70.40334795941693,708.1453741770723,1.0,38.164490784137215,16.236559139784944
38.190190398234726,62,77,1,0.010044149005537158,0.015782857495696537,62.3128617614399,618.5740525225174,1.4142135623730951,38.17223340898742,17.956989247311828
38.190727343277,47,88,0,0.009000000000000001,0.00068846904307486,47.79450592138365,711.2734952311408,1.0,38.17449078413721,16.236559139784944
38.20135056379643,35,87,1,0.009000000000000001,0.004677031182943026,35.624921886762095,702.0024988697501,1.4142135623730951,38.1849576019196,16.392961876832846
38.200727343276995,90,100,0,0.009000000000000001,0.005542445889180864,90.8492466963425,805.4675963363053,1.0,38.186367616981784,14.359726295210166
38.21135056379643,26,66,1,0.01957426062629358,0.030757983167922283,26.618540849789497,528.5480446975558,1.4142135623730951,38.19167314444159,19.67741935483871
38.21072734327699,44,109,0,0.009000000000000001,0.007671302678175663,44.986064695487045,873.5764680031773,1.0,38.19777524161521,12.952101661779082
38.22072734327699,57,106,0,0.009000000000000001,0.007824828744575971,57.78467054878143,848.766163261042,1.0,38.207306033404066,13.421309872922777
38.23072734327699,97,55,0,0.03217556095933305,0.035750623288147834,97.35137732352658,443.7084039355419,1.0,38.20932949381462,21.397849462365592
38.23309974227009,48,72,1,0.009000000000000001,0.00979318346035592,48.42380219489432,583.6388506403546,1.4142135623730951,38.21436073933754,18.73900293255132
38.266477966565134,71,62,0,0.0372142398581231,0.04134915539791455,71.7619110780359,500.4556698427612,1.0,38.2461749362621,20.303030303030305
38.26909921282375,25,90,1,0.017294170289923215,0.027175166859999173,25.26783375021438,725.394160423451,1.4142135623730951,38.25317545915806,15.923753665689148
38.28831495759033,84,52,1,0.009091129373488346,0.014285331619195154,84.53875854854218,419.1819306778506,1.4142135623730951,38.26644789991682,21.867057673509287
38.29841621244976,47,82,1,0.01953454560278932,0.030695577029178182,47.197638081180216,656.3749498969648,1.4142135623730951,38.28124123688769,17.174975562072337
38.30782712196305,73,103,0,0.02207745766307562,0.024530508514528468,73.14373852606062,825.0663673425183,1.0,38.29393660387898,13.890518084066471
38.320121263119525,108,50,1,0.009000000000000001,0.0076187038892951454,110.19783287468516,406.3827132589487,1.4142135623730951,38.29794139997192,22.179863147605083
38.33012126311952,59,77,1,0.019590467698218823,0.030783450124503436,59.150638123828195,623.3697626556964,1.4142135623730951,38.31216427387221,17.956989247311828
38.33235763047758,63,85,0,0.009000000000000001,0.005119414685991777,63.033907906406824,687.8962355611549,1.0,38.315651863126654,16.705767350928642
38.34235763047758,31,51,0,0.013986814708270729,0.01554090523141192,31.73733581251745,408.48456465773324,1.0,38.32033417006702,22.023460410557185
38.351888449450875,55,81,1,0.009000000000000001,0.006300304536529486,55.59040140559668,648.1613856421894,1.4142135623730951,38.33455707115176,17.331378299120235
38.35789853570899,60,108,0,0.04357918108546853,0.04842131231718726,60.90303177228046,866.1334419604862,1.0,38.34479003131016,13.10850439882698
38.36188844945087,33,92,1,0.009000000000000001,0.00775382989613992,33.648274381924864,739.3300469134485,1.4142135623730951,38.34627750125928,15.610948191593351
38.37188844945087,62,100,1,0.009000000000000001,0.008194111658536923,62.42480371158711,803.7389678259544,1.4142135623730951,38.35752872315566,14.359726295210166
38.38188844945087,71,74,1,0.009000000000000001,0.0017371556044846546,71.2698935255614,598.6456464729529,1.4142135623730951,38.363462251992416,18.426197458455523
38.39188844945087,86,54,1,0.009000000000000001,0.006161259059021475,86.12675283166445,439.16910888100335,1.4142135623730951,38.37033419725145,21.55425219941349
38.401888449450865,65,103,1,0.009000000000000001,0.001130146988169809,65.02708727352473,825.1588540787994,1.4142135623730951,38.3879979313668,13.890518084066471
38.40631984802618,53,101,0,0.01480215752722252,0.016446841696913912,53.435976436800836,811.3287342402136,1.0,38.392116524468015,14.203323558162268
38.41188844945086,72,102,1,0.009000000000000001,0.003590048412377122,72.14068583617424,816.4467974436147,1.4142135623730951,38.39784152862975,14.04692082111437
38.42188844945086,107,58,1,0.009000000000000001,0.002004495135433479,107.78147119066097,464.89148286130563,1.4142135623730951,38.40095980819964,20.928641251221897
38.42276668972309,21,81,0,0.009000000000000001,0.0002005528109295703,11.207982343918857,649.4839721103965,1.0,38.40543531142397,17.331378299120235
38.43188844945086,57,70,1,0.009000000000000001,0.012206633565418488,57.22328441002398,563.4710501273474,1.4142135623730951,38.412836641044215,19.05180840664712
38.43276668972309,108,92,0,0.009000000000000001,0.0011242994724541468,110.69639302765809,742.2176805346537,1.0,38.417155741531495,15.610948191593351
38.44188844945086,74,108,1,0.009000000000000001,0.013997331798001724,74.58157505091305,865.2243002725156,1.4142135623730951,38.42877994505203,13.10850439882698
38.45326082235185,98,60,0,0.014105533767216167,0.015672815296906853,98.1241750644871,486.1931810525831,1.0,38.43264498657472,20.6158357771261
38.451888449450855,66,101,1,0.017312160974258136,0.02720343649309119,66.08896126780351,810.2882196669249,1.4142135623730951,38.43768512589269,14.203323558162268
38.4711241838667,38,64,1,0.009000000000000001,0.005037217982785109,38.465881740045205,519.6055440171094,1.4142135623730951,38.45113395903776,19.990224828934508
38.46893363764876,33,110,0,0.027793966077565787,0.030882184530628652,33.982308362298504,881.1690287406034,1.0,38.45613793872403,12.795698924731184
38.4811241838667,56,81,1,0.014761361953879377,0.023195242526971582,56.211791495038,652.9046112961648,1.4142135623730951,38.46379280556758,17.331378299120235
38.499815822179386,68,54,0,0.009862690615404249,0.010958545128226943,68.5853464673338,436.4492259358275,1.0,38.47826156997997,21.55425219941349
38.49752569714879,47,95,1,0.009000000000000001,0.012326599618845186,47.13403691709952,764.3075783963884,1.4142135623730951,38.48238395716834,15.141739980449657
38.507525697148786,92,84,1,0.009000000000000001,0.006573987034616531,92.57907277639917,673.8080503268736,1.4142135623730951,38.49066352706081,16.86217008797654
38.51077436730761,78,101,0,0.013307341259845253,0.014785934733161392,78.44001581496755,808.9110367830954,1.0,38.49657104374945,14.203323558162268
38.517525697148784,103,66,1,0.0097654469438555,0.015344919456261489,103.00009705256483,529.7245855340382,1.4142135623730951,38.49784827779394,19.67741935483871
38.52556030204077,45,81,0,0.05211984304085236,0.05791093671205818,45.0144412739141,650.9347655122518,1.0,38.508228923741655,17.331378299120235
38.52837619375307,52,81,1,0.009000000000000001,0.0013267111725646654,52.99019276144297,650.0989677613926,1.4142135623730951,38.51104481545395,17.331378299120235
38.538376193753066,50,93,1,0.01752016758980758,0.027530287356172696,50.309871187703365,750.6466710441921,1.4142135623730951,38.52292164829852,15.454545454545453
38.55784304663063,33,74,1,0.014854340371522319,0.023341344015014517,33.63228088506999,596.8409429953065,1.4142135623730951,38.53941684917218,18.426197458455523
38.57434786926566,21,53,1,0.009000000000000001,0.0031955442417296196,18.787759923305188,430.608329071786,1.4142135623730951,38.552637214329195,21.71065493646139
38.58347123875283,46,84,0,0.009000000000000001,0.009103355515246148,46.70223054638424,673.4577568965622,1.0,38.56660906866485,16.86217008797654
38.584347869265656,76,93,1,0.009000000000000001,0.013407524879526917,76.87356352178644,751.9683335172576,1.4142135623730951,38.56889332381111,15.454545454545453
38.59347123875283,69,55,0,0.01066774866006476,0.011853054066738622,69.17113210551923,444.7365614051936,1.0,38.57207338929046,21.397849462365592
38.594347869265654,47,75,1,0.027804882278865826,0.04369115735439931,47.33555533399297,604.463617878336,1.4142135623730951,38.57607807454425,18.269794721407624
38.60532429281957,74,58,0,0.009000000000000001,0.008118862307020707,74.03239876603013,464.45129253674946,1.0,38.58439565156834,20.928641251221897
38.615324292819565,51,56,0,0.01718488246532032,0.01909431385035591,51.11458579520749,450.5828098065516,1.0,38.594082846094246,21.241446725317694
38.625242182908835,108,78,1,0.010353720600079757,0.01626930232628277,113.00205818771292,624.7994530038686,1.4142135623730951,38.60744159639857,17.80058651026393
38.63441860666992,88,64,0,0.013174323545869168,0.014638137273187964,88.4220819847552,516.8452244126818,1.0,38.61442838184098,19.990224828934508
38.636746316908926,45,81,1,0.009000000000000001,0.003135508060653431,45.73560353424949,653.9487080016904,1.4142135623730951,38.61941493860981,17.331378299120235
38.65674631690892,79,95,1,0.009000000000000001,0.0018052020269200644,79.0844846793965,760.3081453318575,1.4142135623730951,38.64160457692847,15.141739980449657
38.66434829236077,66,57,0,0.016882780748998544,0.01875864527666505,66.26824336738822,463.55524543351197,1.0,38.6432632483725,21.085043988269796
38.66674631690892,57,83,1,0.009000000000000001,0.010406365193783816,57.39149480192034,671.1499878105396,1.4142135623730951,38.6497277440839,17.01857282502444
38.67674631690892,50,96,1,0.009000000000000001,0.0024043060109939438,50.921362930142195,773.1569062845384,1.4142135623730951,38.661760979665516,14.985337243401759
38.68310693763743,84,60,0,0.009000000000000001,0.008367234840375262,84.55682336035167,480.4301467425489,1.0,38.662491101860304,20.6158357771261
38.686746316908916,67,94,1,0.009000000000000001,0.00012584700492624485,67.03084400445204,757.1937810186462,1.4142135623730951,38.67144817419142,15.298142717497555
38.696746316908914,31,94,1,0.023718074724074178,0.037269358831293564,31.161883484627573,752.748325967312,1.4142135623730951,38.68144817419142,15.298142717497555
38.71118393423901,66,108,0,0.022752559540182418,0.0252806217113138,66.37110382789746,868.0815207754982,1.0,38.69807542984018,13.10850439882698
38.723099733268995,62,92,1,0.010634836983213498,0.016711034105875003,62.26270304674271,737.5649429222099,1.4142135623730951,38.7074887850774,15.610948191593351
38.73646455595032,61,74,0,0.009727493891723416,0.01080832654635935,61.20892552015192,597.0952472999539,1.0,38.71803835849187,18.426197458455523
38.7349162188059,35,95,1,0.009000000000000001,0.008105059717093422,35.127242780829704,765.3395057641951,1.4142135623730951,38.71977447882545,15.141739980449657
38.74727288249668,75,80,0,0.025450362323134097,0.028278180359037886,75.25272479598955,646.4913552290445,1.0,38.729785101460514,17.487781036168133
38.7449162188059,71,105,1,0.009000000000000001,0.011067847543501434,71.96651564369351,847.3809935062475,1.4142135623730951,38.731338506195925,13.577712609970675
38.754916218805896,78,111,1,0.009000000000000001,0.001875920457061113,78.08965529228276,895.111267307537,1.4142135623730951,38.74227692261821,12.639296187683286
38.764916218805894,82,61,1,0.009000000000000001,0.0035245743056493742,82.52936678971582,488.3411570881526,1.4142135623730951,38.74445678576581,20.459433040078203
38.77555106285572,89,101,0,0.009000000000000001,0.009577115598558455,89.00836826004726,815.970770844026,1.0,38.761347739297555,14.203323558162268
38.77491621880589,30,106,1,0.009000000000000001,0.013020672601166005,30.64466845417384,852.0174932272796,1.4142135623730951,38.76149490893297,13.421309872922777
38.78555106285572,59,70,0,0.009000000000000001,0.00775064331376445,59.1896452464563,566.6499299352625,1.0,38.76649925444907,19.05180840664712
38.79491621880589,73,63,1,0.009000000000000001,0.0061522740045598925,73.42409578866412,505.6041292939758,1.4142135623730951,38.7747695912399,20.146627565982406
38.795551062855715,23,99,0,0.009141284112448647,0.010156982347165163,23.87275053579976,796.9775423577953,1.0,38.781034933823456,14.516129032258064
38.80570804520288,70,70,0,0.009000000000000001,0.009997075317376017,70.04755249960574,567.0227742099798,1.0,38.78665623679623,19.05180840664712
38.804916218805886,25,78,1,0.009000000000000001,0.005635290234345424,25.551458016214063,624.2039205079665,1.4142135623730951,38.787115632295624,17.80058651026393
38.815708045202875,38,78,0,0.009000000000000001,0.0016945239358022624,38.771926246559524,630.3363958274966,1.0,38.79790745869261,17.80058651026393
38.814916218805884,46,96,1,0.009000000000000001,0.00579676908636143,46.095508011896186,772.2096269066631,1.4142135623730951,38.79993088156248,14.985337243401759
38.82570804520287,47,52,0,0.009000000000000001,0.005502778524058345,47.50573973566913,417.5796251355971,1.0,38.80384098752936,21.867057673509287
38.82491621880588,86,85,1,0.033869683291587946,0.053221072738050094,86.38768860799395,682.9315367798097,1.4142135623730951,38.808210451454954,16.705767350928642
38.83570804520287,108,72,0,0.009000000000000001,0.005854477953447079,111.58927832958743,578.2794605884444,1.0,38.81696904227032,18.73900293255132
38.84570804520287,104,110,0,0.009000000000000001,0.008894173605639542,104.00362985224754,882.7589591173833,1.0,38.832912346278135,12.795698924731184
38.85570804520287,39,78,0,0.009000000000000001,0.007106524052863664,39.34838223881195,628.8823063520671,1.0,38.837907458692605,17.80058651026393
38.865708045202865,40,62,0,0.019239106113829306,0.021376784570921452,40.53658478578265,502.99409209423663,1.0,38.84540501489983,20.303030303030305
38.86254920024098,55,93,1,0.009000000000000001,0.0025660187300259978,55.470921606243984,745.3113710406708,1.4142135623730951,38.84709465478643,15.454545454545453
38.872549200240975,78,77,1,0.009000000000000001,0.010805756180437123,78.97730444496975,620.2172853280231,1.4142135623730951,38.854592210993665,17.956989247311828
38.88254920024097,67,96,1,0.02209342508320562,0.034716468213270346,67.33435505214828,775.3345071408274,1.4142135623730951,38.86756386299757,14.985337243401759
38.887084829773784,58,98,0,0.016678577011187787,0.018531752234653098,58.63342899060497,787.9325326013934,1.0,38.87241229800448,14.672531769305962
38.905616582008435,51,85,0,0.009000000000000001,0.006203962805630429,51.927879512771696,681.8685507226998,1.0,38.88891081465751,16.705767350928642
38.907097450333424,21,111,1,0.009000000000000001,0.010059192724718204,20.746103356410046,891.7986498693871,1.4142135623730951,38.89445815414574,12.639296187683286
38.91709745033342,83,52,1,0.010506911331109366,0.016510018336784907,83.23069231538254,421.92342624831497,1.4142135623730951,38.89523039265991,21.867057673509287
38.928771796256875,46,51,1,0.009000000000000001,0.005931724542789002,46.7304975913509,411.9420956595714,1.4142135623730951,38.906748335846316,22.023460410557185
38.92561658200843,69,95,0,0.009000000000000001,0.006520224701068215,69.95578756886098,761.3417872372434,1.0,38.91047484202798,15.141739980449657
38.93561658200843,59,55,0,0.009000000000000001,0.005767857919856469,59.308735327813885,440.9692195190731,1.0,38.91421873254606,21.397849462365592
38.93877179625687,63,70,1,0.009000000000000001,0.008968216103933186,63.68817649354052,566.345089846335,1.4142135623730951,38.91971998785023,19.05180840664712
38.94561658200843,28,108,0,0.009000000000000001,0.0032719704632031715,28.115939303637035,871.8831911060072,1.0,38.9325080776096,13.10850439882698
38.94877179625687,42,93,1,0.009000000000000001,0.008651773519719913,42.62871013555991,744.5716784901688,1.4142135623730951,38.933317250802325,15.454545454545453
38.95877179625687,47,62,1,0.009000000000000001,0.010840837236739157,47.704916489736675,500.07710562468344,1.4142135623730951,38.938468765953836,20.303030303030305
38.955616582008425,76,84,0,0.05062925254628365,0.05625472505142628,76.32517094166776,672.4123378367159,1.0,38.93875441192045,16.86217008797654
38.98877179625686,79,91,1,0.01332592467111008,0.02093967044560678,79.8649919576224,734.6927118349346,1.4142135623730951,38.97300444532822,15.76735092864125
39.00357837922476,83,90,1,0.009000000000000001,0.009722375353031472,83.26153410268739,721.1390817535575,1.4142135623730951,38.987654625559074,15.923753665689148
39.01357837922476,91,81,1,0.009000000000000001,0.000586751033079517,91.0998497225446,650.1791801921951,1.4142135623730951,38.99624700092564,17.331378299120235
39.01187130705985,55,93,0,0.009000000000000001,0.004715370308698874,55.227606155576375,751.1993605402993,1.0,38.9964167616053,15.454545454545453
39.02187130705985,50,57,0,0.014520395959540258,0.016133773288378065,50.91955481760561,456.8230193483597,1.0,39.000786263071575,21.085043988269796
39.02357837922476,73,67,1,0.009000000000000001,0.0066361381059265034,73.59420067170637,538.7133674004896,1.4142135623730951,39.00405736260697,19.521016617790814
39.03357837922476,78,71,1,0.009827214332012186,0.015441977542976543,78.01662708309567,571.1670412304953,1.4142135623730951,39.01468297355516,18.89540566959922
39.03800508034823,63,112,0,0.009000000000000001,5.889107842714328e-05,63.487633327817704,899.7303405298366,1.0,39.02552218689759,12.482893450635387
39.04449750626033,69,85,1,0.01401999540077232,0.02203029737797848,69.36369456032287,680.677912094669,1.4142135623730951,39.0277917389094,16.705767350928642
39.048005080348226,61,68,0,0.021881765430676357,0.024313072700751507,61.21287222702988,550.03354145272,1.0,39.028640466467486,19.364613880742915
39.060075278927854,102,86,1,0.020468262805025585,0.03216277206342662,102.38520729725491,688.9385407204545,1.4142135623730951,39.043525914313975,16.549364613880744
39.072318153048975,95,67,0,0.009000000000000001,0.002460111453765967,95.75526315771248,542.3373694232318,1.0,39.05279713643119,19.521016617790814
39.08231815304897,65,54,0,0.009000000000000001,0.0070733818945926214,65.94689234524996,438.74181327774136,1.0,39.06076390084956,21.55425219941349
39.08281779315566,108,110,1,0.013207378348853464,0.020753392871490382,126.8651985075198,882.3452394142305,1.4142135623730951,39.07002209423093,12.795698924731184
39.09231815304897,98,56,0,0.009000000000000001,0.00027290267633043957,98.4311599626621,451.16608976703156,1.0,39.07107670632365,21.241446725317694
39.10231815304897,64,100,0,0.009000000000000001,0.007927175654759798,64.48463285356965,800.9129499377575,1.0,39.08795842675376,14.359726295210166
39.10749265798772,74,98,1,0.009000000000000001,0.0014750693514983353,74.48347300003161,784.0446892093332,1.4142135623730951,39.09282012621841,14.672531769305962
39.122318153048965,67,60,0,0.009000000000000001,0.0017210714325257403,67.1037097162311,484.0590487988626,1.0,39.10170231727184,20.6158357771261
39.11749265798772,32,102,1,0.013128095344457281,0.0206288116491762,32.99364264461617,818.9206904527592,1.4142135623730951,39.1034457371666,14.04692082111437
39.13231815304896,69,80,0,0.009692648434300925,0.010769609371445471,69.43113006282785,643.6874039606224,1.0,39.1148303720128,17.487781036168133
39.13207943059267,33,105,1,0.009000000000000001,0.0011266289449888053,33.75522512496786,840.5525741782828,1.4142135623730951,39.118501717982696,13.577712609970675
39.14308776242041,62,83,0,0.013244491214769762,0.014716101349744179,62.64642044603176,670.1086333893093,1.0,39.126069189595384,17.01857282502444
39.142079430592666,75,92,1,0.009000000000000001,0.0044490601201680755,75.90150119711807,739.0612507683231,1.4142135623730951,39.12646848240107,15.610948191593351
39.152079430592664,63,93,1,0.009000000000000001,0.008027538403476546,63.391322978515454,744.7671044527076,1.4142135623730951,39.13662488513812,15.454545454545453
39.16207943059266,77,72,1,0.009000000000000001,0.006323451724787879,77.73175880280877,577.6448216096594,1.4142135623730951,39.143340427660114,18.73900293255132
39.17207943059266,90,51,1,0.009000000000000001,0.0007561551985379469,90.72797529292149,415.5284380175778,1.4142135623730951,39.1500559701821,22.023460410557185
39.167803863770146,43,102,0,0.009000000000000001,0.0031117622705013593,43.74743429632093,818.0394503976404,1.0,39.15375694294903,14.04692082111437
39.18207943059266,65,102,1,0.009000000000000001,0.012117642178761847,65.40620288388236,820.3925359695572,1.4142135623730951,39.16803250977154,14.04692082111437
39.18780386377014,27,80,0,0.009000000000000001,0.004294783013795663,27.236623755436753,644.4754632192261,1.0,39.170316082733976,17.487781036168133
39.192079430592656,97,72,1,0.009000000000000001,0.0005099695480271692,97.89814694570899,583.3760382129701,1.4142135623730951,39.17334042766011,18.73900293255132
39.19780386377014,42,111,0,0.009000000000000001,0.00784873415326349,42.94727809617102,893.2847453896633,1.0,39.185164567582454,12.639296187683286
39.202079430592654,41,109,1,0.009000000000000001,0.004058842616278598,41.62211235104985,877.0658207855363,1.4142135623730951,39.18912732893087,12.952101661779082
39.20780386377014,47,102,0,0.009000000000000001,0.0008632664542198591,47.17823347288977,818.2198686880616,1.0,39.19375694294902,14.04692082111437
39.21207943059265,57,107,1,0.009000000000000001,0.0037896552623045902,57.73396170873485,861.1538877417925,1.4142135623730951,39.198814523456775,13.264907135874878
39.217803863770136,63,82,0,0.009683740677191197,0.010759711863545775,63.62186312700167,663.5038122907669,1.0,39.200628888208065,17.174975562072337
39.22207943059265,60,108,1,0.009000000000000001,0.008324096384003842,60.809354470113,865.4164320879038,1.4142135623730951,39.20897092619382,13.10850439882698
39.22856357563368,49,69,0,0.011132248707873705,0.012369165230970784,49.12541785499789,559.4086614365024,1.0,39.20935536448999,19.208211143695017
39.23207943059265,67,96,1,0.009000000000000001,8.045018631454138e-05,67.26919864126326,774.1194030904501,1.4142135623730951,39.217094093349246,14.985337243401759
39.24093274086465,48,63,0,0.012152194193700795,0.013502437993000882,48.158622006962645,505.05888797010726,1.0,39.220786113298665,20.146627565982406
39.242079430592646,76,83,1,0.022276090680033854,0.035003499507063086,76.8795134749822,671.1932800952194,1.4142135623730951,39.22506085776762,17.01857282502444
39.25443517885765,74,68,0,0.009000000000000001,0.0018551031556361393,74.01915563565147,548.607056922548,1.0,39.23507056497691,19.364613880742915
39.274435178857644,88,108,0,0.016138547572571618,0.017931719525079576,88.94684243458279,868.7405861995524,1.0,39.261326674458815,13.10850439882698
39.28683064245935,65,54,1,0.01044745564079492,0.016416592732781635,65.47178792901747,439.34928835375473,1.4142135623730951,39.265276390259935,21.55425219941349
39.29843892650468,72,68,1,0.009000000000000001,0.013885844027528472,72.23944601376792,550.615647396954,1.4142135623730951,39.27907431262394,19.364613880742915
39.31002819373667,49,54,0,0.009000000000000001,0.004184653425730799,49.8066668126707,436.2611584772407,1.0,39.288473941537255,21.55425219941349
39.30843892650468,42,87,1,0.009000000000000001,0.00933728377904033,42.567376608548464,699.7152710138108,1.4142135623730951,39.292045964627846,16.392961876832846
39.32002819373667,71,75,0,0.016402048127095024,0.01822449791899447,71.99920061423639,601.2631777450711,1.0,39.30175839901526,18.269794721407624
39.318438926504676,39,91,1,0.009000000000000001,0.0028179747906816504,39.14769412035767,731.1859299563768,1.4142135623730951,39.302671575576035,15.76735092864125
39.328438926504674,85,93,1,0.009000000000000001,0.0025846722897290247,85.53057561085384,744.0588296031751,1.4142135623730951,39.31298438105013,15.454545454545453
39.33843892650467,23,96,1,0.009000000000000001,0.002057723372458615,23.16510410171665,774.1876247140913,1.4142135623730951,39.32345358926127,14.985337243401759
39.33825269165566,43,109,0,0.034104097257784086,0.03789344139753787,43.36054210585996,873.9282836268303,1.0,39.32530058999388,12.952101661779082
39.3761461330532,66,71,0,0.009000000000000001,0.004487360207147939,66.1041962231645,568.6062452031429,1.0,39.3572507273836,18.89540566959922
39.386146133053195,59,57,0,0.009000000000000001,0.0077190014139781014,59.87749018643367,461.65924553764614,1.0,39.36506108906492,21.085043988269796
39.38202759216936,30,94,1,0.009000000000000001,0.007452290060338958,30.418174689228426,756.6608647506362,1.4142135623730951,39.36672944945186,15.298142717497555
39.392027592169356,25,73,1,0.010282074591964301,0.01615672148587525,25.400516483740482,589.012474717201,1.4142135623730951,39.373444991973855,18.58260019550342
39.39614613305319,44,71,0,0.009000000000000001,0.007686662160161591,44.22206895093879,575.3548939960422,1.0,39.3772507273836,18.89540566959922
39.40614613305319,49,72,0,0.020008363921628594,0.022231515468476216,49.63201492390056,583.2755936896131,1.0,39.38740713012064,18.73900293255132
39.403452119493764,79,94,1,0.009000000000000001,0.0016295906905882435,79.84087138515554,759.5114102168004,1.4142135623730951,39.388153976776266,15.298142717497555
39.41345211949376,35,70,1,0.009000000000000001,0.01051432766053026,35.90760655125875,562.2191143175331,1.4142135623730951,39.39440031108712,19.05180840664712
39.42345211949376,80,51,1,0.009000000000000001,0.006101834849149518,80.03399334343925,412.8712048736081,1.4142135623730951,39.4014286590832,22.023460410557185
39.42837764852167,69,59,0,0.009000000000000001,0.007010582284068266,69.06919842199763,475.7052219680425,1.0,39.40760541000749,20.772238514174
39.43345211949376,60,82,1,0.009000000000000001,0.006256565876668511,60.68312276205972,659.1091578179637,1.4142135623730951,39.41627714393169,17.174975562072337
39.438377648521666,38,72,0,0.021623424930673825,0.024026027700748694,38.36411743454026,583.3609542968995,1.0,39.41963864558912,18.73900293255132
39.453452119493754,21,107,1,0.02017682613616831,0.031704823519347954,8.66126101365957,862.10921742133,1.4142135623730951,39.44018721235788,13.264907135874878
39.462403676222415,74,89,0,0.009000000000000001,0.0016774715187867358,74.48095615073568,714.103298546522,1.0,39.44632351981968,16.080156402737046
39.47240367622241,91,106,0,0.009000000000000001,0.0019409038978779058,91.96982862520258,855.6709081082045,1.0,39.45898236634949,13.421309872922777
39.47587081520061,56,86,1,0.009000000000000001,0.00037040070792773277,56.49750153328076,690.7124474345435,1.4142135623730951,39.45932145058673,16.549364613880744
39.485870815200606,51,90,1,0.009000000000000001,0.011942075063803069,51.286803271474085,726.1320029718852,1.4142135623730951,39.46994706153492,15.923753665689148
39.495870815200604,25,50,1,0.012397926886773455,0.01948146260953896,25.60922199318989,400.35842935328986,1.4142135623730951,39.473690952053,22.179863147605083
39.4945185605253,70,90,0,0.009000000000000001,0.007139199342454135,70.10312465105768,725.3621921669002,1.0,39.47859480685961,15.923753665689148
39.50964628951924,48,66,1,0.026368723291310757,0.041434451223372214,48.264185050116595,531.7367228469241,1.4142135623730951,39.4899688701644,19.67741935483871
39.5045185605253,84,105,0,0.027216875311033978,0.03024097256781553,84.03968408105041,846.9865287312523,1.0,39.490940847915326,13.577712609970675
39.538944870954026,45,57,1,0.009000000000000001,0.0005783081632752945,45.22230100297905,461.52606179516243,1.4142135623730951,39.517859826965754,21.085043988269796
39.534759533093116,62,96,0,0.034062378487128606,0.03784708720792067,62.349929702607405,770.2547606091593,1.0,39.51977419584971,14.985337243401759
39.548944870954024,42,56,1,0.04099036952955768,0.06441015168376149,42.782588072173645,453.49563058731167,1.4142135623730951,39.527703424228704,21.241446725317694
39.57260662030104,38,87,0,0.01909430323318366,0.021215892481315175,38.42369867077677,703.358100985002,1.0,39.556213658424205,16.392961876832846
39.59382251278235,75,55,0,0.009000000000000001,0.00273699554248826,75.66777301247484,443.0678857745181,1.0,39.572424663319985,21.397849462365592
39.59448972598687,51,103,1,0.012133262530915883,0.019065582696727274,51.7299231423688,827.2843320163204,1.4142135623730951,39.5805992079028,13.890518084066471
39.60382251278235,81,60,0,0.009000000000000001,0.009348995641914867,81.17073052981216,486.9886997609018,1.0,39.58320667700522,20.6158357771261
39.607971128798994,24,82,1,0.009000000000000001,0.00445492554706634,24.422060614587053,657.9729392627116,1.4142135623730951,39.59079615323692,17.174975562072337
39.61382251278235,58,84,0,0.009000000000000001,0.00617550110612351,58.774544037240425,674.9384605781052,1.0,39.59696034269437,16.86217008797654
39.61797112879899,50,108,1,0.009000000000000001,0.004385269409949476,50.9775427220741,870.2686505514738,1.4142135623730951,39.60486262440016,13.10850439882698
39.62382251278235,54,91,0,0.013047563553885548,0.014497292837650609,54.07475048235143,731.745172564355,1.0,39.608055161853706,15.76735092864125
39.62797112879899,21,73,1,0.022565313183664264,0.03545796882614934,13.454270204595012,590.5734410173677,1.4142135623730951,39.60938852860349,18.58260019550342
39.653043699003064,81,95,1,0.009000000000000001,0.007961657152376143,81.36024304383432,763.789661067472,1.4142135623730951,39.637901959022614,15.141739980449657
39.66304369900306,77,55,1,0.009000000000000001,0.009012321624369908,77.06861888211782,447.52826841628223,1.4142135623730951,39.641645849540694,21.397849462365592
39.6654648065708,53,110,0,0.009000000000000001,0.0025549369816329215,53.39064098836623,887.3800406680976,1.0,39.65266910764607,12.795698924731184
39.6754648065708,69,56,0,0.024955729783017404,0.027728588647797113,69.34007544536276,448.6883645540021,1.0,39.65422335984548,21.241446725317694
39.68304369900306,108,93,1,0.009000000000000001,0.0034639074004806673,113.72047588250068,745.9319540804222,1.4142135623730951,39.66758915354851,15.454545454545453
39.693043699003056,37,104,1,0.009000000000000001,0.007244980381089042,37.465100448747165,834.5495343623643,1.4142135623730951,39.679309583656035,13.734115347018573
39.703043699003054,42,79,1,0.009000000000000001,0.012601031091158673,42.54961103577685,632.3447342225825,1.4142135623730951,39.68539951522984,17.64418377321603
39.7031933952186,60,89,0,0.009000000000000001,0.005415963323414807,60.017007064332525,719.1122075203057,1.0,39.68711323881586,16.080156402737046
39.71304369900305,57,88,1,0.01640846939296775,0.025783422170354245,57.56073965450273,707.2705091106577,1.4142135623730951,39.69680713986327,16.236559139784944
39.723193395218594,88,72,0,0.009000000000000001,0.004428985802954105,88.78408274227803,582.2832137599322,1.0,39.704454392286046,18.73900293255132
39.731275331661905,35,50,1,0.017037202738424108,0.026771381308421563,35.04890211794595,406.8199229179405,1.4142135623730951,39.7090954685143,22.179863147605083
39.73319339521859,71,85,0,0.025054021966922364,0.027837802185469294,71.7342537513367,681.3277114513712,1.0,39.716487627867664,16.705767350928642
39.75020555692682,59,93,1,0.009000000000000001,0.005419273589389286,59.608386903695454,748.9952357488962,1.4142135623730951,39.73475101147228,15.454545454545453
39.76103119740406,49,94,0,0.01938968250296186,0.021544091669957622,49.048727219457135,756.8036831317359,1.0,39.74573305468656,15.298142717497555
39.77677186127587,21,64,1,0.009000000000000001,0.00792778815076406,14.598854664684012,515.6743566000753,1.4142135623730951,39.75678163644693,19.990224828934508
39.78257528907402,85,77,0,0.009000000000000001,0.00348865917830124,85.41073616376593,616.0581184009646,1.0,39.76461829982671,17.956989247311828
39.78677186127587,24,110,1,0.009000000000000001,0.002199181832371732,24.590126373743452,886.5723557134543,1.4142135623730951,39.77397616235113,12.795698924731184
39.792575289074016,64,78,0,0.045885461533496,0.05098384614832889,64.75515962726101,626.107550050859,1.0,39.774774702563754,17.80058651026393
39.796771861275865,84,71,1,0.009000000000000001,0.003229808166794911,84.54030704870439,572.914285154797,1.4142135623730951,39.77787645560627,18.89540566959922
39.80677186127586,62,83,1,0.009000000000000001,0.006643793841725508,62.11765809326277,671.797787455646,1.4142135623730951,39.78975328845084,17.01857282502444
39.81677186127586,83,74,1,0.01012514029545582,0.01591012302973772,83.37372287983749,593.5250059674435,1.4142135623730951,39.79834566381741,18.426197458455523
39.828022017159704,108,105,1,0.009946079908069274,0.01562875677604235,111.833742255864,843.9088201679094,1.4142135623730951,39.81444430454973,13.577712609970675
39.84355913522234,72,69,0,0.009000000000000001,0.002311008891290541,72.55295119112539,559.8604246699272,1.0,39.82435092407865,19.208211143695017
39.83907321705756,21,101,1,0.009000000000000001,0.0016582867888000473,15.324373186668282,811.3239635969446,1.4142135623730951,39.8248698934994,14.203323558162268
39.85355913522234,56,105,0,0.027346913123214054,0.030385459025793392,56.92735516840229,840.6253408409449,1.0,39.83998142261237,13.577712609970675
39.859073217057556,37,81,1,0.009000000000000001,0.002446530575724671,37.75079779379199,651.7850372017774,1.4142135623730951,39.84174183875844,17.331378299120235
39.869073217057554,48,103,1,0.015442324289283013,0.024265271604963893,48.88646533838358,824.3837926406571,1.4142135623730951,39.855182698973486,13.890518084066471
39.883944594248135,65,69,0,0.009000000000000001,0.006466048766763139,65.32446040327308,555.756149506993,1.0,39.86473638310444,19.208211143695017
39.89394459424813,50,77,0,0.020621330721256704,0.022912589690285225,50.1186820522658,621.3274241302165,1.0,39.87598760500082,17.956989247311828
39.89921779404331,64,63,1,0.009000000000000001,0.004469939134079916,64.63219656796913,510.5738050553467,1.4142135623730951,39.879071166477324,20.146627565982406
39.90921779404331,83,100,1,0.009000000000000001,0.004702584794259076,83.15044217528865,801.566544468123,1.4142135623730951,39.894858067748096,14.359726295210166
39.91685718393842,46,77,0,0.009000000000000001,0.009961596881929059,46.70475483414127,621.5636726614573,1.0,39.89890019469111,17.956989247311828
39.919217794043306,49,80,1,0.009000000000000001,0.0006772445868219959,49.04406483675932,646.1080916437334,1.4142135623730951,39.90173001300714,17.487781036168133
39.92685718393842,91,72,0,0.009000000000000001,0.007078652934304374,91.40920029413478,583.67025763864,1.0,39.90811818100587,18.73900293255132
39.9292177940433,90,75,1,0.020291805697465602,0.031885496469328325,90.8264892666572,606.4555947946067,1.4142135623730951,39.9109479993219,18.269794721407624
39.936857183938415,47,82,0,0.010076875965167395,0.011196528850185994,47.74323327576565,662.1273602688684,1.0,39.919682208376344,17.174975562072337
39.9480537127886,87,66,0,0.014996732491351026,0.01666303610150114,87.38071717465792,534.7197231518276,1.0,39.92837629343376,19.67741935483871
39.951764244818264,78,57,1,0.009000000000000001,0.011566428248242075,78.99970094624462,460.6324466795684,1.4142135623730951,39.93067920082999,21.085043988269796
39.96176424481826,33,75,1,0.009000000000000001,0.0018115454241213606,33.149612092467684,605.4803040179517,1.4142135623730951,39.94349445009686,18.269794721407624
39.9647167488901,63,86,0,0.009000000000000001,0.004876041350586653,63.4777912639417,688.5933381116545,1.0,39.94816738427622,16.549364613880744
39.97176424481826,39,54,1,0.009962729305597747,0.01565491878025358,39.53370803439253,439.79407368602125,1.4142135623730951,39.950209992618845,21.55425219941349
39.974716748890096,66,51,0,0.014084943113601252,0.01564993679289028,66.74311970796238,414.6497215517092,1.0,39.95269328847954,22.023460410557185
39.9828339440467,73,66,1,0.02692003188537909,0.04230074910202141,73.49816952314828,530.3331912810509,1.4142135623730951,39.96315652469186,19.67741935483871
39.990366685682986,108,72,0,0.012995157375865735,0.014439063750961927,132.35308102325303,579.7119134154085,1.0,39.97162768275044,18.73900293255132
40.00480574943395,75,62,0,0.009000000000000001,0.0012747743451791567,75.03827519990149,496.6696168060261,1.0,39.984502719130916,20.303030303030305
40.012745090586016,68,60,1,0.018325177897862602,0.028795239017841083,68.91369682615273,484.41680332628505,1.4142135623730951,39.99212925480889,20.6158357771261
40.01480574943395,38,53,0,0.04064497071105963,0.045161078567844036,38.941086239925596,426.3548949267195,1.0,39.993095094497484,21.71065493646139
40.03310639936142,71,98,1,0.016465383647009176,0.0258728542925295,71.88911556788369,784.6252796207933,1.4142135623730951,40.018433867592115,14.672531769305962
40.05140127008032,30,57,1,0.009000000000000001,0.013621973755532445,30.588276498748165,460.94460604017945,1.4142135623730951,40.03031622609205,21.085043988269796
40.05996682800179,21,94,0,0.009000000000000001,0.0005743503765529893,2.29081137959065,758.5907235233788,1.0,40.04466868528429,15.298142717497555
40.06140127008032,39,86,1,0.009000000000000001,0.010692813433525747,39.83855914699666,692.6304377549233,1.4142135623730951,40.04485190546644,16.549364613880744
40.08140127008031,50,60,1,0.02210130916071298,0.03472885684586781,50.34281525941595,481.96013102347246,1.4142135623730951,40.060785434303185,20.6158357771261
40.081552757645646,61,61,0,0.009000000000000001,0.0027631084272905703,61.326302301096426,494.96737183051005,1.0,40.061093324605565,20.459433040078203
40.091552757645644,36,90,0,0.009000000000000001,0.009262587685249749,36.45351086520635,722.6188222766658,1.0,40.075629003979955,15.923753665689148
40.10155275764564,40,101,0,0.014210132410766912,0.015789036011963235,40.072787232379014,812.2585348999646,1.0,40.08734943408748,14.203323558162268
40.10595828025888,68,95,1,0.009000000000000001,0.007204659907685702,68.25282751555049,764.4352547442979,1.4142135623730951,40.09081654027843,15.141739980449657
40.11734179365761,55,111,0,0.009000000000000001,0.008111763188227015,55.84358785449182,890.0027315984084,1.0,40.10470249746992,12.639296187683286
40.12734179365761,52,94,0,0.012244238689103085,0.013604709654558983,52.16009379719551,754.8685424005101,1.0,40.11204365094011,15.298142717497555
40.14445784839968,63,53,1,0.028637493753286832,0.04499948006474781,63.624789817323254,428.566359671665,1.4142135623730951,40.12274719346322,21.71065493646139
40.140946503312165,46,85,0,0.009000000000000001,0.00011077547954138401,46.669324971239966,684.6151060457239,1.0,40.12424073596124,16.705767350928642
40.15094650331216,60,110,0,0.03422804833433765,0.038031164815930725,60.524777812373344,884.2095652502039,1.0,40.13815080438743,12.795698924731184
40.17627728590333,44,83,1,0.021403796982789634,0.033632822199268254,44.632349779694025,664.9045285350271,1.4142135623730951,40.15925871307831,17.01857282502444
40.188977668128096,76,92,0,0.010499368231044741,0.011665964701160823,76.00094546060663,736.8049159983475,1.0,40.1733667199365,15.610948191593351
40.200059282550875,53,52,1,0.010564396875507634,0.016600348155149828,53.31098581872847,419.2957809690669,1.4142135623730951,40.178192224877364,21.867057673509287
40.200643632829255,58,79,0,0.009000000000000001,0.0010065154961441964,58.49722035328986,632.8627888337487,1.0,40.18299944905604,17.64418377321603
40.21179750130144,66,69,1,0.020151319848292326,0.031664744254636834,66.34249375348331,557.4666137294662,1.4142135623730951,40.19258929015775,19.208211143695017
40.21064363282925,21,86,0,0.009000000000000001,0.004121389355964803,0.6825622004577383,691.072401407371,1.0,40.19409426821537,16.549364613880744
40.23064363282925,71,71,0,0.009458287057507439,0.010509207841674932,71.78558504268855,569.183932962608,1.0,40.21174822715965,18.89540566959922
40.23418785668843,108,51,1,0.009000000000000001,0.002071336297430332,117.40607837086841,415.48530171125503,1.4142135623730951,40.21216439627787,22.023460410557185
40.24418785668843,41,52,1,0.009000000000000001,0.004821595722562569,41.5828606453846,416.399937138448,1.4142135623730951,40.222320799014916,21.867057673509287
40.24115284067092,83,107,0,0.03700953532211159,0.04112170591345732,83.72770750479644,856.1037856245911,1.0,40.227887933535044,13.264907135874878
40.254187856688425,35,106,1,0.009000000000000001,0.008179583998957286,35.04878537220529,852.924694999653,1.4142135623730951,40.2407665468155,13.421309872922777
40.26418785668842,70,59,1,0.009000000000000001,0.010892738022051502,70.10603976527534,476.87465605145906,1.4142135623730951,40.24341561817425,20.772238514174
40.27418785668842,79,94,1,0.024318747539568804,0.03821322510042838,79.45387008792012,754.5903518972023,1.4142135623730951,40.25888971397092,15.298142717497555
40.282274546584375,65,83,0,0.009000000000000001,0.003523467938766806,65.57967884206481,665.0261696061905,1.0,40.26525597375935,17.01857282502444
40.29227454658437,81,65,0,0.009000000000000001,0.0004235394057485417,81.63591679542557,523.3282234223889,1.0,40.27244072449248,19.83382209188661
40.31227454658437,108,85,0,0.009000000000000001,0.0049227061837881555,109.37452475985623,682.4763038262366,1.0,40.29556877923344,16.705767350928642
40.31120868728794,52,98,1,0.011127624159939755,0.01748537444886369,52.35321018654625,791.0009127969706,1.4142135623730951,40.29653615551863,14.672531769305962
40.32357271413232,25,78,1,0.014626836441205797,0.02298385607751806,25.05330968450476,626.6308862629298,1.4142135623730951,40.305772127622056,17.80058651026393
40.32227454658437,96,93,0,0.009000000000000001,0.001384069045536478,96.19229457095463,746.700426714522,1.0,40.30682000112982,15.454545454545453
40.332274546584365,47,67,0,0.06306663326649194,0.07007403696276882,47.50946435058934,538.945562993878,1.0,40.31275352996658,19.521016617790814
40.33982475462255,70,64,1,0.014997922599006692,0.023566961718819113,70.8352700775311,514.2129261542101,1.4142135623730951,40.31983452979361,19.990224828934508
40.35648911306589,83,69,1,0.009000000000000001,0.004803322360730472,83.7056424246074,557.4205777043677,1.4142135623730951,40.3372809019222,19.208211143695017
40.36648911306589,39,78,1,0.009000000000000001,0.0018631238165550904,39.10669546449232,627.6643749043011,1.4142135623730951,40.34868852655563,17.80058651026393
40.37648911306589,43,56,1,0.022821807040973693,0.03586101003911866,43.68413496093063,452.240158376979,1.4142135623730951,40.35524766634057,21.241446725317694
40.40234858354714,44,103,0,0.009308686325328752,0.010342984805920835,44.05909574529044,828.475064934694,1.0,40.38845806546307,13.890518084066471
40.40184667644475,45,107,1,0.012160794541262487,0.01910884507720679,45.20722969962384,861.2862024529,1.4142135623730951,40.38858176930887,13.264907135874878
40.41535867037948,66,72,1,0.009000000000000001,0.012606350236688718,66.85334134896954,581.8627605678421,1.4142135623730951,40.396619667446934,18.73900293255132
40.41269156835306,21,105,0,0.015561111348618538,0.017290123720687264,14.249464271983058,841.2205956737909,1.0,40.39911385574309,13.577712609970675
40.42535867037948,80,52,1,0.01348647569587427,0.021191952041911686,80.66842890633075,419.8556037861236,1.4142135623730951,40.40349161270597,21.867057673509287
40.429981692073746,52,69,0,0.009000000000000001,0.0034131314423966647,52.18246907398927,557.2938167070332,1.0,40.410773480930054,19.208211143695017
40.440343643374895,34,78,1,0.01745846296435496,0.02743332789153242,34.084651975364096,624.0854235106592,1.4142135623730951,40.42254305686463,17.80058651026393
40.439981692073744,77,108,0,0.009687888889635588,0.010764320988483986,77.77308878098647,870.3450938616159,1.0,40.426873187674914,13.10850439882698
40.45074601306223,82,74,0,0.009000000000000001,0.000734409174153711,82.55953963422769,598.0272387177333,1.0,40.432319815603776,18.426197458455523
40.46074601306223,50,76,0,0.009000000000000001,0.0033313534237516293,50.650972930004315,612.397090665706,1.0,40.44263262107787,18.113391984359726
40.45974193555751,76,98,1,0.009665331075110752,0.015187602545830839,76.57513367416223,786.1201379466384,1.4142135623730951,40.4450694037882,14.672531769305962
40.470746013062225,63,81,0,0.009000000000000001,0.007305476870501611,63.43079064276933,652.5577778720032,1.0,40.45341463476311,17.331378299120235
40.47048119230763,33,88,1,0.009000000000000001,0.009614390122157833,33.906231870128025,708.8634620308972,1.4142135623730951,40.454244633167846,16.236559139784944
40.48074601306222,65,79,0,0.06013191657945668,0.06681324064384075,65.44108047217358,632.6387656379617,1.0,40.46310182928901,17.64418377321603
40.48048119230763,59,102,1,0.009000000000000001,0.009141080045199389,59.873385669382905,820.9043545144094,1.4142135623730951,40.46643427148651,14.04692082111437
40.49048119230763,83,75,1,0.015428352700328147,0.024243317370977367,83.41710091158397,605.2524106741782,1.4142135623730951,40.47221139758622,18.269794721407624
40.507623806419105,88,64,1,0.009000000000000001,0.003922117497602735,88.7034350996089,513.8162679096962,1.4142135623730951,40.48763358159017,19.990224828934508
40.5176238064191,51,100,1,0.009000000000000001,0.011148818072237112,51.73629115752007,803.0483739803738,1.4142135623730951,40.50326408012389,14.359726295210166
40.5276238064191,29,56,1,0.009000000000000001,0.0065422086018263916,29.216893633753436,454.63972268407997,1.4142135623730951,40.50638235969378,21.241446725317694
40.5376238064191,77,56,1,0.015099255068018184,0.023726190332135563,77.20989688790795,449.4843117043534,1.4142135623730951,40.51638235969378,21.241446725317694
40.54755925370606,49,59,0,0.009000000000000001,0.0009000376592142889,49.50702127325076,478.4513120730601,1.0,40.526787015191886,20.772238514174
40.55440075649467,50,110,1,0.009000000000000001,0.004749072893546899,50.352696670632895,886.5226747570805,1.4142135623730951,40.54160505756994,12.795698924731184
40.55755925370606,21,97,0,0.0398004756415247,0.04422275071280522,20.981241646195585,783.4244489088866,1.0,40.542730319199705,14.82893450635386
40.56440075649467,82,66,1,0.037217976483196,0.05848240789624298,82.31376539546778,534.1380102267783,1.4142135623730951,40.54472333713983,19.67741935483871
40.60575406369822,49,56,1,0.009000000000000001,0.0006276224331774603,49.63094845812542,450.3764219797881,1.4142135623730951,40.5845126169729,21.241446725317694
40.601782004418865,98,108,0,0.009000000000000001,0.004685507884822683,98.11905964931867,870.639464453399,1.0,40.588673500020036,13.10850439882698
40.61575406369822,103,51,1,0.011735481070499756,0.01844052943430387,103.38216773261537,415.5874545559606,1.4142135623730951,40.59373060328766,22.023460410557185
40.61178200441886,75,82,0,0.02880879963750988,0.03200977737501098,75.63060105884853,657.5961130691069,1.0,40.59460702885679,17.174975562072337
40.62879348710989,83,74,1,0.019490282753013177,0.03062602467088629,83.36078285965475,598.8174928663765,1.4142135623730951,40.610367289651435,18.426197458455523
40.64379178179387,101,57,0,0.020116514097273056,0.022351682330303393,101.81702603286094,457.37097916909596,1.0,40.6227067378056,21.085043988269796
40.65044935683546,74,64,1,0.009000000000000001,0.006149163234111066,74.97350263383784,517.242003391585,1.4142135623730951,40.63045913200652,19.990224828934508
40.66044935683546,108,66,1,0.009000000000000001,0.009827601792945773,110.1727176473187,528.5592519993472,1.4142135623730951,40.640771937480615,19.67741935483871
40.670449356835455,79,60,1,0.02834352152352855,0.044537547271097565,79.7335723689442,484.87924910356793,1.4142135623730951,40.649833521058326,20.6158357771261
40.67614346412417,62,83,0,0.009000000000000001,0.004697286483205992,62.07432453810102,669.5968970636573,1.0,40.65912489129915,17.01857282502444
40.68614346412417,49,80,0,0.046815409983216816,0.05201712220357424,49.82150842598162,642.1065696738208,1.0,40.668655683088005,17.487781036168133
40.70194215852826,59,70,1,0.032181714281059544,0.05056868532965592,59.680011671124916,566.6839190582814,1.4142135623730951,40.68289035012162,19.05180840664712
40.73769961884055,51,85,1,0.009000000000000001,0.008943667149622024,51.77504271328168,685.3322894903945,1.4142135623730951,40.720993851489624,16.705767350928642
40.738160586327744,88,112,0,0.009000000000000001,0.0009857111595404013,88.91026990484136,898.4246421407199,1.0,40.725677692877106,12.482893450635387
40.74816058632774,64,70,0,0.009000000000000001,0.00844081737851304,64.38091432518422,560.1493712483713,1.0,40.7291087779211,19.05180840664712
40.74769961884055,97,92,1,0.009000000000000001,0.008579592741453047,97.76639134158205,742.9381375432323,1.4142135623730951,40.732088670648956,15.610948191593351
40.75769961884055,46,65,1,0.017100477790856095,0.026870808460987324,46.18133388182303,524.9794906197478,1.4142135623730951,40.73786579674866,19.83382209188661
40.75816058632774,70,75,0,0.0320143688252594,0.03557152091695488,70.84953624363875,602.8572120904739,1.0,40.739890791606335,18.269794721407624
40.776700149719275,21,80,1,0.009000000000000001,0.014106004810510556,16.603729859276157,643.0287709513404,1.4142135623730951,40.75921236868311,17.487781036168133
40.79373210724469,30,71,0,0.009000000000000001,0.0006292514112109548,30.978851268403684,573.6442371528489,1.0,40.7748367015751,18.89540566959922
40.79670014971927,67,91,1,0.009000000000000001,0.003608184088306619,67.54681973497577,730.3636965545758,1.4142135623730951,40.78093279879063,15.76735092864125
40.80670014971927,43,95,1,0.028713560634379895,0.04511900763684696,43.73778168531716,764.8392068236207,1.4142135623730951,40.79155840973882,15.141739980449657
40.81373210724469,63,53,0,0.022524434022533756,0.025027148913926395,63.11596599091278,427.67990846920475,1.0,40.79202145230823,21.71065493646139
40.83875925615862,76,101,0,0.010428106707480176,0.011586785230533529,76.94708517862384,811.9481908123321,1.0,40.824555932600454,14.203323558162268
40.83860410597969,108,111,1,0.009000000000000001,0.0008017369652167061,110.3695764972102,888.0391662362595,1.4142135623730951,40.825964809792005,12.639296187683286
40.84860410597969,26,106,1,0.009000000000000001,0.011399063171051584,26.750174596364893,852.6609141880449,1.4142135623730951,40.835182796106764,13.421309872922777
40.85034604138915,88,110,0,0.014077271015359646,0.015641412239288496,88.57790678460594,884.4721985871456,1.0,40.83755034246442,12.795698924731184
40.85860410597969,53,86,1,0.009000000000000001,0.0013003511024544826,53.84633866722489,692.3784041686524,1.4142135623730951,40.84205474136581,16.549364613880744
40.86598745362844,60,57,0,0.016896821987696486,0.018774246652996096,60.77999670930868,458.53220649093134,1.0,40.84490240964017,21.085043988269796
40.868604105979685,27,111,1,0.01617138450546827,0.025410879211092613,27.91019741069188,894.1310575715934,1.4142135623730951,40.855964809792,12.639296187683286
40.88476170028144,79,57,0,0.010140564051987419,0.011267293391097132,79.33425203988422,463.43641403154663,1.0,40.863676656293165,21.085043988269796
40.88657231098576,29,80,1,0.009000000000000001,0.007386229490728031,29.594478889761746,647.4142283107101,1.4142135623730951,40.869084529949596,17.487781036168133
40.89657231098576,70,98,1,0.01294428642406314,0.020339983795724475,70.52803110139824,785.2058935343218,1.4142135623730951,40.881899779216454,14.672531769305962
40.91095485145694,36,67,1,0.009000000000000001,0.010385764434422878,36.71078443796992,540.2316121023262,1.4142135623730951,40.891433834839155,19.521016617790814
40.90949446883866,51,80,0,0.009000000000000001,0.003250723112701949,51.98188418939198,645.6652159560655,1.0,40.89200668780249,17.487781036168133
40.92095485145694,101,65,1,0.012537895544884017,0.019701402136880205,101.46124902289637,521.0917227968838,1.4142135623730951,40.90112102936505,19.83382209188661
40.91949446883866,30,94,0,0.040579036604438824,0.04508781844937647,30.393277823138263,757.348044503311,1.0,40.90419632612116,15.298142717497555
40.93488584650681,21,89,1,0.009000000000000001,0.0028258789658864576,15.994458864309841,714.4525724618074,1.4142135623730951,40.91880569010407,16.080156402737046
40.94488584650681,66,90,1,0.009000000000000001,0.0018824054365705102,66.25132197770114,727.4705522836607,1.4142135623730951,40.92896209284112,15.923753665689148
40.954885846506805,77,88,1,0.009000000000000001,0.004996396373474265,77.70302232313206,704.2857965869871,1.4142135623730951,40.93864928736702,16.236559139784944
40.9648858465068,43,73,1,0.033765704195241775,0.05305768535109892,43.05890366255484,586.8028297670296,1.4142135623730951,40.9463032463113,18.58260019550342
40.97846955525457,52,51,0,0.009000000000000001,0.007935261324141952,52.196094421881,412.9194861100056,1.0,40.95644609484401,22.023460410557185
40.98846955525457,37,98,0,0.009000000000000001,0.0037611804835640844,37.509190914270405,790.2355691900775,1.0,40.97379702348526,14.672531769305962
40.998469555254566,58,50,0,0.009000000000000001,0.0033692050765955204,58.78888686233188,404.98461736725926,1.0,40.97628969210696,22.179863147605083
41.00240329561263,56,110,1,0.010920644436300789,0.0171601371907454,56.34484851614048,881.9088305940902,1.4142135623730951,40.9896075966879,12.795698924731184
41.008469555254564,40,100,0,0.009000000000000001,0.0013286351613873472,40.09181858683158,803.8129347814876,1.0,40.99410982895935,14.359726295210166
41.0145373449863,44,67,1,0.009000000000000001,0.011614736246295602,44.623592719013445,543.9397516674223,1.4142135623730951,40.995016328368514,19.521016617790814
41.01846955525456,51,98,0,0.01992738270723415,0.02214153634137128,51.91062033492899,791.4243089933287,1.0,41.003797023485255,14.672531769305962
41.0245373449863,83,73,1,0.009000000000000001,0.0019221199735629181,83.1849791533767,586.9693568018873,1.4142135623730951,41.0059547447908,18.58260019550342
41.0345373449863,92,51,1,0.028778520322068877,0.04522108193833282,92.57579188623463,411.10140649392514,1.4142135623730951,41.01251388457574,22.023460410557185
41.040611091595935,63,99,0,0.02521302063530348,0.028014467372559422,63.30999650203344,799.5410728859772,1.0,41.026094962563675,14.516129032258064
41.066513478677486,54,65,1,0.009000000000000001,0.0054301339866194,54.405673895108414,526.1264169275852,1.4142135623730951,41.046679656585596,19.83382209188661
41.06862555896849,73,95,0,0.009588384258218528,0.010653760286909475,73.98433951236446,763.5814048700693,1.0,41.05348381898804,15.141739980449657
41.0792793192554,49,59,0,0.05333613580614321,0.059262373117936896,49.183703604054415,477.84629887796643,1.0,41.05850708074122,20.772238514174
41.09651347867748,39,98,1,0.009000000000000001,0.007719861287801225,39.34632505385851,791.6450462194332,1.4142135623730951,41.08184094690817,14.672531769305962
41.13854169237334,75,61,0,0.009000000000000001,0.0038362521605064866,75.17090273346747,493.45364822505906,1.0,41.118082259333256,20.459433040078203
41.141420210245656,35,72,1,0.009000000000000001,0.00708157113249511,35.603415307617546,581.5945618581125,1.4142135623730951,41.12268120731311,18.73900293255132
41.151420210245654,44,62,1,0.009000000000000001,0.0008052633224194274,44.90644910298295,497.39690132196336,1.4142135623730951,41.13111717994262,20.303030303030305
41.148541692373335,45,112,0,0.009000000000000001,0.0010347831948669842,45.05405855995424,899.2804032928143,1.0,41.1360587989227,12.482893450635387
41.15854169237333,49,102,0,0.009000000000000001,0.00037695525172112365,49.80242185913264,820.8077298789076,1.0,41.14449477155222,14.04692082111437
41.16142021024565,103,100,1,0.016161294460595457,0.02539502423519919,103.90391192465468,801.2803740758139,1.4142135623730951,41.14706048395044,14.359726295210166
41.16854169237333,85,106,0,0.010919185175637437,0.012132427972930486,85.3925373147795,850.81561474318,1.0,41.15512038250041,13.421309872922777
41.179377204090756,82,68,1,0.009000000000000001,0.009994413394338951,82.95894748165179,544.0760678887016,1.4142135623730951,41.160012590210016,19.364613880742915
41.18067412034626,79,105,0,0.035185070477597766,0.039094522752886406,79.15343696045622,844.136098255753,1.0,41.16709640773629,13.577712609970675
41.18937720409075,26,95,1,0.009000000000000001,0.004037968048115218,26.490916454999223,765.2573270131634,1.4142135623730951,41.1742354641103,15.141739980449657
41.20937720409075,45,72,1,0.009000000000000001,0.011014545431559502,45.70984313097499,582.4090481539284,1.4142135623730951,41.1906382011582,18.73900293255132
41.21937720409075,21,62,1,0.01972817067503378,0.03099982947715994,20.767355549894496,503.64126127486776,1.4142135623730951,41.199074173787714,20.303030303030305
41.219768643099144,31,87,0,0.009000000000000001,0.009241179713962464,31.75987610231848,703.4865581371328,1.0,41.20337568122231,16.392961876832846
41.22976864309914,59,55,0,0.009000000000000001,0.0031330606594433185,59.05832463123015,443.0580552531869,1.0,41.208370793636774,21.397849462365592
41.241297393729674,35,69,1,0.009000000000000001,0.007117328848770275,35.0301613950782,558.342178008463,1.4142135623730951,41.22208918258598,19.208211143695017
41.25129739372967,74,54,1,0.010796884198814494,0.016965666739261365,74.80951307364488,432.94608251598635,1.4142135623730951,41.22974314153026,21.55425219941349
41.262053948051516,43,50,0,0.011894238651775867,0.013215820724195408,43.817032977962825,404.24778930360475,1.0,41.23987408490391,22.179863147605083
41.273293931728354,96,65,1,0.026383220093098337,0.04145723074970447,96.30073685526122,527.543611210699,1.4142135623730951,41.253460109636464,19.83382209188661
41.275269768775715,38,53,0,0.019322776268446973,0.021469751409385524,38.84580225198353,426.46796778440915,1.0,41.25355911383925,21.71065493646139
41.30260862072068,32,53,1,0.009000000000000001,0.002037872764988913,32.84249744288808,429.26830004002505,1.4142135623730951,41.28089796578422,21.71065493646139
41.2967395201851,93,109,0,0.018983993740054314,0.021093326377838128,93.6999825624095,877.5875802390663,1.0,41.28378741852332,12.952101661779082
41.31260862072068,52,97,1,0.009000000000000001,0.005466578586141664,52.159714418184315,780.3796541934751,1.4142135623730951,41.29777968621433,14.82893450635386
41.317832846562936,36,86,0,0.009000000000000001,0.004119545010723842,36.19095454134879,688.4680616724198,1.0,41.301283481949056,16.549364613880744
41.32260862072068,51,84,1,0.009000000000000001,0.00023947250131260112,51.76649895874409,678.9050628677172,1.4142135623730951,41.305746450632704,16.86217008797654
41.327832846562934,46,72,0,0.009000000000000001,0.002523464558941263,46.711316324748665,578.0969717306897,1.0,41.309093843630386,18.73900293255132
41.33260862072068,108,69,1,0.009000000000000001,0.007157511556526306,128.6672776232084,556.683847228639,1.4142135623730951,41.313400409576985,19.208211143695017
41.33783284656293,21,76,0,0.016119883233088918,0.017910981370098798,10.549367102181861,610.124800903771,1.0,41.319719454578575,18.113391984359726
41.342608620720675,67,95,1,0.009000000000000001,0.005245678495522253,67.1585065104237,766.7009246674529,1.4142135623730951,41.327466880740225,15.141739980449657
41.35574382793303,86,50,0,0.011148159023945425,0.012386843359939361,86.18320018846606,402.93236394358064,1.0,41.33356396478543,22.179863147605083
41.35260862072067,53,84,1,0.01957006200323667,0.030751385668288535,53.17703734671988,675.6586953314071,1.4142135623730951,41.3357464506327,16.86217008797654
41.368130671292974,71,66,0,0.009000000000000001,0.0012264481657363786,71.04130419471466,535.3418021508655,1.0,41.34845325193813,19.67741935483871
41.3743531340576,78,57,1,0.009000000000000001,0.006683602809017247,78.08170490110045,462.90116817302567,1.4142135623730951,41.35326809006933,21.085043988269796
41.37813067129297,65,85,0,0.009000000000000001,0.0069422373423807275,65.43612845076693,684.4607029223582,1.0,41.361424903942044,16.705767350928642
41.3843531340576,25,78,1,0.009000000000000001,0.013349539683549733,25.60022571886357,625.9345223261389,1.4142135623730951,41.366552547547336,17.80058651026393
41.38813067129297,66,75,0,0.028817198981907013,0.03201910997989668,66.1062349782413,605.151860936331,1.0,41.369860876571565,18.269794721407624
41.394353134057596,62,86,1,0.015219006139456873,0.023914360986954788,62.91185478589506,695.2130515539457,1.4142135623730951,41.377803769443716,16.549364613880744
41.411263140879214,103,99,1,0.009000000000000001,0.00152911764180398,103.70092344296337,796.3517028903757,1.4142135623730951,41.396747011846955,14.516129032258064
41.42014978127287,45,53,0,0.009000000000000001,0.009543026826692782,45.077535532003175,424.57419517258853,1.0,41.398439126336406,21.71065493646139
41.42126314087921,70,59,1,0.009468334856391708,0.014878052852221183,70.35119551352919,476.32908227039184,1.4142135623730951,41.400490902365036,20.772238514174
41.43014978127287,54,68,0,0.009000000000000001,0.0031804976241503074,54.5273272851629,550.8311208155744,1.0,41.41078516739213,19.364613880742915
41.43178351294187,21,91,1,0.011822381371447286,0.018577080083386426,18.130441154447134,734.7060321268217,1.4142135623730951,41.41601616201323,15.76735092864125
41.440149781272865,94,103,0,0.009000000000000001,0.007268089202352706,94.53183310690135,827.1997566628402,1.0,41.4262592631888,13.890518084066471
41.44491949224348,37,86,1,0.009000000000000001,0.0036527925543929393,37.880325125321704,695.4359614871292,1.4142135623730951,41.4283701276296,16.549364613880744
41.45491949224348,29,103,1,0.023332355893209165,0.0366632601625469,29.551392555763847,829.9272451675608,1.4142135623730951,41.44102897415941,13.890518084066471
41.470884257649914,51,86,0,0.03422559515660427,0.03802843906289363,51.6296528472086,690.7944189248776,1.0,41.454334893036034,16.549364613880744
41.48084433212482,102,111,1,0.009000000000000001,0.004351569106494097,102.8783285742407,890.514744557538,1.4142135623730951,41.46820503593713,12.639296187683286
41.490844332124816,73,51,1,0.009079733416017045,0.014267424599626106,73.63641608016954,410.9932610196618,1.4142135623730951,41.46882087171426,22.023460410557185
41.50093292480928,43,50,1,0.01620521523155331,0.025464039068486384,43.29551612157716,406.9745093459557,1.4142135623730951,41.47875306166167,22.179863147605083
41.508912696712805,21,100,0,0.010293140267238569,0.011436822519153966,18.98007467542906,803.5535101597563,1.0,41.494552970417594,14.359726295210166
41.52034951923196,89,57,0,0.01000132746636652,0.011112586073740577,89.51412313339154,458.37395138439774,1.0,41.499264475243685,21.085043988269796
41.518938719511006,91,93,1,0.010217702448619182,0.016055570421255588,91.32965823036399,748.0157034945569,1.4142135623730951,41.50348417405646,15.454545454545453
41.530291722231695,22,56,1,0.009000000000000001,0.006289092392849385,22.091869989905447,453.9812240554178,1.4142135623730951,41.509050275506375,21.241446725317694
41.5314621053057,77,69,0,0.009000000000000001,0.0020728211266152715,77.3845082703763,554.1760608380994,1.0,41.51225389416201,19.208211143695017
41.54029172223169,74,96,1,0.009000000000000001,0.001082849669227341,74.1601142665073,771.1005045605663,1.4142135623730951,41.52530638498829,14.985337243401759
41.5414621053057,61,97,0,0.02749541722437811,0.030550463582642344,61.46775503845708,782.0477932894396,1.0,41.52663317079934,14.82893450635386
41.55029172223169,108,76,1,0.009000000000000001,0.010692153870025358,120.9693863443544,611.2228950154396,1.4142135623730951,41.53217833024733,18.113391984359726
41.56029172223169,81,102,1,0.009000000000000001,0.007614639877587363,81.49261289800737,823.648372767747,1.4142135623730951,41.54624480141057,14.04692082111437
41.57029172223169,21,51,1,0.009000000000000001,0.00873145034561635,18.231172185252355,408.9789318750755,1.4142135623730951,41.54826826182113,22.023460410557185
41.57201256888834,39,73,0,0.009000000000000001,0.004271543626530114,39.7361172290519,585.6354602526969,1.0,41.55342996869284,18.58260019550342
41.580291722231685,72,93,1,0.009000000000000001,0.0011614867649464475,72.02811034772805,746.6047711094338,1.4142135623730951,41.56483717677714,15.454545454545453
41.58201256888834,75,95,0,0.00940344255025008,0.010448269500277866,75.41694219939762,762.7340842250815,1.0,41.56687082890789,15.141739980449657
41.59029172223168,60,61,1,0.009000000000000001,0.0011033449575086104,60.2662852876699,494.6804378959314,1.4142135623730951,41.5698322891916,20.459433040078203
41.59246083838862,50,83,0,0.009000000000000001,0.00180256516150916,50.255984066196184,670.4135319857699,1.0,41.575442265563595,17.01857282502444
41.60029172223168,68,90,1,0.014084515330112108,0.022131680665884796,68.92166467228914,722.2115848149083,1.4142135623730951,41.58436796856599,15.923753665689148
41.61594118370958,85,101,1,0.009000000000000001,0.00043120058963826033,85.88233786076906,814.2651297907543,1.4142135623730951,41.60173786015142,14.203323558162268
41.62594118370958,81,63,1,0.01481976877422414,0.02328701999082342,81.08288575196255,507.42730321249906,1.4142135623730951,41.60579455614359,20.146627565982406
41.642407593458714,35,62,1,0.009000000000000001,0.0006174895715328645,35.6550010564332,500.56827129518865,1.4142135623730951,41.62210456315568,20.303030303030305
41.65278755650162,104,58,0,0.009000000000000001,0.007965877497355679,104.03568347008087,469.19879298406227,1.0,41.6318589152504,20.928641251221897
41.65240759345871,38,81,1,0.009000000000000001,0.0029517035041504826,38.30610803609576,654.269445748854,1.4142135623730951,41.63507621515959,17.331378299120235
41.66240759345871,21,66,1,0.009000000000000001,0.009715549864391696,16.838065887412448,535.3373029826447,1.4142135623730951,41.64273017410387,19.67741935483871
41.66278755650162,108,71,0,0.014794807402552247,0.01643867489172472,113.0973753021842,568.999390514245,1.0,41.64389215083202,18.89540566959922
41.67240759345871,22,68,1,0.009000000000000001,0.0004440688788175872,22.706567893258978,549.3360786937749,1.4142135623730951,41.65304297957797,19.364613880742915
41.67922623139334,69,86,0,0.032045249182941674,0.035605832425490744,69.39936575733438,693.6849342877885,1.0,41.662676866779464,16.549364613880744
41.682407593458706,97,96,1,0.019253810535682703,0.030254444429916073,97.5962190409418,773.3716538990799,1.4142135623730951,41.6674222562153,14.985337243401759
41.70380071627613,33,93,1,0.018617244703554178,0.029254177726427768,33.55741528944543,748.1107180606361,1.4142135623730951,41.68834617082158,15.454545454545453
41.724486543724524,59,77,1,0.009000000000000001,0.003461471158316037,59.640533432888866,620.6148345458585,1.4142135623730951,41.706529554477214,17.956989247311828
41.72483206381883,52,105,0,0.009212389909461197,0.01023598878829022,52.568164507543464,847.3737854156506,1.0,41.71125435120886,13.577712609970675
41.73448654372452,56,106,1,0.009000000000000001,0.0010081439023411308,56.644825943742006,851.5487535246548,1.4142135623730951,41.7210652338516,13.421309872922777
41.73506805260712,81,106,0,0.009000000000000001,0.004672828693818277,81.05641216175275,848.1283582357894,1.0,41.721646742734194,13.421309872922777
41.74448654372452,62,79,1,0.01906131161547097,0.02995196155913206,62.91789601294517,632.2913822196231,1.4142135623730951,41.726842359951306,17.64418377321603
41.74506805260712,55,103,0,0.015625547490182842,0.01736171943353649,55.27725722695241,829.4902735611101,1.0,41.73117753452305,13.890518084066471
41.762429772040655,50,61,0,0.009000000000000001,0.001394452934942954,50.378035354940955,489.16575621410817,1.0,41.741970339000574,20.459433040078203
41.76566577885282,89,76,1,0.013020828152620765,0.020460257518628556,89.23025140738837,615.9025503929561,1.4142135623730951,41.74755238686846,18.113391984359726
41.77242977204065,79,76,0,0.009000000000000001,0.004104120398391349,79.57836395975983,608.9842540069435,1.0,41.754316380056295,18.113391984359726
41.78013336568907,71,78,1,0.014709195568766148,0.02311327096105258,71.51992786404091,631.228408532574,1.4142135623730951,41.762332779178806,17.80058651026393
41.78242977204065,40,68,0,0.009000000000000001,0.0043390901439630675,40.427935155114696,548.0883827794993,1.0,41.76306515815991,19.364613880742915
41.79647691632103,21,99,1,0.027011560243242527,0.04244457204094609,-11.74543250791713,792.5359307817564,1.4142135623730951,41.781960787288774,14.516129032258064
41.81516920336239,66,96,0,0.009000000000000001,0.0060520223478062055,66.93275872847248,772.2210839187769,1.0,41.800183866118985,14.985337243401759
41.826489761035745,33,84,1,0.016453404136007783,0.025854030307053095,33.84375395950859,677.2445571605854,1.4142135623730951,41.80962759094777,16.86217008797654
41.825169203362385,51,100,0,0.009000000000000001,0.0024727691060895825,51.29312813917987,803.8511845220285,1.0,41.810809477067174,14.359726295210166
41.83516920336238,39,53,0,0.009000000000000001,0.004242373260546094,39.14936757615226,431.6267044493398,1.0,41.81345854842592,21.71065493646139
41.84516920336238,68,65,0,0.009000000000000001,0.0021184347516176208,68.66460348342613,526.6005816849884,1.0,41.82533538127049,19.83382209188661
41.84477132118686,72,97,1,0.009000000000000001,0.002973066003127665,72.07824543661212,776.4930965195925,1.4142135623730951,41.82994238668051,14.82893450635386
41.85477132118686,59,52,1,0.015911833773592718,0.025003034583156766,59.168026326297436,416.41274940962006,1.4142135623730951,41.83290426351335,21.867057673509287
41.85516920336238,83,82,0,0.010939670917593779,0.012155189908437532,83.23446393063702,663.7898112126752,1.0,41.83799422780031,17.174975562072337
41.87245113649085,85,53,1,0.009000000000000001,0.009462714848187113,85.02099821022023,424.6368267913857,1.4142135623730951,41.85074048155439,21.71065493646139
41.8833065237717,50,51,0,0.015992106903396485,0.01776900767044054,50.95589569208255,408.06232318610745,1.0,41.86128306336114,22.023460410557185
41.88245113649085,71,84,1,0.018266281855502404,0.028702692815756763,71.11589034909171,674.2004683709558,1.4142135623730951,41.865588966402875,16.86217008797654
41.90107553144214,74,54,0,0.009000000000000001,0.006993930683083187,74.63589786392383,436.3681308885983,1.0,41.879521279242724,21.55425219941349
41.90274700521918,32,83,1,0.009000000000000001,0.0032968745771403095,32.37540697301439,665.4295171442379,1.4142135623730951,41.88572843239416,17.01857282502444
41.91107553144214,21,63,0,0.021077192698188762,0.023419102997987513,10.088801226071055,508.89040088378425,1.0,41.89092890387615,20.146627565982406
41.91274700521918,36,59,1,0.009000000000000001,0.0007960390560934595,36.8503696216998,479.2680792499618,1.4142135623730951,41.891974766705005,20.772238514174
41.92274700521918,51,78,1,0.015989514411293808,0.02512509792912418,51.23561720895037,626.6853028020787,1.4142135623730951,41.90494641870892,17.80058651026393
41.93449463444012,66,96,0,0.015257970493442295,0.016953300548269216,66.64786849025101,770.4416033609928,1.0,41.91950929719672,14.985337243401759
41.940513132342836,47,97,1,0.009000000000000001,0.01091983413907866,47.922152272759654,781.8052398070793,1.4142135623730951,41.92568419783648,14.82893450635386
41.950513132342834,72,57,1,0.009000000000000001,0.008894978871370885,72.4135212066573,456.54986971191124,1.4142135623730951,41.92942808835456,21.085043988269796
41.95144793498839,92,72,0,0.01463799858395849,0.016264442871064988,92.57617120190818,577.7648985760038,1.0,41.93270893205584,18.73900293255132
41.96051313234283,90,77,1,0.009000000000000001,0.002549933415456137,90.404333773611,618.5168627248854,1.4142135623730951,41.94255614309552,17.956989247311828
41.96771237785945,74,96,0,0.02233901013844826,0.02482112237605362,74.3599241713885,772.6988695707698,1.0,41.95272704061605,14.985337243401759
41.98051313234283,97,64,1,0.009000000000000001,0.002808690032051458,97.21513423818404,513.4185511627476,1.4142135623730951,41.96052290751389,19.990224828934508
41.9925335002355,21,68,0,0.009000000000000001,0.007145298013159978,18.601994497396568,551.3838038087125,1.0,41.97316888635476,19.364613880742915
42.0025335002355,108,106,0,0.009000000000000001,0.009224636698978937,108.32877401595258,851.6368111194571,1.0,41.989112190362576,13.421309872922777
42.0125335002355,73,64,0,0.009000000000000001,0.0015562081229588546,73.49400679607328,516.0392889330825,1.0,41.99254327540656,19.990224828934508
42.01204668957873,70,70,1,0.009000000000000001,0.004474867678448214,70.73405173181402,566.6208702753638,1.4142135623730951,41.99299488117209,19.05180840664712
42.02204668957873,59,55,1,0.009000000000000001,0.013559739755009249,59.80845109555909,445.0978501001222,1.4142135623730951,42.00064884011636,21.397849462365592
42.0225335002355,66,75,0,0.016660194071034792,0.018511326745594213,66.81735769271688,607.5535884274664,1.0,42.00426370551409,18.269794721407624
42.03204668957873,82,94,1,0.009000000000000001,0.013971636716522356,82.03275524831966,752.0521803858185,1.4142135623730951,42.01674854686123,15.298142717497555
42.042046689578726,76,78,1,0.009000000000000001,0.013364061749331869,76.48960967126686,624.9563905427526,1.4142135623730951,42.024246103068464,17.80058651026393
42.05104482698109,83,54,0,0.009000000000000001,0.003934788491259058,83.37231017423566,437.76354301294344,1.0,42.029490574781676,21.55425219941349
42.06104482698109,42,76,0,0.023730691221348653,0.02636743469038739,42.075641784189955,613.8345429120845,1.0,42.04293143499673,18.113391984359726
42.07277794090481,74,83,1,0.009000000000000001,0.013132015819902872,74.42252113708143,669.1920934482166,1.4142135623730951,42.055759368079784,17.01857282502444
42.082777940904805,61,73,1,0.009000000000000001,0.00909031230898897,61.4646860053517,589.9799761298763,1.4142135623730951,42.064195340709304,18.58260019550342
42.087412261671474,53,55,0,0.012237731894361573,0.01359747988262397,53.75579160490574,444.8504595074229,1.0,42.06601441220911,21.397849462365592
42.0927779409048,21,111,1,0.009000000000000001,0.008926299832809166,21.060832058578555,890.3241097820248,1.4142135623730951,42.08013864471712,12.639296187683286
42.1027779409048,33,52,1,0.009000000000000001,0.00646803053564666,33.834358075541985,423.9788662184938,1.4142135623730951,42.08091088323129,21.867057673509287
42.1010097415541,44,100,0,0.04398615012088271,0.048873500134314116,44.245680873260994,803.6308246631252,1.0,42.08665001525889,14.359726295210166
42.1127779409048,56,85,1,0.014256640323600469,0.02240214899945659,56.586037712645144,685.3415875359893,1.4142135623730951,42.09607217355387,16.705767350928642
42.128618652375465,65,65,1,0.013651244042667494,0.02145086052045032,65.58865468714981,526.8212371706877,1.4142135623730951,42.108784830283575,19.83382209188661
42.14378670131176,32,50,1,0.009000000000000001,0.003882762088021802,32.757491490822915,405.76300702649263,1.4142135623730951,42.121606838164155,22.179863147605083
42.149883241688414,36,85,0,0.009000000000000001,0.009232594290771414,36.37306808486168,681.5821942269774,1.0,42.13317747433749,16.705767350928642
42.15988324168841,49,50,0,0.0388581048358827,0.04317567203986967,49.16950725769128,401.9151452501613,1.0,42.137703378540806,22.179863147605083
42.15378670131176,43,111,1,0.009000000000000001,0.0020948067049397453,43.05291330753347,892.9292202054687,1.4142135623730951,42.14114740512407,12.639296187683286
42.16378670131176,51,58,1,0.009000000000000001,0.005536259602506432,51.56311497003349,465.1619733511641,1.4142135623730951,42.14285806006053,20.928641251221897
42.18378670131175,63,65,1,0.03109197839977696,0.04885633059330656,63.24127597949344,523.3737103336905,1.4142135623730951,42.16395287921986,19.83382209188661
42.203058913728285,64,103,0,0.009000000000000001,0.004079588595141885,64.20419878341608,830.921911647415,1.0,42.18916839564422,13.890518084066471
42.21833334397817,60,75,1,0.009000000000000001,0.00897015347068384,60.82516373419044,606.9630290262944,1.4142135623730951,42.20006354925677,18.269794721407624
42.21305891372828,36,112,0,0.009000000000000001,0.009725757201533725,36.833367849610624,897.2821283422624,1.0,42.200576020277644,12.482893450635387
42.22305891372828,21,84,0,0.015347464044520684,0.017052737827245205,21.371496406056494,678.9395917889428,1.0,42.206196743640305,16.86217008797654
42.22833334397817,57,62,1,0.009000000000000001,0.004721862578957938,57.197664053242164,503.41855530830424,1.4142135623730951,42.20803031367514,20.303030303030305
42.24011165155552,43,55,0,0.009000000000000001,0.005442714879065125,43.26458038322334,443.22875356007614,1.0,42.218713802093156,21.397849462365592
42.23833334397817,30,93,1,0.010131902028890043,0.015920748068768642,30.187702326516153,744.554540743412,1.4142135623730951,42.222878798523624,15.454545454545453
42.25011165155552,89,85,0,0.009000000000000001,2.14404620031862e-05,89.41129308754726,686.1575928150382,1.0,42.23340588420459,16.705767350928642
42.24959101289916,52,103,1,0.009000000000000001,0.012488631444019698,52.20279307219827,829.3360274647481,1.4142135623730951,42.23570049481509,13.890518084066471
42.25959101289916,75,57,1,0.009000000000000001,0.0018745377073894865,75.81444851648841,457.5054684140489,1.4142135623730951,42.238505968910886,21.085043988269796
42.26011165155552,55,67,0,0.09639086920102015,0.10710096577891128,55.59816030499098,543.4233228236,1.0,42.24059063493773,19.521016617790814
42.269591012899156,86,77,1,0.011329657084390881,0.017802838561980002,86.0358657637466,620.7736444399152,1.4142135623730951,42.251634023651846,17.956989247311828
42.282179520770704,69,73,1,0.027684619472801705,0.043502182586193844,69.04881210787231,590.990022731473,1.4142135623730951,42.2635969205752,18.58260019550342
42.312940209073815,37,70,1,0.029995777191867055,0.047133816576288824,37.29528416757694,564.9874476451382,1.4142135623730951,42.29388840066717,19.05180840664712
42.34626885039811,53,100,1,0.03126366000900804,0.04912610221573393,53.34712523179961,801.7708884132139,1.4142135623730951,42.3319091241029,14.359726295210166
42.36721261733443,52,67,0,0.009000000000000001,0.004937044517684027,52.870627011054175,542.5932980050239,1.0,42.347691600716644,19.521016617790814
42.38100625040812,71,65,1,0.05180683806869637,0.08140659224490797,71.6325787108418,526.3315010856412,1.4142135623730951,42.36117242831623,19.83382209188661
42.400826578173984,70,70,0,0.049847026528372855,0.055385585031525394,70.44188011646062,564.1275446386685,1.0,42.38177476976734,19.05180840664712
42.43856940381778,21,50,1,0.009000000000000001,0.008611199063052608,15.02471818362131,407.63241982301486,1.4142135623730951,42.416389540670174,22.179863147605083
42.44856940381778,64,67,1,0.009000000000000001,0.0037294060607552266,64.42599766624747,540.9684421708793,1.4142135623730951,42.42904838719999,19.521016617790814
42.45621216320551,52,104,0,0.009000000000000001,0.0017959581510090647,52.66871929805116,835.0124627600828,1.0,42.442478047858486,13.734115347018573
42.458569403817776,62,94,1,0.009000000000000001,0.00879400923182525,62.55683920929073,752.4555663656681,1.4142135623730951,42.44327126110028,15.298142717497555
42.466212163205505,53,67,0,0.013647037390126935,0.015163374877918816,53.952643508196246,543.6288474385339,1.0,42.44669114658772,19.521016617790814
42.468569403817774,57,90,1,0.009000000000000001,0.0013357550830632237,57.74701068063938,725.0462255699657,1.4142135623730951,42.452645650152085,15.923753665689148
42.48137553808343,31,78,0,0.018020075995948463,0.02002230666216496,31.10548486085353,626.708115312134,1.0,42.463574951573165,17.80058651026393
42.47856940381777,63,108,1,0.01012179239113254,0.015904862305627154,63.45035143460604,866.0669576991415,1.4142135623730951,42.46546089941894,13.10850439882698
42.503339917014436,22,61,1,0.009000000000000001,0.0014391244927718272,22.232890294996864,490.60902180680864,1.4142135623730951,42.482880483974355,20.459433040078203
42.50139784474559,56,80,0,0.06123112653617387,0.06803458504019319,56.19431778369074,640.9500835549887,1.0,42.48391006370942,17.487781036168133
42.513339917014434,61,58,1,0.01586849349262582,0.0249349319018896,61.95237320032234,467.51906834027375,1.4142135623730951,42.49241127576321,20.928641251221897
42.53097157645068,29,69,1,0.009000000000000001,0.009485061329898285,29.992474008976476,558.0524439704478,1.4142135623730951,42.51176336530699,19.208211143695017
42.54097157645068,65,69,1,0.009000000000000001,0.008287553952255193,65.05956187102058,554.6621121791114,1.4142135623730951,42.52176336530699,19.208211143695017
42.55097157645068,78,67,1,0.009000000000000001,0.004940808099804081,78.5899319455618,543.9670470466095,1.4142135623730951,42.53145055983289,19.521016617790814
42.560971576450676,64,90,1,0.009000000000000001,0.0030781911374323646,64.29873627284321,725.8398974392135,1.4142135623730951,42.54504782278499,15.923753665689148
42.569432429785785,48,69,0,0.009442359146141461,0.0104915101623794,48.31256879548784,557.9679111928184,1.0,42.55022421864209,19.208211143695017
42.570971576450674,33,65,1,0.011902693252919006,0.01870327803004977,33.166549728436124,526.1012010796654,1.4142135623730951,42.551137754358784,19.83382209188661
42.579923939948166,69,84,0,0.0176380656210377,0.019597850690041888,69.79096583401555,675.2726503099977,1.0,42.56306176986019,16.86217008797654
42.58419679117614,87,107,1,0.029799774688841846,0.04682582835624736,87.92462063103183,861.6497541349647,1.4142135623730951,42.57093188404026,13.264907135874878
42.59952179063821,68,68,0,0.023598780423469894,0.02622086713718877,68.52061483043829,551.7519545739761,1.0,42.58015717675747,19.364613880742915
42.61730765194152,56,76,1,0.009000000000000001,0.009168438066176657,56.080609079963835,612.1945090362552,1.4142135623730951,42.599194259957166,18.113391984359726
42.6257426577754,51,67,0,0.009000000000000001,0.007624401539649245,51.62872428304861,542.7898081193182,1.0,42.60622164115761,19.521016617790814
42.62730765194152,88,76,1,0.009000000000000001,0.0025576073934004493,88.45990076981221,613.2030282459864,1.4142135623730951,42.609194259957164,18.113391984359726
42.635742657775396,21,69,0,0.044009943828770146,0.04889993758752238,13.003789706807702,556.4223140028341,1.0,42.616534446631704,19.208211143695017
42.63730765194152,58,98,1,0.009000000000000001,0.011563937189066627,58.89452630101283,790.6781091976002,1.4142135623730951,42.62263512017221,14.672531769305962
42.64730765194152,50,89,1,0.010878347072527722,0.017093673295744845,50.5548883230435,717.5784944319676,1.4142135623730951,42.63122749553878,16.080156402737046
42.65939470424433,60,99,1,0.022939070171824914,0.03604527127246991,60.97354915428865,793.6744242048535,1.4142135623730951,42.64487857521207,14.516129032258064
42.68464259536292,43,56,0,0.009000000000000001,0.0015478520580259035,43.44201652730581,455.2715831542903,1.0,42.6634011486376,21.241446725317694
42.6848825599908,51,70,1,0.009000000000000001,0.011691540258984492,51.774945084482454,561.9477762901896,1.4142135623730951,42.66583075158415,19.05180840664712
42.694642595362915,61,79,0,0.009000000000000001,0.0037151824678456876,61.00256777675789,632.1751249410709,1.0,42.6769984115897,17.64418377321603
42.694882559990795,58,104,1,0.009000000000000001,0.0021970883719712305,58.18776065839662,839.0575984928507,1.4142135623730951,42.681148444643775,13.734115347018573
42.70464259536291,75,76,0,0.009000000000000001,0.008517579519077464,75.42376156451702,613.1591469953506,1.0,42.686529203378555,18.113391984359726
42.70488255999079,84,92,1,0.009000000000000001,0.013222982651165274,84.02238430069605,737.0960583075005,1.4142135623730951,42.6892716117992,15.610948191593351
42.71464259536291,79,69,0,0.009000000000000001,0.006090323614052839,79.30215055073867,558.2343920307493,1.0,42.69543438421922,19.208211143695017
42.71488255999079,34,82,1,0.01556918178464646,0.02446460892766575,34.464153202426715,656.8166919643255,1.4142135623730951,42.69770758442872,17.174975562072337
42.72464259536291,57,58,0,0.020077180321171256,0.02230797813463473,57.32422110899731,465.440569276788,1.0,42.703713954111684,20.928641251221897
42.73218165086262,99,73,1,0.015510080361061256,0.02437174000012158,99.86625388552116,586.8251481864921,1.4142135623730951,42.71359905066712,18.58260019550342
42.74941507348602,66,75,1,0.009000000000000001,0.0073683221240611945,66.10357503728905,606.5972394013988,1.4142135623730951,42.731145278764615,18.269794721407624
42.74695057349754,94,108,0,0.009000000000000001,0.004029292540714762,94.60332789638178,866.2519765486913,1.0,42.73384206909871,13.10850439882698
42.75695057349754,56,82,0,0.02649468108497635,0.029438534538862613,56.23111942577689,660.1618130956929,1.0,42.73977559793547,17.174975562072337
42.75941507348602,43,92,1,0.009000000000000001,0.007803531115064736,43.15798938886114,739.775918286342,1.4142135623730951,42.743804125294425,15.610948191593351
42.769415073486016,93,101,1,0.009000000000000001,0.0010417582031884158,93.73711322437984,814.1063789432972,1.4142135623730951,42.75521174992785,14.203323558162268
42.779415073486014,71,106,1,0.009000000000000001,0.002804532087299138,71.62129858432421,848.7095250390869,1.4142135623730951,42.76599376361309,13.421309872922777
42.78941507348601,59,83,1,0.01019065913986557,0.016013075961243586,59.04138927398726,671.016672548601,1.4142135623730951,42.77239650066099,17.01857282502444
42.7863891080364,104,110,0,0.04993257173937779,0.05548063526597532,104.48185914959588,882.8852219421435,1.0,42.77359340911167,12.795698924731184
42.80073802808586,84,106,1,0.023996385407183567,0.037706681878634254,84.86874602429064,849.9547716773359,1.4142135623730951,42.787316718212935,13.421309872922777
42.82740067853829,42,74,1,0.009000000000000001,0.008917480686657278,42.876616365431076,593.8821642648749,1.4142135623730951,42.80897448107984,18.426197458455523
42.83740067853829,23,66,1,0.009000000000000001,0.005071307473381712,23.841292100558547,534.2898021664832,1.4142135623730951,42.817723259183445,19.67741935483871
42.841869743302375,47,63,0,0.009000000000000001,0.003636215301471181,47.415361063641996,506.7687389419757,1.0,42.82172311573639,20.146627565982406
42.847400678538285,64,60,1,0.018841151575663653,0.029606013432256384,64.90838406746943,486.4100257282262,1.4142135623730951,42.82678484276116,20.6158357771261
42.85186974330237,72,75,0,0.015218535783235934,0.016909484203595483,72.93160627634695,602.5005492937742,1.0,42.83359994858097,18.269794721407624
42.868335291400136,48,53,1,0.009000000000000001,0.006335489497558031,48.11289429885434,430.7715170674184,1.4142135623730951,42.84662463646367,21.71065493646139
42.86877922750597,60,107,0,0.0362011953086762,0.040223550342973556,60.59516723108656,859.2607652215606,1.0,42.85551432037009,13.264907135874878
42.878335291400134,69,63,1,0.009000000000000001,0.004720119473927459,69.90396055636373,510.7635759511835,1.4142135623730951,42.85818866383415,20.146627565982406
42.88833529140013,66,79,1,0.009000000000000001,0.009341668350835962,66.90474256828122,635.1620239686032,1.4142135623730951,42.87069110762692,17.64418377321603
42.89833529140013,61,91,1,0.019742042379547003,0.031021626757888648,61.91142455745352,735.3736002358867,1.4142135623730951,42.88256794047149,15.76735092864125
42.90900277784894,38,59,0,0.03165198865579035,0.0351688762842115,38.77706392828036,478.2646067078706,1.0,42.888230539334764,20.772238514174
42.92027089404407,98,50,1,0.017942939945903603,0.02819461002260316,98.41188157946539,404.7694770127725,1.4142135623730951,42.89809103089647,22.179863147605083
42.94020749398397,65,83,1,0.009000000000000001,0.0077348096993477495,65.76274794532469,671.4206871670374,1.4142135623730951,42.923188921158946,17.01857282502444
42.95020749398397,69,71,1,0.009000000000000001,0.011313998170362554,69.76576142055916,573.8850488022189,1.4142135623730951,42.93131208831437,18.89540566959922
42.94417165413315,34,110,0,0.009000000000000001,0.006850690002776998,34.122763917208786,884.0110860228693,1.0,42.931375955208416,12.795698924731184
42.960207493983965,37,94,1,0.009000000000000001,0.01102581312904077,37.158132640998716,757.076573196087,1.4142135623730951,42.94490935126647,15.298142717497555
42.97020749398396,103,59,1,0.018852790120519193,0.029624301641124156,103.47592516492242,477.3424240924306,1.4142135623730951,42.94943525546979,20.772238514174
42.99115503856232,100,65,1,0.009000000000000001,0.009009805991733016,100.26695411389204,524.9337326289647,1.4142135623730951,42.97132121647043,19.83382209188661
42.99110404346346,51,78,0,0.009000000000000001,0.0019372088766244128,51.4772024293654,624.4256828260015,1.0,42.9733034569532,17.80058651026393
43.00110404346346,28,54,0,0.012336588815416646,0.013707320906018497,28.808695923302018,435.8676718737125,1.0,42.97954979126404,21.55425219941349
43.00115503856232,40,104,1,0.00975927879650346,0.015335227147772634,40.24295396462187,838.7446208657441,1.4142135623730951,42.987420923215296,13.734115347018573
43.01481136436948,86,67,0,0.009000000000000001,0.003857460178054257,86.210471064464,537.5951058867379,1.0,42.99529034775169,19.521016617790814
43.011998681669546,54,109,1,0.009000000000000001,0.008122664599541602,54.00733986079695,875.1898757410465,1.4142135623730951,42.999046580007764,12.952101661779082
43.02481136436948,24,89,0,0.03244541189136827,0.03605045765707585,24.564872601076758,716.9447309162209,1.0,43.00873120796674,16.080156402737046
43.06086182202655,61,68,0,0.009000000000000001,0.0011193454667190901,61.494236551903974,551.6821411070853,1.0,43.04149720814581,19.364613880742915
43.05570559552933,60,103,1,0.009000000000000001,0.00022668173027171092,60.25527044036835,824.2088632152555,1.4142135623730951,43.041815077445264,13.890518084066471
43.06570559552933,27,87,1,0.009000000000000001,0.00030918897203977263,27.935930581561735,702.2444911292298,1.4142135623730951,43.0493126336525,16.392961876832846
43.07086182202655,40,61,0,0.009000000000000001,0.007484421152671915,40.50083559163092,489.8256089776709,1.0,43.05040238898647,20.459433040078203
43.07570559552933,49,92,1,0.009000000000000001,0.004865718846490048,49.866961785172805,743.3778601409545,1.4142135623730951,43.060094647337735,15.610948191593351
43.085705595529326,76,63,1,0.010706077423199064,0.016822977657449462,76.95563425395495,510.74677442982,1.4142135623730951,43.06555896796334,20.146627565982406
43.09380563458745,74,71,0,0.013062431728155655,0.01451381303128406,74.21947161889719,570.1114972256285,1.0,43.07491022891785,18.89540566959922
43.09760123711066,21,100,1,0.009000000000000001,0.0005312867437716683,21.095801170167867,804.4888748068543,1.4142135623730951,43.08324151081545,14.359726295210166
43.10760123711066,43,78,1,0.015380998688176342,0.024168907719624187,43.25209708190645,628.5119760963128,1.4142135623730951,43.089800650600395,17.80058651026393
43.124691235653074,88,76,1,0.009000000000000001,0.013990579196595677,88.03604163489834,612.5012070615987,1.4142135623730951,43.10657784366872,18.113391984359726
43.13469123565307,68,66,1,0.009000000000000001,0.0048329988608569515,68.93459064092497,532.5174590702737,1.4142135623730951,43.11501381629823,19.67741935483871
43.13738078658245,53,66,0,0.019768282557848897,0.021964758397609883,53.19053989312133,532.79379915368,1.0,43.117703367227605,19.67741935483871
43.15469123565307,21,63,1,0.012104172048076074,0.019019871412985008,17.73017811272056,506.86834399095534,1.4142135623730951,43.13454460808708,20.146627565982406
43.159345544980056,44,79,0,0.01967920675805658,0.021865785286729535,44.77888335154734,632.7434862198497,1.0,43.14170136120684,17.64418377321603
43.16814031570649,25,86,1,0.009000000000000001,0.0032901423151476482,25.82106212020949,691.9291336540077,1.4142135623730951,43.15159095109261,16.549364613880744
43.178140315706486,49,78,1,0.009000000000000001,0.006965413833576947,49.04632361183742,624.455861296395,1.4142135623730951,43.160339729196224,17.80058651026393
43.181211330266784,34,108,0,0.0387199694764865,0.04302218830720722,34.894103619521935,865.8657123769124,1.0,43.168102825867955,13.10850439882698
43.188140315706484,48,105,1,0.009000000000000001,0.011555909957860546,48.74088817622188,840.2109514368024,1.4142135623730951,43.17456260309651,13.577712609970675
43.19814031570648,50,75,1,0.009000000000000001,0.008530097435211397,50.303725664764855,606.0468048162695,1.4142135623730951,43.17987052098508,18.269794721407624
43.20814031570648,108,84,1,0.009000000000000001,0.0005439259731636496,131.49731913123333,679.4204354773333,1.4142135623730951,43.191278145618504,16.86217008797654
43.21814031570648,57,61,1,0.01171944796111385,0.01841533583348103,57.32897021747263,488.74091749550587,1.4142135623730951,43.1976808826664,20.459433040078203
43.22423351857399,36,81,0,0.009000000000000001,0.00347655751415036,36.48571325414461,654.9925396567486,1.0,43.20690214027487,17.331378299120235
43.23116192455216,59,63,1,0.009000000000000001,0.004359759799578383,59.825457720007044,507.08812636979343,1.4142135623730951,43.211015296986176,20.146627565982406
43.24116192455216,32,70,1,0.009000000000000001,0.0009292986813478144,32.96464500608262,562.7516690630678,1.4142135623730951,43.222110116145515,19.05180840664712
43.25116192455216,67,58,1,0.009000000000000001,0.0023268006833803492,67.0402450062535,471.9172354951554,1.4142135623730951,43.23023328330093,20.928641251221897
43.244233518573985,55,106,0,0.03590104768385534,0.03989005298206149,55.902080652040624,848.1181245730666,1.0,43.23081220870106,13.421309872922777
43.261161924552155,103,100,1,0.009000000000000001,0.00013926835229193565,103.82393308178511,804.0785245121064,1.4142135623730951,43.246802198256944,14.359726295210166
43.27116192455215,21,86,1,0.009000000000000001,0.0029073106007919225,20.930451682030757,692.7429691575178,1.4142135623730951,43.25461255993827,16.549364613880744
43.28116192455215,85,55,1,0.009000000000000001,0.005689366443490637,85.44692738129561,443.4697803461271,1.4142135623730951,43.259764075089784,21.397849462365592
43.29116192455215,52,91,1,0.009000000000000001,0.0037837588745047107,52.793646769948054,729.1418917130786,1.4142135623730951,43.27539457362351,15.76735092864125
43.30116192455215,28,50,1,0.009000000000000001,0.004593925647482087,28.76993701458965,406.034967650309,1.4142135623730951,43.27898206140454,22.179863147605083
43.308776855837586,25,62,0,0.009000000000000001,0.005786251185543275,25.039645408222036,499.7858079479694,1.0,43.28847382553455,20.303030303030305
43.311161924552145,70,86,1,0.009000000000000001,0.010976366962956762,70.64155081526536,694.7354015466234,1.4142135623730951,43.294612559938265,16.549364613880744
43.318776855837584,49,90,0,0.009000000000000001,0.0005777527167621935,49.88174249861753,721.6848625348803,1.0,43.302853102171895,15.923753665689148
43.32116192455214,62,85,1,0.009000000000000001,0.0095563964931136,62.431446797310045,686.700812948852,1.4142135623730951,43.304456157201216,16.705767350928642
43.33116192455214,47,64,1,0.02510305766309146,0.03944564956019755,47.67332874686545,518.6271818285686,1.4142135623730951,43.311171699723204,19.990224828934508
43.33877685583758,68,111,0,0.009000000000000001,0.008069629716751594,68.62886264442885,888.926846750891,1.0,43.326137559649894,12.639296187683286
43.34877685583758,43,60,0,0.009000000000000001,0.0033577443751600833,43.257205185382645,486.3786591405437,1.0,43.32816102006045,20.6158357771261
43.35905421084446,82,81,1,0.009000000000000001,0.0045700556473685155,82.86623254066058,652.2105198576065,1.4142135623730951,43.341722832545344,17.331378299120235
43.358776855837576,37,106,0,0.009000000000000001,0.0071551964307259835,37.1026931014899,855.417113494877,1.0,43.34535554596465,13.421309872922777
43.368776855837574,76,53,0,0.012898113775638636,0.014331237528487374,76.32920972216812,424.23211623791116,1.0,43.34706620090111,21.71065493646139
43.36905421084446,41,95,1,0.013008932516846115,0.02044156533035571,41.6796195188373,761.7903502199904,1.4142135623730951,43.35391247086401,15.141739980449657
43.38350858030762,60,68,1,0.01565289231621796,0.024596147337734495,60.136456752952256,544.7489325598598,1.4142135623730951,43.36414396642688,19.364613880742915
43.38310809336606,56,85,0,0.009000000000000001,0.0035410798038530097,56.690129958924466,682.9443025508795,1.0,43.366402326015134,16.705767350928642
43.39310809336606,57,90,0,0.01290530287030702,0.014339225411452244,57.56260311185876,724.5769824154363,1.0,43.37718433970037,15.923753665689148
43.407447318777514,48,89,0,0.016167085464478113,0.017963428293864568,48.42546695516361,719.0699512581347,1.0,43.39136716237478,16.080156402737046
43.412472680655895,55,93,1,0.009000000000000001,0.011180255383379042,55.70258937477249,745.7527729067972,1.4142135623730951,43.39701813520135,15.454545454545453
43.42247268065589,21,97,1,0.02051016866035672,0.03222862076226232,12.384079604473094,776.8330689547906,1.4142135623730951,43.40764374614954,14.82893450635386
43.43541074707138,39,79,0,0.03981555388931335,0.044239504321459275,39.3381232657594,637.5854330113141,1.0,43.417766563298166,17.64418377321603
43.44526175694518,58,74,1,0.009000000000000001,0.003728194574069016,58.90795547087313,594.265574003021,1.4142135623730951,43.426835559486726,18.426197458455523
43.45526175694518,43,63,1,0.019167124241148532,0.0301182300594693,43.99100458107151,507.3722512041787,1.4142135623730951,43.43511512937919,20.146627565982406
43.47655856165756,97,67,1,0.009000000000000001,0.006600112072854808,97.3512190923824,542.0520746137165,1.4142135623730951,43.457037545039775,19.521016617790814
43.47965025139284,59,69,0,0.009000000000000001,0.0057245993411642986,59.706537954721796,555.0170120062251,1.0,43.46044204024915,19.208211143695017
43.48655856165756,39,78,1,0.009000000000000001,0.002905396711486579,39.32728672921084,627.083735083882,1.4142135623730951,43.4687579751473,17.80058651026393
43.48965025139284,98,104,0,0.02256041359588349,0.02506712621764832,98.09586369864522,833.576075500561,1.0,43.47591613604582,13.734115347018573
43.49655856165756,80,111,1,0.009000000000000001,0.007312971946261341,80.28939319867374,891.0386893178154,1.4142135623730951,43.48391926546987,12.639296187683286
43.506558561657556,100,76,1,0.009000000000000001,0.007441327364525833,100.60403610059001,609.3794952413275,1.4142135623730951,43.4884451696732,18.113391984359726
43.51471737761049,62,97,0,0.015090571103713988,0.016767301226348875,62.06297731241317,781.6474559986408,1.0,43.49988844310413,14.82893450635386
43.52655856165755,31,56,1,0.009000000000000001,0.010902002459049844,31.391367792403546,451.91969305546377,1.4142135623730951,43.50531711493223,21.241446725317694
43.53148467883684,45,64,0,0.009000000000000001,0.0022014730444198044,45.90830018325111,514.3353756923017,1.0,43.5114944540079,19.990224828934508
43.53655856165755,60,56,1,0.009000000000000001,0.001978519239916988,60.38690153905571,450.51412324562926,1.4142135623730951,43.51531711493223,21.241446725317694
43.54148467883684,21,50,0,0.028907216378159198,0.032119129309065776,-2.8596529212801443,403.54826624744356,1.0,43.51930481568923,22.179863147605083
43.556558561657546,41,103,1,0.03022409289763482,0.047492580095843895,41.71100334269641,827.3087315759177,1.4142135623730951,43.54266804357348,13.890518084066471
43.573603808145904,29,72,0,0.023104721376913585,0.025671912641015093,29.02745454500903,579.9124503182833,1.0,43.554864805213356,18.73900293255132
43.59014088709936,34,80,1,0.009000000000000001,0.00393011424946304,34.130259332361916,645.9379797304118,1.4142135623730951,43.57265310606319,17.487781036168133
43.60014088709936,44,91,1,0.009000000000000001,0.0002970805563552112,44.62356015605758,735.6840044483979,1.4142135623730951,43.584373536170716,15.76735092864125
43.59927572078692,88,109,0,0.01050562699265778,0.011672918880730866,88.42034439281315,877.9900294130362,1.0,43.58632361912514,12.952101661779082
43.610140887099355,73,57,1,0.009000000000000001,0.011108555910740319,73.73101722260137,463.59059460844344,1.4142135623730951,43.58905584311108,21.085043988269796
43.610948639667654,84,74,0,0.010231347874736105,0.011368164305262338,84.8677742673241,599.8597754872138,1.0,43.5925224422092,18.426197458455523
43.62014088709935,74,60,1,0.009000000000000001,0.007626408137549604,74.30235232893999,485.07632057225845,1.4142135623730951,43.599525051322225,20.6158357771261
43.622316803972915,27,57,0,0.041481337233317414,0.046090374703686016,27.026661177874324,463.23212270178556,1.0,43.60123175998464,21.085043988269796
43.63014088709935,69,75,1,0.009000000000000001,0.00440993945683663,69.41353621330958,605.7054658802327,1.4142135623730951,43.611871092377946,18.269794721407624
43.64014088709935,21,57,1,0.028173761408376893,0.044270794985322576,20.369245833030405,463.18507097350255,1.4142135623730951,43.61905584311108,21.085043988269796
43.6684071786766,83,72,0,0.024957124942291728,0.027730138824768585,83.21455140148046,581.0908013970758,1.0,43.649668175744054,18.73900293255132
43.67144506644199,77,71,1,0.03472705979727166,0.05456830994071451,77.60035758453691,569.4849630864107,1.4142135623730951,43.652549660772394,18.89540566959922
43.69613731750137,26,87,0,0.014582594024917496,0.01620288224990833,26.129879875927216,700.8433043102325,1.0,43.679744355624536,16.392961876832846
43.712340199751274,56,75,0,0.009000000000000001,0.0009390350544978155,56.71687428582382,606.6712299355961,1.0,43.69407040502987,18.269794721407624
43.710030688438955,42,103,1,0.009000000000000001,0.002316185130670453,42.62620346029743,828.9445926231199,1.4142135623730951,43.69614017035489,13.890518084066471
43.72003068843895,79,79,1,0.009000000000000001,0.005541212578622023,79.12331599336957,635.8781546954372,1.4142135623730951,43.70238650466574,17.64418377321603
43.72234019975127,97,101,0,0.010678682138576407,0.011865202376196008,97.95052683885972,813.9624772726562,1.0,43.70813687619311,14.203323558162268
43.734205402127465,50,52,0,0.01991378652076266,0.02212642946751407,50.23995739495392,419.40647390590107,1.0,43.712338344453954,21.867057673509287
43.73003068843895,105,95,1,0.009000000000000001,0.010272313287836926,105.72055400485004,766.1189570461438,1.4142135623730951,43.7148889484585,15.141739980449657
43.74003068843895,77,53,1,0.009000000000000001,0.0013779948334637234,77.14873658525205,428.89409850993206,1.4142135623730951,43.718320033502486,21.71065493646139
43.75003068843895,67,94,1,0.009000000000000001,0.002273743128506279,67.28650251080927,758.3159683510157,1.4142135623730951,43.73473254572145,15.298142717497555
43.760030688438945,35,81,1,0.009000000000000001,0.008624640589917259,35.19034078650657,653.385020358894,1.4142135623730951,43.74269931013983,17.331378299120235
43.766331831594975,61,68,0,0.024955410762479636,0.02772823418053293,61.485794496719926,551.6040968798375,1.0,43.746967217714236,19.364613880742915
43.77003068843894,53,79,1,0.009000000000000001,0.0020294853585497248,53.40852363451589,638.3102281552702,1.4142135623730951,43.75238650466573,17.64418377321603
43.78003068843894,56,112,1,0.013768061012542252,0.02163442067946389,56.7648035497565,896.0079846984179,1.4142135623730951,43.7675477949883,12.482893450635387
43.79406006577551,30,51,0,0.009000000000000001,0.008417261779936274,30.739540133635323,415.5340651222282,1.0,43.77203660536495,22.023460410557185
43.79532853400843,21,102,1,0.011077452824177872,0.0174065378005561,19.296911798945786,820.6783856525992,1.4142135623730951,43.78128161318732,14.04692082111437
43.80406006577551,57,65,0,0.0396310449060175,0.044034494340019444,57.49828849204717,520.3562928317533,1.0,43.78422624368362,19.83382209188661
43.817636814924185,52,71,1,0.01784277194562914,0.02803721119537656,52.37303486610454,573.1330253939652,1.4142135623730951,43.79874140925459,18.89540566959922
43.837462117086,76,72,1,0.01014841908427045,0.01594670211735691,76.26849539618473,578.6209840850681,1.4142135623730951,43.81872311415345,18.73900293255132
43.84873813829074,99,71,1,0.009000000000000001,0.012907638168438993,99.51190098469095,571.1327963948731,1.4142135623730951,43.829842732621145,18.89540566959922
43.84809456011553,103,106,0,0.009000000000000001,0.004115544240287035,103.18202509646869,855.7884436315262,1.0,43.8346732502426,13.421309872922777
43.85873813829074,84,70,1,0.009000000000000001,0.0013140162569752118,84.23893192096995,564.5028648311164,1.4142135623730951,43.839686329884096,19.05180840664712
43.858094560115525,80,88,0,0.009000000000000001,0.0063610097192396435,80.61347511983695,710.753655569042,1.0,43.84185800097574,16.236559139784944
43.86873813829074,28,66,1,0.009000000000000001,0.007450248280060549,28.04116521092554,531.0564860083982,1.4142135623730951,43.849060718935895,19.67741935483871
43.86809456011552,70,97,0,0.009000000000000001,0.000593583117575159,70.59908756205398,783.3841781691679,1.0,43.85326562560917,14.82893450635386
43.87809456011552,49,73,0,0.009000000000000001,0.0064765824198319165,49.97745677347491,588.4053138871062,1.0,43.85951195992002,18.58260019550342
43.878738138290736,98,81,1,0.009000000000000001,0.0063020736395822535,98.34974064471379,655.7680971173959,1.4142135623730951,43.86140675999162,17.331378299120235
43.888738138290734,44,52,1,0.027441427903620398,0.04312004390242606,44.46294550444881,420.94019691938774,1.4142135623730951,43.86687108061722,21.867057673509287
43.88809456011552,43,100,0,0.01029528833182124,0.011439209257579155,43.96473767924135,802.9529212667206,1.0,43.87373483382031,14.359726295210166
43.8995337693731,41,61,0,0.009000000000000001,0.004920767887744883,41.24946000733455,495.7606610250741,1.0,43.87907433633302,20.459433040078203
43.9095337693731,50,54,0,0.009473093968484274,0.010525659964982526,50.802843912993225,439.26812139639935,1.0,43.88797951717368,21.55425219941349
43.9192286137392,78,53,1,0.009000000000000001,0.010489540986299253,78.48053969113698,424.5792618107138,1.4142135623730951,43.89751795880274,21.71065493646139
43.92005942933808,73,96,0,0.009000000000000001,0.006610278333978417,73.00170354278856,773.8259122824888,1.0,43.90507409209468,14.985337243401759
43.93005942933808,71,80,0,0.010800586151129459,0.012000651279032732,71.07419599100444,646.6707940261903,1.0,43.91257164830191,17.487781036168133
43.9292286137392,63,103,1,0.009000000000000001,0.012782129082939565,63.704261583416184,826.8149642639785,1.4142135623730951,43.91533809565513,13.890518084066471
43.939228613739196,65,91,1,0.009000000000000001,0.004154648285935857,65.52133467709203,728.598830820031,1.4142135623730951,43.923461262810555,15.76735092864125
43.949228613739194,62,52,1,0.009000000000000001,0.00867129754688343,62.96333554820496,422.440508236359,1.4142135623730951,43.927361556065684,21.867057673509287
43.94206008061711,91,111,0,0.009000000000000001,0.0006134094308395083,91.22259631276077,892.1609894070207,1.0,43.929420784429425,12.639296187683286
43.95206008061711,70,67,0,0.009000000000000001,0.007254995047954464,70.57247055314198,542.1441445477296,1.0,43.93253906399932,19.521016617790814
43.95922861373919,48,93,1,0.024124048360802862,0.03790728485687982,48.487038250612244,744.910535664381,1.4142135623730951,43.94377406828465,15.454545454545453
43.96206008061711,37,86,0,0.011898277259391068,0.013220308065990076,37.94474109468533,693.3839539222956,1.0,43.94551071600323,16.549364613880744
43.975280388683096,47,78,0,0.009000000000000001,0.008851545348224845,47.757102252506975,624.3162958088672,1.0,43.957479802172834,17.80058651026393
43.98603311191786,59,57,1,0.009000000000000001,0.009861988556735354,59.27393611858991,462.1726587212054,1.4142135623730951,43.96494806792959,21.085043988269796
43.985280388683094,77,91,0,0.010415576990348268,0.011572863322609187,77.50846442366885,731.8123603836498,1.0,43.96951303775445,15.76735092864125
43.99685325200571,99,59,0,0.020686678533752348,0.02298519837083594,99.36953474239296,475.3054765342596,1.0,43.97608101349153,20.772238514174
43.99603311191786,62,88,1,0.009000000000000001,0.0036171653959799184,62.839467554800066,711.0147396260046,1.4142135623730951,43.979796552778076,16.236559139784944
44.00603311191786,43,101,1,0.009000000000000001,0.010570473518476446,43.35501865290755,808.5510665013074,1.4142135623730951,43.991829788359695,14.203323558162268
44.01603311191786,42,85,1,0.01883743421129454,0.02960017215769296,42.770282570178914,682.7787416131935,1.4142135623730951,43.99932734456693,16.705767350928642
44.01983845037654,31,73,0,0.03642062634547884,0.0404673626060876,31.643444120048947,591.5294032105018,1.0,44.00125585018104,18.58260019550342
44.03696359437485,101,71,1,0.009996497742105287,0.015707980759019243,101.02097170447112,575.1183071635384,1.4142135623730951,44.01806818870526,18.89540566959922
44.048070814088305,69,50,1,0.0237703699044877,0.037351532779501956,69.39210194027093,402.1797899782902,1.4142135623730951,44.0258909509407,22.179863147605083
44.06030581298263,85,82,0,0.017652092100698725,0.019613435667443026,85.31466754263977,663.6275749753386,1.0,44.043130837420556,17.174975562072337
44.074482336204404,39,57,1,0.024682234887752546,0.03878439036437558,39.956217483299824,456.25206661904576,1.4142135623730951,44.05339729221613,21.085043988269796
44.07991924865007,59,80,0,0.03587505516356882,0.039861172403965354,59.13549514189344,641.8984482913982,1.0,44.062431467613905,17.487781036168133
44.10190704163524,32,63,1,0.009000000000000001,0.0014953863146209047,32.97326458131024,507.1500361614393,1.4142135623730951,44.08176041406926,20.146627565982406
44.11190704163524,24,77,1,0.009000000000000001,0.013196549408871586,24.30336199858217,621.4570490209818,1.4142135623730951,44.09395005238793,17.956989247311828
44.11978042105404,65,65,0,0.00910204456102521,0.010113382845583567,65.03797281560378,523.4827062335312,1.0,44.09994659896215,19.83382209188661
44.12190704163524,83,93,1,0.009000000000000001,0.0005215984572797006,83.88696958852876,744.8507674309343,1.4142135623730951,44.106452496180694,15.454545454545453
44.13190704163524,46,93,1,0.012319177586994868,0.019357720023123113,46.12271600109792,749.0584620417618,1.4142135623730951,44.11645249618069,15.454545454545453
44.12989380389962,53,106,0,0.031032685920612767,0.03448076213401419,53.67035909684765,855.4121101651981,1.0,44.116472494026695,13.421309872922777
44.155595016731894,48,80,1,0.03757134042422747,0.05903766576053222,48.02517303057797,646.9235073707807,1.4142135623730951,44.13810723569573,17.487781036168133
44.164374566033636,108,98,0,0.03874715222514724,0.043052391361274714,108.4338571852277,789.2579400308318,1.0,44.14970203426433,14.672531769305962
44.19734095053659,50,86,1,0.009000000000000001,0.00014621564781692694,50.03892958949676,689.2926742964748,1.4142135623730951,44.18079158592271,16.549364613880744
44.20742695739491,65,87,0,0.009000000000000001,0.002106434643612405,65.5328910678793,700.4785974987486,1.0,44.191033995518076,16.392961876832846
44.20734095053659,39,108,1,0.009000000000000001,0.0011709417795471501,39.84740015133006,871.6786493549408,1.4142135623730951,44.19423244613776,13.10850439882698
44.217426957394906,30,61,0,0.009000000000000001,0.000523498181592719,30.78047550633997,491.46146298104236,1.0,44.196967524354825,20.459433040078203
44.21734095053659,61,97,1,0.009000000000000001,0.006813930865853229,61.2567095328783,777.7186362577905,1.4142135623730951,44.202512016030234,14.82893450635386
44.227426957394904,59,77,0,0.009000000000000001,0.0068130778660879234,59.793955155369474,616.2185833582515,1.0,44.209469968147594,17.956989247311828
44.2374269573949,60,61,0,0.013175562001365543,0.014639513334850604,60.1671413626065,491.31256512655057,1.0,44.21696752435482,20.459433040078203
44.237340950536584,80,111,1,0.009699822164384543,0.01524180006386641,80.89078007379138,893.2070092414444,1.4142135623730951,44.2247016543489,12.639296187683286
44.24811853071923,108,98,1,0.012580148596417843,0.019767796401914412,110.04985493021158,788.4731941962606,1.4142135623730951,44.233445998949925,14.672531769305962
44.25206647072975,40,89,0,0.011518978407803384,0.012798864897559315,40.73260716122983,718.7023061305918,1.0,44.235986314327015,16.080156402737046
44.26486533562731,39,97,0,0.010982647149232532,0.012202941276925035,39.85105830958393,782.5532958165654,1.0,44.25003640112096,14.82893450635386
44.27706827690424,89,80,0,0.009000000000000001,0.008504779034514794,89.2072527043517,642.0922491612985,1.0,44.25958049586807,17.487781036168133
44.287068276904236,23,55,0,0.014099592776564734,0.015666214196183036,23.51361405852836,442.89714244974476,1.0,44.26567042744187,21.397849462365592
44.283939150325246,21,85,1,0.009000000000000001,0.008798967218595084,-5.423252402387419,685.4265127721563,1.4142135623730951,44.26723338297432,16.705767350928642
44.293939150325244,62,101,1,0.009000000000000001,0.011232148161798645,62.57965723995405,814.0216428871261,1.4142135623730951,44.27973582676708,14.203323558162268
44.30393915032524,49,87,1,0.009000000000000001,0.0025707340093636586,49.6603775426833,697.165866963298,1.4142135623730951,44.28754618844841,16.392961876832846
44.302734491100416,82,107,0,0.009000000000000001,0.0014300876269354571,82.75402529846616,861.6118734926142,1.0,44.28946958396454,13.264907135874878
44.31393915032524,58,64,1,0.009000000000000001,0.01350664993552227,58.65564787599189,513.7108643617646,1.4142135623730951,44.2939489254963,19.990224828934508
44.312734491100414,51,87,0,0.015779622276376387,0.01753291364041821,51.84371899573523,696.2414969507981,1.0,44.29634152922358,16.392961876832846
44.32393915032524,66,91,1,0.009000000000000001,0.0028189003438081756,66.07220368026701,733.8008567916175,1.4142135623730951,44.3081717993966,15.76735092864125
44.33026740474083,38,52,0,0.02437128946370393,0.02707921051522659,38.77217235214322,421.83046435650425,1.0,44.30840034706732,21.867057673509287
44.333939150325236,43,105,1,0.009000000000000001,0.014102808537663854,43.26519166872446,846.7672917492184,1.4142135623730951,44.32036143771526,13.577712609970675
44.343939150325234,65,69,1,0.009000000000000001,0.007396416243163403,65.83095245115243,556.684703215179,1.4142135623730951,44.32473093918154,19.208211143695017
44.357346615256056,25,54,0,0.009000000000000001,0.004050248092423917,25.35463117959059,433.4955471979238,1.0,44.33579236305664,21.55425219941349
44.35393915032523,84,108,1,0.009000000000000001,0.009308531694534182,84.08857706668806,864.630487598946,1.4142135623730951,44.3408306459264,13.10850439882698
44.367346615256054,76,65,0,0.009000000000000001,0.0004289451931742159,76.48500535686945,522.3725398184637,1.0,44.347512793164164,19.83382209188661
44.36393915032523,52,103,1,0.009000000000000001,0.005424304777907577,52.71639288343826,831.9679037299775,1.4142135623730951,44.35004863224116,13.890518084066471
44.37393915032523,21,101,1,0.014520094240244218,0.02281612689054315,20.886404034091306,812.047245242187,1.4142135623730951,44.359735826767064,14.203323558162268
44.37734661525605,98,107,0,0.02879175590527471,0.03199083989474968,98.87551762181573,859.1425176899788,1.0,44.364081708120175,13.264907135874878
44.39007258836995,73,85,1,0.009000000000000001,8.00762187557461e-05,73.35141628887581,682.409581443198,1.4142135623730951,44.37336682101902,16.705767350928642
44.400072588369945,86,103,1,0.009000000000000001,0.006214638740874477,86.84115077065393,825.742224656997,1.4142135623730951,44.38618207028588,13.890518084066471
44.4093374551508,45,61,0,0.009000000000000001,0.007864754906039545,45.16384410366565,495.63868551869854,1.0,44.38887802211072,20.459433040078203
44.41007258836994,27,103,1,0.009000000000000001,0.014093213491996655,27.155516574594806,826.5864893233613,1.4142135623730951,44.396182070285874,13.890518084066471
44.419337455150796,64,85,0,0.009827768048495998,0.010919742276106663,64.41118495184232,685.9487612294769,1.0,44.40263168779987,16.705767350928642
44.430257197426904,50,57,0,0.0321320063717525,0.035702229301947226,50.05464499283441,461.2407084251486,1.0,44.40917215343863,21.085043988269796
44.44007258836994,71,54,1,0.009000000000000001,0.013444175002364306,71.65718019249593,433.3751274253785,1.4142135623730951,44.41851833617052,21.55425219941349
44.450072588369935,98,87,1,0.009000000000000001,0.001857034948643318,98.60913319317348,698.2372887719762,1.4142135623730951,44.4336796264931,16.392961876832846
44.46007258836993,56,84,1,0.009000000000000001,0.0048233238571996,56.831907531497464,677.1612990418278,1.4142135623730951,44.44321041828196,16.86217008797654
44.46595942672885,54,80,0,0.010309236444091862,0.011454707160102068,54.47939261006387,640.9974588664336,1.0,44.448471645692685,17.487781036168133
44.47007258836993,41,95,1,0.009000000000000001,0.0059791148518349695,41.08274148680839,760.216851112889,1.4142135623730951,44.45493084838948,15.141739980449657
44.477414133888956,83,67,0,0.009000000000000001,0.001095992518385912,83.28242625630368,539.0718202244555,1.0,44.45789311727117,19.521016617790814
44.48007258836993,88,90,1,0.009853133728734548,0.015482705945613537,88.23577050324076,724.3475212665178,1.4142135623730951,44.46414883470424,15.923753665689148
44.487414133888954,57,78,0,0.009000000000000001,0.005884679474394555,57.96338292025554,630.434367634826,1.0,44.46961354737869,17.80058651026393
44.49741413388895,64,60,0,0.015020413958135196,0.01668934884237244,64.17122795705612,481.0916862039387,1.0,44.476798298111824,20.6158357771261
44.50178176215532,37,108,1,0.009000000000000001,0.000171825406656501,37.58029903081099,871.3048550793278,1.4142135623730951,44.48867325775649,13.10850439882698
44.511781762155316,95,86,1,0.01626308574037901,0.02555497380008943,95.54127097567996,693.8472347656561,1.4142135623730951,44.495232397541436,16.549364613880744
44.51410348273132,74,89,0,0.009000000000000001,0.009995895892409602,74.69376035776594,713.1296373312134,1.0,44.498023326328585,16.080156402737046
44.52410348273132,69,57,0,0.014928281024008882,0.016586978915565424,69.55427470447873,463.14173629228446,1.0,44.50301843874305,21.085043988269796
44.5298518574224,45,79,1,0.009000000000000001,0.004358934327149959,45.676099485222885,638.2839717900092,1.4142135623730951,44.512207673649186,17.64418377321603
44.54069046164688,68,66,0,0.039347651264207216,0.043719612515785794,68.4337600522148,532.4081608891594,1.0,44.52101304229204,19.67741935483871
44.5398518574224,33,82,1,0.009000000000000001,0.005266049717797276,33.41153233064374,657.4647476962414,1.4142135623730951,44.52267688186033,17.174975562072337
44.5498518574224,102,77,1,0.009000000000000001,0.002711509138954874,102.46409576161498,618.0241489862939,1.4142135623730951,44.53189486817509,17.956989247311828
44.559851857422395,64,71,1,0.009491966220155669,0.01491518595792381,64.78817583453332,570.2879687105593,1.4142135623730951,44.5409564517528,18.89540566959922
44.5703984865559,58,86,1,0.009000000000000001,0.005374980881190159,58.4375870698727,689.7681845749905,1.4142135623730951,44.55384912194202,16.549364613880744
44.5803984865559,108,72,1,0.009000000000000001,0.005066968931470425,125.35076850538327,583.4789159084976,1.4142135623730951,44.56165948362335,18.73900293255132
44.58441007416267,48,94,0,0.036611392099308755,0.040679324554787503,48.71828400987119,759.9797696847397,1.0,44.56911193144517,15.298142717497555
44.5903984865559,29,104,1,0.009000000000000001,0.0013144128572824083,29.807522129607904,835.7728403540632,1.4142135623730951,44.57666437120888,13.734115347018573
44.600398486555896,81,69,1,0.009000000000000001,0.009953600955415611,81.09931977694896,552.7882296639128,1.4142135623730951,44.581190275412204,19.208211143695017
44.610398486555894,86,57,1,0.009000000000000001,0.01093593523925933,86.31702710340514,457.2664341631741,1.4142135623730951,44.58931344256762,21.085043988269796
44.62039848655589,21,76,1,0.05542356728582781,0.0870897339230172,11.687984824567664,612.7779388483588,1.4142135623730951,44.602285094571535,18.113391984359726
44.625089398717456,52,88,0,0.01892250133174108,0.02102500147971231,52.886029352285874,708.9065972946432,1.0,44.60885283957767,16.236559139784944
44.64611440019717,24,56,0,0.019839077188028794,0.022043419097809772,24.912149284154935,451.97968795619477,1.0,44.62487295347185,21.241446725317694
44.68198022798459,38,102,1,0.009000000000000001,0.006420967822790549,38.307466993143926,816.6371525143788,1.4142135623730951,44.66793330716347,14.04692082111437
44.69198022798459,93,94,1,0.009000000000000001,0.009084483875468967,93.50451276915557,759.7792066327174,1.4142135623730951,44.67668208526709,15.298142717497555
44.701980227984585,71,63,1,0.009000000000000001,0.0017051452222445872,71.37701547629295,505.8583892309828,1.4142135623730951,44.6818336004186,20.146627565982406
44.71198022798458,76,69,1,0.009000000000000001,0.002354825704954962,76.70557000984918,558.1461743628122,1.4142135623730951,44.69277201684089,19.208211143695017
44.7173552575807,73,78,0,0.0098615263097657,0.010957251455295221,73.0289603544881,630.9032407810093,1.0,44.69955467107044,17.80058651026393
44.72198022798458,52,51,1,0.03563162880226045,0.05598970300177837,52.84486609761975,415.01011285866815,1.4142135623730951,44.69995676757402,22.023460410557185
44.728312509035995,98,75,0,0.009000000000000001,0.005662659883028379,98.37730837148852,605.4664524813791,1.0,44.71004271431459,18.269794721407624
44.753194672151636,21,65,0,0.016763627590576393,0.018626252878418213,19.638515152107985,520.8822537398407,1.0,44.733360850059746,19.83382209188661
44.77157092665376,92,84,1,0.029213087209944345,0.04590393792343477,92.07316328287651,673.5638212844503,1.4142135623730951,44.75470875656578,16.86217008797654
44.771820925030056,52,105,0,0.009000000000000001,0.009896095536251957,52.907945051205985,843.4157697344797,1.0,44.75824321242008,13.577712609970675
44.781820925030054,50,79,0,0.009000000000000001,0.007130612331476098,50.61784657140623,638.0283510755308,1.0,44.76417674125684,17.64418377321603
44.79182092503005,65,98,0,0.06466272288208334,0.0718474698689815,65.81119573617663,785.2189013961685,1.0,44.777148393260745,14.672531769305962
44.80402991244259,61,69,1,0.009000000000000001,0.0006246007704929572,61.682123405005605,557.504137594887,1.4142135623730951,44.784821701298895,19.208211143695017
44.814029912442585,42,62,1,0.009000000000000001,0.012854398593806729,42.83403554837782,500.5864835569504,1.4142135623730951,44.79372688213955,20.303030303030305
44.82402991244258,43,103,1,0.024413393272695413,0.03836194652199326,43.33975833875155,826.3330765508604,1.4142135623730951,44.810139394358515,13.890518084066471
44.8511559049678,62,79,1,0.014234305990539263,0.02236705398087691,62.42946546803747,632.1658723975764,1.4142135623730951,44.83351172119458,17.64418377321603
44.86366839489904,21,75,0,0.009000000000000001,0.0035458729513919056,21.911189723376204,604.7804636312546,1.0,44.84539860017763,18.269794721407624
44.873668394899035,60,98,0,0.020445881377276803,0.022717645974752003,60.20611532419638,785.6124076452018,1.0,44.85899586312973,14.672531769305962
44.87697180051284,48,82,1,0.009000000000000001,0.00046456865333468524,48.73444410154859,658.5751811419386,1.4142135623730951,44.85979682495077,17.174975562072337
44.88697180051284,96,96,1,0.009000000000000001,0.00693050536920939,96.7594191875769,770.3899335803362,1.4142135623730951,44.87198646326944,14.985337243401759
44.89697180051284,78,62,1,0.014637210451862375,0.023000157262592212,78.89455171202843,502.2521693463979,1.4142135623730951,44.876668770209804,20.303030303030305
44.896386040873786,63,73,0,0.009000000000000001,0.0038835114090108994,63.92236225409117,589.9621454810073,1.0,44.877803440678285,18.58260019550342
44.906386040873784,77,87,0,0.009409849035230337,0.010455387816922597,77.89073476936639,702.5356267188719,1.0,44.88999307899695,16.392961876832846
44.91323536768157,82,79,1,0.009000000000000001,0.0061866656324101104,82.34678180138243,634.9227174918375,1.4142135623730951,44.89559118390836,17.64418377321603
44.91684142869071,90,61,0,0.011079879188674476,0.012310976876304973,90.81698416407087,488.20595521394307,1.0,44.89638199565063,20.459433040078203
44.92323536768157,41,58,1,0.009000000000000001,0.006024927552951376,41.33920502508347,469.1160433926686,1.4142135623730951,44.902306726430346,20.928641251221897
44.92915240556702,21,83,0,0.022615461386714875,0.025128290429683193,-24.93258540167423,670.8801599705077,1.0,44.91213383274199,17.01857282502444
44.93323536768157,87,111,1,0.009000000000000001,0.007638414819193203,87.87861152777131,889.9572163911902,1.4142135623730951,44.92059607149388,12.639296187683286
44.94323536768157,31,54,1,0.009000000000000001,0.0038404530579637425,31.475149104933585,435.5122838246633,1.4142135623730951,44.92168111548215,21.55425219941349
44.9542806959967,56,58,0,0.009000000000000001,0.0021075608795360036,56.425264922406704,467.758436780377,1.0,44.93335205474548,20.928641251221897
44.953235367681565,107,93,1,0.009000000000000001,0.010037845186040494,107.73168129081107,751.0821643241562,1.4142135623730951,44.93778082222702,15.454545454545453
44.96323536768156,50,55,1,0.009000000000000001,0.010799144305347121,50.64766458481067,443.12458565198244,1.4142135623730951,44.941837518219195,21.397849462365592
44.9642806959967,72,57,0,0.009863648231277472,0.010959609145863858,72.20778730271618,456.3046146746103,1.0,44.94319565200843,21.085043988269796
44.97323536768156,76,73,1,0.026325312296318886,0.041366237425734864,76.48825702675671,589.0981747641094,1.4142135623730951,44.95465276748606,18.58260019550342
44.97524030514256,46,75,0,0.03669178400810539,0.040768648897894874,46.16155735816869,603.3182634424852,1.0,44.95697051042116,18.269794721407624
45.00248571467747,44,94,1,0.009000000000000001,0.012884681561330748,44.67810195193106,758.0822690888056,1.4142135623730951,44.98718757195997,15.298142717497555
45.01248571467747,85,68,1,0.009000000000000001,0.002182651631473894,85.46607907581273,545.6468736027526,1.4142135623730951,44.99312110079673,19.364613880742915
45.01600895404046,42,99,0,0.009000000000000001,0.007247292784421823,42.28899464819962,797.3314461989445,1.0,45.0014928250082,14.516129032258064
45.022485714677465,46,94,1,0.009000000000000001,0.002344731450526835,46.38326866542945,758.7017777026051,1.4142135623730951,45.00718757195997,15.298142717497555
45.026008954040456,47,81,0,0.009000000000000001,0.009140828887503352,47.14663008722893,654.556692593761,1.0,45.00867757574134,17.331378299120235
45.03248571467746,75,82,1,0.027396401681762262,0.04304929202063251,75.28008368869996,663.8861045344386,1.4142135623730951,45.01531073911539,17.174975562072337
45.036008954040454,41,88,0,0.009000000000000001,0.0023929202322046086,41.82166140593305,705.827837823007,1.0,45.01977239490067,16.236559139784944
45.04600895404045,66,107,0,0.011260737063220871,0.012511930070245411,66.84958504132048,856.1272805505778,1.0,45.032744046904575,13.264907135874878
45.0585208841107,63,65,0,0.03942232940354368,0.043802588226159636,63.35984982327443,522.3577985118504,1.0,45.03868706201881,19.83382209188661
45.062926160990536,21,79,1,0.009000000000000001,0.01164888379423554,12.450153106709266,637.8275154624586,1.4142135623730951,45.04528197721732,17.64418377321603
45.072926160990534,49,111,1,0.009000000000000001,0.013850014656025518,49.35816784275484,892.9957860853297,1.4142135623730951,45.06028686480285,12.639296187683286
45.08292616099053,108,105,1,0.026507463121766252,0.04165245983434055,110.10590366100347,847.533361468107,1.4142135623730951,45.06934844838056,13.577712609970675
45.102323472336856,75,110,0,0.009000000000000001,0.002115943363156041,75.10020218521687,886.0267373117441,1.0,45.08952777341212,12.795698924731184
45.112323472336854,52,56,0,0.02647758598888377,0.029419539987648635,52.442992030486096,455.0088605637718,1.0,45.091082025611534,21.241446725317694
45.122378897792494,97,109,1,0.009000000000000001,0.008062320467457067,97.79876878338334,875.2960065379691,1.4142135623730951,45.10942679613071,12.952101661779082
45.13237889779249,78,96,1,0.009000000000000001,0.004207941188371831,78.21122241541846,773.0654891193211,1.4142135623730951,45.11739356054909,14.985337243401759
45.141743012324504,56,77,0,0.03976521637666503,0.04418357375185003,56.10522126798206,621.1968703740968,1.0,45.123786023077194,17.956989247311828
45.14237889779249,81,84,1,0.009000000000000001,0.011035046370783995,81.04049942100238,676.1111400869233,1.4142135623730951,45.125516727704515,16.86217008797654
45.15237889779249,42,70,1,0.01032563447621911,0.016225169240418082,42.394964085663645,561.4505342889505,1.4142135623730951,45.133327089385844,19.05180840664712
45.163851824988285,26,62,1,0.009000000000000001,0.009845690710514858,26.938166878448,499.18626992385066,1.4142135623730951,45.14354879468525,20.303030303030305
45.17385182498828,100,81,1,0.031126956227442805,0.04891129294693698,100.8032378495985,655.7337700213087,1.4142135623730951,45.156520446689164,17.331378299120235
45.185926586076356,59,83,0,0.009000000000000001,0.00070746172595051,59.39166540598981,671.9389605805588,1.0,45.16890801325133,17.01857282502444
45.195926586076354,108,104,0,0.009000000000000001,0.006199904593390877,116.44252413532931,834.4005479089101,1.0,45.18219247072933,13.734115347018573
45.20592658607635,46,77,0,0.014639646132240176,0.016266273480266862,46.7509532360864,617.0244342390904,1.0,45.18796959682904,17.956989247311828
45.20843733190766,21,75,1,0.01263844147762515,0.019859394827684607,17.51413977658833,603.5821492335625,1.4142135623730951,45.190167537186255,18.269794721407624
45.22248004466058,33,84,1,0.009000000000000001,0.007894080713173856,33.91259391238546,672.0900579709768,1.4142135623730951,45.2056178745726,16.86217008797654
45.242480044660574,59,57,1,0.009000000000000001,0.0027787578380114955,59.790360578457616,463.06789314788256,1.4142135623730951,45.2213950006723,21.085043988269796
45.247867232732794,66,103,0,0.014907622581228856,0.016564025090254283,66.4135668203703,831.3853887296127,1.0,45.233976714648726,13.890518084066471
45.25248004466057,99,75,1,0.025752934093254052,0.04046683185064483,99.34329320085831,600.8968351666819,1.4142135623730951,45.23421024993917,18.269794721407624
45.26443125782305,68,107,0,0.009000000000000001,0.0026672236854139077,68.68228781049241,857.1702213332417,1.0,45.25116635068717,13.264907135874878
45.274431257823046,67,106,0,0.009000000000000001,0.004624090969804906,67.67543304575803,851.9765325949446,1.0,45.26100994795012,13.421309872922777
45.284431257823044,44,52,0,0.009000000000000001,0.005799563931000059,44.941371948563976,421.9405441843718,1.0,45.262564200149534,21.867057673509287
45.2810944158753,85,89,1,0.02287862269941407,0.0359502872332537,85.88925721927237,718.9652447898327,1.4142135623730951,45.265014259472565,16.080156402737046
45.29443125782304,61,77,0,0.017203042811691938,0.019114492012991043,61.7533966115895,622.2399889888956,1.0,45.27647426857573,17.956989247311828
45.31354574983603,73,50,0,0.009000000000000001,0.004441609485476907,73.61972930711948,400.2007720126699,1.0,45.291365886688425,22.179863147605083
45.30651510776354,69,101,1,0.013995049115943993,0.021991098073161765,69.69397395157726,810.2306450791575,1.4142135623730951,45.292311784205374,14.203323558162268
45.322065162336806,57,60,1,0.01836444155174558,0.028856935897651786,57.23017588320515,486.09713371287717,1.4142135623730951,45.30144932655968,20.6158357771261
45.32354574983603,35,54,0,0.022131039964813266,0.024590044405348073,35.190363199006356,439.6248030649644,1.0,45.301991497636614,21.55425219941349
45.3424700973943,36,103,1,0.009000000000000001,0.004740466184018336,36.07423295207063,827.7040810521439,1.4142135623730951,45.32857957931023,13.890518084066471
45.34813579424138,52,72,0,0.009000000000000001,0.0031884263273933068,52.317588567597994,577.4975579069709,1.0,45.32939679130883,18.73900293255132
45.352470097394296,37,54,1,0.009000000000000001,0.0004860627835920962,37.61128531695377,438.0499944903871,1.4142135623730951,45.33091584519488,21.55425219941349
45.35813579424138,21,110,0,0.009000000000000001,0.005800654965942677,2.2783308021549686,881.9580060365943,1.0,45.345340095316644,12.795698924731184
45.362470097394294,45,99,1,0.009000000000000001,0.004801320194190013,45.102390081538644,798.97159462665,1.4142135623730951,45.347953968362035,14.516129032258064
45.37247009739429,43,50,1,0.009000000000000001,0.012421677215917956,43.32524460635603,402.885330646484,1.4142135623730951,45.350290234246685,22.179863147605083
45.368135794241375,58,104,0,0.013851660238142407,0.015390733597936008,58.65466641743527,837.5043498719851,1.0,45.354401678894355,13.734115347018573
45.38352652783931,50,55,0,0.009000000000000001,0.005381360654986609,50.81775881070293,447.2781723871941,1.0,45.36212867837694,21.397849462365592
45.393526527839306,91,53,0,0.01917551857602412,0.02130613175113791,91.03918788579021,426.788279803704,1.0,45.37181587290284,21.71065493646139
45.39247009739429,54,95,1,0.011560020481199964,0.018164819717581937,54.64632451702302,760.4466095260489,1.4142135623730951,45.37732835741384,15.141739980449657
45.40531456459562,70,55,1,0.012444911599130486,0.01955529196224953,70.48158133355604,446.64369236098423,1.4142135623730951,45.38391671513325,21.397849462365592
45.414832659590445,106,88,0,0.009000000000000001,0.002271049531342907,106.79940098390641,711.2746981065569,1.0,45.39859610045066,16.236559139784944
45.42483265959044,108,67,0,0.009000000000000001,0.003494572342491693,134.15735058447325,541.7535951354697,1.0,45.405311642972656,19.521016617790814
45.41914224415021,69,109,1,0.01281432653891061,0.020135771537783186,69.62897192359189,879.9583448210456,1.4142135623730951,45.40619014248843,12.952101661779082
45.433380384749,75,77,1,0.010833736769631501,0.017023574967547726,75.19604647958525,621.468560867218,1.4142135623730951,45.41542339550169,17.956989247311828
45.43483265959044,66,102,0,0.04002373668411735,0.044470818537908165,66.72493298520466,821.2320534177876,1.0,45.420785738769325,14.04692082111437
45.445417870048594,62,79,1,0.009000000000000001,0.013717893080150293,62.406155689083825,638.169146747183,1.4142135623730951,45.42777368627538,17.64418377321603
45.45541787004859,60,92,1,0.025781393369903313,0.040511551289547844,60.05151077103701,743.4762206927192,1.4142135623730951,45.439806921857,15.610948191593351
45.47930347812835,30,111,0,0.01729996138759799,0.019222179319553324,30.125595019939617,889.1327317647371,1.0,45.466664181940665,12.639296187683286
45.484063862681815,40,86,1,0.014984913241316272,0.02354651948539294,40.4981812245406,691.5093237220682,1.4142135623730951,45.467514498067935,16.549364613880744
45.49852565744791,59,80,0,0.009000000000000001,0.0025888996624559343,59.36439292106811,643.733917731987,1.0,45.48103787641174,17.487781036168133
45.500713766283276,52,70,1,0.02287200215406838,0.035939884049900166,52.2025244486346,564.7083286872214,1.4142135623730951,45.48166195787663,19.05180840664712
45.508525657447905,38,76,0,0.009000000000000001,0.006791206120573724,38.33547374827025,615.1582140211955,1.0,45.49041226546355,18.113391984359726
45.5185256574479,68,105,0,0.009000000000000001,0.004817652833527793,68.14026189925163,843.875762335844,1.0,45.50494794483793,13.577712609970675
45.5285256574479,83,51,0,0.009000000000000001,0.0006214844628634008,83.1970620124947,415.6067801693738,1.0,45.50650219703734,22.023460410557185
45.526127102010015,58,106,1,0.009000000000000001,0.011546154584713947,58.40252283493304,855.3974652549743,1.4142135623730951,45.51270579213709,13.421309872922777
45.53612710201001,80,66,1,0.017892995567313153,0.028116130003084373,80.95038882181099,533.188820715012,1.4142135623730951,45.51644968265517,19.67741935483871
45.5385256574479,43,82,0,0.0459969537761593,0.051107726417954774,43.768004365337994,663.2974712948946,1.0,45.52135068188583,17.174975562072337
45.55600820819592,108,107,1,0.02192827672267231,0.03445696260074826,118.2286275523936,863.6832047307767,1.4142135623730951,45.54274330106004,13.264907135874878
45.58037296011,53,96,1,0.009000000000000001,0.007727812803802089,53.80107208043716,768.4084159148501,1.4142135623730951,45.565387622866595,14.985337243401759
45.590372960109995,80,57,1,0.009000000000000001,0.009692299933276511,80.84820651214025,461.2915782535915,1.4142135623730951,45.56928791612172,21.085043988269796
45.58963338386585,45,111,0,0.009000000000000001,0.005420597149608112,45.923304165776734,894.6747570210196,1.0,45.576994087678166,12.639296187683286
45.60037296010999,100,72,1,0.0251075035412679,0.039452635583768415,100.4783072645325,583.5869072156461,1.4142135623730951,45.581633957177445,18.73900293255132
45.59963338386585,55,90,0,0.009000000000000001,0.0006012706387073371,55.538749534250485,727.4535615739295,1.0,45.58370963020016,15.923753665689148
45.60963338386585,22,93,0,0.009000000000000001,0.008770740808929188,22.60625433951568,751.4332220250507,1.0,45.5941788384113,15.454545454545453
45.619633383865846,108,62,0,0.009000000000000001,0.0010565016426979724,128.00389468546254,496.8945650116774,1.0,45.59933035356281,20.303030303030305
45.62827018626696,52,56,1,0.009000000000000001,0.0002859209733314429,52.075927969417414,450.26517934591794,1.4142135623730951,45.60702873954164,21.241446725317694
45.629633383865844,41,85,0,0.009000000000000001,0.0036227601824573275,41.1640823176168,686.7458819454883,1.0,45.61292761651492,16.705767350928642
45.63827018626696,33,93,1,0.009000000000000001,0.01028421871404063,33.90574357741555,747.7442295888252,1.4142135623730951,45.62281564081241,15.454545454545453
45.63963338386584,74,103,0,0.009000000000000001,0.0036357331321496063,74.43019108904726,830.8124750419893,1.0,45.625742865781774,13.890518084066471
45.64963338386584,21,64,0,0.038481950914216655,0.042757723238018505,7.572174358756584,517.0288875087496,1.0,45.6296431590369,19.990224828934508
45.648270186266956,89,93,1,0.011449737163449115,0.017991526202396656,89.99418171715094,751.9679536639154,1.4142135623730951,45.63281564081241,15.454545454545453
45.66099211644857,59,78,1,0.009000000000000001,0.010174524466541551,59.46074455981039,625.1325967483191,1.4142135623730951,45.643191529938306,17.80058651026393
45.670992116448566,80,69,1,0.009000000000000001,0.003335548116639649,80.70902817359378,553.8275436781682,1.4142135623730951,45.651783905304875,19.208211143695017
45.680992116448564,28,69,1,0.009000000000000001,0.0006488507864706302,28.18802476810354,552.0776272427325,1.4142135623730951,45.66178390530487,19.208211143695017
45.69099211644856,76,70,1,0.014063306887162189,0.022098354812933024,76.89314226778218,563.6105915807269,1.4142135623730951,45.67194030804192,19.05180840664712
45.69239110710386,66,66,0,0.009000000000000001,0.0007659419436255569,66.56469050740233,534.2500380987477,1.0,45.67271368774902,19.67741935483871
45.70661801298986,71,58,1,0.009000000000000001,0.0041599553921141275,71.89196805936434,464.85312899501344,1.4142135623730951,45.68568937173863,20.928641251221897
45.716618012989855,45,81,1,0.009000000000000001,0.009070281245243068,45.68151948219949,653.4650580385971,1.4142135623730951,45.699286634690736,17.331378299120235
45.71832107982099,61,80,0,0.015980269720837288,0.017755855245374763,61.23324985498372,644.6613737375607,1.0,45.70083329878482,17.487781036168133
45.72661801298985,87,52,1,0.011100007393184499,0.017441978886536827,87.59316790143913,422.3757169631191,1.4142135623730951,45.70475095531634,21.867057673509287
45.736076935066365,52,79,0,0.00970138810517427,0.0107793201168603,52.09190878473298,635.3924985063536,1.0,45.71843275129315,17.64418377321603
45.74895135453784,35,82,1,0.009000000000000001,0.002367658217472128,35.812744041635895,660.9422309637391,1.4142135623730951,45.731776378975766,17.174975562072337
45.746856255183225,21,108,0,0.016555905243169865,0.01839545027018874,19.234326945049602,870.319999593057,1.0,45.733747750784396,13.10850439882698
45.758951354537835,33,73,1,0.010402832784336532,0.016346474678564656,33.19521667360932,590.550256805907,1.4142135623730951,45.740368754342335,18.58260019550342
45.765251705453416,59,84,0,0.009000000000000001,0.005991975910071939,59.8846755281451,672.2306660745843,1.0,45.74838953536544,16.86217008797654
45.77051005763154,29,83,1,0.01213361177851348,0.019066131486381883,29.96151378084614,670.5940279285121,1.4142135623730951,45.75349148480652,17.01857282502444
45.775251705453414,45,97,0,0.009000000000000001,0.0027667873045816994,45.749722646367964,780.2323031380333,1.0,45.76042277094706,14.82893450635386
45.783991848496555,36,54,1,0.009000000000000001,0.0003600318052267977,36.533322936987574,439.8945618170002,1.4142135623730951,45.76243759629714,21.55425219941349
45.78525170545341,69,78,0,0.05663236644375955,0.06292485160417728,69.09200718454748,626.9232819034557,1.0,45.76745111894315,17.80058651026393
45.79399184849655,62,55,1,0.009000000000000001,0.008118487530188338,62.105160223626335,444.06328475027885,1.4142135623730951,45.772593999034186,21.397849462365592
45.80399184849655,64,95,1,0.017878305917768036,0.02809304744573636,64.20926698895873,766.1503853040905,1.4142135623730951,45.7888501085161,15.141739980449657
45.823856632849626,51,63,1,0.009011736135351712,0.014160577181268993,51.266549051785844,510.7505254269264,1.4142135623730951,45.80371000528364,20.146627565982406
45.83386967300002,89,84,1,0.009000000000000001,0.010762317041687298,89.17153424723116,674.4208777967369,1.4142135623730951,45.81700750291204,16.86217008797654
45.843869673000015,74,106,1,0.009000000000000001,0.011593456056953989,74.85831547323723,851.1228115481157,1.4142135623730951,45.83044836312709,13.421309872922777
45.84817655705759,76,103,0,0.010501081932622426,0.011667868814024918,76.6890536736415,824.8000874912291,1.0,45.834286038973524,13.890518084066471
45.85386967300001,62,100,1,0.01990514337591448,0.03127791524799915,62.15483914605916,800.7084054543136,1.4142135623730951,45.8395099467048,14.359726295210166
45.859844425871614,57,86,0,0.009000000000000001,0.009812790005804975,57.01146181346725,689.5649020175246,1.0,45.843295061257734,16.549364613880744
45.86984442587161,21,106,0,0.009000000000000001,0.0031437447015388296,3.8838611113615116,850.4538651334954,1.0,45.85642311599869,13.421309872922777
45.87598649897325,53,80,1,0.027418263897653217,0.04308364517865087,53.48627855605208,647.5279728272924,1.4142135623730951,45.85849871793708,17.487781036168133
45.87984442587161,41,87,0,0.015139325584470087,0.01682147287163343,41.25578535484358,702.0869690862959,1.0,45.86345146399478,16.392961876832846
45.896665898743244,66,54,0,0.009000000000000001,0.0019338844416165967,66.23719763806315,439.3488375976995,1.0,45.87511164654383,21.55425219941349
45.90666589874324,97,55,0,0.010115784781911276,0.011239760868790307,97.39640713830448,444.6110840286193,1.0,45.885268049280874,21.397849462365592
45.90645123663731,48,81,1,0.01789176205254091,0.02811419172161738,48.865248732374205,652.5828557613662,1.4142135623730951,45.88911985833819,17.331378299120235
45.92790565961203,104,70,0,0.058732217483682486,0.06525801942631387,104.02084886055059,562.709140341304,1.0,45.908853851205386,19.05180840664712
45.92633097225124,50,95,1,0.013158737297125167,0.02067696083255455,50.103679357838224,765.8880475188362,1.4142135623730951,45.91118923227079,15.141739980449657
45.94095179147027,45,71,1,0.009000000000000001,0.002700075789420002,45.568788851718416,575.6779673274634,1.4142135623730951,45.92205638580067,18.89540566959922
45.95095179147027,91,72,1,0.009000000000000001,0.004615542512459995,91.78758302018569,583.9235905714005,1.4142135623730951,45.93221278853772,18.73900293255132
45.960951791470265,37,56,1,0.009000000000000001,0.012154093622377132,37.09081654021253,449.9659385272048,1.4142135623730951,45.939710344744945,21.241446725317694
45.97095179147026,94,95,1,0.015606148735012355,0.02452269688607355,94.80208901221805,762.6948008309164,1.4142135623730951,45.95581005148981,15.141739980449657
45.98829195673139,29,105,1,0.009000000000000001,0.003529398196343681,29.514435863338885,842.3374924766749,1.4142135623730951,45.974714244121415,13.577712609970675
45.99316367903835,74,110,0,0.009000000000000001,0.0014929782739723178,74.36155218289005,887.9354313917684,1.0,45.98036798011361,12.795698924731184
46.0,43,80,0,0.03,0.1,56.3288907605307,640.0,3.0,45.982512218963834,17.487781036168133
46.0,77,80,1,0.022500000000000003,0.1,77.56507285258229,640.0,4.0,45.982512218963834,17.487781036168133
46.025,60,80,1,0.022500000000000003,0.1,61.81816932903098,640.0,4.0,46.00751221896383,17.487781036168133
46.03333333333333,38,80,0,0.03,0.1,50.276185372767316,640.0,3.0,46.015845552297165,17.487781036168133
46.05,50,80,1,0.022500000000000003,0.1,51.38681175027966,640.0,4.0,46.03251221896383,17.487781036168133
46.06666666666666,55,80,0,0.03,0.1,68.49467324202037,640.0,3.0,46.049178885630496,17.487781036168133
46.074999999999996,67,80,1,0.022500000000000003,0.1,68.48436599067689,640.0,4.0,46.05751221896383,17.487781036168133
46.099999999999994,60,80,0,0.03,0.1,73.56243932957949,640.0,3.0,46.08251221896383,17.487781036168133
46.099999999999994,71,80,1,0.022500000000000003,0.1,71.43281084425283,640.0,4.0,46.08251221896383,17.487781036168133
46.12499999999999,67,80,1,0.022500000000000003,0.1,68.21624477259057,640.0,4.0,46.10751221896383,17.487781036168133
46.133333333333326,40,80,0,0.03,0.1,52.892409639611785,640.0,3.0,46.11584555229716,17.487781036168133
46.14999999999999,45,80,1,0.022500000000000003,0.1,46.819888132696825,640.0,4.0,46.132512218963825,17.487781036168133
46.16666666666666,60,80,0,0.03,0.1,73.28656034964432,640.0,3.0,46.14917888563049,17.487781036168133
46.17499999999999,53,80,1,0.022500000000000003,0.1,53.804580817637316,640.0,4.0,46.157512218963824,17.487781036168133
46.19999999999999,57,80,0,0.03,0.1,69.78192900273734,640.0,3.0,46.18251221896382,17.487781036168133
46.19999999999999,59,80,1,0.022500000000000003,0.1,59.94786768484563,640.0,4.0,46.18251221896382,17.487781036168133
46.23333333333332,69,80,0,0.03,0.1,82.11793709288659,640.0,3.0,46.215845552297154,17.487781036168133
46.26666666666665,41,80,0,0.03,0.1,53.9923652297381,640.0,3.0,46.249178885630485,17.487781036168133
46.274999999999984,33,80,1,0.022500000000000003,0.1,34.20926422391541,640.0,4.0,46.25751221896382,17.487781036168133
46.29999999999998,31,80,0,0.03,0.1,43.540940578819644,640.0,3.0,46.28251221896382,17.487781036168133
46.29999999999998,64,80,1,0.022500000000000003,0.1,64.27938629828485,640.0,4.0,46.28251221896382,17.487781036168133
46.32499999999998,55,80,1,0.022500000000000003,0.1,56.28823866321101,640.0,4.0,46.307512218963815,17.487781036168133
46.333333333333314,41,80,0,0.03,0.1,53.52973113031025,640.0,3.0,46.31584555229715,17.487781036168133
46.34999999999998,48,80,1,0.022500000000000003,0.1,49.26719211028541,640.0,4.0,46.332512218963814,17.487781036168133
46.366666666666646,50,80,0,0.03,0.1,62.67332534443945,640.0,3.0,46.34917888563048,17.487781036168133
46.39999999999998,48,80,0,0.03,0.1,60.74512290668872,640.0,3.0,46.38251221896381,17.487781036168133
46.39999999999998,57,80,1,0.022500000000000003,0.1,57.253917894170065,640.0,4.0,46.38251221896381,17.487781036168133
46.424999999999976,21,80,1,0.022500000000000003,0.1,13.906110662918167,640.0,4.0,46.40751221896381,17.487781036168133
46.43333333333331,41,80,0,0.03,0.1,54.963994927685754,640.0,3.0,46.41584555229714,17.487781036168133
46.449999999999974,50,80,1,0.022500000000000003,0.1,51.02349349386816,640.0,4.0,46.43251221896381,17.487781036168133
46.46666666666664,23,80,0,0.03,0.1,35.56227252509129,640.0,3.0,46.449178885630474,17.487781036168133
46.47499999999997,48,80,1,0.022500000000000003,0.1,48.78957024452745,640.0,4.0,46.45751221896381,17.487781036168133
46.49999999999997,53,80,0,0.03,0.1,66.02218235045257,640.0,3.0,46.482512218963805,17.487781036168133
46.49999999999997,65,80,1,0.022500000000000003,0.1,66.8196250793296,640.0,4.0,46.482512218963805,17.487781036168133
46.52499999999997,48,80,1,0.022500000000000003,0.1,49.689258463865336,640.0,4.0,46.507512218963804,17.487781036168133
46.5333333333333,72,80,0,0.03,0.1,85.24600933225216,640.0,3.0,46.51584555229714,17.487781036168133
46.54999999999997,57,80,1,0.022500000000000003,0.1,57.24654335781773,640.0,4.0,46.5325122189638,17.487781036168133
46.566666666666634,53,80,0,0.03,0.1,65.94241584797444,640.0,3.0,46.54917888563047,17.487781036168133
46.57499999999997,79,80,1,0.022500000000000003,0.1,79.74114083406467,640.0,4.0,46.5575122189638,17.487781036168133
46.599999999999966,55,80,0,0.03,0.1,67.79693464388498,640.0,3.0,46.5825122189638,17.487781036168133
46.599999999999966,72,80,1,0.022500000000000003,0.1,72.72769945363743,640.0,4.0,46.5825122189638,17.487781036168133
46.624999999999964,71,80,1,0.022500000000000003,0.1,71.5490739192762,640.0,4.0,46.6075122189638,17.487781036168133
46.64999999999996,53,80,1,0.022500000000000003,0.1,53.6016328907411,640.0,4.0,46.6325122189638,17.487781036168133
46.67499999999996,65,80,1,0.022500000000000003,0.1,66.95081317490755,640.0,4.0,46.657512218963795,17.487781036168133
46.69999999999996,59,80,0,0.03,0.1,71.92532437591161,640.0,3.0,46.682512218963794,17.487781036168133
46.69999999999996,57,80,1,0.022500000000000003,0.1,57.006108154193996,640.0,4.0,46.682512218963794,17.487781036168133
46.73333333333329,53,80,0,0.03,0.1,65.06078311917652,640.0,3.0,46.715845552297125,17.487781036168133
46.74999999999996,65,80,1,0.022500000000000003,0.1,65.24397239995584,640.0,4.0,46.73251221896379,17.487781036168133
46.76666666666662,43,80,0,0.03,0.1,55.99773222843807,640.0,3.0,46.74917888563046,17.487781036168133
46.774999999999956,52,80,1,0.022500000000000003,0.1,52.35848206821206,640.0,4.0,46.75751221896379,17.487781036168133
46.799999999999955,36,80,0,0.03,0.1,49.81134195188795,640.0,3.0,46.78251221896379,17.487781036168133
46.799999999999955,79,80,1,0.022500000000000003,0.1,79.110439736873,640.0,4.0,46.78251221896379,17.487781036168133
46.82499999999995,57,80,1,0.022500000000000003,0.1,57.950334213146405,640.0,4.0,46.80751221896379,17.487781036168133
46.833333333333286,43,80,0,0.03,0.1,56.813137212407355,640.0,3.0,46.81584555229712,17.487781036168133
46.84999999999995,67,80,1,0.022500000000000003,0.1,67.91501524812371,640.0,4.0,46.832512218963785,17.487781036168133
46.86666666666662,52,80,0,0.03,0.1,64.02085755456852,640.0,3.0,46.84917888563045,17.487781036168133
46.87499999999995,77,80,1,0.022500000000000003,0.1,78.63168613449342,640.0,4.0,46.857512218963784,17.487781036168133
46.89999999999995,43,80,0,0.03,0.1,55.95413809762594,640.0,3.0,46.88251221896378,17.487781036168133
46.89999999999995,72,80,1,0.022500000000000003,0.1,73.20516831456224,640.0,4.0,46.88251221896378,17.487781036168133
46.92499999999995,41,80,1,0.022500000000000003,0.1,41.965835485561286,640.0,4.0,46.90751221896378,17.487781036168133
46.93333333333328,52,80,0,0.03,0.1,64.02353514408232,640.0,3.0,46.915845552297114,17.487781036168133
46.949999999999946,65,80,1,0.022500000000000003,0.1,65.69466745612652,640.0,4.0,46.93251221896378,17.487781036168133
46.96666666666661,53,80,0,0.03,0.1,65.62112171136535,640.0,3.0,46.949178885630445,17.487781036168133
46.974999999999945,69,80,1,0.022500000000000003,0.1,70.88920824909628,640.0,4.0,46.95751221896378,17.487781036168133
46.99999999999994,57,80,0,0.03,0.1,70.66469672025832,640.0,3.0,46.98251221896378,17.487781036168133
46.99999999999994,71,80,1,0.022500000000000003,0.1,71.41584668365758,640.0,4.0,46.98251221896378,17.487781036168133
47.02499999999994,45,80,1,0.022500000000000003,0.1,45.749826123332724,640.0,4.0,47.007512218963775,17.487781036168133
47.033333333333275,64,80,0,0.03,0.1,76.41977560113895,640.0,3.0,47.01584555229711,17.487781036168133
47.04999999999994,50,80,1,0.022500000000000003,0.1,51.589948966178255,640.0,4.0,47.032512218963774,17.487781036168133
47.066666666666606,48,80,0,0.03,0.1,60.99849495652938,640.0,3.0,47.04917888563044,17.487781036168133
47.07499999999994,72,80,1,0.022500000000000003,0.1,72.73034541749276,640.0,4.0,47.05751221896377,17.487781036168133
47.09999999999994,31,80,0,0.03,0.1,43.26045996610994,640.0,3.0,47.08251221896377,17.487781036168133
47.09999999999994,50,80,1,0.022500000000000003,0.1,50.24946725526213,640.0,4.0,47.08251221896377,17.487781036168133
47.124999999999936,55,80,1,0.022500000000000003,0.1,56.16389047469678,640.0,4.0,47.10751221896377,17.487781036168133
47.13333333333327,43,80,0,0.03,0.1,55.58266756071437,640.0,3.0,47.1158455522971,17.487781036168133
47.149999999999935,79,80,1,0.022500000000000003,0.1,80.17121036162521,640.0,4.0,47.13251221896377,17.487781036168133
47.1666666666666,48,80,0,0.03,0.1,60.56400086280447,640.0,3.0,47.149178885630434,17.487781036168133
47.17499999999993,59,80,1,0.022500000000000003,0.1,59.38816959507469,640.0,4.0,47.15751221896377,17.487781036168133
47.19999999999993,24,80,0,0.03,0.1,36.502159920933245,640.0,3.0,47.182512218963765,17.487781036168133
47.19999999999993,50,80,1,0.022500000000000003,0.1,50.697291035726806,640.0,4.0,47.182512218963765,17.487781036168133
47.22499999999993,48,80,1,0.022500000000000003,0.1,48.76649783215481,640.0,4.0,47.207512218963764,17.487781036168133
47.23333333333326,65,80,0,0.03,0.1,77.77490585731178,640.0,3.0,47.2158455522971,17.487781036168133
47.24999999999993,64,80,1,0.022500000000000003,0.1,64.25880741869041,640.0,4.0,47.23251221896376,17.487781036168133
47.27499999999993,41,80,1,0.022500000000000003,0.1,42.935705491491724,640.0,4.0,47.25751221896376,17.487781036168133
47.299999999999926,52,80,0,0.03,0.1,64.88131628262765,640.0,3.0,47.28251221896376,17.487781036168133
47.299999999999926,55,80,1,0.022500000000000003,0.1,56.83409966212585,640.0,4.0,47.28251221896376,17.487781036168133
47.324999999999925,64,80,1,0.022500000000000003,0.1,64.26535084787228,640.0,4.0,47.30751221896376,17.487781036168133
47.33333333333326,65,80,0,0.03,0.1,77.4787387203362,640.0,3.0,47.31584555229709,17.487781036168133
47.34999999999992,76,80,1,0.022500000000000003,0.1,76.62911770301014,640.0,4.0,47.33251221896376,17.487781036168133
47.36666666666659,38,80,0,0.03,0.1,51.93417177417796,640.0,3.0,47.34917888563042,17.487781036168133
47.37499999999992,67,80,1,0.022500000000000003,0.1,68.54461542873594,640.0,4.0,47.357512218963755,17.487781036168133
47.39999999999992,55,80,0,0.03,0.1,67.34773671531559,640.0,3.0,47.382512218963754,17.487781036168133
47.39999999999992,50,80,1,0.022500000000000003,0.1,50.85996648982811,640.0,4.0,47.382512218963754,17.487781036168133
47.42499999999992,74,80,1,0.022500000000000003,0.1,75.08376726481562,640.0,4.0,47.40751221896375,17.487781036168133
47.43333333333325,45,80,0,0.03,0.1,58.59373922429522,640.0,3.0,47.415845552297085,17.487781036168133
47.44999999999992,55,80,1,0.022500000000000003,0.1,56.16620751939229,640.0,4.0,47.43251221896375,17.487781036168133
47.474999999999916,43,80,1,0.022500000000000003,0.1,44.18300131776756,640.0,4.0,47.45751221896375,17.487781036168133
47.499999999999915,38,80,0,0.03,0.1,50.11593743610395,640.0,3.0,47.48251221896375,17.487781036168133
47.499999999999915,57,80,1,0.022500000000000003,0.1,57.797870601401954,640.0,4.0,47.48251221896375,17.487781036168133
47.52499999999991,77,80,1,0.022500000000000003,0.1,78.40856577466499,640.0,4.0,47.50751221896375,17.487781036168133
47.533333333333246,69,80,0,0.03,0.1,81.31972113518755,640.0,3.0,47.51584555229708,17.487781036168133
47.54999999999991,62,80,1,0.022500000000000003,0.1,62.115072640831045,640.0,4.0,47.532512218963745,17.487781036168133
47.56666666666658,43,80,0,0.03,0.1,55.19359948703269,640.0,3.0,47.54917888563041,17.487781036168133
47.57499999999991,60,80,1,0.022500000000000003,0.1,60.160279863421266,640.0,4.0,47.557512218963744,17.487781036168133
47.59999999999991,55,80,0,0.03,0.1,68.95314236026499,640.0,3.0,47.58251221896374,17.487781036168133
47.59999999999991,79,80,1,0.022500000000000003,0.1,80.95630905219653,640.0,4.0,47.58251221896374,17.487781036168133
47.62499999999991,41,80,1,0.022500000000000003,0.1,41.67865795770334,640.0,4.0,47.60751221896374,17.487781036168133
47.63333333333324,23,80,0,0.03,0.1,35.999905440359214,640.0,3.0,47.615845552297074,17.487781036168133
47.649999999999906,43,80,1,0.022500000000000003,0.1,43.544331340124515,640.0,4.0,47.63251221896374,17.487781036168133
47.66666666666657,62,80,0,0.03,0.1,75.10385318002926,640.0,3.0,47.649178885630405,17.487781036168133
47.674999999999905,38,80,1,0.022500000000000003,0.1,39.31716517162455,640.0,4.0,47.65751221896374,17.487781036168133
47.6999999999999,60,80,0,0.03,0.1,73.46830279625036,640.0,3.0,47.68251221896374,17.487781036168133
47.6999999999999,64,80,1,0.022500000000000003,0.1,64.7698967869447,640.0,4.0,47.68251221896374,17.487781036168133
47.7249999999999,62,80,1,0.022500000000000003,0.1,62.13111202707359,640.0,4.0,47.707512218963736,17.487781036168133
47.733333333333235,48,80,0,0.03,0.1,61.24715661180548,640.0,3.0,47.71584555229707,17.487781036168133
47.7499999999999,79,80,1,0.022500000000000003,0.1,79.74702550118113,640.0,4.0,47.732512218963734,17.487781036168133
47.766666666666566,45,80,0,0.03,0.1,57.09513643343457,640.0,3.0,47.7491788856304,17.487781036168133
47.7749999999999,62,80,1,0.022500000000000003,0.1,63.116480987350656,640.0,4.0,47.75751221896373,17.487781036168133
47.7999999999999,53,80,0,0.03,0.1,65.12000007185365,640.0,3.0,47.78251221896373,17.487781036168133
47.824999999999896,60,80,1,0.022500000000000003,0.1,60.02297437283977,640.0,4.0,47.80751221896373,17.487781036168133
47.83333333333323,77,80,0,0.03,0.1,89.2965204592677,640.0,3.0,47.81584555229706,17.487781036168133
47.86666666666656,24,80,0,0.03,0.1,37.43057025403539,640.0,3.0,47.849178885630394,17.487781036168133
47.87499999999989,38,80,1,0.022500000000000003,0.1,38.60145570139946,640.0,4.0,47.85751221896373,17.487781036168133
47.89999999999989,57,80,0,0.03,0.1,70.00995056094884,640.0,3.0,47.882512218963726,17.487781036168133
47.89999999999989,93,80,1,0.022500000000000003,0.1,94.69224504748664,640.0,4.0,47.882512218963726,17.487781036168133
47.92499999999989,65,80,1,0.022500000000000003,0.1,66.65434903170447,640.0,4.0,47.907512218963724,17.487781036168133
47.93333333333322,36,80,0,0.03,0.1,48.33129853243005,640.0,3.0,47.91584555229706,17.487781036168133
47.94999999999989,62,80,1,0.022500000000000003,0.1,62.68810634268914,640.0,4.0,47.93251221896372,17.487781036168133
47.966666666666555,47,80,0,0.03,0.1,59.74504452736344,640.0,3.0,47.94917888563039,17.487781036168133
47.97499999999989,67,80,1,0.022500000000000003,0.1,67.87409899876583,640.0,4.0,47.95751221896372,17.487781036168133
47.999999999999886,43,80,0,0.03,0.1,56.827134475793116,640.0,3.0,47.98251221896372,17.487781036168133
47.999999999999886,69,80,1,0.022500000000000003,0.1,69.08046055150854,640.0,4.0,47.98251221896372,17.487781036168133
48.024999999999885,57,80,1,0.022500000000000003,0.1,58.20091538556888,640.0,4.0,48.00751221896372,17.487781036168133
48.03333333333322,41,80,0,0.03,0.1,54.51752630018873,640.0,3.0,48.01584555229705,17.487781036168133
48.04999999999988,50,80,1,0.022500000000000003,0.1,51.92011345611903,640.0,4.0,48.03251221896372,17.487781036168133
48.06666666666655,47,80,0,0.03,0.1,59.86604634812507,640.0,3.0,48.04917888563038,17.487781036168133
48.07499999999988,67,80,1,0.022500000000000003,0.1,67.67296878491781,640.0,4.0,48.057512218963716,17.487781036168133
48.09999999999988,33,80,0,0.03,0.1,45.482609340444284,640.0,3.0,48.082512218963714,17.487781036168133
48.09999999999988,64,80,1,0.022500000000000003,0.1,64.93709875880259,640.0,4.0,48.082512218963714,17.487781036168133
48.12499999999988,48,80,1,0.022500000000000003,0.1,49.633406731655576,640.0,4.0,48.10751221896371,17.487781036168133
48.13333333333321,60,80,0,0.03,0.1,73.17350958243799,640.0,3.0,48.115845552297046,17.487781036168133
48.14999999999988,77,80,1,0.022500000000000003,0.1,78.16365582550098,640.0,4.0,48.13251221896371,17.487781036168133
48.16666666666654,24,80,0,0.03,0.1,37.034963056657915,640.0,3.0,48.14917888563038,17.487781036168133
48.174999999999876,62,80,1,0.022500000000000003,0.1,63.75490606493419,640.0,4.0,48.15751221896371,17.487781036168133
48.199999999999875,53,80,0,0.03,0.1,66.90898576420278,640.0,3.0,48.18251221896371,17.487781036168133
48.199999999999875,69,80,1,0.022500000000000003,0.1,69.34168783702567,640.0,4.0,48.18251221896371,17.487781036168133
48.22499999999987,77,80,1,0.022500000000000003,0.1,77.81658736230297,640.0,4.0,48.20751221896371,17.487781036168133
48.233333333333206,43,80,0,0.03,0.1,55.82034108755749,640.0,3.0,48.21584555229704,17.487781036168133
48.24999999999987,60,80,1,0.022500000000000003,0.1,60.28017691090989,640.0,4.0,48.232512218963706,17.487781036168133
48.26666666666654,33,80,0,0.03,0.1,45.012161359264596,640.0,3.0,48.24917888563037,17.487781036168133
48.27499999999987,64,80,1,0.022500000000000003,0.1,64.05698568939668,640.0,4.0,48.257512218963704,17.487781036168133
48.29999999999987,50,80,0,0.03,0.1,62.5905071436633,640.0,3.0,48.2825122189637,17.487781036168133
48.29999999999987,69,80,1,0.022500000000000003,0.1,70.3683486528783,640.0,4.0,48.2825122189637,17.487781036168133
48.3333333333332,28,80,0,0.03,0.1,40.071026090157076,640.0,3.0,48.315845552297034,17.487781036168133
48.349999999999866,60,80,1,0.022500000000000003,0.1,60.69186128442881,640.0,4.0,48.3325122189637,17.487781036168133
48.36666666666653,48,80,0,0.03,0.1,60.508336918011324,640.0,3.0,48.349178885630366,17.487781036168133
48.399999999999864,29,80,0,0.03,0.1,41.787175580012104,640.0,3.0,48.3825122189637,17.487781036168133
48.399999999999864,47,80,1,0.022500000000000003,0.1,47.76245053845255,640.0,4.0,48.3825122189637,17.487781036168133
48.42499999999986,89,80,1,0.022500000000000003,0.1,89.66575089502564,640.0,4.0,48.407512218963696,17.487781036168133
48.433333333333195,53,80,0,0.03,0.1,65.90428267926823,640.0,3.0,48.41584555229703,17.487781036168133
48.44999999999986,41,80,1,0.022500000000000003,0.1,41.98664392329725,640.0,4.0,48.432512218963694,17.487781036168133
48.46666666666653,36,80,0,0.03,0.1,48.16822612953119,640.0,3.0,48.44917888563036,17.487781036168133
48.47499999999986,43,80,1,0.022500000000000003,0.1,43.38427003280438,640.0,4.0,48.45751221896369,17.487781036168133
48.49999999999986,41,80,0,0.03,0.1,54.22727658202484,640.0,3.0,48.48251221896369,17.487781036168133
48.49999999999986,76,80,1,0.022500000000000003,0.1,76.82210016900581,640.0,4.0,48.48251221896369,17.487781036168133
48.52499999999986,69,80,1,0.022500000000000003,0.1,69.12980801019575,640.0,4.0,48.50751221896369,17.487781036168133
48.53333333333319,50,80,0,0.03,0.1,63.762552165672474,640.0,3.0,48.51584555229702,17.487781036168133
48.549999999999855,45,80,1,0.022500000000000003,0.1,46.867650336246044,640.0,4.0,48.53251221896369,17.487781036168133
48.56666666666652,38,80,0,0.03,0.1,50.11146096841938,640.0,3.0,48.549178885630354,17.487781036168133
48.574999999999854,67,80,1,0.022500000000000003,0.1,67.77329939330167,640.0,4.0,48.55751221896369,17.487781036168133
48.59999999999985,47,80,0,0.03,0.1,59.25806080424573,640.0,3.0,48.582512218963686,17.487781036168133
48.59999999999985,77,80,1,0.022500000000000003,0.1,78.78848569596556,640.0,4.0,48.582512218963686,17.487781036168133
48.62499999999985,59,80,1,0.022500000000000003,0.1,59.61263286275858,640.0,4.0,48.607512218963684,17.487781036168133
48.633333333333184,28,80,0,0.03,0.1,40.62296958406587,640.0,3.0,48.61584555229702,17.487781036168133
48.64999999999985,93,80,1,0.022500000000000003,0.1,93.26493312095465,640.0,4.0,48.63251221896368,17.487781036168133
48.666666666666515,55,80,0,0.03,0.1,68.0752077260308,640.0,3.0,48.64917888563035,17.487781036168133
48.67499999999985,36,80,1,0.022500000000000003,0.1,37.932008820889145,640.0,4.0,48.65751221896368,17.487781036168133
48.69999999999985,69,80,0,0.03,0.1,82.59089671104988,640.0,3.0,48.68251221896368,17.487781036168133
48.69999999999985,67,80,1,0.022500000000000003,0.1,68.88094020939651,640.0,4.0,48.68251221896368,17.487781036168133
48.724999999999845,74,80,1,0.022500000000000003,0.1,74.93156270362884,640.0,4.0,48.70751221896368,17.487781036168133
48.73333333333318,83,80,0,0.03,0.1,95.74027350924752,640.0,3.0,48.71584555229701,17.487781036168133
48.749999999999844,71,80,1,0.022500000000000003,0.1,71.40920194054716,640.0,4.0,48.73251221896368,17.487781036168133
48.76666666666651,48,80,0,0.03,0.1,61.166952277330424,640.0,3.0,48.74917888563034,17.487781036168133
48.77499999999984,57,80,1,0.022500000000000003,0.1,57.3842466989357,640.0,4.0,48.757512218963676,17.487781036168133
48.79999999999984,55,80,1,0.022500000000000003,0.1,56.282349030257286,640.0,4.0,48.782512218963674,17.487781036168133
48.82499999999984,65,80,1,0.022500000000000003,0.1,65.6850581899169,640.0,4.0,48.80751221896367,17.487781036168133
48.83333333333317,24,80,0,0.03,0.1,37.20799138678414,640.0,3.0,48.815845552297006,17.487781036168133
48.84999999999984,69,80,1,0.022500000000000003,0.1,70.44165742914649,640.0,4.0,48.83251221896367,17.487781036168133
48.866666666666504,67,80,0,0.03,0.1,79.23499937671153,640.0,3.0,48.84917888563034,17.487781036168133
48.899999999999835,57,80,0,0.03,0.1,69.93572486046855,640.0,3.0,48.88251221896367,17.487781036168133
48.899999999999835,72,80,1,0.022500000000000003,0.1,73.31274100215538,640.0,4.0,48.88251221896367,17.487781036168133
48.924999999999834,45,80,1,0.022500000000000003,0.1,46.95846454954579,640.0,4.0,48.90751221896367,17.487781036168133
48.93333333333317,41,80,0,0.03,0.1,53.80565190462421,640.0,3.0,48.915845552297,17.487781036168133
48.94999999999983,57,80,1,0.022500000000000003,0.1,57.084531467217474,640.0,4.0,48.932512218963666,17.487781036168133
48.9666666666665,62,80,0,0.03,0.1,75.83591424369932,640.0,3.0,48.94917888563033,17.487781036168133
48.97499999999983,47,80,1,0.022500000000000003,0.1,47.96779606881594,640.0,4.0,48.957512218963664,17.487781036168133
48.99999999999983,43,80,0,0.03,0.1,56.74270621893963,640.0,3.0,48.98251221896366,17.487781036168133
48.99999999999983,55,80,1,0.022500000000000003,0.1,55.05775646609739,640.0,4.0,48.98251221896366,17.487781036168133
49.02499999999983,72,80,1,0.022500000000000003,0.1,72.99482741522311,640.0,4.0,49.00751221896366,17.487781036168133
49.03333333333316,41,80,0,0.03,0.1,54.13727765741368,640.0,3.0,49.015845552296994,17.487781036168133
49.04999999999983,60,80,1,0.022500000000000003,0.1,61.38219418528293,640.0,4.0,49.03251221896366,17.487781036168133
49.06666666666649,53,80,0,0.03,0.1,66.08428704547188,640.0,3.0,49.049178885630326,17.487781036168133
49.074999999999825,93,80,1,0.022500000000000003,0.1,93.36779728831706,640.0,4.0,49.05751221896366,17.487781036168133
49.099999999999824,33,80,0,0.03,0.1,46.38906240217192,640.0,3.0,49.08251221896366,17.487781036168133
49.099999999999824,62,80,1,0.022500000000000003,0.1,62.475601500028375,640.0,4.0,49.08251221896366,17.487781036168133
49.12499999999982,60,80,1,0.022500000000000003,0.1,60.764056071420626,640.0,4.0,49.107512218963656,17.487781036168133
49.16666666666649,33,80,0,0.03,0.1,46.4833304073364,640.0,3.0,49.14917888563032,17.487781036168133
49.17499999999982,50,80,1,0.022500000000000003,0.1,51.83604873139282,640.0,4.0,49.15751221896365,17.487781036168133
49.19999999999982,59,80,1,0.022500000000000003,0.1,59.2596913615668,640.0,4.0,49.18251221896365,17.487781036168133
49.22499999999982,74,80,1,0.022500000000000003,0.1,74.43568674702907,640.0,4.0,49.20751221896365,17.487781036168133
49.23333333333315,36,80,0,0.03,0.1,48.35597070837332,640.0,3.0,49.21584555229698,17.487781036168133
49.249999999999815,60,80,1,0.022500000000000003,0.1,61.45882455203549,640.0,4.0,49.23251221896365,17.487781036168133
49.26666666666648,57,80,0,0.03,0.1,69.72160048020636,640.0,3.0,49.249178885630315,17.487781036168133
49.274999999999814,48,80,1,0.022500000000000003,0.1,49.84371545749157,640.0,4.0,49.25751221896365,17.487781036168133
49.29999999999981,40,80,0,0.03,0.1,52.10527537254774,640.0,3.0,49.282512218963646,17.487781036168133
49.32499999999981,53,80,1,0.022500000000000003,0.1,54.237415786677204,640.0,4.0,49.307512218963645,17.487781036168133
49.333333333333144,29,80,0,0.03,0.1,42.74565396010024,640.0,3.0,49.31584555229698,17.487781036168133
49.34999999999981,60,80,1,0.022500000000000003,0.1,60.945451960459266,640.0,4.0,49.33251221896364,17.487781036168133
49.366666666666475,40,80,0,0.03,0.1,52.247296000821784,640.0,3.0,49.34917888563031,17.487781036168133
49.37499999999981,74,80,1,0.022500000000000003,0.1,75.27790765409615,640.0,4.0,49.35751221896364,17.487781036168133
49.39999999999981,47,80,0,0.03,0.1,59.58985765528977,640.0,3.0,49.38251221896364,17.487781036168133
49.39999999999981,41,80,1,0.022500000000000003,0.1,42.84174539050961,640.0,4.0,49.38251221896364,17.487781036168133
49.424999999999805,55,80,1,0.022500000000000003,0.1,55.90622364302392,640.0,4.0,49.40751221896364,17.487781036168133
49.43333333333314,31,80,0,0.03,0.1,44.88355220909587,640.0,3.0,49.41584555229697,17.487781036168133
49.449999999999804,60,80,1,0.022500000000000003,0.1,61.84716824876901,640.0,4.0,49.43251221896364,17.487781036168133
49.46666666666647,33,80,0,0.03,0.1,45.2584818043604,640.0,3.0,49.4491788856303,17.487781036168133
49.4749999999998,36,80,1,0.022500000000000003,0.1,36.52856617434324,640.0,4.0,49.457512218963636,17.487781036168133
49.4999999999998,74,80,0,0.03,0.1,87.02459307647467,640.0,3.0,49.482512218963635,17.487781036168133
49.4999999999998,48,80,1,0.022500000000000003,0.1,49.32994197803,640.0,4.0,49.482512218963635,17.487781036168133
49.5249999999998,50,80,1,0.022500000000000003,0.1,51.29742669137681,640.0,4.0,49.50751221896363,17.487781036168133
49.53333333333313,36,80,0,0.03,0.1,48.984762831182245,640.0,3.0,49.515845552296966,17.487781036168133
49.5499999999998,48,80,1,0.022500000000000003,0.1,49.81157921471362,640.0,4.0,49.53251221896363,17.487781036168133
49.566666666666464,43,80,0,0.03,0.1,55.865057679705515,640.0,3.0,49.5491788856303,17.487781036168133
49.5749999999998,62,80,1,0.022500000000000003,0.1,62.456186176277086,640.0,4.0,49.55751221896363,17.487781036168133
49.599999999999795,57,80,1,0.022500000000000003,0.1,57.94483699837699,640.0,4.0,49.58251221896363,17.487781036168133
49.624999999999794,52,80,1,0.022500000000000003,0.1,52.892337886706734,640.0,4.0,49.60751221896363,17.487781036168133
49.63333333333313,41,80,0,0.03,0.1,54.60663286053834,640.0,3.0,49.61584555229696,17.487781036168133
49.64999999999979,65,80,1,0.022500000000000003,0.1,65.47792161987373,640.0,4.0,49.632512218963626,17.487781036168133
49.66666666666646,55,80,0,0.03,0.1,67.9532382716045,640.0,3.0,49.64917888563029,17.487781036168133
49.67499999999979,81,80,1,0.022500000000000003,0.1,82.055356385872,640.0,4.0,49.657512218963625,17.487781036168133
49.69999999999979,60,80,0,0.03,0.1,72.13622976604223,640.0,3.0,49.68251221896362,17.487781036168133
49.69999999999979,79,80,1,0.022500000000000003,0.1,80.98248341429442,640.0,4.0,49.68251221896362,17.487781036168133
49.72499999999979,35,80,1,0.022500000000000003,0.1,35.3885213176021,640.0,4.0,49.70751221896362,17.487781036168133
49.73333333333312,43,80,0,0.03,0.1,56.08378327639562,640.0,3.0,49.715845552296955,17.487781036168133
49.74999999999979,67,80,1,0.022500000000000003,0.1,67.38652395308979,640.0,4.0,49.73251221896362,17.487781036168133
49.76666666666645,31,80,0,0.03,0.1,44.17307793161793,640.0,3.0,49.749178885630286,17.487781036168133
49.774999999999785,57,80,1,0.022500000000000003,0.1,57.72130188718287,640.0,4.0,49.75751221896362,17.487781036168133
49.799999999999784,64,80,0,0.03,0.1,76.31283491646596,640.0,3.0,49.78251221896362,17.487781036168133
49.799999999999784,60,80,1,0.022500000000000003,0.1,61.98598838867656,640.0,4.0,49.78251221896362,17.487781036168133
49.82499999999978,53,80,1,0.022500000000000003,0.1,54.90197717065538,640.0,4.0,49.807512218963616,17.487781036168133
49.833333333333115,45,80,0,0.03,0.1,58.77963403268246,640.0,3.0,49.81584555229695,17.487781036168133
49.84999999999978,60,80,1,0.022500000000000003,0.1,61.505134462556185,640.0,4.0,49.832512218963615,17.487781036168133
49.86666666666645,69,80,0,0.03,0.1,82.14811923017176,640.0,3.0,49.84917888563028,17.487781036168133
49.89999999999978,21,80,0,0.03,0.1,31.256500511165914,640.0,3.0,49.88251221896361,17.487781036168133
49.89999999999978,52,80,1,0.022500000000000003,0.1,52.58941750593378,640.0,4.0,49.88251221896361,17.487781036168133
49.92499999999978,48,80,1,0.022500000000000003,0.1,48.526495387837684,640.0,4.0,49.90751221896361,17.487781036168133
49.93333333333311,50,80,0,0.03,0.1,62.5011612324265,640.0,3.0,49.91584555229694,17.487781036168133
49.949999999999775,53,80,1,0.022500000000000003,0.1,54.2566952624706,640.0,4.0,49.93251221896361,17.487781036168133
49.96666666666644,72,80,0,0.03,0.1,84.55816107361547,640.0,3.0,49.949178885630275,17.487781036168133
49.974999999999774,62,80,1,0.022500000000000003,0.1,62.9985185850466,640.0,4.0,49.95751221896361,17.487781036168133
49.99999999999977,43,80,0,0.03,0.1,55.478219066391574,640.0,3.0,49.982512218963606,17.487781036168133
49.99999999999977,67,80,1,0.022500000000000003,0.1,67.66715317355857,640.0,4.0,49.982512218963606,17.487781036168133
50.02499999999977,69,80,1,0.022500000000000003,0.1,70.92286690995388,640.0,4.0,50.007512218963605,17.487781036168133
50.033333333333104,45,80,0,0.03,0.1,57.11368418131666,640.0,3.0,50.01584555229694,17.487781036168133
50.04999999999977,53,80,1,0.022500000000000003,0.1,53.67436770474352,640.0,4.0,50.0325122189636,17.487781036168133
50.066666666666436,50,80,0,0.03,0.1,63.78254965235634,640.0,3.0,50.04917888563027,17.487781036168133
50.07499999999977,62,80,1,0.022500000000000003,0.1,63.63321046147503,640.0,4.0,50.0575122189636,17.487781036168133
50.09999999999977,40,80,0,0.03,0.1,52.847413518272546,640.0,3.0,50.0825122189636,17.487781036168133
50.09999999999977,72,80,1,0.022500000000000003,0.1,72.32003317700222,640.0,4.0,50.0825122189636,17.487781036168133
50.124999999999766,74,80,1,0.022500000000000003,0.1,74.91961465784485,640.0,4.0,50.1075122189636,17.487781036168133
50.1333333333331,43,80,0,0.03,0.1,56.00547926972502,640.0,3.0,50.11584555229693,17.487781036168133
50.149999999999764,59,80,1,0.022500000000000003,0.1,59.24693946711652,640.0,4.0,50.1325122189636,17.487781036168133
50.17499999999976,57,80,1,0.022500000000000003,0.1,57.17207392077296,640.0,4.0,50.157512218963596,17.487781036168133
50.19999999999976,38,80,0,0.03,0.1,51.96901459934242,640.0,3.0,50.182512218963595,17.487781036168133
50.19999999999976,62,80,1,0.022500000000000003,0.1,62.44639019310582,640.0,4.0,50.182512218963595,17.487781036168133
50.22499999999976,45,80,1,0.022500000000000003,0.1,45.28374434691321,640.0,4.0,50.20751221896359,17.487781036168133
50.24999999999976,57,80,1,0.022500000000000003,0.1,57.5217982587455,640.0,4.0,50.23251221896359,17.487781036168133
50.266666666666424,53,80,0,0.03,0.1,65.90179881339436,640.0,3.0,50.24917888563026,17.487781036168133
50.27499999999976,69,80,1,0.022500000000000003,0.1,69.53070590045607,640.0,4.0,50.25751221896359,17.487781036168133
50.299999999999756,50,80,0,0.03,0.1,63.20804137092227,640.0,3.0,50.28251221896359,17.487781036168133
50.299999999999756,67,80,1,0.022500000000000003,0.1,68.21692325687937,640.0,4.0,50.28251221896359,17.487781036168133
50.324999999999754,55,80,1,0.022500000000000003,0.1,56.54057466414222,640.0,4.0,50.30751221896359,17.487781036168133
50.33333333333309,57,80,0,0.03,0.1,70.34970888819349,640.0,3.0,50.31584555229692,17.487781036168133
50.34999999999975,62,80,1,0.022500000000000003,0.1,62.78679297391573,640.0,4.0,50.332512218963586,17.487781036168133
50.36666666666642,43,80,0,0.03,0.1,56.616245334995625,640.0,3.0,50.34917888563025,17.487781036168133
50.37499999999975,48,80,1,0.022500000000000003,0.1,49.4444756442792,640.0,4.0,50.357512218963585,17.487781036168133
50.39999999999975,38,80,0,0.03,0.1,50.090191125082875,640.0,3.0,50.38251221896358,17.487781036168133
50.39999999999975,69,80,1,0.022500000000000003,0.1,69.00469949728031,640.0,4.0,50.38251221896358,17.487781036168133
50.42499999999975,59,80,1,0.022500000000000003,0.1,59.00388561745314,640.0,4.0,50.40751221896358,17.487781036168133
50.43333333333308,40,80,0,0.03,0.1,52.286408900933665,640.0,3.0,50.415845552296915,17.487781036168133
50.44999999999975,55,80,1,0.022500000000000003,0.1,56.46782141828943,640.0,4.0,50.43251221896358,17.487781036168133
50.46666666666641,48,80,0,0.03,0.1,60.02282292613899,640.0,3.0,50.449178885630246,17.487781036168133
50.499999999999744,33,80,0,0.03,0.1,46.442090132826856,640.0,3.0,50.48251221896358,17.487781036168133
50.499999999999744,59,80,1,0.022500000000000003,0.1,59.19495850368182,640.0,4.0,50.48251221896358,17.487781036168133
50.52499999999974,53,80,1,0.022500000000000003,0.1,54.267166144870934,640.0,4.0,50.507512218963576,17.487781036168133
50.533333333333076,41,80,0,0.03,0.1,53.59665898769055,640.0,3.0,50.51584555229691,17.487781036168133
50.54999999999974,67,80,1,0.022500000000000003,0.1,68.42423086083281,640.0,4.0,50.532512218963575,17.487781036168133
50.57499999999974,53,80,1,0.022500000000000003,0.1,54.940370585392884,640.0,4.0,50.55751221896357,17.487781036168133
50.59999999999974,74,80,0,0.03,0.1,87.19431974181137,640.0,3.0,50.58251221896357,17.487781036168133
50.59999999999974,79,80,1,0.022500000000000003,0.1,80.38994042915049,640.0,4.0,50.58251221896357,17.487781036168133
50.62499999999974,77,80,1,0.022500000000000003,0.1,78.75469444456168,640.0,4.0,50.60751221896357,17.487781036168133
50.63333333333307,21,80,0,0.03,0.1,24.495168768845865,640.0,3.0,50.6158455522969,17.487781036168133
50.649999999999736,48,80,1,0.022500000000000003,0.1,48.58824332986234,640.0,4.0,50.63251221896357,17.487781036168133
50.6666666666664,45,80,0,0.03,0.1,57.700867566007894,640.0,3.0,50.649178885630235,17.487781036168133
50.674999999999734,60,80,1,0.022500000000000003,0.1,60.89221464869479,640.0,4.0,50.65751221896357,17.487781036168133
50.69999999999973,69,80,0,0.03,0.1,82.08888054802907,640.0,3.0,50.682512218963566,17.487781036168133
50.69999999999973,50,80,1,0.022500000000000003,0.1,51.6715952468967,640.0,4.0,50.682512218963566,17.487781036168133
50.72499999999973,55,80,1,0.022500000000000003,0.1,55.81891119118578,640.0,4.0,50.707512218963565,17.487781036168133
50.733333333333064,48,80,0,0.03,0.1,61.55960914089541,640.0,3.0,50.7158455522969,17.487781036168133
50.74999999999973,84,80,1,0.022500000000000003,0.1,85.6310715858534,640.0,4.0,50.732512218963564,17.487781036168133
50.766666666666396,57,80,0,0.03,0.1,69.64374365978999,640.0,3.0,50.74917888563023,17.487781036168133
50.77499999999973,55,80,1,0.022500000000000003,0.1,56.06308586091777,640.0,4.0,50.75751221896356,17.487781036168133
50.79999999999973,48,80,0,0.03,0.1,61.27777683327703,640.0,3.0,50.78251221896356,17.487781036168133
50.79999999999973,64,80,1,0.022500000000000003,0.1,64.61089327459109,640.0,4.0,50.78251221896356,17.487781036168133
50.824999999999726,65,80,1,0.022500000000000003,0.1,66.92891256330596,640.0,4.0,50.80751221896356,17.487781036168133
50.83333333333306,38,80,0,0.03,0.1,51.45813272042905,640.0,3.0,50.81584555229689,17.487781036168133
50.849999999999724,47,80,1,0.022500000000000003,0.1,47.19194403221452,640.0,4.0,50.83251221896356,17.487781036168133
50.86666666666639,21,80,0,0.03,0.1,31.30347603828591,640.0,3.0,50.849178885630224,17.487781036168133
50.87499999999972,48,80,1,0.022500000000000003,0.1,49.05477792756218,640.0,4.0,50.85751221896356,17.487781036168133
50.89999999999972,50,80,0,0.03,0.1,62.629832794064676,640.0,3.0,50.882512218963555,17.487781036168133
50.89999999999972,43,80,1,0.022500000000000003,0.1,44.56291364597608,640.0,4.0,50.882512218963555,17.487781036168133
50.92499999999972,48,80,1,0.022500000000000003,0.1,48.65957460610846,640.0,4.0,50.907512218963554,17.487781036168133
50.93333333333305,38,80,0,0.03,0.1,50.07223546108939,640.0,3.0,50.91584555229689,17.487781036168133
50.94999999999972,23,80,1,0.022500000000000003,0.1,23.519614600740063,640.0,4.0,50.93251221896355,17.487781036168133
50.966666666666384,36,80,0,0.03,0.1,49.75570680108411,640.0,3.0,50.94917888563022,17.487781036168133
50.97499999999972,65,80,1,0.022500000000000003,0.1,66.97065473015844,640.0,4.0,50.95751221896355,17.487781036168133
50.999999999999716,41,80,0,0.03,0.1,53.61296312346737,640.0,3.0,50.98251221896355,17.487781036168133
50.999999999999716,86,80,1,0.022500000000000003,0.1,86.2936811680777,640.0,4.0,50.98251221896355,17.487781036168133
51.024999999999714,60,80,1,0.022500000000000003,0.1,61.89210545966755,640.0,4.0,51.00751221896355,17.487781036168133
51.03333333333305,69,80,0,0.03,0.1,82.33422600478072,640.0,3.0,51.01584555229688,17.487781036168133
51.04999999999971,41,80,1,0.022500000000000003,0.1,41.871758600440224,640.0,4.0,51.03251221896355,17.487781036168133
51.06666666666638,77,80,0,0.03,0.1,90.78192054085085,640.0,3.0,51.04917888563021,17.487781036168133
51.07499999999971,50,80,1,0.022500000000000003,0.1,51.77246229888067,640.0,4.0,51.057512218963545,17.487781036168133
51.09999999999971,53,80,1,0.022500000000000003,0.1,54.12637638368004,640.0,4.0,51.082512218963544,17.487781036168133
51.12499999999971,45,80,1,0.022500000000000003,0.1,46.97491485166879,640.0,4.0,51.10751221896354,17.487781036168133
51.13333333333304,41,80,0,0.03,0.1,54.05097953392988,640.0,3.0,51.115845552296875,17.487781036168133
51.14999999999971,71,80,1,0.022500000000000003,0.1,71.01033777145801,640.0,4.0,51.13251221896354,17.487781036168133
51.16666666666637,31,80,0,0.03,0.1,44.93150185662451,640.0,3.0,51.14917888563021,17.487781036168133
51.174999999999706,69,80,1,0.022500000000000003,0.1,70.37132856800427,640.0,4.0,51.15751221896354,17.487781036168133
51.199999999999704,53,80,0,0.03,0.1,65.99731406778969,640.0,3.0,51.18251221896354,17.487781036168133
51.199999999999704,45,80,1,0.022500000000000003,0.1,45.21021703913396,640.0,4.0,51.18251221896354,17.487781036168133
51.2249999999997,69,80,1,0.022500000000000003,0.1,69.2810373689281,640.0,4.0,51.20751221896354,17.487781036168133
51.2499999999997,79,80,1,0.022500000000000003,0.1,79.54320209378899,640.0,4.0,51.232512218963535,17.487781036168133
51.26666666666637,43,80,0,0.03,0.1,56.834043046077994,640.0,3.0,51.2491788856302,17.487781036168133
51.2749999999997,84,80,1,0.022500000000000003,0.1,84.35274502693836,640.0,4.0,51.257512218963534,17.487781036168133
51.2999999999997,21,80,0,0.03,0.1,29.54885067835873,640.0,3.0,51.28251221896353,17.487781036168133
51.2999999999997,96,80,1,0.022500000000000003,0.1,96.67471389550033,640.0,4.0,51.28251221896353,17.487781036168133
51.3249999999997,48,80,1,0.022500000000000003,0.1,48.454494087127074,640.0,4.0,51.30751221896353,17.487781036168133
51.33333333333303,55,80,0,0.03,0.1,68.5766357992387,640.0,3.0,51.315845552296864,17.487781036168133
51.349999999999696,96,80,1,0.022500000000000003,0.1,96.1500214578586,640.0,4.0,51.33251221896353,17.487781036168133
51.36666666666636,60,80,0,0.03,0.1,72.61311630656064,640.0,3.0,51.349178885630195,17.487781036168133
51.39999999999969,26,80,0,0.03,0.1,39.70117580306115,640.0,3.0,51.38251221896353,17.487781036168133
51.39999999999969,52,80,1,0.022500000000000003,0.1,52.41644217112942,640.0,4.0,51.38251221896353,17.487781036168133
51.42499999999969,64,80,1,0.022500000000000003,0.1,64.18652639843641,640.0,4.0,51.407512218963525,17.487781036168133
51.433333333333024,50,80,0,0.03,0.1,62.258997550885795,640.0,3.0,51.41584555229686,17.487781036168133
51.44999999999969,52,80,1,0.022500000000000003,0.1,52.54961492360944,640.0,4.0,51.432512218963524,17.487781036168133
51.466666666666356,53,80,0,0.03,0.1,65.77569300654207,640.0,3.0,51.44917888563019,17.487781036168133
51.47499999999969,65,80,1,0.022500000000000003,0.1,65.10776500027553,640.0,4.0,51.45751221896352,17.487781036168133
51.49999999999969,47,80,0,0.03,0.1,59.06422653428559,640.0,3.0,51.48251221896352,17.487781036168133
51.49999999999969,43,80,1,0.022500000000000003,0.1,43.103011996962536,640.0,4.0,51.48251221896352,17.487781036168133
51.524999999999686,55,80,1,0.022500000000000003,0.1,56.94396669358804,640.0,4.0,51.50751221896352,17.487781036168133
51.53333333333302,36,80,0,0.03,0.1,49.87813223570747,640.0,3.0,51.51584555229685,17.487781036168133
51.549999999999685,76,80,1,0.022500000000000003,0.1,76.4554525998295,640.0,4.0,51.53251221896352,17.487781036168133
51.56666666666635,60,80,0,0.03,0.1,73.00399646161353,640.0,3.0,51.549178885630184,17.487781036168133
51.57499999999968,59,80,1,0.022500000000000003,0.1,59.269615469681206,640.0,4.0,51.55751221896352,17.487781036168133
51.59999999999968,41,80,0,0.03,0.1,54.83673925160086,640.0,3.0,51.582512218963515,17.487781036168133
51.62499999999968,65,80,1,0.022500000000000003,0.1,66.08331014038158,640.0,4.0,51.607512218963514,17.487781036168133
51.63333333333301,28,80,0,0.03,0.1,40.98961711744087,640.0,3.0,51.61584555229685,17.487781036168133
51.64999999999968,74,80,1,0.022500000000000003,0.1,74.98446885526604,640.0,4.0,51.63251221896351,17.487781036168133
51.666666666666345,21,80,0,0.03,0.1,33.76672658342808,640.0,3.0,51.64917888563018,17.487781036168133
51.67499999999968,38,80,1,0.022500000000000003,0.1,38.813123683975256,640.0,4.0,51.65751221896351,17.487781036168133
51.699999999999676,64,80,0,0.03,0.1,76.13887385599116,640.0,3.0,51.68251221896351,17.487781036168133
51.699999999999676,67,80,1,0.022500000000000003,0.1,67.48190786351917,640.0,4.0,51.68251221896351,17.487781036168133
51.724999999999675,55,80,1,0.022500000000000003,0.1,56.56781901770543,640.0,4.0,51.70751221896351,17.487781036168133
51.74999999999967,62,80,1,0.022500000000000003,0.1,62.132965059991534,640.0,4.0,51.73251221896351,17.487781036168133
51.76666666666634,48,80,0,0.03,0.1,61.12606140325336,640.0,3.0,51.74917888563017,17.487781036168133
51.77499999999967,72,80,1,0.022500000000000003,0.1,73.56736217295841,640.0,4.0,51.757512218963505,17.487781036168133
51.79999999999967,41,80,0,0.03,0.1,54.36448464830971,640.0,3.0,51.782512218963504,17.487781036168133
51.79999999999967,43,80,1,0.022500000000000003,0.1,44.71441086192839,640.0,4.0,51.782512218963504,17.487781036168133
51.82499999999967,47,80,1,0.022500000000000003,0.1,47.03815114952845,640.0,4.0,51.8075122189635,17.487781036168133
51.84999999999967,35,80,1,0.022500000000000003,0.1,35.22649651566328,640.0,4.0,51.8325122189635,17.487781036168133
51.86666666666633,33,80,0,0.03,0.1,46.230570899947374,640.0,3.0,51.84917888563017,17.487781036168133
51.874999999999666,52,80,1,0.022500000000000003,0.1,52.97076554542366,640.0,4.0,51.8575122189635,17.487781036168133
51.899999999999665,41,80,0,0.03,0.1,54.47736774963347,640.0,3.0,51.8825122189635,17.487781036168133
51.899999999999665,77,80,1,0.022500000000000003,0.1,77.02953400804886,640.0,4.0,51.8825122189635,17.487781036168133
51.92499999999966,57,80,1,0.022500000000000003,0.1,58.45648398753959,640.0,4.0,51.9075122189635,17.487781036168133
51.933333333332996,21,80,0,0.03,0.1,32.86288364646177,640.0,3.0,51.91584555229683,17.487781036168133
51.94999999999966,41,80,1,0.022500000000000003,0.1,42.84640133561874,640.0,4.0,51.932512218963495,17.487781036168133
51.96666666666633,38,80,0,0.03,0.1,50.578385235603015,640.0,3.0,51.94917888563016,17.487781036168133
51.97499999999966,53,80,1,0.022500000000000003,0.1,53.7833120694394,640.0,4.0,51.957512218963494,17.487781036168133
51.99999999999966,43,80,0,0.03,0.1,56.019999790705995,640.0,3.0,51.98251221896349,17.487781036168133
51.99999999999966,40,80,1,0.022500000000000003,0.1,40.95537019532003,640.0,4.0,51.98251221896349,17.487781036168133
52.02499999999966,45,80,1,0.022500000000000003,0.1,45.59761789784113,640.0,4.0,52.00751221896349,17.487781036168133
52.03333333333299,55,80,0,0.03,0.1,67.80646460403736,640.0,3.0,52.015845552296824,17.487781036168133
52.049999999999656,64,80,1,0.022500000000000003,0.1,64.97688205137553,640.0,4.0,52.03251221896349,17.487781036168133
52.06666666666632,47,80,0,0.03,0.1,59.488941268820945,640.0,3.0,52.049178885630155,17.487781036168133
52.074999999999655,43,80,1,0.022500000000000003,0.1,44.974421423282834,640.0,4.0,52.05751221896349,17.487781036168133
52.09999999999965,57,80,0,0.03,0.1,70.17501585760715,640.0,3.0,52.08251221896349,17.487781036168133
52.09999999999965,74,80,1,0.022500000000000003,0.1,74.24171910660226,640.0,4.0,52.08251221896349,17.487781036168133
52.12499999999965,59,80,1,0.022500000000000003,0.1,59.0896602773717,640.0,4.0,52.107512218963485,17.487781036168133
52.133333333332985,65,80,0,0.03,0.1,77.2689293454519,640.0,3.0,52.11584555229682,17.487781036168133
52.14999999999965,60,80,1,0.022500000000000003,0.1,61.095612210489925,640.0,4.0,52.132512218963484,17.487781036168133
52.17499999999965,55,80,1,0.022500000000000003,0.1,56.43682601461896,640.0,4.0,52.15751221896348,17.487781036168133
52.19999999999965,53,80,0,0.03,0.1,66.02252604644553,640.0,3.0,52.18251221896348,17.487781036168133
52.19999999999965,69,80,1,0.022500000000000003,0.1,69.89245233335966,640.0,4.0,52.18251221896348,17.487781036168133
52.23333333333298,48,80,0,0.03,0.1,60.151842293514036,640.0,3.0,52.21584555229681,17.487781036168133
52.249999999999645,64,80,1,0.022500000000000003,0.1,64.2886957044758,640.0,4.0,52.23251221896348,17.487781036168133
52.26666666666631,35,80,0,0.03,0.1,47.445913492306445,640.0,3.0,52.249178885630144,17.487781036168133
52.27499999999964,67,80,1,0.022500000000000003,0.1,67.2293005556179,640.0,4.0,52.25751221896348,17.487781036168133
52.29999999999964,57,80,0,0.03,0.1,69.47128385765525,640.0,3.0,52.282512218963475,17.487781036168133
52.32499999999964,65,80,1,0.022500000000000003,0.1,66.94019848843583,640.0,4.0,52.307512218963474,17.487781036168133
52.33333333333297,69,80,0,0.03,0.1,81.50076649243557,640.0,3.0,52.31584555229681,17.487781036168133
52.34999999999964,55,80,1,0.022500000000000003,0.1,55.675164473935276,640.0,4.0,52.33251221896347,17.487781036168133
52.366666666666305,52,80,0,0.03,0.1,64.37895730752535,640.0,3.0,52.34917888563014,17.487781036168133
52.37499999999964,60,80,1,0.022500000000000003,0.1,60.028564763678744,640.0,4.0,52.35751221896347,17.487781036168133
52.399999999999636,72,80,0,0.03,0.1,84.54091709985437,640.0,3.0,52.38251221896347,17.487781036168133
52.399999999999636,55,80,1,0.022500000000000003,0.1,56.484560008111394,640.0,4.0,52.38251221896347,17.487781036168133
52.424999999999635,53,80,1,0.022500000000000003,0.1,54.147602696714294,640.0,4.0,52.40751221896347,17.487781036168133
52.43333333333297,28,80,0,0.03,0.1,40.47268213681812,640.0,3.0,52.4158455522968,17.487781036168133
52.44999999999963,50,80,1,0.022500000000000003,0.1,51.179368989161084,640.0,4.0,52.43251221896347,17.487781036168133
52.4666666666663,33,80,0,0.03,0.1,45.22670867482187,640.0,3.0,52.44917888563013,17.487781036168133
52.47499999999963,65,80,1,0.022500000000000003,0.1,65.98643332939373,640.0,4.0,52.457512218963466,17.487781036168133
52.49999999999963,57,80,0,0.03,0.1,70.94657929917776,640.0,3.0,52.482512218963464,17.487781036168133
52.49999999999963,76,80,1,0.022500000000000003,0.1,76.77575568401232,640.0,4.0,52.482512218963464,17.487781036168133
52.52499999999963,74,80,1,0.022500000000000003,0.1,74.99010523737036,640.0,4.0,52.50751221896346,17.487781036168133
52.53333333333296,50,80,0,0.03,0.1,63.382914689961616,640.0,3.0,52.515845552296796,17.487781036168133
52.54999999999963,43,80,1,0.022500000000000003,0.1,43.91596369989843,640.0,4.0,52.53251221896346,17.487781036168133
52.56666666666629,64,80,0,0.03,0.1,76.81641186011913,640.0,3.0,52.54917888563013,17.487781036168133
52.574999999999626,76,80,1,0.022500000000000003,0.1,76.50179905800798,640.0,4.0,52.55751221896346,17.487781036168133
52.599999999999625,47,80,0,0.03,0.1,59.80196299869773,640.0,3.0,52.58251221896346,17.487781036168133
52.599999999999625,55,80,1,0.022500000000000003,0.1,55.92757117929051,640.0,4.0,52.58251221896346,17.487781036168133
52.62499999999962,67,80,1,0.022500000000000003,0.1,67.68938259386357,640.0,4.0,52.60751221896346,17.487781036168133
52.633333333332956,36,80,0,0.03,0.1,48.88991459163735,640.0,3.0,52.61584555229679,17.487781036168133
52.64999999999962,48,80,1,0.022500000000000003,0.1,48.4004437497957,640.0,4.0,52.632512218963456,17.487781036168133
52.66666666666629,45,80,0,0.03,0.1,57.26600649977546,640.0,3.0,52.64917888563012,17.487781036168133
52.67499999999962,60,80,1,0.022500000000000003,0.1,61.81734289758727,640.0,4.0,52.657512218963454,17.487781036168133
52.69999999999962,28,80,0,0.03,0.1,40.381645172176206,640.0,3.0,52.68251221896345,17.487781036168133
52.69999999999962,64,80,1,0.022500000000000003,0.1,64.0156567410804,640.0,4.0,52.68251221896345,17.487781036168133
52.72499999999962,40,80,1,0.022500000000000003,0.1,40.99705866342845,640.0,4.0,52.70751221896345,17.487781036168133
52.73333333333295,33,80,0,0.03,0.1,45.55403938435796,640.0,3.0,52.715845552296784,17.487781036168133
52.749999999999616,67,80,1,0.022500000000000003,0.1,67.78581972920563,640.0,4.0,52.73251221896345,17.487781036168133
52.76666666666628,60,80,0,0.03,0.1,72.44728317335053,640.0,3.0,52.749178885630116,17.487781036168133
52.774999999999615,77,80,1,0.022500000000000003,0.1,77.22796810033043,640.0,4.0,52.75751221896345,17.487781036168133
52.79999999999961,59,80,0,0.03,0.1,71.17167890521101,640.0,3.0,52.78251221896345,17.487781036168133
52.79999999999961,57,80,1,0.022500000000000003,0.1,57.76450629527516,640.0,4.0,52.78251221896345,17.487781036168133
52.82499999999961,77,80,1,0.022500000000000003,0.1,77.41015207459857,640.0,4.0,52.807512218963446,17.487781036168133
52.833333333332945,52,80,0,0.03,0.1,64.64645484551778,640.0,3.0,52.81584555229678,17.487781036168133
52.84999999999961,57,80,1,0.022500000000000003,0.1,57.571923283809184,640.0,4.0,52.832512218963444,17.487781036168133
52.866666666666276,24,80,0,0.03,0.1,37.97020773170599,640.0,3.0,52.84917888563011,17.487781036168133
52.87499999999961,69,80,1,0.022500000000000003,0.1,70.8746819973967,640.0,4.0,52.85751221896344,17.487781036168133
52.89999999999961,43,80,0,0.03,0.1,55.41243423343503,640.0,3.0,52.88251221896344,17.487781036168133
52.89999999999961,31,80,1,0.022500000000000003,0.1,31.602304435825925,640.0,4.0,52.88251221896344,17.487781036168133
52.924999999999606,89,80,1,0.022500000000000003,0.1,90.96035557521233,640.0,4.0,52.90751221896344,17.487781036168133
52.949999999999605,79,80,1,0.022500000000000003,0.1,79.14186553910986,640.0,4.0,52.93251221896344,17.487781036168133
52.96666666666627,62,80,0,0.03,0.1,75.0596256484834,640.0,3.0,52.949178885630104,17.487781036168133
52.9749999999996,55,80,1,0.022500000000000003,0.1,56.35679354555291,640.0,4.0,52.95751221896344,17.487781036168133
52.9999999999996,40,80,0,0.03,0.1,52.5283566903987,640.0,3.0,52.982512218963436,17.487781036168133
52.9999999999996,33,80,1,0.022500000000000003,0.1,34.757260458959124,640.0,4.0,52.982512218963436,17.487781036168133
53.0249999999996,62,80,1,0.022500000000000003,0.1,63.68676311431026,640.0,4.0,53.007512218963434,17.487781036168133
53.0499999999996,41,80,1,0.022500000000000003,0.1,41.517752997455915,640.0,4.0,53.03251221896343,17.487781036168133
53.066666666666265,48,80,0,0.03,0.1,60.381390913554235,640.0,3.0,53.0491788856301,17.487781036168133
53.0749999999996,65,80,1,0.022500000000000003,0.1,65.69412528073585,640.0,4.0,53.05751221896343,17.487781036168133
53.099999999999596,38,80,0,0.03,0.1,51.80602295251697,640.0,3.0,53.08251221896343,17.487781036168133
53.124999999999595,47,80,1,0.022500000000000003,0.1,47.950039436774084,640.0,4.0,53.10751221896343,17.487781036168133
53.13333333333293,65,80,0,0.03,0.1,78.99192205060746,640.0,3.0,53.11584555229676,17.487781036168133
53.149999999999594,74,80,1,0.022500000000000003,0.1,74.34837790226403,640.0,4.0,53.13251221896343,17.487781036168133
53.16666666666626,38,80,0,0.03,0.1,50.594420511562355,640.0,3.0,53.14917888563009,17.487781036168133
53.17499999999959,69,80,1,0.022500000000000003,0.1,70.31135619591902,640.0,4.0,53.157512218963426,17.487781036168133
53.19999999999959,29,80,0,0.03,0.1,42.08987828192472,640.0,3.0,53.182512218963424,17.487781036168133
53.19999999999959,72,80,1,0.022500000000000003,0.1,72.49053871729362,640.0,4.0,53.182512218963424,17.487781036168133
53.22499999999959,60,80,1,0.022500000000000003,0.1,60.11337860696186,640.0,4.0,53.20751221896342,17.487781036168133
53.23333333333292,21,80,0,0.03,0.1,32.4427069983038,640.0,3.0,53.215845552296756,17.487781036168133
53.24999999999959,41,80,1,0.022500000000000003,0.1,41.88129194350455,640.0,4.0,53.23251221896342,17.487781036168133
53.266666666666254,47,80,0,0.03,0.1,59.605932769108286,640.0,3.0,53.24917888563009,17.487781036168133
53.27499999999959,72,80,1,0.022500000000000003,0.1,72.51676508430256,640.0,4.0,53.25751221896342,17.487781036168133
53.299999999999585,40,80,0,0.03,0.1,52.80729454261854,640.0,3.0,53.28251221896342,17.487781036168133
53.299999999999585,55,80,1,0.022500000000000003,0.1,56.53924609106187,640.0,4.0,53.28251221896342,17.487781036168133
53.324999999999584,41,80,1,0.022500000000000003,0.1,42.21081416713383,640.0,4.0,53.30751221896342,17.487781036168133
53.33333333333292,29,80,0,0.03,0.1,41.71002103664989,640.0,3.0,53.31584555229675,17.487781036168133
53.34999999999958,77,80,1,0.022500000000000003,0.1,77.30610388447137,640.0,4.0,53.332512218963416,17.487781036168133
53.36666666666625,62,80,0,0.03,0.1,75.22209870407406,640.0,3.0,53.34917888563008,17.487781036168133
53.37499999999958,86,80,1,0.022500000000000003,0.1,86.87241626243213,640.0,4.0,53.357512218963414,17.487781036168133
53.39999999999958,55,80,0,0.03,0.1,68.5407378870943,640.0,3.0,53.38251221896341,17.487781036168133
53.39999999999958,59,80,1,0.022500000000000003,0.1,59.4720239490662,640.0,4.0,53.38251221896341,17.487781036168133
53.42499999999958,86,80,1,0.022500000000000003,0.1,87.63675077892213,640.0,4.0,53.40751221896341,17.487781036168133
53.43333333333291,47,80,0,0.03,0.1,59.638811149603455,640.0,3.0,53.415845552296744,17.487781036168133
53.44999999999958,60,80,1,0.022500000000000003,0.1,61.168828526225276,640.0,4.0,53.43251221896341,17.487781036168133
53.46666666666624,65,80,0,0.03,0.1,77.4633759253871,640.0,3.0,53.449178885630076,17.487781036168133
53.474999999999575,55,80,1,0.022500000000000003,0.1,55.1301644266707,640.0,4.0,53.45751221896341,17.487781036168133
53.499999999999574,50,80,1,0.022500000000000003,0.1,51.93013178642589,640.0,4.0,53.48251221896341,17.487781036168133
53.52499999999957,79,80,1,0.022500000000000003,0.1,80.9546548223071,640.0,4.0,53.507512218963406,17.487781036168133
53.533333333332905,36,80,0,0.03,0.1,49.46744446056407,640.0,3.0,53.51584555229674,17.487781036168133
53.54999999999957,50,80,1,0.022500000000000003,0.1,50.01415831823652,640.0,4.0,53.532512218963404,17.487781036168133
53.56666666666624,33,80,0,0.03,0.1,46.697981900918194,640.0,3.0,53.54917888563007,17.487781036168133
53.57499999999957,69,80,1,0.022500000000000003,0.1,69.41144716767984,640.0,4.0,53.5575122189634,17.487781036168133
53.59999999999957,57,80,0,0.03,0.1,70.47016376900943,640.0,3.0,53.5825122189634,17.487781036168133
53.59999999999957,52,80,1,0.022500000000000003,0.1,52.842702911242135,640.0,4.0,53.5825122189634,17.487781036168133
53.62499999999957,53,80,1,0.022500000000000003,0.1,54.108073439048155,640.0,4.0,53.6075122189634,17.487781036168133
53.649999999999565,72,80,1,0.022500000000000003,0.1,73.18719608281046,640.0,4.0,53.6325122189634,17.487781036168133
53.66666666666623,50,80,0,0.03,0.1,62.17277143002447,640.0,3.0,53.649178885630064,17.487781036168133
53.674999999999564,55,80,1,0.022500000000000003,0.1,55.13552836749627,640.0,4.0,53.6575122189634,17.487781036168133
53.69999999999956,36,80,0,0.03,0.1,49.164828123277985,640.0,3.0,53.682512218963396,17.487781036168133
53.69999999999956,53,80,1,0.022500000000000003,0.1,54.81861914342025,640.0,4.0,53.682512218963396,17.487781036168133
53.72499999999956,74,80,1,0.022500000000000003,0.1,74.49990012383753,640.0,4.0,53.707512218963394,17.487781036168133
53.733333333332894,55,80,0,0.03,0.1,67.78172885767366,640.0,3.0,53.71584555229673,17.487781036168133
53.74999999999956,79,80,1,0.022500000000000003,0.1,80.44668535323677,640.0,4.0,53.73251221896339,17.487781036168133
53.766666666666225,38,80,0,0.03,0.1,50.32961429588545,640.0,3.0,53.74917888563006,17.487781036168133
53.77499999999956,67,80,1,0.022500000000000003,0.1,68.25202948203818,640.0,4.0,53.75751221896339,17.487781036168133
53.79999999999956,45,80,0,0.03,0.1,58.69457082120092,640.0,3.0,53.78251221896339,17.487781036168133
53.79999999999956,50,80,1,0.022500000000000003,0.1,51.61894687201345,640.0,4.0,53.78251221896339,17.487781036168133
53.824999999999555,53,80,1,0.022500000000000003,0.1,53.46421120899098,640.0,4.0,53.80751221896339,17.487781036168133
53.83333333333289,65,80,0,0.03,0.1,78.52088507375335,640.0,3.0,53.81584555229672,17.487781036168133
53.849999999999554,60,80,1,0.022500000000000003,0.1,61.02291537587248,640.0,4.0,53.83251221896339,17.487781036168133
53.86666666666622,38,80,0,0.03,0.1,51.54132178163013,640.0,3.0,53.84917888563005,17.487781036168133
53.87499999999955,64,80,1,0.022500000000000003,0.1,64.10790479264841,640.0,4.0,53.857512218963386,17.487781036168133
53.89999999999955,26,80,0,0.03,0.1,39.86573750946738,640.0,3.0,53.882512218963384,17.487781036168133
53.89999999999955,47,80,1,0.022500000000000003,0.1,47.35531635021092,640.0,4.0,53.882512218963384,17.487781036168133
53.92499999999955,69,80,1,0.022500000000000003,0.1,69.25488562662225,640.0,4.0,53.90751221896338,17.487781036168133
53.93333333333288,33,80,0,0.03,0.1,46.52739594406259,640.0,3.0,53.915845552296716,17.487781036168133
53.94999999999955,60,80,1,0.022500000000000003,0.1,61.094570619386865,640.0,4.0,53.93251221896338,17.487781036168133
53.97499999999955,38,80,1,0.022500000000000003,0.1,38.03893352143194,640.0,4.0,53.95751221896338,17.487781036168133
53.999999999999545,50,80,0,0.03,0.1,63.260558558466684,640.0,3.0,53.98251221896338,17.487781036168133
53.999999999999545,48,80,1,0.022500000000000003,0.1,48.109741024502654,640.0,4.0,53.98251221896338,17.487781036168133
54.024999999999544,53,80,1,0.022500000000000003,0.1,53.547152977258705,640.0,4.0,54.00751221896338,17.487781036168133
54.03333333333288,45,80,0,0.03,0.1,58.35036955278395,640.0,3.0,54.01584555229671,17.487781036168133
54.04999999999954,59,80,1,0.022500000000000003,0.1,59.0674215828345,640.0,4.0,54.032512218963376,17.487781036168133
54.06666666666621,41,80,0,0.03,0.1,53.48359929201191,640.0,3.0,54.04917888563004,17.487781036168133
54.07499999999954,84,80,1,0.022500000000000003,0.1,84.18276858245115,640.0,4.0,54.057512218963375,17.487781036168133
54.09999999999954,53,80,0,0.03,0.1,66.21260681668083,640.0,3.0,54.08251221896337,17.487781036168133
54.09999999999954,62,80,1,0.022500000000000003,0.1,63.048592718587244,640.0,4.0,54.08251221896337,17.487781036168133
54.12499999999954,48,80,1,0.022500000000000003,0.1,49.2381198092976,640.0,4.0,54.10751221896337,17.487781036168133
54.13333333333287,36,80,0,0.03,0.1,49.13145790732514,640.0,3.0,54.115845552296705,17.487781036168133
54.14999999999954,62,80,1,0.022500000000000003,0.1,62.82407429513169,640.0,4.0,54.13251221896337,17.487781036168133
54.1666666666662,50,80,0,0.03,0.1,63.912519278625226,640.0,3.0,54.149178885630036,17.487781036168133
54.174999999999535,55,80,1,0.022500000000000003,0.1,55.493276832590325,640.0,4.0,54.15751221896337,17.487781036168133
54.199999999999534,38,80,0,0.03,0.1,50.63994151919415,640.0,3.0,54.18251221896337,17.487781036168133
54.199999999999534,64,80,1,0.022500000000000003,0.1,64.15690546602933,640.0,4.0,54.18251221896337,17.487781036168133
54.22499999999953,67,80,1,0.022500000000000003,0.1,67.43126639405587,640.0,4.0,54.207512218963366,17.487781036168133
54.233333333332865,36,80,0,0.03,0.1,48.50995986847931,640.0,3.0,54.2158455522967,17.487781036168133
54.24999999999953,74,80,1,0.022500000000000003,0.1,75.4781522844664,640.0,4.0,54.232512218963365,17.487781036168133
54.2666666666662,38,80,0,0.03,0.1,51.84016083423985,640.0,3.0,54.24917888563003,17.487781036168133
54.27499999999953,59,80,1,0.022500000000000003,0.1,59.68913285542367,640.0,4.0,54.25751221896336,17.487781036168133
54.29999999999953,43,80,0,0.03,0.1,55.19478468500529,640.0,3.0,54.28251221896336,17.487781036168133
54.29999999999953,79,80,1,0.022500000000000003,0.1,80.97869475327786,640.0,4.0,54.28251221896336,17.487781036168133
54.32499999999953,71,80,1,0.022500000000000003,0.1,71.62269008046324,640.0,4.0,54.30751221896336,17.487781036168133
54.33333333333286,47,80,0,0.03,0.1,59.3749781000486,640.0,3.0,54.31584555229669,17.487781036168133
54.349999999999525,50,80,1,0.022500000000000003,0.1,50.944773826403996,640.0,4.0,54.33251221896336,17.487781036168133
54.374999999999524,88,80,1,0.022500000000000003,0.1,88.28615252158033,640.0,4.0,54.35751221896336,17.487781036168133
54.39999999999952,21,80,0,0.03,0.1,12.788924269715913,640.0,3.0,54.382512218963356,17.487781036168133
54.39999999999952,64,80,1,0.022500000000000003,0.1,64.18552976985725,640.0,4.0,54.382512218963356,17.487781036168133
54.42499999999952,48,80,1,0.022500000000000003,0.1,49.310406349155386,640.0,4.0,54.407512218963355,17.487781036168133
54.433333333332854,36,80,0,0.03,0.1,49.662072860841405,640.0,3.0,54.41584555229669,17.487781036168133
54.44999999999952,81,80,1,0.022500000000000003,0.1,81.1572870557494,640.0,4.0,54.43251221896335,17.487781036168133
54.466666666666185,41,80,0,0.03,0.1,54.987904289842696,640.0,3.0,54.44917888563002,17.487781036168133
54.47499999999952,86,80,1,0.022500000000000003,0.1,86.5955530905401,640.0,4.0,54.45751221896335,17.487781036168133
54.49999999999952,67,80,0,0.03,0.1,79.26479409418663,640.0,3.0,54.48251221896335,17.487781036168133
54.49999999999952,59,80,1,0.022500000000000003,0.1,59.577276624389626,640.0,4.0,54.48251221896335,17.487781036168133
54.524999999999515,53,80,1,0.022500000000000003,0.1,53.553276667192364,640.0,4.0,54.50751221896335,17.487781036168133
54.53333333333285,33,80,0,0.03,0.1,46.175966612708706,640.0,3.0,54.51584555229668,17.487781036168133
54.549999999999514,57,80,1,0.022500000000000003,0.1,57.793600544593126,640.0,4.0,54.53251221896335,17.487781036168133
54.56666666666618,50,80,0,0.03,0.1,62.08379671167888,640.0,3.0,54.54917888563001,17.487781036168133
54.57499999999951,69,80,1,0.022500000000000003,0.1,69.14856611222656,640.0,4.0,54.557512218963346,17.487781036168133
54.59999999999951,67,80,0,0.03,0.1,79.13638796461872,640.0,3.0,54.582512218963345,17.487781036168133
54.59999999999951,76,80,1,0.022500000000000003,0.1,76.35656518439058,640.0,4.0,54.582512218963345,17.487781036168133
54.63333333333284,31,80,0,0.03,0.1,43.19400281667491,640.0,3.0,54.615845552296676,17.487781036168133
54.64999999999951,60,80,1,0.022500000000000003,0.1,61.30205706843866,640.0,4.0,54.63251221896334,17.487781036168133
54.666666666666174,53,80,0,0.03,0.1,65.04288289106435,640.0,3.0,54.64917888563001,17.487781036168133
54.67499999999951,79,80,1,0.022500000000000003,0.1,79.17455065989668,640.0,4.0,54.65751221896334,17.487781036168133
54.699999999999505,36,80,0,0.03,0.1,49.73092052563814,640.0,3.0,54.68251221896334,17.487781036168133
54.699999999999505,55,80,1,0.022500000000000003,0.1,55.99569314494052,640.0,4.0,54.68251221896334,17.487781036168133
54.724999999999504,72,80,1,0.022500000000000003,0.1,73.19576753109641,640.0,4.0,54.70751221896334,17.487781036168133
54.73333333333284,41,80,0,0.03,0.1,53.5406880986978,640.0,3.0,54.71584555229667,17.487781036168133
54.7499999999995,55,80,1,0.022500000000000003,0.1,56.312796181103636,640.0,4.0,54.732512218963336,17.487781036168133
54.76666666666617,36,80,0,0.03,0.1,49.720181325397576,640.0,3.0,54.74917888563,17.487781036168133
54.7749999999995,65,80,1,0.022500000000000003,0.1,65.51709386253944,640.0,4.0,54.757512218963335,17.487781036168133
54.7999999999995,38,80,0,0.03,0.1,50.63222645227666,640.0,3.0,54.78251221896333,17.487781036168133
54.7999999999995,57,80,1,0.022500000000000003,0.1,58.54639917068222,640.0,4.0,54.78251221896333,17.487781036168133
54.8249999999995,59,80,1,0.022500000000000003,0.1,59.28509206204402,640.0,4.0,54.80751221896333,17.487781036168133
54.83333333333283,81,80,0,0.03,0.1,94.84047549320312,640.0,3.0,54.815845552296665,17.487781036168133
54.8499999999995,55,80,1,0.022500000000000003,0.1,55.169452576483714,640.0,4.0,54.83251221896333,17.487781036168133
54.86666666666616,57,80,0,0.03,0.1,70.80903516251732,640.0,3.0,54.849178885629996,17.487781036168133
54.874999999999496,77,80,1,0.022500000000000003,0.1,77.21413159911289,640.0,4.0,54.85751221896333,17.487781036168133
54.899999999999494,62,80,0,0.03,0.1,74.10224463086348,640.0,3.0,54.88251221896333,17.487781036168133
54.899999999999494,50,80,1,0.022500000000000003,0.1,50.61854671221075,640.0,4.0,54.88251221896333,17.487781036168133
54.933333333332826,53,80,0,0.03,0.1,66.29751663150715,640.0,3.0,54.91584555229666,17.487781036168133
54.94999999999949,86,80,1,0.022500000000000003,0.1,87.1487176428174,640.0,4.0,54.932512218963325,17.487781036168133
54.96666666666616,26,80,0,0.03,0.1,39.43991310845493,640.0,3.0,54.94917888562999,17.487781036168133
54.97499999999949,72,80,1,0.022500000000000003,0.1,72.51644882757545,640.0,4.0,54.95751221896332,17.487781036168133
54.99999999999949,53,80,0,0.03,0.1,65.05546202013834,640.0,3.0,54.98251221896332,17.487781036168133
54.99999999999949,29,80,1,0.022500000000000003,0.1,29.470544656729132,640.0,4.0,54.98251221896332,17.487781036168133
55.02499999999949,52,80,1,0.022500000000000003,0.1,52.764688138106834,640.0,4.0,55.00751221896332,17.487781036168133
55.03333333333282,60,80,0,0.03,0.1,73.73349906569403,640.0,3.0,55.01584555229665,17.487781036168133
55.049999999999486,36,80,1,0.022500000000000003,0.1,36.806536479205704,640.0,4.0,55.03251221896332,17.487781036168133
55.074999999999484,47,80,1,0.022500000000000003,0.1,47.83115912428473,640.0,4.0,55.05751221896332,17.487781036168133
55.09999999999948,60,80,0,0.03,0.1,72.35618133966241,640.0,3.0,55.082512218963316,17.487781036168133
55.09999999999948,21,80,1,0.022500000000000003,0.1,19.827012272204286,640.0,4.0,55.082512218963316,17.487781036168133
55.12499999999948,57,80,1,0.022500000000000003,0.1,58.24653340551754,640.0,4.0,55.107512218963315,17.487781036168133
55.14999999999948,45,80,1,0.022500000000000003,0.1,45.38314471473521,640.0,4.0,55.13251221896331,17.487781036168133
55.166666666666146,71,80,0,0.03,0.1,83.70611257361497,640.0,3.0,55.14917888562998,17.487781036168133
55.17499999999948,60,80,1,0.022500000000000003,0.1,60.766787286994415,640.0,4.0,55.15751221896331,17.487781036168133
55.19999999999948,41,80,0,0.03,0.1,54.65237743982568,640.0,3.0,55.18251221896331,17.487781036168133
55.19999999999948,38,80,1,0.022500000000000003,0.1,39.19844788630368,640.0,4.0,55.18251221896331,17.487781036168133
55.224999999999476,60,80,1,0.022500000000000003,0.1,61.061271720602114,640.0,4.0,55.20751221896331,17.487781036168133
55.23333333333281,33,80,0,0.03,0.1,45.950579426870696,640.0,3.0,55.21584555229664,17.487781036168133
55.249999999999474,53,80,1,0.022500000000000003,0.1,54.68907164005981,640.0,4.0,55.23251221896331,17.487781036168133
55.26666666666614,43,80,0,0.03,0.1,55.37116020003142,640.0,3.0,55.24917888562997,17.487781036168133
55.27499999999947,79,80,1,0.022500000000000003,0.1,79.22499795441402,640.0,4.0,55.257512218963306,17.487781036168133
55.29999999999947,65,80,0,0.03,0.1,78.37530871249439,640.0,3.0,55.282512218963305,17.487781036168133
55.29999999999947,77,80,1,0.022500000000000003,0.1,78.065367830344,640.0,4.0,55.282512218963305,17.487781036168133
55.32499999999947,69,80,1,0.022500000000000003,0.1,70.05242371853163,640.0,4.0,55.3075122189633,17.487781036168133
55.3333333333328,24,80,0,0.03,0.1,36.59640472522287,640.0,3.0,55.315845552296636,17.487781036168133
55.34999999999947,55,80,1,0.022500000000000003,0.1,55.81934360753648,640.0,4.0,55.3325122189633,17.487781036168133
55.366666666666134,21,80,0,0.03,0.1,33.52479084248279,640.0,3.0,55.34917888562997,17.487781036168133
55.37499999999947,84,80,1,0.022500000000000003,0.1,85.41286905933175,640.0,4.0,55.3575122189633,17.487781036168133
55.399999999999466,48,80,0,0.03,0.1,61.14425957032465,640.0,3.0,55.3825122189633,17.487781036168133
55.399999999999466,40,80,1,0.022500000000000003,0.1,40.1211484436503,640.0,4.0,55.3825122189633,17.487781036168133
55.424999999999464,41,80,1,0.022500000000000003,0.1,42.03444954158512,640.0,4.0,55.4075122189633,17.487781036168133
55.44999999999946,57,80,1,0.022500000000000003,0.1,58.92757632141997,640.0,4.0,55.432512218963296,17.487781036168133
55.46666666666613,48,80,0,0.03,0.1,60.098917032648764,640.0,3.0,55.44917888562996,17.487781036168133
55.47499999999946,88,80,1,0.022500000000000003,0.1,88.85168779419033,640.0,4.0,55.457512218963295,17.487781036168133
55.49999999999946,60,80,0,0.03,0.1,72.09999067181907,640.0,3.0,55.48251221896329,17.487781036168133
55.49999999999946,57,80,1,0.022500000000000003,0.1,57.41006199206288,640.0,4.0,55.48251221896329,17.487781036168133
55.53333333333279,40,80,0,0.03,0.1,52.92711236967869,640.0,3.0,55.515845552296625,17.487781036168133
55.54999999999946,41,80,1,0.022500000000000003,0.1,41.54354744176884,640.0,4.0,55.53251221896329,17.487781036168133
55.56666666666612,24,80,0,0.03,0.1,36.025525364088054,640.0,3.0,55.549178885629956,17.487781036168133
55.574999999999456,72,80,1,0.022500000000000003,0.1,72.10789869146085,640.0,4.0,55.55751221896329,17.487781036168133
55.599999999999454,74,80,0,0.03,0.1,86.16936393215929,640.0,3.0,55.58251221896329,17.487781036168133
55.62499999999945,69,80,1,0.022500000000000003,0.1,70.10016257791885,640.0,4.0,55.607512218963286,17.487781036168133
55.633333333332786,35,80,0,0.03,0.1,47.235477920783666,640.0,3.0,55.61584555229662,17.487781036168133
55.64999999999945,50,80,1,0.022500000000000003,0.1,51.94597538755376,640.0,4.0,55.632512218963285,17.487781036168133
55.66666666666612,33,80,0,0.03,0.1,46.44432483824515,640.0,3.0,55.64917888562995,17.487781036168133
55.69999999999945,62,80,0,0.03,0.1,74.12761617564924,640.0,3.0,55.68251221896328,17.487781036168133
55.69999999999945,43,80,1,0.022500000000000003,0.1,43.44803519481638,640.0,4.0,55.68251221896328,17.487781036168133
55.72499999999945,60,80,1,0.022500000000000003,0.1,61.07356802253995,640.0,4.0,55.70751221896328,17.487781036168133
55.749999999999446,45,80,1,0.022500000000000003,0.1,46.17078618523518,640.0,4.0,55.73251221896328,17.487781036168133
55.76666666666611,47,80,0,0.03,0.1,59.18860989395442,640.0,3.0,55.749178885629945,17.487781036168133
55.774999999999444,43,80,1,0.022500000000000003,0.1,44.92906873280911,640.0,4.0,55.75751221896328,17.487781036168133
55.79999999999944,53,80,0,0.03,0.1,66.17971358797207,640.0,3.0,55.78251221896328,17.487781036168133
55.833333333332774,60,80,0,0.03,0.1,73.86986371980794,640.0,3.0,55.81584555229661,17.487781036168133
55.84999999999944,53,80,1,0.022500000000000003,0.1,53.113874831078974,640.0,4.0,55.832512218963274,17.487781036168133
55.866666666666106,43,80,0,0.03,0.1,55.73170312727332,640.0,3.0,55.84917888562994,17.487781036168133
55.87499999999944,65,80,1,0.022500000000000003,0.1,65.97049083955534,640.0,4.0,55.85751221896327,17.487781036168133
55.89999999999944,67,80,0,0.03,0.1,79.45538567570303,640.0,3.0,55.88251221896327,17.487781036168133
55.89999999999944,60,80,1,0.022500000000000003,0.1,61.011811867523576,640.0,4.0,55.88251221896327,17.487781036168133
55.924999999999436,55,80,1,0.022500000000000003,0.1,56.311602809457696,640.0,4.0,55.90751221896327,17.487781036168133
55.93333333333277,21,80,0,0.03,0.1,32.66176193619449,640.0,3.0,55.9158455522966,17.487781036168133
55.949999999999434,62,80,1,0.022500000000000003,0.1,62.34256548238697,640.0,4.0,55.93251221896327,17.487781036168133
55.9666666666661,57,80,0,0.03,0.1,69.7252766329994,640.0,3.0,55.949178885629934,17.487781036168133
55.97499999999943,47,80,1,0.022500000000000003,0.1,47.30845387386071,640.0,4.0,55.95751221896327,17.487781036168133
56.0,63,69,0,0.013152061080543809,0.014613401200604233,63.61445982827121,557.5282483037997,1.0,55.98079178885631,19.208211143695017
55.99999999999943,36,80,0,0.03,0.1,49.25404725737398,640.0,3.0,55.982512218963265,17.487781036168133
55.99999999999943,60,80,1,0.022500000000000003,0.1,61.34756638604388,640.0,4.0,55.982512218963265,17.487781036168133
56.0,59,89,1,0.009000000000000001,0.002409317644990615,59.73170122853083,718.020177565943,1.4142135623730951,55.98391984359726,16.080156402737046
56.01,85,57,1,0.028501236401533164,0.04478537229272217,85.40339453085514,458.731036398192,1.4142135623730951,55.988914956011726,21.085043988269796
56.014613401200606,66,95,0,0.010538430732260334,0.01170936748028926,66.49434518677569,762.5480094488255,1.0,55.999471661220156,15.141739980449657
56.02632276868089,45,66,0,0.04526970035783516,0.05029966706426129,45.16532563983422,530.1986793725358,1.0,56.00664534932605,19.67741935483871
56.04166804044615,67,75,1,0.011166640448736106,0.01754668263194065,67.06002091203845,604.4218308625341,1.4142135623730951,56.02339824572474,18.269794721407624
56.05407541872252,42,93,1,0.009000000000000001,0.003462838734560487,42.54756281633115,747.7035742946529,1.4142135623730951,56.03862087326797,15.454545454545453
56.06407541872252,55,69,1,0.009000000000000001,0.004370185003358658,55.99757685901235,555.702822522439,1.4142135623730951,56.044867207578825,19.208211143695017
56.074075418722515,59,85,1,0.009000000000000001,0.0019359431256201016,59.51538952862961,686.0734388932001,1.4142135623730951,56.05736965137159,16.705767350928642
56.07662243574515,103,99,0,0.009000000000000001,0.0002794329577496313,103.4472626400999,795.203737941494,1.0,56.06210630671289,14.516129032258064
56.08407541872251,86,75,1,0.009000000000000001,0.012639773973316268,86.95624671844038,605.2465572706709,1.4142135623730951,56.06580562400111,18.269794721407624
56.08662243574515,69,66,0,0.009000000000000001,0.003230215267282605,69.58246578274021,530.8764345185118,1.0,56.06694501639031,19.67741935483871
56.09407541872251,46,56,1,0.009000000000000001,0.0032077390733069684,46.47872518914473,451.93689513940524,1.4142135623730951,56.07283397199719,21.241446725317694
56.09662243574515,80,79,0,0.0097017955106692,0.010779772789632444,80.71345875006513,636.8800768693601,1.0,56.07897825197193,17.64418377321603
56.10407541872251,68,63,1,0.011821451646304968,0.018575619161269156,68.88741906541462,504.4185102259919,1.4142135623730951,56.083928791156524,20.146627565982406
56.10740220853478,50,86,0,0.02169900021274129,0.02411000023637921,50.26704206239012,690.3098802411769,1.0,56.0908528439209,16.549364613880744
56.11721036499618,21,94,1,0.009000000000000001,0.0054959612013075615,-3.6998962970365454,754.2895625324995,1.4142135623730951,56.101912222278685,15.298142717497555
56.12721036499618,28,90,1,0.009323101932688,0.014649841329549095,28.844051195214327,722.1980811409328,1.4142135623730951,56.11128661133049,15.923753665689148
56.131512208771156,83,67,0,0.020023232940007123,0.022248036600007914,83.37896086310232,537.2861577755108,1.0,56.11199119215337,19.521016617790814
56.13756936714361,35,77,1,0.011951074485782264,0.018779301803027046,35.7133932836418,618.998873947777,1.4142135623730951,56.1196123778963,17.956989247311828
56.15376024537117,48,63,0,0.010663322535917712,0.01184813615101968,48.196332228412075,507.0035565869371,1.0,56.13361361780518,20.146627565982406
56.15084833879448,31,111,1,0.009000000000000001,0.005510886279512491,31.650661257398824,892.4689344854316,1.4142135623730951,56.138209042606796,12.639296187683286
56.16084833879448,62,103,1,0.016059021179496223,0.025234317278311484,62.090549263343306,828.9976113636793,1.4142135623730951,56.14695782071041,13.890518084066471
56.16560838152218,32,110,0,0.009000000000000001,0.00968040626947723,32.568548619525615,883.4925090140188,1.0,56.15281268259745,12.795698924731184
56.17560838152218,38,99,0,0.009000000000000001,0.0026166241778099912,38.62069762212901,793.6629187286976,1.0,56.16109225248992,14.516129032258064
56.18560838152218,75,50,0,0.055964655544175484,0.06218295060463943,75.85010246259148,405.88254718349884,1.0,56.16342851837457,22.179863147605083
56.192847817507975,93,102,1,0.009000000000000001,0.007644875979220433,93.14223753123115,819.5608015530825,1.4142135623730951,56.17880089668686,14.04692082111437
56.20284781750797,60,81,1,0.022956277151185627,0.03607230943200257,60.84341339090093,654.6226252514376,1.4142135623730951,56.185516439208854,17.331378299120235
56.2283547921204,63,65,1,0.011312594099425666,0.017776026667810696,63.89311001390938,524.3459047355675,1.4142135623730951,56.20852097002851,19.83382209188661
56.24092434111976,36,89,1,0.009000000000000001,0.00847703313880959,36.852076320249544,717.0252541533597,1.4142135623730951,56.22484418471702,16.080156402737046
56.247791332126816,56,81,0,0.011967136038109904,0.013296817820122115,56.463356765849085,650.6982392976622,1.0,56.2304599538277,17.331378299120235
56.250924341119756,53,63,1,0.009000000000000001,0.004455604624063596,53.2179988051924,510.6107570911496,1.4142135623730951,56.23077771355377,20.146627565982406
56.260924341119754,49,69,1,0.041307966381624074,0.06490920698993849,49.85620731318908,553.0030526044716,1.4142135623730951,56.24171612997606,19.208211143695017
56.261088149946936,65,92,0,0.027899068857355387,0.03099896539706154,65.97208989003309,740.0548492166387,1.0,56.24547720175534,15.610948191593351
56.292087115343996,46,108,0,0.014929362120814997,0.016588180134238885,46.31392337212584,871.1672474675186,1.0,56.27897861094517,13.10850439882698
56.30867529547824,59,74,0,0.02338335246893303,0.025981502743258923,59.1146651263463,598.9765281006668,1.0,56.290249098019785,18.426197458455523
56.30682208154378,87,92,1,0.009000000000000001,0.002044527544735097,87.19352259857214,739.0301883938375,1.4142135623730951,56.291211133352185,15.610948191593351
56.316822081543776,63,85,1,0.009000000000000001,0.005266403002626586,63.46132216494405,680.8080798957275,1.4142135623730951,56.30011631419285,16.705767350928642
56.326822081543774,81,104,1,0.01197787394482362,0.01882141309018321,81.39096508293186,835.405212387809,1.4142135623730951,56.313087966196754,13.734115347018573
56.334656798221495,45,78,0,0.009000000000000001,0.005569156020837904,45.97691928766845,625.6683625770486,1.0,56.31685621171123,17.80058651026393
56.34465679822149,68,55,0,0.009000000000000001,0.007272354006227148,68.56728233748642,444.31648737479037,1.0,56.323258948759126,21.397849462365592
56.34013083037136,89,86,1,0.019483575752665155,0.030615485636602942,89.29879001685437,689.4682797035016,1.4142135623730951,56.32358146575748,16.549364613880744
56.35465679822149,58,80,0,0.03447914459981116,0.038310160666456844,58.790401185623466,640.1183567355133,1.0,56.337169017185325,17.487781036168133
56.36177924787432,86,50,1,0.009000000000000001,0.008428004488211458,86.37153769625284,402.82605242059236,1.4142135623730951,56.33959938472671,22.179863147605083
56.371779247874315,71,61,1,0.04608723239795581,0.07241909901047756,71.73251282191026,491.4468861645996,1.4142135623730951,56.351319814834234,20.459433040078203
56.392966958887946,49,76,0,0.013195991517706401,0.014662212797451557,49.22083821709338,615.2109540439834,1.0,56.37485356690359,18.113391984359726
56.4076291716854,85,73,0,0.009000000000000001,0.007902254097280858,85.50647038869118,587.3655112678799,1.0,56.3890465714899,18.58260019550342
56.4176291716854,55,56,0,0.03506422243799941,0.038960247153332676,55.86009517446105,449.32868836640455,1.0,56.39638772496008,21.241446725317694
56.42298728387205,52,79,1,0.009000000000000001,0.009530222506249127,52.04637351128967,638.3976119501916,1.4142135623730951,56.40534310009883,17.64418377321603
56.432987283872045,70,74,1,0.009000000000000001,0.0021335175576873825,70.76152839671076,597.5381626940963,1.4142135623730951,56.41456108641359,18.426197458455523
56.44298728387204,27,112,1,0.009000000000000001,0.002924455177150421,27.536943209822738,896.5853947991664,1.4142135623730951,56.430504390421405,12.482893450635387
56.45298728387204,25,57,1,0.05022697790252152,0.07892408149639965,25.01337389286718,457.3931393303062,1.4142135623730951,56.43190223988377,21.085043988269796
56.45658941883873,37,58,0,0.01303020375645666,0.014478004173840733,37.50837221197626,471.84580363086695,1.0,56.43566077758751,20.928641251221897
56.47106742301257,55,111,0,0.009975497469770995,0.011083886077523327,55.622472302818636,889.134742999494,1.0,56.458428126824884,12.639296187683286
56.48215130909009,108,72,0,0.027976016112647252,0.031084462347385836,108.59685457190034,579.5353895215756,1.0,56.463412306157544,18.73900293255132
56.508795037097066,48,82,1,0.012357347672125133,0.019417698525421065,48.34102568619649,657.7734970375711,1.4142135623730951,56.491620061534995,17.174975562072337
56.52252542339943,44,63,1,0.009000000000000001,0.012649251057909941,44.79735276549888,510.7967152197237,1.4142135623730951,56.502378795833444,20.146627565982406
56.52323577143748,64,95,0,0.009000000000000001,0.004487905597937317,64.18875380026763,762.102456404185,1.0,56.50809403145703,15.141739980449657
56.533235771437475,66,69,0,0.03221566916955895,0.03579518796617661,66.70358020254011,554.7407895974335,1.0,56.51402756029378,19.208211143695017
56.53252542339943,72,91,1,0.013489777866652947,0.021197140902689995,72.11401652571193,728.3613532283653,1.4142135623730951,56.516758072470786,15.76735092864125
56.547514065473486,54,99,1,0.009000000000000001,0.008599858595525117,54.53469592612593,794.9560008514227,1.4142135623730951,56.53299793644123,14.516129032258064
56.557514065473484,36,108,1,0.016259407634029947,0.025549194213553103,36.67839310147866,867.9775768643017,1.4142135623730951,56.544405561074655,13.10850439882698
56.569030959403655,55,67,0,0.05058543142536656,0.05620603491707395,55.65999877442755,540.6300101902373,1.0,56.54950994278587,19.521016617790814
56.57558007395574,29,52,1,0.009000000000000001,0.002700202027741729,29.514978158713276,421.0752084814671,1.4142135623730951,56.55371301628223,21.867057673509287
56.58558007395574,74,107,1,0.009000000000000001,0.0090785644774727,74.70338262210498,859.7653144564163,1.4142135623730951,56.57231516681986,13.264907135874878
56.59558007395574,76,56,1,0.009000000000000001,0.011427837027180778,76.30226114132915,450.03233578326666,1.4142135623730951,56.57433862723042,21.241446725317694
56.615580073955734,63,87,1,0.009000000000000001,0.00018550223955258208,63.25759302209045,696.8262897234051,1.4142135623730951,56.5991871120789,16.392961876832846
56.62523699432073,62,83,0,0.041403471369313674,0.046003857077015195,62.40695334016893,666.0555669185019,1.0,56.60821842149571,17.01857282502444
56.62558007395573,46,110,1,0.02079124878669388,0.03267029556979516,46.285185488297955,886.7632759186258,1.4142135623730951,56.612784375031,12.795698924731184
56.6486814614965,83,105,1,0.009000000000000001,0.005093849085729415,83.18811134274371,844.6523619141092,1.4142135623730951,56.63510374888653,13.577712609970675
56.6586814614965,69,57,1,0.02029964723378272,0.03189781825489445,69.13814029795039,460.00137480844404,1.4142135623730951,56.63759641750823,21.085043988269796
56.67124085139775,54,63,0,0.009000000000000001,0.009747783515735903,54.865069699498804,511.74715712792,1.0,56.65109422383176,20.146627565982406
56.681240851397746,65,65,0,0.016507821481182954,0.018342023867981058,65.5214497052016,526.6226815201254,1.0,56.661407029305856,19.83382209188661
56.68123662508959,97,72,1,0.009000000000000001,0.011388398827699112,97.09616941407987,578.3981278274673,1.4142135623730951,56.66249762215704,18.73900293255132
56.69123662508959,67,50,1,0.014999167307768773,0.02356891758994416,67.09017904801829,407.41508121585395,1.4142135623730951,56.66905676194198,22.179863147605083
56.699582875265726,27,51,0,0.042052465603650294,0.046724961781833656,27.692622658075067,414.3155969178264,1.0,56.67755941485517,22.023460410557185
56.70790236654266,64,108,1,0.015808293021854228,0.024840335988304676,64.45720054485516,869.2310265623344,1.4142135623730951,56.69479386214383,13.10850439882698
56.72546713656694,61,89,1,0.01486610563640359,0.0233598313451923,61.095103919708734,714.8363259299437,1.4142135623730951,56.709386980164204,16.080156402737046
56.7419850317185,55,74,1,0.04139302089295439,0.06504285726045442,55.924320667747224,599.0215870520478,1.4142135623730951,56.72355883426005,18.426197458455523
56.74630783704756,48,64,0,0.009000000000000001,0.0033420593868181783,48.13916282009507,516.3651209350268,1.0,56.72631761221862,19.990224828934508
56.75630783704756,24,104,0,0.009125909998510005,0.01013989999834445,24.432275012980902,836.2327616292695,1.0,56.74257372170054,13.734115347018573
56.7664477370459,40,93,0,0.016807702990360114,0.01867522554484457,40.152465609993,746.9960541946377,1.0,56.750993191591355,15.454545454545453
56.78512296259075,63,99,0,0.009000000000000001,0.0027302811572933895,63.86146090077749,793.183692980849,1.0,56.77060683355849,14.516129032258064
56.787977277155115,86,108,1,0.009000000000000001,0.006049902348238316,86.93117573353143,868.3869747615009,1.4142135623730951,56.774868772756285,13.10850439882698
56.79797727715511,70,76,1,0.015513892699445529,0.024377730511952016,70.29121722658223,613.3369903079024,1.4142135623730951,56.779863885170755,18.113391984359726
56.795122962590746,21,103,0,0.009000000000000001,0.004316366299935657,16.52179631196026,829.4069573374284,1.0,56.78123244450668,13.890518084066471
56.805122962590744,35,85,0,0.009000000000000001,0.0020294707187081163,35.88057803760271,682.8224411923943,1.0,56.788417195239816,16.705767350928642
56.81521493571005,59,63,1,0.00961871007946987,0.015114344718801204,59.264253471541494,508.34332185269636,1.4142135623730951,56.79506830814407,20.146627565982406
56.81512296259074,73,77,0,0.009000000000000001,0.002298344819250527,73.32215278659808,617.3038269336267,1.0,56.79716597334343,17.956989247311828
56.82590239135391,87,50,1,0.009000000000000001,0.0027899464285342118,87.91664445507305,400.07887228902837,1.4142135623730951,56.8037225282063,22.179863147605083
56.82512296259074,66,107,0,0.009039746691133374,0.010044162990148193,66.73529680278449,863.7114182413811,1.0,56.81185805545486,13.264907135874878
56.835902391353905,52,68,1,0.01209177273559145,0.0190003877731185,52.95984324867031,548.9381657613967,1.4142135623730951,56.816537777473165,19.364613880742915
56.83516712558089,108,93,0,0.009936495503531527,0.011040550559479475,124.33221291919789,744.6148681814759,1.0,56.81971258012634,15.454545454545453
56.84933769439345,49,74,1,0.009000000000000001,0.012327663651547752,49.31165292008278,598.9786386478846,1.4142135623730951,56.830911496934995,18.426197458455523
56.859337694393446,21,68,1,0.010719400255897888,0.016843912469329356,9.187879488117204,547.9066813756799,1.4142135623730951,56.839973080512706,19.364613880742915
56.856207676140365,40,89,0,0.009000000000000001,0.008577357021913232,40.603472202044685,716.8895197716253,1.0,56.84012751973763,16.080156402737046
56.86620767614036,54,105,0,0.028638343093576057,0.03182038121508451,54.0276547442153,843.8767547069931,1.0,56.85262996353039,13.577712609970675
56.87124813912222,59,105,1,0.009000000000000001,0.0010407026102864736,59.75425445238661,847.8595873740007,1.4142135623730951,56.85767042651225,13.577712609970675
56.88124813912222,100,97,1,0.011236209563791625,0.017655999949755995,100.47963248802954,778.1658932400795,1.4142135623730951,56.866419204615866,14.82893450635386
56.89373281641532,43,79,1,0.014452134907090946,0.022709339100948498,43.43661989882653,638.9386528265288,1.4142135623730951,56.87608863264211,17.64418377321603
56.89802805735545,87,72,0,0.0426884186585798,0.047431576287310886,87.86898412219269,583.1265029992371,1.0,56.8792890544229,18.73900293255132
56.90979074408987,29,107,1,0.009000000000000001,0.008428698777060721,29.112466457261732,859.8017097107183,1.4142135623730951,56.89652583695399,13.264907135874878
56.919790744089866,70,111,1,0.023524094180516698,0.036964547814031905,70.74942860539018,894.592082183048,1.4142135623730951,56.90715144790218,12.639296187683286
56.94592862651266,68,64,1,0.019778449990600046,0.031078835799360667,68.10782198236772,515.4701796103668,1.4142135623730951,56.92593840168372,19.990224828934508
56.945459633642756,49,87,0,0.012422288392680654,0.01380254265853406,49.52241476568802,703.158473687266,1.0,56.92906667176592,16.392961876832846
56.95926217630129,60,79,0,0.009000000000000001,0.006812551946452041,60.176389811153996,632.3921029687504,1.0,56.94161799252807,17.64418377321603
56.969262176301285,82,80,0,0.08095920276995129,0.08995466974439033,82.0995807811199,646.7501820363084,1.0,56.95177439526512,17.487781036168133
56.97790468205777,59,64,1,0.009000000000000001,0.005265176966269,59.31406196133425,519.3573419675317,1.4142135623730951,56.95791445722883,19.990224828934508
56.98790468205777,50,85,1,0.011175158115576568,0.017560066854124604,50.373281489689695,682.7821627839771,1.4142135623730951,56.97119891470684,16.705767350928642
57.000321524408406,51,61,1,0.009000000000000001,0.001209787612025148,51.16969876452099,492.8020319777166,1.4142135623730951,56.979862091368325,20.459433040078203
57.010321524408404,33,76,1,0.014999411450146735,0.023569301222679785,33.38924209414775,608.03511777664,1.4142135623730951,56.99220813242405,18.113391984359726
57.026987537130786,38,58,1,0.009000000000000001,0.0014713363639569236,38.562012059558455,464.4686527099086,1.4142135623730951,57.00605889587956,20.928641251221897
57.036987537130784,59,103,1,0.009000000000000001,0.004108853977880587,59.17964810806826,829.7638526237449,1.4142135623730951,57.023097019046716,13.890518084066471
57.04698753713078,47,67,1,0.02467734932072587,0.038776713436432235,47.84799449925058,536.2232205544158,1.4142135623730951,57.027466520512995,19.521016617790814
57.05921684604568,92,98,0,0.009000000000000001,0.0029474923909070553,92.67857367160204,788.4301634491408,1.0,57.04454431427637,14.672531769305962
57.06921684604568,61,94,0,0.020977878845262813,0.023308754272514234,61.36008705772012,754.0118919989559,1.0,57.05391870332818,15.298142717497555
57.07440681415381,83,95,1,0.009000000000000001,0.011949498172112747,83.89476393660587,760.9265802665561,1.4142135623730951,57.05926507417336,15.141739980449657
57.08440681415381,81,102,1,0.04788789448409233,0.07524856650321678,81.19166893108296,823.1743899332116,1.4142135623730951,57.07035989333269,14.04692082111437
57.09252560031819,52,110,0,0.009000000000000001,0.0043998257622821285,52.47051064656365,887.802484294556,1.0,57.079729901393456,12.795698924731184
57.10252560031819,53,105,0,0.027370043682281003,0.03041115964697889,53.768342200927336,846.6180736049733,1.0,57.088947887708215,13.577712609970675
57.13293675996517,108,84,0,0.02936066281837216,0.03262295868708018,110.34468453612783,672.6814260668209,1.0,57.11607458987719,16.86217008797654
57.1376155858028,72,109,1,0.010831248774790239,0.01701966546082814,72.39736907519604,877.0079020595936,1.4142135623730951,57.12466348414102,12.952101661779082
57.14965030666367,48,62,1,0.009000000000000001,0.010731037964320289,48.8526734434477,498.1078255851476,1.4142135623730951,57.12934727636064,20.303030303030305
57.15965030666367,80,78,1,0.009000000000000001,0.011915081473900233,80.34192763702026,626.5073751900942,1.4142135623730951,57.14184972015341,17.80058651026393
57.16555971865225,74,96,0,0.009000000000000001,0.000788459138581821,74.33528080395645,772.7515426763864,1.0,57.150574381408845,14.985337243401759
57.16965030666367,53,96,1,0.020063234113682975,0.031526330876263345,53.565054983571656,775.8994722593543,1.4142135623730951,57.15466496942027,14.985337243401759
57.175559718652245,60,80,0,0.009502224964638905,0.010558027738487671,60.94705393113851,645.905661161228,1.0,57.15807193761608,17.487781036168133
57.186117746390735,108,67,0,0.009000000000000001,0.002827311874931026,112.99196767994323,539.3568575705744,1.0,57.16659672977295,19.521016617790814
57.19194278901221,49,70,1,0.009000000000000001,0.0014970836768991981,49.37598094456231,560.3822070108502,1.4142135623730951,57.172890980605565,19.05180840664712
57.19611774639073,48,86,0,0.009000000000000001,0.002594827142038382,48.645083889375464,695.2948288692925,1.0,57.17956838177685,16.549364613880744
57.20611774639073,42,59,0,0.012717898188848956,0.01413099798760995,42.928639680026954,476.9870648719145,1.0,57.185345507876555,20.772238514174
57.20194278901221,34,103,1,0.009000000000000001,0.007344658092344482,34.452827061609085,830.3022451748548,1.4142135623730951,57.18805227092814,13.890518084066471
57.211942789012205,69,107,1,0.009000000000000001,0.008900674391926374,69.16122842016085,858.5108559402782,1.4142135623730951,57.19867788187633,13.264907135874878
57.2219427890122,43,50,1,0.009000000000000001,0.009463009444304086,43.3724494067978,401.8725473556424,1.4142135623730951,57.1997629258646,22.179863147605083
57.2419427890122,21,60,1,0.009000000000000001,0.0074569911006561514,21.946510899217216,487.61214618305763,1.4142135623730951,57.22132695323507,20.6158357771261
57.243926369338105,77,101,0,0.03753574012834445,0.041706377920382724,77.80340979546645,812.835722989739,1.0,57.22972304577994,14.203323558162268
57.2519427890122,75,109,1,0.01422744700829452,0.02235627613008292,75.14439772772386,873.3955861408103,1.4142135623730951,57.238990687350416,12.952101661779082
57.27775106346586,56,55,1,0.0101397202869592,0.015933033276097016,56.0052957727215,440.0162848829683,1.4142135623730951,57.25635321400349,21.397849462365592
57.289017419340254,63,107,1,0.009000000000000001,0.004162606432278618,63.86678301254826,863.9845308935223,1.4142135623730951,57.27575251220438,13.264907135874878
57.29901741934025,96,104,1,0.009000000000000001,0.008398962032168385,96.8913074611632,834.9061829069615,1.4142135623730951,57.28528330399323,13.734115347018573
57.30358259342945,41,78,0,0.009000000000000001,0.0031129528007762834,41.104178095486105,624.1132910541123,1.0,57.285782006919185,17.80058651026393
57.30901741934025,78,102,1,0.009000000000000001,0.008939093960691152,78.06835994880652,823.8056871078246,1.4142135623730951,57.294970498519135,14.04692082111437
57.313582593429445,86,102,0,0.012404592720767939,0.013782880800853265,86.38725794481738,820.2247908194026,1.0,57.29953567260833,14.04692082111437
57.31901741934025,52,89,1,0.009000000000000001,0.0035487595059091413,52.000440131807906,712.1452003916348,1.4142135623730951,57.30293726293751,16.080156402737046
57.329017419340246,51,54,1,0.009000000000000001,0.0011318860574394349,51.46088212968294,435.40735069288223,1.4142135623730951,57.30746316714083,21.55425219941349
57.3273654742303,43,102,0,0.009000000000000001,0.005864769927155954,43.78665217567706,819.3285772462286,1.0,57.31331855340918,14.04692082111437
57.337365474230296,53,55,0,0.009000000000000001,0.0016401359274723253,53.87380424010729,441.463576254863,1.0,57.31596762476793,21.397849462365592
57.339017419340244,68,86,1,0.009000000000000001,0.007667862745263142,68.8344635557635,688.4610692998217,1.4142135623730951,57.322468054726365,16.549364613880744
57.34901741934024,58,53,1,0.018427953320195374,0.028956735013554002,58.71395099234734,430.2234614926351,1.4142135623730951,57.32730676440378,21.71065493646139
57.347365474230294,65,79,0,0.013859034219819365,0.015398926910910405,65.95823511577152,635.9686828776471,1.0,57.32972129045708,17.64418377321603
57.362764401141206,26,81,0,0.03219450681288469,0.03577167423653854,26.6757540259862,650.3674530720991,1.0,57.34543302284209,17.331378299120235
57.36949292302935,70,85,1,0.013199774007350888,0.020741443801617205,70.07972988529932,682.5866281119687,1.4142135623730951,57.35278715567842,16.705767350928642
57.38415933859307,60,71,1,0.009000000000000001,0.0089101561953813,60.5925063332558,569.3398022285155,1.4142135623730951,57.365263932923476,18.89540566959922
57.39415933859307,21,83,1,0.013505050881078432,0.02122114012951093,12.883850162848205,671.9468482463205,1.4142135623730951,57.37714076576805,17.01857282502444
57.39853607537774,38,71,0,0.009000000000000001,0.009130606706991012,38.5803835408175,572.2140231085941,1.0,57.379640669708145,18.89540566959922
57.409164950683156,22,103,1,0.01999239070849906,0.031415011204690244,22.31004420386435,825.5459411160723,1.4142135623730951,57.39527443259909,13.890518084066471
57.40853607537774,74,110,0,0.01597488891902826,0.017749876576698066,74.05291820012388,886.4283023551714,1.0,57.395740376453006,12.795698924731184
57.42628595195444,70,94,0,0.009000000000000001,0.00465210967425257,70.3336172174858,758.0467412449807,1.0,57.41098780923694,15.298142717497555
57.43137871813705,66,62,1,0.009000000000000001,0.012220201339546098,66.27028100652441,503.42051907178063,1.4142135623730951,57.411075687834014,20.303030303030305
57.441378718137045,84,78,1,0.009325029133199528,0.014652869632994444,84.0544625428443,626.6498693232714,1.4142135623730951,57.42357813162678,17.80058651026393
57.43628595195444,53,112,0,0.009000000000000001,0.007519522723704206,53.456149434602,896.8865513839658,1.0,57.4238030585038,12.482893450635387
57.45173986161838,50,55,1,0.012373824275617167,0.01944358900999915,50.062453612792254,447.76810381811856,1.4142135623730951,57.43034201215601,21.397849462365592
57.44628595195444,108,109,0,0.017621217910099754,0.01957913101122195,108.24644111607728,876.2456502171623,1.0,57.433333850292655,12.952101661779082
57.465488555257956,48,70,1,0.009000000000000001,0.007563320854609835,48.03364714381982,564.9079044281805,1.4142135623730951,57.44643674685131,19.05180840664712
57.46586508296566,21,73,0,0.02432194119238068,0.0270243791026452,20.74370474399467,585.1600877252611,1.0,57.447282482770156,18.58260019550342
57.475488555257954,41,97,1,0.010031516184959122,0.015763006933260444,41.68942360002924,778.4973797448278,1.4142135623730951,57.4606596207516,14.82893450635386
57.48663468435235,93,77,1,0.013215426170563952,0.020766038803279863,93.0611405507178,618.5390413787375,1.4142135623730951,57.46867769510504,17.956989247311828
57.4928894620683,53,82,0,0.009000000000000001,0.0003066568513480646,53.540746761810176,661.9965837323336,1.0,57.47571448650623,17.174975562072337
57.501318491208536,61,85,1,0.009000000000000001,0.001983792845287976,61.05027668255845,682.2209208269066,1.4142135623730951,57.48461272385761,16.705767350928642
57.502889462068296,70,106,0,0.009494742934634863,0.010549714371816515,70.92158768483418,855.7270017274196,1.0,57.48946815219537,13.421309872922777
57.513439176440116,60,73,0,0.009000000000000001,0.002645917359022154,60.58176582301145,584.4412607779445,1.0,57.494856576244615,18.58260019550342
57.511318491208534,68,90,1,0.02904689600040329,0.04564279363179016,68.80146605245952,723.4028301745484,1.4142135623730951,57.495394737542846,15.923753665689148
57.523439176440114,88,82,0,0.009000000000000001,0.008273573157888788,88.0862599528341,662.0188349337934,1.0,57.50626420087804,17.174975562072337
57.53343917644011,46,103,0,0.01145968192561224,0.012732979917346933,46.87718025802296,826.5067794939628,1.0,57.519548658356044,13.890518084066471
57.54359282009787,92,76,1,0.025462094171102463,0.040009821003548926,92.76686726139279,614.1713972174803,1.4142135623730951,57.52547942811351,18.113391984359726
57.54617215635746,69,77,0,0.022133612410998278,0.024592902678886974,69.69544236133117,617.7180644510178,1.0,57.52821516711015,17.956989247311828
57.57076505903635,43,53,0,0.009000000000000001,0.005235893854427825,43.33039331126952,425.0094104510932,1.0,57.549054404099884,21.71065493646139
57.57188403584354,50,75,1,0.009000000000000001,0.006038408083055903,50.28779716333948,607.5390645038996,1.4142135623730951,57.55361424112213,18.269794721407624
57.580765059036345,29,93,0,0.009017541331907564,0.010019490368786183,29.133994800961233,747.3358647984787,1.0,57.5653105135818,15.454545454545453
57.58188403584354,21,109,1,0.009000000000000001,0.002421833814012559,12.549283693093074,878.9096619066295,1.4142135623730951,57.568931934181755,12.952101661779082
57.59078454940513,42,65,0,0.019810453809971703,0.022011615344413003,42.042952440900606,522.3947595147124,1.0,57.57095072731324,19.83382209188661
57.591884035843535,55,84,1,0.009000000000000001,0.007770584442310035,55.07297774276657,673.9354053186098,1.4142135623730951,57.57502186575556,16.86217008797654
57.60188403584353,65,97,1,0.009000000000000001,0.0003637969339476145,65.95297542949932,782.1102419211543,1.4142135623730951,57.58705510133718,14.82893450635386
57.61188403584353,47,63,1,0.009000000000000001,0.013045183300878735,47.64857260557089,505.5191651043077,1.4142135623730951,57.591737408277545,20.146627565982406
57.61279616474954,64,70,0,0.009000000000000001,0.0007606772681565292,64.11383510168413,560.9233176006601,1.0,57.593744356342896,19.05180840664712
57.62279616474954,74,50,0,0.009000000000000001,0.0042449541639105115,74.0903502312071,404.50283213223764,1.0,57.60061630160193,22.179863147605083
57.62188403584353,63,68,1,0.009000000000000001,0.001158576326166587,63.4603677962143,544.4571579019059,1.4142135623730951,57.60251942196279,19.364613880742915
57.632796164749536,67,60,0,0.009000000000000001,0.0040274379973645295,67.46436178507659,483.27279429690066,1.0,57.61218032897241,20.6158357771261
57.63188403584353,107,84,1,0.009425228502570512,0.014810317752000752,107.94782700065113,674.6256356889471,1.4142135623730951,57.61502186575555,16.86217008797654
57.642356511957495,88,65,1,0.009000000000000001,0.004783026167110772,88.29673806220674,522.2537486722126,1.4142135623730951,57.622522689865605,19.83382209188661
57.642796164749534,35,86,0,0.010153506411861243,0.011281673790956936,35.89178805761224,695.0582111722354,1.0,57.626246800135654,16.549364613880744
57.65235651195749,68,61,1,0.009000000000000001,0.002211146227527214,68.41203592373051,493.2555062520299,1.4142135623730951,57.63189707891741,20.459433040078203
57.65407783854049,84,76,0,0.009000000000000001,0.005308219141126748,84.64910045226625,615.8664119214245,1.0,57.63596444655613,18.113391984359726
57.664077838540486,44,82,0,0.009000000000000001,0.009049545068875666,44.8602961462214,656.4413012547868,1.0,57.646902862978415,17.174975562072337
57.66235651195749,85,104,1,0.009000000000000001,0.0029258028172242647,85.20958886098654,836.5178007630684,1.4142135623730951,57.64862239661047,13.734115347018573
57.674077838540484,45,84,0,0.016853166089872952,0.018725740099858834,45.40816086796207,678.0286675957307,1.0,57.65721566845251,16.86217008797654
57.686756379369164,101,99,1,0.03708532875320012,0.05827397209760058,101.36814964060692,798.6197875114001,1.4142135623730951,57.672240250336905,14.516129032258064
57.692803578640344,51,77,0,0.009000000000000001,0.0059396505093346095,51.26612246814051,621.2456568340187,1.0,57.674846589393034,17.956989247311828
57.70280357864034,108,84,0,0.014055339585064818,0.015617043983405353,117.20296887952478,672.1000010568139,1.0,57.68594140855237,16.86217008797654
57.718420622623746,57,94,0,0.018174925390068177,0.020194361544520197,57.20628241293358,752.9683088558099,1.0,57.70312247990625,15.298142717497555
57.72796230020605,70,68,1,0.009000000000000001,0.00538829890500188,70.84091159737625,548.5402749389991,1.4142135623730951,57.70859768632531,19.364613880742915
57.73796230020605,74,61,1,0.009000000000000001,0.00834134261249412,74.5517741281989,492.97672269551333,1.4142135623730951,57.71750286716597,20.459433040078203
57.738614984168265,78,77,0,0.010313692484255062,0.011459658315838958,78.78489452644442,616.1356438940843,1.0,57.720657994920956,17.956989247311828
57.74796230020605,37,101,1,0.009000000000000001,0.0017657555663949836,37.00747421555309,810.0296828731268,1.4142135623730951,57.733758976647884,14.203323558162268
57.7500746424841,68,97,0,0.009000000000000001,0.007984903749764264,68.9963538799877,782.1228104261901,1.0,57.73524570797775,14.82893450635386
57.757962300206046,82,54,1,0.05181663641077956,0.08142198885408888,82.03063659749067,438.30990696482434,1.4142135623730951,57.73640804800663,21.55425219941349
57.7600746424841,63,76,0,0.011793595869066283,0.013103995410073647,63.082825613911034,613.9202853135265,1.0,57.74196125049974,18.113391984359726
57.773178637894176,45,55,0,0.009000000000000001,0.006021340827918893,45.808688666905304,445.1592801495365,1.0,57.75178078843181,21.397849462365592
57.783178637894174,36,88,0,0.011164917268554115,0.012405463631726794,36.85328951046081,706.2447535485417,1.0,57.76694207875439,16.236559139784944
57.795584101525904,58,97,0,0.018079630122080702,0.020088477913423,58.77318567656067,783.6391505268241,1.0,57.78075516701955,14.82893450635386
57.81553634066247,74,97,1,0.009000000000000001,0.009609320755121492,74.04171226521795,779.9985791654842,1.4142135623730951,57.800707406156114,14.82893450635386
57.81567257943933,73,104,0,0.03183049468225408,0.03536721631361564,73.22824085657135,832.7147025413431,1.0,57.80193846409231,13.734115347018573
57.835536340662465,55,111,1,0.009000000000000001,0.013556851273597919,55.59134480696177,894.5372327368523,1.4142135623730951,57.82289704447478,12.639296187683286
57.84553634066246,68,78,1,0.010590859351089874,0.016641929923885797,68.08823522157577,631.7557401792754,1.4142135623730951,57.8277357541522,17.80058651026393
57.851039795752946,57,59,0,0.009000000000000001,0.0052753445337649345,57.35684218121544,479.64151867472924,1.0,57.83026755723877,20.772238514174
57.85730396216368,37,57,1,0.00907188964245249,0.014255099298564798,37.44997227372604,456.7772719217469,1.4142135623730951,57.836218918175405,21.085043988269796
57.861039795752944,94,86,0,0.009000000000000001,0.008574284731914891,94.63920024311491,691.693116163874,1.0,57.844490431139064,16.549364613880744
57.87103979575294,21,81,0,0.01871427104993244,0.020793634499924933,15.121744918846012,654.9449741028051,1.0,57.853708417453824,17.331378299120235
57.87738383954418,39,103,1,0.013737426308937236,0.021586282886888897,39.59677913477716,826.1182624879555,1.4142135623730951,57.86349332146011,13.890518084066471
57.891833430252866,49,110,0,0.009000000000000001,0.0016610012068957122,49.707278383265574,885.648730153296,1.0,57.87903773132813,12.795698924731184
57.89264764655411,65,110,1,0.009000000000000001,0.01379573486576656,65.54321588868369,880.4277883923899,1.4142135623730951,57.879851947629376,12.795698924731184
57.90264764655411,57,90,1,0.010588595149671995,0.016638372074604564,57.47350522609679,724.2487987736021,1.4142135623730951,57.88672389288842,15.923753665689148
57.901833430252864,79,109,0,0.009000000000000001,0.0018810694291959056,79.38541748052116,879.1255861162516,1.0,57.88888132859108,12.952101661779082
57.914412752275965,28,50,1,0.009000000000000001,0.00043007756688466525,28.696633835366075,407.45513207740396,1.4142135623730951,57.89223288912836,22.179863147605083
57.91183343025286,78,77,0,0.009000000000000001,0.0014313476063800494,78.91035005990527,617.0355409079903,1.0,57.89387644100555,17.956989247311828
57.92183343025286,71,86,0,0.03561794935386637,0.03957549928207374,71.07272450592224,695.1495358777997,1.0,57.90528406563898,16.549364613880744
57.93441275227596,22,92,1,0.009000000000000001,0.002227980566424837,22.45310432102476,736.6957895579154,1.4142135623730951,57.91880180408437,15.610948191593351
57.94441275227596,55,59,1,0.009000000000000001,0.013600232944484243,55.588066072317076,476.9871755828419,1.4142135623730951,57.92364051376178,20.772238514174
57.95441275227596,42,89,1,0.009000000000000001,0.007093788680449759,42.79501750290062,714.0913022551775,1.4142135623730951,57.93833259587322,16.080156402737046
57.96140892953493,48,72,0,0.013422666040025778,0.01491407337780642,48.55186276028744,577.1328606638128,1.0,57.942669926602385,18.73900293255132
57.964412752275955,43,88,1,0.009000000000000001,0.011885811213803802,43.379162775479934,707.0155992243253,1.4142135623730951,57.94817619313617,16.236559139784944
57.97441275227595,31,97,1,0.01882687749898004,0.029583583884660477,31.39100294011363,776.6067193694387,1.4142135623730951,57.9595838177696,14.82893450635386
57.97632300291274,79,106,0,0.03191331324896945,0.03545923694329939,79.4606811847974,850.4817480193819,1.0,57.96290169303982,13.421309872922777
57.9953315050526,27,104,1,0.009000000000000001,0.01209137999489788,27.204328304751208,839.708655132198,1.4142135623730951,57.98159738970558,13.734115347018573
58.005331505052595,26,111,1,0.009000000000000001,0.0006005154473828596,26.53400243378627,893.9913222101304,1.4142135623730951,57.99269220886491,12.639296187683286
58.01533150505259,56,87,1,0.010421896595559066,0.016376430567877354,56.11885641166548,702.764637445636,1.4142135623730951,57.99893854317576,16.392961876832846
58.01178223985604,51,111,0,0.05062529968204218,0.05625033298004686,51.88184053807016,895.4006779729689,1.0,57.99914294366835,12.639296187683286
58.02691139015877,61,56,1,0.009000000000000001,0.009947362798058228,61.521684260651824,452.8894534470335,1.4142135623730951,58.00566994343345,21.241446725317694
58.03691139015877,62,75,1,0.009000000000000001,0.004884331913968238,62.98424603714712,606.7082875869544,1.4142135623730951,58.018641595437366,18.269794721407624
58.04691139015877,83,94,1,0.009000000000000001,0.0011318834733898772,83.30128588832045,757.0607637011528,1.4142135623730951,58.03161324744127,15.298142717497555
58.05691139015877,65,77,1,0.011584200417756273,0.018202814822265552,65.22307440294841,616.8922011036864,1.4142135623730951,58.03895440091146,17.956989247311828
58.06978272395627,108,64,1,0.009000000000000001,0.013494125874065673,118.04138928610801,516.6977258642033,1.4142135623730951,58.049792499127335,19.990224828934508
58.06803257283609,89,84,0,0.009000000000000001,0.00958786899476377,89.14819228266728,676.9180412511103,1.0,58.05117040274811,16.86217008797654
58.07978272395627,21,78,1,0.027059101759155945,0.04251927632603557,19.392930727498204,624.8399254425786,1.4142135623730951,58.06198213744601,17.80058651026393
58.078032572836086,47,105,0,0.010186341235292823,0.011318156928103137,47.36100127246647,847.8256152009592,1.0,58.064454860226114,13.577712609970675
58.08935072976419,54,58,0,0.021909248294875613,0.024343609216528457,54.69839397789343,469.76339027983465,1.0,58.06842208851297,20.928641251221897
58.109848392577554,79,60,1,0.01563886439307374,0.024574104583109515,79.0971467487686,480.80803036514874,1.4142135623730951,58.089232556800425,20.6158357771261
58.11369433898072,29,65,0,0.02024385621923247,0.022493173576924964,29.611415529292174,527.0105745477814,1.0,58.09386051688883,19.83382209188661
58.12722490856986,31,99,1,0.009000000000000001,0.005197382100799575,31.96771382775108,796.2508409307329,1.4142135623730951,58.1127087795376,14.516129032258064
58.13618751255765,102,93,0,0.026516395841544218,0.029462662046160243,102.09180587639395,750.0941296470265,1.0,58.1207329671031,15.454545454545453
58.137224908569856,87,97,1,0.009000000000000001,0.002096751792907087,87.27222710188438,781.3430852273043,1.4142135623730951,58.1223959740635,14.82893450635386
58.147224908569854,21,64,1,0.009000000000000001,0.0010619986795509444,16.180662194568264,516.2973184819252,1.4142135623730951,58.127234683740916,19.990224828934508
58.15722490856985,84,81,1,0.009158587458579313,0.014391331773447778,84.05450485621463,654.5010917683691,1.4142135623730951,58.13989353027073,17.331378299120235
58.165650174603805,41,79,0,0.010712220882024602,0.011902467646694002,41.08748114938426,636.959880455596,1.0,58.14800599083059,17.64418377321603
58.167401116857164,49,92,1,0.045622525045804045,0.07168888185498033,49.19628192377452,741.2395331184309,1.4142135623730951,58.15179016866557,15.610948191593351
58.1775526422505,65,63,0,0.009000000000000001,0.003229496406206462,65.06736511384703,504.19183950441266,1.0,58.15740601468451,20.146627565982406
58.187552642250495,55,62,0,0.014615804939508299,0.01623978326612033,55.507167141396565,503.87463650609516,1.0,58.16724961194746,20.303030303030305
58.20379242551662,79,104,0,0.014124352573276853,0.015693725081418725,79.19825518871801,835.5935231751589,1.0,58.1900583101696,13.734115347018573
58.2180928113525,21,70,1,0.009000000000000001,0.0016066731210580042,-9.670255725637091,564.1760369053591,1.4142135623730951,58.199041002945854,19.05180840664712
58.21948615059804,62,96,0,0.018624493028486615,0.020693881142762903,62.59165240046473,775.9381221845954,1.0,58.204500813354635,14.985337243401759
58.2280928113525,95,80,1,0.009000000000000001,0.0011738384908086567,95.92216286377138,642.7479455829363,1.4142135623730951,58.21060503031633,17.487781036168133
58.238092811352494,58,55,1,0.009000000000000001,0.0061302780434144355,58.13980773248913,441.17649516837906,1.4142135623730951,58.21669496189013,21.397849462365592
58.2401800317408,86,71,0,0.009000000000000001,0.0022634694236163427,86.1441434236006,574.1373076815958,1.0,58.2212846260712,18.89540566959922
58.24809281135249,77,111,1,0.009000000000000001,0.011987469452045207,77.6339662977842,888.5938695662092,1.4142135623730951,58.23545351516481,12.639296187683286
58.2501800317408,78,104,0,0.009000000000000001,0.007403362802632175,78.74589554916656,837.1482801110872,1.0,58.23644591639378,13.734115347018573
58.25809281135249,24,63,1,0.009000000000000001,0.001770175101813852,24.906504659494864,506.06269936097,1.4142135623730951,58.237946183786505,20.146627565982406
58.260180031740795,60,60,0,0.009000000000000001,0.0021671603794328914,60.49349929031586,486.3948259412316,1.0,58.239564195963666,20.6158357771261
58.26809281135249,52,112,1,0.009000000000000001,0.009611012035737193,52.90349478101914,896.0192368892973,1.4142135623730951,58.25560991790185,12.482893450635387
58.27809281135249,76,53,1,0.009000000000000001,0.0016276957963617031,76.99511665188673,426.48645302305044,1.4142135623730951,58.256382156416024,21.71065493646139
58.27018003174079,79,106,0,0.009000000000000001,0.006639108605504158,79.85045716232017,851.3880238822724,1.0,58.25675872186787,13.421309872922777
58.28018003174079,23,90,0,0.04425125648681954,0.04916806276313282,23.807655056812123,726.8014762676132,1.0,58.2642562780751,15.923753665689148
58.288092811352485,56,110,1,0.018473174781002084,0.029027793683757533,56.11968174685211,885.0383094550004,1.4142135623730951,58.27529711242775,12.795698924731184
58.30861856110916,54,98,1,0.01052153086612141,0.016532990719773374,54.71871582307933,789.2765127592711,1.4142135623730951,58.29394602933985,14.672531769305962
58.320309150960405,94,87,1,0.01428771387927146,0.02245097638152445,94.12070119883637,697.9037661949849,1.4142135623730951,58.30391618908357,16.392961876832846
58.32934809450392,25,82,0,0.024585419047117363,0.027317132274574846,25.01300668764361,662.3442060467387,1.0,58.31217311894185,17.174975562072337
58.33618438860404,64,85,1,0.009000000000000001,0.005665110433906205,64.02280765270507,680.5550543842004,1.4142135623730951,58.31947862125311,16.705767350928642
58.356184388604035,48,73,1,0.014317266622334967,0.022497414037130826,48.232838153746044,585.7084559966161,1.4142135623730951,58.337601788408534,18.58260019550342
58.356665226778496,63,96,0,0.010933199575926977,0.012147999528807752,63.023073957087334,771.2287821067782,1.0,58.341679889535094,14.985337243401759
58.37209246262885,90,57,1,0.009000000000000001,0.000602804238214594,90.85783445119354,459.6250838407333,1.4142135623730951,58.35100741864058,21.085043988269796
58.3688132263073,26,109,0,0.009000000000000001,0.0037246703603047143,26.018084891114917,879.7197978705824,1.0,58.35586112464552,12.952101661779082
58.38209246262885,21,54,1,0.024604434177270585,0.038662138342235745,21.85988917172807,438.8362066364193,1.4142135623730951,58.36053821042943,21.55425219941349
58.3788132263073,27,97,0,0.009000000000000001,0.008803319961192444,27.088459773453053,777.5469836490732,1.0,58.363984291800946,14.82893450635386
58.3888132263073,71,105,0,0.018758859724244435,0.020843177471382705,71.87400270084481,847.151446659324,1.0,58.375235513697326,13.577712609970675
58.40943072282582,35,74,1,0.025386057299848528,0.03989034058736256,35.938904822651466,595.3751738545466,1.4142135623730951,58.391004525367364,18.426197458455523
58.41965640377868,70,101,0,0.009000000000000001,0.0036207246827866498,70.63898223857821,813.4745125420554,1.0,58.40545308022052,14.203323558162268
58.42965640377868,64,85,0,0.025118584886926993,0.027909538763252213,64.37054476937584,684.5707852271341,1.0,58.41295063642775,16.705767350928642
58.437637453158985,89,87,1,0.01288884860538748,0.020252871667902808,89.26783254159909,700.7355504406037,1.4142135623730951,58.42124449128215,16.392961876832846
58.45195839605386,53,111,1,0.01063087225069836,0.016704804129770455,53.573732734905796,894.9337420189468,1.4142135623730951,58.439319099866175,12.639296187683286
58.45756594254193,57,83,0,0.009000000000000001,0.007227854398325461,57.34721022031707,669.4096836248345,1.0,58.44054736971691,17.01857282502444
58.463770476332414,21,76,1,0.009000000000000001,0.0036105054334808987,1.5536262722096268,608.9280932610657,1.4142135623730951,58.445657084348056,18.113391984359726
58.46756594254193,76,85,0,0.009000000000000001,0.008861954161122152,76.98207497965346,682.4091569800985,1.0,58.450860175191,16.705767350928642
58.47377047633241,78,68,1,0.009000000000000001,0.005175922221030148,78.23848756703586,546.222730498698,1.4142135623730951,58.45440586245167,19.364613880742915
58.47756594254193,108,58,0,0.009000000000000001,0.009537475590602668,110.86176929349482,469.5939013789935,1.0,58.456637301290705,20.928641251221897
58.48756594254193,28,65,0,0.009000000000000001,5.0903996009943186e-05,28.20201553386088,522.6450468218214,1.0,58.46773212045004,19.83382209188661
58.49377047633241,63,79,1,0.009000000000000001,0.008364842137047065,63.927210328051046,634.9010378488398,1.4142135623730951,58.476126292559194,17.64418377321603
58.497565942541925,44,61,0,0.01646159794312847,0.018290664381253853,44.65425513901149,490.75398081074775,1.0,58.477106509501844,20.459433040078203
58.503770476332406,59,105,1,0.009000000000000001,0.0044441509051652995,59.27901223804411,845.6147205157338,1.4142135623730951,58.49019276372243,13.577712609970675
58.513770476332404,40,73,1,0.009000000000000001,0.010131611515732514,40.04865284063317,591.458203664887,1.4142135623730951,58.4951878761369,18.58260019550342
58.51585660692318,45,98,0,0.009000000000000001,0.00021120566803955044,45.19601757654797,785.9027342391173,1.0,58.50118407515387,14.672531769305962
58.52585660692318,31,67,0,0.028076190702380377,0.031195767447089306,31.1618202798372,542.6389984704399,1.0,58.50633559030539,19.521016617790814
58.5237704763324,64,86,1,0.02755346079047203,0.04329608660022316,64.8937284322777,694.7526920877127,1.4142135623730951,58.50722111171852,16.549364613880744
58.55438543276626,77,67,1,0.009000000000000001,0.006335397088508388,77.93138956863848,536.9953002362951,1.4142135623730951,58.53486441614847,19.521016617790814
58.557052374370265,70,109,0,0.009000000000000001,0.00969185570879974,70.55883368167466,877.1729758116504,1.0,58.544100272708484,12.952101661779082
58.56705237437026,49,68,0,0.009000000000000001,0.004262351839913667,49.58322566954371,548.923674180011,1.0,58.547687760489524,19.364613880742915
58.56438543276626,65,109,1,0.009000000000000001,0.01055150008661526,65.49056112059236,879.3453269558777,1.4142135623730951,58.55143333110448,12.952101661779082
58.57705237437026,99,54,0,0.009000000000000001,0.009129772747971969,99.85024448384033,435.6033587706163,1.0,58.555498122170846,21.55425219941349
58.574385432766256,78,92,1,0.009000000000000001,0.0028383100952735904,78.5917592613618,739.8375655703173,1.4142135623730951,58.55877448457466,15.610948191593351
58.584385432766254,95,69,1,0.009000000000000001,0.006489915502868688,95.67350503988102,556.9396867418825,1.4142135623730951,58.56517722162256,19.208211143695017
58.58705237437026,79,54,0,0.02163909884512801,0.024043443161253345,79.54720158596416,434.17418572409736,1.0,58.565498122170844,21.55425219941349
58.59438543276625,50,61,1,0.011003385355574252,0.01729015200207845,50.5405536155305,494.087323026459,1.4142135623730951,58.57392599972617,20.459433040078203
58.61109581753151,37,62,0,0.04189435192914356,0.04654927992127062,37.739755566963375,496.5074927028493,1.0,58.59079278722848,20.303030303030305
58.606611416494665,26,110,1,0.009000000000000001,0.00012509277664383788,26.509496565367918,885.0286800190347,1.4142135623730951,58.59381571756993,12.795698924731184
58.61661141649466,28,99,1,0.009000000000000001,0.008476666080568422,28.30876485551348,795.0370634816373,1.4142135623730951,58.602095287462404,14.516129032258064
58.62661141649466,69,57,1,0.014615817484026919,0.02296654145675631,69.25926660299277,456.3035745196559,1.4142135623730951,58.60552637250639,21.085043988269796
58.64285121369914,70,111,1,0.023207626785607786,0.03646726727855516,70.90806173005508,892.816810043852,1.4142135623730951,58.63021191751145,12.639296187683286
58.657645097452786,102,73,0,0.028935620463813132,0.032150689404236814,102.28008557128506,585.3553285188921,1.0,58.639062497257285,18.58260019550342
58.66863746568315,30,109,1,0.020432484362674707,0.032106551665189734,30.516223766858225,878.2819642805846,1.4142135623730951,58.655685364021366,12.952101661779082
58.69134022608612,95,59,1,0.009000000000000001,0.0062919112289955385,95.06461493613834,475.07682209193763,1.4142135623730951,58.67056798757194,20.772238514174
58.689795786857026,55,77,0,0.009000000000000001,0.003056884469323174,55.88920021285951,621.5379664667244,1.0,58.671838797609716,17.956989247311828
58.70134022608612,60,70,1,0.010290719360620107,0.01617030542929371,60.059179907700475,561.788802019756,1.4142135623730951,58.68228841767947,19.05180840664712
58.70979578685702,89,57,0,0.014651003148866854,0.016278892387629838,89.9632329461462,458.0903875059455,1.0,58.68871074286875,21.085043988269796
58.71277435870903,49,100,1,0.009000000000000001,0.006260076395867688,49.913561421339466,806.0166465129969,1.4142135623730951,58.698414632413815,14.359726295210166
58.722774358709025,108,99,1,0.009000000000000001,0.0025425935477232033,109.48922767216463,794.9741348835192,1.4142135623730951,58.708258229676765,14.516129032258064
58.726074679244654,66,97,0,0.010931255438984495,0.01214583937664944,66.47202693569473,781.0358267198628,1.0,58.7112457447383,14.82893450635386
58.738220518621304,56,52,0,0.04852029649970751,0.05391144055523056,56.871329256495635,418.77803487009476,1.0,58.71635346094779,21.867057673509287
58.73277435870902,73,103,1,0.009000000000000001,0.0009958675123313426,73.3703510057039,827.4628282555357,1.4142135623730951,58.718883840624954,13.890518084066471
58.74277435870902,33,70,1,0.009000000000000001,0.004368919608946712,33.80330138313217,563.5958029144565,1.4142135623730951,58.72372255030238,19.05180840664712
58.75277435870902,74,98,1,0.009000000000000001,0.011554335815170047,74.26584849497405,786.8183225028804,1.4142135623730951,58.73810182693971,14.672531769305962
58.76277435870902,46,78,1,0.009000000000000001,0.0023549257777117187,46.77623061974917,631.9148659083161,1.4142135623730951,58.744973772198755,17.80058651026393
58.772774358709015,88,53,1,0.014231945813918503,0.022363345321113937,88.29720517294237,425.10656072878635,1.4142135623730951,58.75106370377255,21.71065493646139
58.78858763183559,25,59,1,0.009000000000000001,0.014073780401510813,25.417853570835675,476.3264900003035,1.4142135623730951,58.76781539332141,20.772238514174
58.79213195917654,78,64,0,0.009000000000000001,0.0050348851894573225,78.68705675141177,515.5444610672843,1.0,58.7721417343476,19.990224828934508
58.79858763183559,27,102,1,0.016947807981187946,0.02663091099943442,27.81452594486869,820.4444883557426,1.4142135623730951,58.78454071101447,14.04692082111437
58.802131959176535,33,105,0,0.009602795274594018,0.010669772527326687,33.06588050897035,843.9090574824993,1.0,58.78855424656656,13.577712609970675
58.812801731703864,21,78,0,0.01597562162759652,0.017750690697329465,21.083757801868018,627.8679070042424,1.0,58.7950011451936,17.80058651026393
58.817418529592466,38,74,1,0.009000000000000001,0.0007716736367095013,38.70217529277259,598.3043996671724,1.4142135623730951,58.79899233213401,18.426197458455523
58.827418529592464,71,96,1,0.009000000000000001,0.00693061619359077,71.52778499700115,775.4641967583611,1.4142135623730951,58.81243319234906,14.985337243401759
58.83741852959246,53,94,1,0.009000000000000001,0.0009908657450276976,53.97510888342666,757.343724717477,1.4142135623730951,58.822120386874964,15.298142717497555
58.84055242240119,70,88,0,0.009000000000000001,0.006791955391879218,70.46767155619287,705.25658204608,1.0,58.824315863261404,16.236559139784944
58.85055242240119,74,63,0,0.009000000000000001,0.0067931208951421,74.37694991362412,504.96591583674217,1.0,58.8304057948352,20.146627565982406
58.84741852959246,52,85,1,0.009000000000000001,0.011239387609692222,52.896676962905744,687.0809998047914,1.4142135623730951,58.83071276224153,16.705767350928642
58.85741852959246,75,80,1,0.009000000000000001,0.010419883081079894,75.2228143963737,644.7804531138029,1.4142135623730951,58.83993074855629,17.487781036168133
58.860552422401184,22,62,0,0.02020663019438604,0.022451811327095603,22.997569807084858,497.5873075200031,1.0,58.84024939209815,20.303030303030305
58.877418529592454,41,66,1,0.030379520786678972,0.04773681146101862,41.930270509729446,530.4042135963882,1.4142135623730951,58.85774111023761,19.67741935483871
58.88300423372828,58,98,0,0.009000000000000001,0.0027120569186939447,58.1729466463462,788.5805981027975,1.0,58.86833170195897,14.672531769305962
58.89300423372828,21,86,0,0.009000000000000001,0.003900754270130486,-2.413800468703947,689.8054496141419,1.0,58.8764548691144,16.549364613880744
58.903004233728275,94,104,0,0.02830721944327131,0.03145246604807923,94.31826696797015,833.8736950408653,1.0,58.889270118381255,13.734115347018573
58.911173552688766,64,104,1,0.010959177664963788,0.01722068631805344,64.1482154547925,835.6364538086973,1.4142135623730951,58.897439437341745,13.734115347018573
58.92335041676095,71,72,1,0.01677458354334066,0.026358715055725433,71.18443752032123,580.0588577445019,1.4142135623730951,58.9046114138284,18.73900293255132
58.94198884292022,62,64,1,0.009000000000000001,0.013749009446044184,62.999212579000435,515.2109859071686,1.4142135623730951,58.92199861809128,19.990224828934508
58.94445669977635,53,90,0,0.011014829809844088,0.012238699788715652,53.31769237143663,725.6680529001028,1.0,58.928532946110664,15.923753665689148
58.951988842920215,30,83,1,0.012997279537666983,0.02042325444013662,30.980444810897296,664.0292109460622,1.4142135623730951,58.93497027009519,17.01857282502444
58.95669539956507,33,96,0,0.009000000000000001,0.002509881625089177,33.92659493093888,775.2619903483744,1.0,58.94171006232167,14.985337243401759
58.96669539956507,72,94,0,0.009000000000000001,0.006212009916826894,72.0393523742606,754.9477166907268,1.0,58.95139725684757,15.298142717497555
58.97643026462873,68,56,1,0.009000000000000001,0.002310995128199426,68.55911078643845,450.5625940908291,1.4142135623730951,58.95518881790341,21.241446725317694
58.97669539956507,99,64,0,0.009000000000000001,0.0007357361480363795,99.146762338934,513.4352581657471,1.0,58.95670517473613,19.990224828934508
58.98643026462873,94,72,1,0.009000000000000001,0.0017853267636282453,94.24821366477748,583.3335889373166,1.4142135623730951,58.96769126169618,18.73900293255132
58.986695399565065,42,89,0,0.021412977744448516,0.023792197493831685,42.40792994130322,715.389866552466,1.0,58.97061524316233,16.080156402737046
59.0104875970589,53,87,0,0.01195652927367895,0.013285032526309944,53.69022725100081,698.6746504889265,1.0,58.994094635182066,16.392961876832846
59.02377262958521,21,93,0,0.009000000000000001,0.009593018913730442,7.34183040573005,749.1566619702801,1.0,59.008318084130664,15.454545454545453
59.03377262958521,45,50,0,0.009000000000000001,0.008529388353128959,45.4491362368981,402.9018844214705,1.0,59.0115927664376,22.179863147605083
59.03686258942273,107,102,1,0.009000000000000001,0.002445701633640404,107.37356588262199,816.1128902521893,1.4142135623730951,59.022815668601616,14.04692082111437
59.043772629585206,44,96,0,0.009000000000000001,0.005370660687224306,44.85601545854476,774.4588202392598,1.0,59.0287872923418,14.985337243401759
59.04686258942273,50,87,1,0.009000000000000001,0.009208616884560155,50.99473847678645,696.8034130245837,1.4142135623730951,59.0304696275459,16.392961876832846
59.053772629585204,80,94,0,0.021339035158684547,0.023710039065205052,80.45218035172573,753.3826409308156,1.0,59.038474486867706,15.298142717497555
59.066862589422726,69,70,1,0.009000000000000001,0.009905969176893332,69.58052920515503,565.8451258366928,1.4142135623730951,59.04781078101608,19.05180840664712
59.07748266865041,60,55,0,0.017302875176719645,0.019225416863021826,60.11785340552528,442.5218106530356,1.0,59.056084819188044,21.397849462365592
59.076862589422724,75,88,1,0.009000000000000001,0.003004184767828916,75.937270879334,707.205004658583,1.4142135623730951,59.06062603028294,16.236559139784944
59.08686258942272,47,64,1,0.02333671859324017,0.036670115484271806,47.76401960395678,515.9842260788929,1.4142135623730951,59.066872364593785,19.990224828934508
59.096708085513434,87,71,0,0.009000000000000001,0.0037267497538505615,87.57667351195904,569.4681099685131,1.0,59.07781267984384,18.89540566959922
59.10670808551343,45,58,0,0.023099902450344118,0.02566655827816013,45.03458267282063,465.3491268741565,1.0,59.08577944426221,20.928641251221897
59.12279227674854,54,69,1,0.011334179302370958,0.017809944541979372,54.715629263006356,554.197295982573,1.4142135623730951,59.10358406560485,19.208211143695017
59.13237464379159,36,71,0,0.009000000000000001,0.0028560285472287715,36.04550613725348,574.3514054214892,1.0,59.113479238122,18.89540566959922
59.13538580930673,46,59,1,0.01999322857714841,0.031416327788254025,46.247257770906685,474.83673229180056,1.4142135623730951,59.11461357079256,20.772238514174
59.14237464379159,21,56,0,0.01947279104623671,0.021636434495818563,18.347577351366567,448.47569631335733,1.0,59.12113319706627,21.241446725317694
59.15760050772579,81,79,1,0.009000000000000001,0.0038491640743851807,81.84604035678866,634.2899021875695,1.4142135623730951,59.139956323952575,17.64418377321603
59.16401107828741,53,73,0,0.009000000000000001,0.006489855135201501,53.84029111914485,586.2003330176781,1.0,59.14542847809191,18.58260019550342
59.16760050772579,39,97,1,0.009000000000000001,0.008297333587565027,39.872940512082934,781.1153948210847,1.4142135623730951,59.15277157321943,14.82893450635386
59.17401107828741,47,87,0,0.02022108214564206,0.022467869050713397,47.858329430583254,697.9634060583669,1.0,59.157618116410575,16.392961876832846
59.19647894733812,48,102,0,0.01395700638326317,0.015507784870292411,48.61327220413251,816.6047284551312,1.0,59.182432026517006,14.04692082111437
59.211986732208416,67,86,0,0.016508922714320765,0.018343247460356406,67.67547923510827,688.6708625981851,1.0,59.195437367594536,16.549364613880744
59.22656280086199,41,58,1,0.009000000000000001,0.00526331088411906,41.396456533174025,468.34753724451815,1.4142135623730951,59.20563415961077,20.928641251221897
59.230329979668774,37,76,0,0.029765768701416943,0.03307307633490771,37.09384560859416,614.8726905378334,1.0,59.212216587684416,18.113391984359726
59.23656280086199,43,87,1,0.009000000000000001,0.012022032798193364,43.18496711427417,702.7001859766721,1.4142135623730951,59.22016983898516,16.392961876832846
59.24656280086199,31,70,1,0.011669773314336992,0.018337279656616665,31.96591314941164,565.1555026984233,1.4142135623730951,59.22751099245534,19.05180840664712
59.2595292156557,84,71,1,0.010922260527388011,0.017162676632893822,84.3280100608041,574.7238203918141,1.4142135623730951,59.2406338099861,18.89540566959922
59.26340305600368,75,53,0,0.009197594962393635,0.01021954995821515,75.38131978832689,427.6088133752028,1.0,59.24169240106722,21.71065493646139
59.271665060686125,26,55,1,0.009000000000000001,0.0035857252767242213,26.035077126122204,444.1563606092889,1.4142135623730951,59.25026721122376,21.397849462365592
59.2736226059619,69,81,0,0.041756442312968316,0.04639604701440924,69.3666834494291,653.11551804544,1.0,59.25629122766278,17.331378299120235
59.28166506068612,41,103,1,0.016922799346963616,0.026591613721993892,41.27307517385346,826.5556945785181,1.4142135623730951,59.267774542602055,13.890518084066471
59.300468171071635,61,63,1,0.009000000000000001,0.003722119238060275,61.949412075606,505.76431293170685,1.4142135623730951,59.28032154350565,20.146627565982406
59.31046817107163,56,54,1,0.009000000000000001,0.007499162864101402,56.447483843167326,432.06762611869163,1.4142135623730951,59.28891391887222,21.55425219941349
59.32046817107163,74,62,1,0.009000000000000001,0.0038479765017703036,74.2012254427677,503.5424124438552,1.4142135623730951,59.3001651407686,20.303030303030305
59.32001865297631,42,107,0,0.009000000000000001,0.00038949719619381633,42.38135877027021,862.3737379321808,1.0,59.30675374584043,13.264907135874878
59.33001865297631,22,57,0,0.025777453089156153,0.028641614543506836,22.71247095912142,460.8114453400471,1.0,59.308933608988035,21.085043988269796
59.33046817107163,73,58,1,0.009000000000000001,0.0061401507986600075,73.6649797637691,467.1192095468718,1.4142135623730951,59.309539529820405,20.928641251221897
59.34046817107163,97,102,1,0.009000000000000001,0.0011560123126358795,97.34650650065001,820.0385798438621,1.4142135623730951,59.32642125025051,14.04692082111437
59.350468171071626,65,51,1,0.01568959779262559,0.02465382442945565,65.92153082608637,408.2697246449383,1.4142135623730951,59.32844471066107,22.023460410557185
59.35866026751982,63,65,0,0.009000000000000001,0.006774029258349325,63.33699545072127,527.7141405230452,1.0,59.33882644542793,19.83382209188661
59.368660267519815,61,105,0,0.009539369107626726,0.01059929900847414,61.81504268136968,844.965527945049,1.0,59.35508255490984,13.577712609970675
59.36790105750788,31,111,1,0.009000000000000001,0.0031018186463591894,31.14039123404897,891.2413255305535,1.4142135623730951,59.35526176132019,12.639296187683286
59.37925956652829,71,79,0,0.01420653932815821,0.015785043697953565,71.29437392408062,637.6232632936002,1.0,59.361615382755076,17.64418377321603
59.37790105750788,95,109,1,0.010451219591215545,0.01642250721026269,95.98263801640479,878.2744543646032,1.4142135623730951,59.364948955846096,12.952101661779082
59.39504461022624,86,68,0,0.026032302835186996,0.02892478092798555,86.29078762821479,545.7883847878827,1.0,59.375679996345504,19.364613880742915
59.38951352372034,50,111,1,0.009000000000000001,0.0033742993494153234,50.316049609338464,894.7824041189034,1.4142135623730951,59.37687422753265,12.639296187683286
59.39951352372034,79,82,1,0.009000000000000001,0.0025740837742222727,79.72900809429463,658.1699094191633,1.4142135623730951,59.382338548158266,17.174975562072337
59.426211345377865,21,87,1,0.009000000000000001,0.008308819431075172,0.15670767634233584,702.0360502995318,1.4142135623730951,59.40981838350103,16.392961876832846
59.42396939115423,57,103,0,0.009000000000000001,0.0020684807113648023,57.95795602437549,827.6572321814692,1.0,59.41007887307016,13.890518084066471
59.43396939115423,60,73,0,0.011951731316074287,0.013279701462304764,60.035108515530965,587.4822745372646,1.0,59.41538679095873,18.58260019550342
59.43621134537786,70,75,1,0.009000000000000001,0.0008412500780665251,70.32827611610539,602.0100514314067,1.4142135623730951,59.41794155065646,18.269794721407624
59.44621134537786,83,86,1,0.009000000000000001,0.00024452540214619833,83.85426697907124,695.8344102967519,1.4142135623730951,59.42966198076398,16.549364613880744
59.44724909261653,43,99,0,0.013272132632834641,0.014746814036482935,43.8322350815234,796.7955986011618,1.0,59.43273296358427,14.516129032258064
59.45621134537786,47,90,1,0.009000000000000001,0.0001910793194028298,47.68357485782727,726.6357829163719,1.4142135623730951,59.44028759171217,15.923753665689148
59.461995906653016,102,58,0,0.009000000000000001,0.0049398622133259035,102.39497391690148,467.21554141786703,1.0,59.44106726540179,20.928641251221897
59.471995906653014,71,87,0,0.02271197312183654,0.02523552569092949,71.53635034128948,703.0547999264866,1.0,59.45560294477618,16.392961876832846
59.476211345377855,103,95,1,0.009000000000000001,0.0024277620348494666,103.4061592109138,760.5679267995217,1.4142135623730951,59.461069605397405,15.141739980449657
59.48621134537785,81,55,1,0.009000000000000001,0.004420222005804438,81.51358417210518,444.624875818292,1.4142135623730951,59.464813495915486,21.397849462365592
59.49621134537785,75,63,1,0.009000000000000001,0.0012292773584573421,75.05740977800843,508.8645171235123,1.4142135623730951,59.476064717811866,20.146627565982406
59.497231432343945,41,81,0,0.0403180678791572,0.04479785319906355,41.89124750365097,653.2506005184626,1.0,59.479900054044826,17.331378299120235
59.50621134537785,57,56,1,0.009000000000000001,0.004450672758859677,57.50593172450787,450.4444010529295,1.4142135623730951,59.48496989865253,21.241446725317694
59.51621134537785,86,103,1,0.009000000000000001,0.013954714329635567,86.3333119121238,830.5651215223907,1.4142135623730951,59.50232082729378,13.890518084066471
59.526211345377845,93,58,1,0.009000000000000001,0.009995412445704085,93.13935812292023,467.2285203835322,1.4142135623730951,59.50528270412662,20.928641251221897
59.54202928554301,52,110,0,0.009000000000000001,0.0013457654372359869,52.584149559108305,884.7632616620034,1.0,59.529233586618275,12.795698924731184
59.54621134537784,97,89,1,0.01096581699123986,0.017231119012791934,97.91680693453218,718.6954251866497,1.4142135623730951,59.530131188975105,16.080156402737046
59.55202928554301,63,73,0,0.009000000000000001,0.0005917964510960207,63.884147353022435,584.3103262491443,1.0,59.533446685347506,18.58260019550342
59.562029285543005,99,88,0,0.009000000000000001,0.001021647994222813,99.22519676754634,711.0834620868038,1.0,59.54579272640322,16.236559139784944
59.572029285543,71,69,0,0.011880105488073302,0.013200117208970335,71.39306345756796,552.0550036714185,1.0,59.55282107439931,19.208211143695017
59.58100213339522,70,106,1,0.010822910997120122,0.01700656390720466,70.39881920254221,851.0970591913378,1.4142135623730951,59.5675808235223,13.421309872922777
59.58522940275197,53,83,0,0.009000000000000001,0.008960068078084062,53.91448388524315,671.8812279593278,1.0,59.56821082992695,17.01857282502444
59.59302759005869,77,53,1,0.009000000000000001,0.00730986746680292,77.37534585766483,429.7630984359112,1.4142135623730951,59.571316935122226,21.71065493646139
59.59522940275197,55,55,0,0.009000000000000001,0.001584272869071474,55.656339215656274,440.38960693717183,1.0,59.5738315532896,21.397849462365592
59.60302759005869,81,58,1,0.009000000000000001,0.013066473674734274,81.57367703685863,465.09467460040116,1.4142135623730951,59.58209894880746,20.928641251221897
59.60522940275197,74,87,0,0.009000000000000001,0.007347981805982592,74.96179137588067,700.1012735462904,1.0,59.588836440875134,16.392961876832846
59.613027590058685,58,57,1,0.032656347955959585,0.05131450019654772,58.5852831955451,460.8759988238392,1.4142135623730951,59.59194254607041,21.085043988269796
59.615229402751964,52,67,0,0.009731235284552974,0.010812483649503305,52.383619982483346,542.2703051360281,1.0,59.59570838613418,19.521016617790814
59.62604188640147,63,54,0,0.023092195027732732,0.02565799447525859,63.33330051228904,439.94684389568044,1.0,59.60448763420205,21.55425219941349
59.64931242112086,61,71,1,0.009000000000000001,0.013538548970011026,61.12882473620408,572.4445870865917,1.4142135623730951,59.630417015451265,18.89540566959922
59.65169988087673,90,59,0,0.026114110787033084,0.029015678652258983,90.54618087924919,476.4435578239991,1.0,59.63092764236255,20.772238514174
59.65931242112086,21,56,1,0.009000000000000001,0.0005329444055506899,6.186680190143292,450.53824618587134,1.4142135623730951,59.63807097439554,21.241446725317694
59.66931242112086,79,107,1,0.015455702889267195,0.024286294046678557,79.98011475297044,857.5383826394029,1.4142135623730951,59.65604751398498,13.264907135874878
59.680715559528984,22,63,0,0.009000000000000001,0.0010268925197521046,22.10303733316971,507.96910201006756,1.0,59.660568931963,20.146627565982406
59.68648542433115,47,66,1,0.0134886461953983,0.021195362652871697,47.62808853532126,531.7864754593005,1.4142135623730951,59.66680800497631,19.67741935483871
59.69071555952898,63,86,0,0.009000000000000001,0.0020519734366531554,63.62778588608659,694.3797317825047,1.0,59.6741661949151,16.549364613880744
59.701472808992705,74,97,1,0.009000000000000001,0.003507902930070801,74.07000901272608,782.531715682782,1.4142135623730951,59.68664387448635,14.82893450635386
59.7114728089927,75,89,1,0.028207476358988504,0.04432377291911111,75.07992109780312,719.3495474415863,1.4142135623730951,59.695392652589966,16.080156402737046
59.72411585780871,42,75,0,0.012668802511147523,0.01407644723460836,42.22646931991062,607.2604146950905,1.0,59.70584606308731,18.269794721407624
59.73819230504332,21,64,0,0.024923856892008246,0.027693174324453607,0.1355039826528639,515.0002262741999,1.0,59.71820208021438,19.990224828934508
59.74281444939158,68,76,1,0.009000000000000001,0.00735701149174082,68.5718816674572,612.8808074651527,1.4142135623730951,59.72470105740722,18.113391984359726
59.75281444939158,101,84,1,0.009000000000000001,0.0011746364414228453,101.92289727844684,678.8306238112082,1.4142135623730951,59.7359522793036,16.86217008797654
59.765885479367775,32,105,0,0.009000000000000001,8.606038130121089e-05,32.80395609907055,845.0575681549046,1.0,59.7523077667578,13.577712609970675
59.77588547936777,73,54,0,0.026450874298051166,0.02938986033116796,73.83119167297224,438.36368596410296,1.0,59.75433122716836,21.55425219941349
59.772814449391575,88,78,1,0.009000000000000001,0.009544705239743476,88.2037878310594,625.5820018437979,1.4142135623730951,59.75501386288131,17.80058651026393
59.78281444939157,50,105,1,0.009000000000000001,0.013881657074990405,50.18703915830184,847.760060190413,1.4142135623730951,59.7692367367816,13.577712609970675
59.79281444939157,52,52,1,0.01920319311183645,0.030174906821809677,52.35643682710847,417.4912441540314,1.4142135623730951,59.77094739171806,21.867057673509287
59.80527533969894,108,67,0,0.009000000000000001,0.0016872608425560957,119.12536637117422,537.4541687411204,1.0,59.78575432308115,19.521016617790814
59.81415133062694,72,67,1,0.009000000000000001,0.0045382163160017615,72.97513742828606,539.3536728103543,1.4142135623730951,59.794630314009154,19.521016617790814
59.815275339698935,57,87,0,0.017031517038353497,0.018923907820392775,57.38624411668003,697.4580104594357,1.0,59.7988823778221,16.392961876832846
59.82415133062694,44,58,1,0.02291850040593691,0.03601294900369918,44.43695973738197,467.68929800555054,1.4142135623730951,59.803222689375716,20.928641251221897
59.83419924751933,73,76,0,0.009000000000000001,0.005891730658558611,73.10575612339842,610.1451300271276,1.0,59.81608585553497,18.113391984359726
59.84419924751933,48,104,0,0.011617643648763146,0.012908492943070162,48.82313196818221,836.4743652045009,1.0,59.83046513217231,13.734115347018573
59.84961633107798,65,89,1,0.009000000000000001,0.0025382868072761993,65.55269578419097,715.2108740844616,1.4142135623730951,59.833536174675245,16.080156402737046
59.857107740462396,30,98,0,0.026896484379207004,0.02988498264356334,30.47927817787153,787.5730388642974,1.0,59.84243520869309,14.672531769305962
59.87371875242225,36,107,1,0.009000000000000001,0.006665308823901141,36.197456494095846,857.3325537118747,1.4142135623730951,59.86045384528637,13.264907135874878
59.88371875242225,58,51,1,0.009000000000000001,0.012838965127904323,58.28784003599032,414.42895666806226,1.4142135623730951,59.86169529201169,22.023460410557185
59.88699272310596,46,62,0,0.009000000000000001,0.008513061567312298,46.971177725939114,496.02099677950207,1.0,59.86668969280293,20.303030303030305
59.893718752422245,101,83,1,0.009000000000000001,0.000995230153185688,101.27440303030838,668.9615156339429,1.4142135623730951,59.87670017959722,17.01857282502444
59.89699272310596,61,91,0,0.0316959423443914,0.035217713715990445,61.180750507458306,730.8375303587652,1.0,59.88122537217732,15.76735092864125
59.90371875242224,76,100,1,0.012110459941011455,0.01902975188350497,76.8465057714404,805.3328867417563,1.4142135623730951,59.88935902612703,14.359726295210166
59.917174819023366,38,96,1,0.009000000000000001,0.007962809846322316,38.38900852873326,773.2096164220525,1.4142135623730951,59.90218948177996,14.985337243401759
59.93221043682195,55,70,0,0.009000000000000001,0.005588618094546806,55.369104249605584,560.0054946235317,1.0,59.9131586284153,19.05180840664712
59.927174819023364,86,111,1,0.009000000000000001,0.007763472981126485,86.70153844979598,895.9633091540554,1.4142135623730951,59.91453552283568,12.639296187683286
59.93717481902336,78,75,1,0.009000000000000001,0.006355887265918944,78.03897506511258,605.5203902873058,1.4142135623730951,59.91890502430196,18.269794721407624
59.942210436821945,50,108,0,0.009000000000000001,0.006221234136529627,50.39380461726786,864.5581763456628,1.0,59.929101932423116,13.10850439882698
59.94717481902336,75,107,1,0.009000000000000001,0.0027159962415733777,75.46101213225907,858.522795077238,1.4142135623730951,59.93390991188748,13.264907135874878
59.95717481902336,36,61,1,0.009000000000000001,0.007528110923764434,36.34204621195128,489.9222234177706,1.4142135623730951,59.93671538598328,20.459433040078203
59.95221043682194,63,112,0,0.009000000000000001,0.0037754805264183047,63.91665659172401,899.836602621046,1.0,59.939727543371305,12.482893450635387
59.96221043682194,42,55,0,0.009000000000000001,0.0028224875085825227,42.71657759615262,440.42340082162696,1.0,59.940812587359574,21.397849462365592
59.967174819023356,21,64,1,0.009000000000000001,0.005034178589219891,16.781412989083698,516.7895415609331,1.4142135623730951,59.94718459419442,19.990224828934508
59.97221043682194,76,103,0,0.028065261762382627,0.03118362418042514,76.96842007098253,829.375629595446,1.0,59.95831991873787,13.890518084066471
59.991300133526266,44,87,1,0.009000000000000001,0.011622861305325968,44.00103465676686,701.6457553060086,1.4142135623730951,59.974907171649434,16.392961876832846
60.001300133526264,80,90,1,0.010551464763326586,0.01658002730133142,80.10493438502131,727.512348202545,1.4142135623730951,59.985376379860575,15.923753665689148
60.00339406100237,72,103,0,0.009000000000000001,0.007751910803156312,72.12265468999378,826.4780568368744,1.0,59.9895035429183,13.890518084066471
60.013394061002366,102,82,0,0.009000000000000001,0.005676272266389681,102.99550416873927,661.8361999994926,1.0,59.996219085440295,17.174975562072337
60.013023983263295,84,97,1,0.009000000000000001,0.008854788159724505,84.03366984552157,779.2229784999322,1.4142135623730951,59.99819504875694,14.82893450635386
60.02302398326329,49,56,1,0.009000000000000001,0.005812650446034815,49.023430344857026,451.50959722110304,1.4142135623730951,60.001782536537974,21.241446725317694
60.023394061002364,79,60,0,0.009000000000000001,0.009964675360925778,79.05471680331011,482.93896233126776,1.0,60.002778225225235,20.6158357771261
60.03302398326329,64,53,1,0.009000000000000001,0.0011177427198615132,64.17046084697455,425.83108791449484,1.4142135623730951,60.01131332832683,21.71065493646139
60.03339406100236,52,86,0,0.009000000000000001,0.0024291153804662773,52.888626666654716,688.4547676613756,1.0,60.01684469638848,16.549364613880744
60.04302398326329,39,97,1,0.009000000000000001,0.006163050010595125,39.581643631494536,776.5998509571147,1.4142135623730951,60.028195048756935,14.82893450635386
60.05302398326329,78,65,1,0.009000000000000001,0.005229499752505168,78.76138051954352,522.9135663166081,1.4142135623730951,60.0331901611714,19.83382209188661
60.0594660626223,30,91,0,0.009000000000000001,0.004247731641158882,30.268439565017218,734.180351058697,1.0,60.04369871169366,15.76735092864125
60.063023983263285,80,96,1,0.012457267679211901,0.019574707668948314,80.12499546142226,773.8883191360503,1.4142135623730951,60.04803864601988,14.985337243401759
60.0694660626223,76,96,0,0.01819325345740123,0.020214726063779144,76.95289673401439,768.3283676093952,1.0,60.054480725378895,14.985337243401759
60.07686539179574,62,107,1,0.009000000000000001,0.007598867169288124,62.59229093853596,860.6987940000981,1.4142135623730951,60.063600484659865,13.264907135874878
60.08686539179574,24,60,1,0.00974246557929279,0.015308807725765464,24.70870335109673,486.4612488136306,1.4142135623730951,60.06624955601861,20.6158357771261
60.089680788686074,57,85,0,0.009000000000000001,0.009185252035125158,57.99013355083436,684.667600888047,1.0,60.07297502133515,16.705767350928642
60.09968078868607,83,72,0,0.015925263950406113,0.017694737722673458,83.27618075615781,578.4443311402006,1.0,60.080941785753524,18.73900293255132
60.09769035355051,105,95,1,0.010959571391715758,0.017221304999956225,105.28131742218127,767.0320175115539,1.4142135623730951,60.08254861357006,15.141739980449657
60.10986765509686,23,100,1,0.009000000000000001,0.010852467605365543,23.98572990938993,806.9919872866543,1.4142135623730951,60.09550792880165,14.359726295210166
60.11737552640874,65,63,0,0.009000000000000001,0.005347675931510188,65.66635594009705,506.91944474763216,1.0,60.09722889884276,20.146627565982406
60.11986765509686,34,102,1,0.012225429678368125,0.01921040939665194,34.72406041991675,817.9745554557842,1.4142135623730951,60.105820734275746,14.04692082111437
60.12737552640874,87,88,0,0.009000000000000001,0.000577728732584038,87.50836567318655,707.321409467443,1.0,60.11113896726896,16.236559139784944
60.133451465850605,68,58,1,0.026226501220699017,0.04121097079989676,68.3291149823249,468.4825619046474,1.4142135623730951,60.11252282459938,20.928641251221897
60.13737552640874,90,80,0,0.025541025106579938,0.028378916785088817,90.56892834746857,640.1334628328137,1.0,60.11988774537257,17.487781036168133
60.162592022762496,80,95,1,0.009000000000000001,0.01004852581202807,80.76171574739908,760.81481800235,1.4142135623730951,60.147450282782046,15.141739980449657
60.165754443193826,74,93,0,0.0275857117053123,0.030650790783680333,74.91336807691921,749.3284900406201,1.0,60.15029989773928,15.454545454545453
60.172592022762494,40,104,1,0.009000000000000001,0.002277789445506386,40.332318272383944,838.5136356308185,1.4142135623730951,60.158857907415474,13.734115347018573
60.18259202276249,55,70,1,0.009000000000000001,0.0029945746013122203,55.09200818952393,564.1361467790756,1.4142135623730951,60.16354021435585,19.05180840664712
60.19259202276249,93,60,1,0.009000000000000001,0.002583891975997791,93.91346024409701,483.8071280733147,1.4142135623730951,60.17197618698536,20.6158357771261
60.20259202276249,35,57,1,0.010351481868364081,0.01626578449877741,35.22663882249898,456.3489302191626,1.4142135623730951,60.181506978774216,21.085043988269796
60.206405233977506,66,69,0,0.010280134785784635,0.01142237198420515,66.33669603350387,557.392811858479,1.0,60.187197022833814,19.208211143695017
60.214093669282896,63,96,1,0.009000000000000001,0.001125874099532615,63.3058534560753,771.883673686772,1.4142135623730951,60.19910833203949,14.985337243401759
60.224093669282894,62,55,1,0.011878830827042762,0.018665781845266093,62.20175702369477,442.33807762134495,1.4142135623730951,60.202695819820526,21.397849462365592
60.21782760596171,34,109,0,0.009000000000000001,0.0008065311284471831,34.85256435892247,874.3280788532825,1.0,60.20487550429993,12.952101661779082
60.22782760596171,68,72,0,0.013848296689375358,0.015386996321528176,68.71126301752003,578.4918460700565,1.0,60.20908860302916,18.73900293255132
60.23729237020183,43,106,1,0.022344780709928794,0.03511143547581557,43.86881619606416,853.5587095900662,1.4142135623730951,60.223871060328904,13.421309872922777
60.24321460228324,78,92,0,0.00970448650702931,0.010782762785588122,78.64997420316614,737.8733801735885,1.0,60.227603654091645,15.610948191593351
60.25399736506883,73,107,0,0.04354025312555615,0.048378059028395724,73.20640473170239,862.0389026471347,1.0,60.24073245793295,13.264907135874878
60.262119904323974,66,69,1,0.011436993032182452,0.01797150073208779,66.28465582296657,553.029599108088,1.4142135623730951,60.24291169318028,19.208211143695017
60.274827674359734,89,70,1,0.009000000000000001,0.0036846552807902042,89.62007661099301,563.6000110194645,1.4142135623730951,60.25577586595309,19.05180840664712
60.28482767435973,47,79,1,0.009452335128202545,0.01485291170488852,47.05474255004399,634.0304313977322,1.4142135623730951,60.26718349058652,17.64418377321603
60.29533026894662,42,86,1,0.009000000000000001,0.0039800069587638005,42.44303292656733,694.3218348580308,1.4142135623730951,60.27878090433274,16.549364613880744
60.30533026894662,79,86,1,0.024497163268340234,0.03849357837083864,79.19049084724986,691.3607379918894,1.4142135623730951,60.28878090433274,16.549364613880744
60.30237542409722,51,108,0,0.014983954468587742,0.016648838298430824,51.32442706613944,865.6333137006689,1.0,60.28926691969839,13.10850439882698
60.31902426239565,61,52,0,0.009000000000000001,0.0076094425811565145,61.68299837915626,421.002883709406,1.0,60.29715720472214,21.867057673509287
60.32902426239565,63,80,0,0.03204615582099192,0.03560683980110213,63.75981197556241,642.2364045165963,1.0,60.31153648135948,17.487781036168133
60.33254933924478,88,61,1,0.009000000000000001,0.010039933790782045,88.60694322343136,493.28192981732985,1.4142135623730951,60.3120899062047,20.459433040078203
60.36463110219675,32,79,0,0.009000000000000001,0.009251877752938674,32.61202042416842,634.5830242836993,1.0,60.34698691842354,17.64418377321603
60.36642523624294,54,73,1,0.009000000000000001,0.0028967741000975114,54.89925537975141,585.947999770588,1.4142135623730951,60.34784263604744,18.58260019550342
60.37463110219675,65,50,0,0.024011229723792833,0.026679144137547593,65.19197322959205,407.74122956875766,1.0,60.352451239049145,22.179863147605083
60.37642523624294,55,53,1,0.009000000000000001,0.0004303898039447129,55.07488785057689,427.20506387508897,1.4142135623730951,60.354714581306474,21.71065493646139
60.3977639608202,52,70,1,0.009000000000000001,0.007009678580588402,52.95546086684612,562.6952117806197,1.4142135623730951,60.378712152413556,19.05180840664712
60.4013102463343,80,109,0,0.009000000000000001,0.00478072290983843,80.35915630331684,872.5948805635032,1.0,60.388358144672516,12.952101661779082
60.411310246334295,75,65,0,0.012660050876837567,0.014066723196486185,75.55806375182087,527.3134333264477,1.0,60.391476424242406,19.83382209188661
60.4077639608202,69,88,1,0.009000000000000001,0.002450795343427343,69.20525768897099,710.2795977094993,1.4142135623730951,60.39152740168041,16.236559139784944
60.417763960820196,93,84,1,0.009000000000000001,0.00816753536082131,93.01103226403328,672.8515080164742,1.4142135623730951,60.40090179073222,16.86217008797654
60.427763960820194,74,108,1,0.009430132554899882,0.014818023726794955,74.29101583868848,867.6251571971665,1.4142135623730951,60.414655456421364,13.10850439882698
60.43824188588119,92,88,1,0.009000000000000001,0.005330087039532019,92.65887253149938,705.6527585276933,1.4142135623730951,60.422005326741406,16.236559139784944
60.44824188588119,38,73,1,0.009000000000000001,0.0029499509478682923,38.87241179980876,588.0736550052451,1.4142135623730951,60.42965928568569,18.58260019550342
60.458241885881186,30,107,1,0.009000000000000001,0.0094621102406918,30.16959967414636,862.2150458921311,1.4142135623730951,60.44497697874531,13.264907135874878
60.464061527557945,94,94,0,0.03484610809439289,0.03871789788265877,94.71915383524151,756.1970142364607,1.0,60.44876338484045,15.298142717497555
60.468241885881184,52,80,1,0.013715845914173082,0.021552372568047973,52.525815615514915,640.6779160539261,1.4142135623730951,60.45075410484502,17.487781036168133
60.48348171467471,66,99,1,0.010878793775998624,0.017094375222530298,66.67501174886651,799.5051856761793,1.4142135623730951,60.46896558564245,14.516129032258064
60.5027794254406,26,60,0,0.009000000000000001,0.006891879536545645,26.23083525602531,483.4191172104173,1.0,60.48216358966347,20.6158357771261
60.49556926331471,21,111,1,0.009000000000000001,0.0005539265054049329,20.97859134301209,892.0090750981802,1.4142135623730951,60.48292996712702,12.639296187683286
60.5155692633147,37,109,1,0.014969666598780846,0.023522561697999326,37.58419296871304,877.7070823730483,1.4142135623730951,60.50261716165292,12.952101661779082
60.522779425440596,86,108,0,0.01435204372106329,0.015946715245625877,86.13837606833866,868.572483407561,1.0,60.50967092104177,13.10850439882698
60.53220222620224,108,77,1,0.009000000000000001,0.008007441790232071,108.88493212309959,617.4920895852315,1.4142135623730951,60.51424523695493,17.956989247311828
60.542202226202235,54,53,1,0.009000000000000001,0.012271251118145561,54.67715517411859,429.0231685092519,1.4142135623730951,60.52049157126577,21.71065493646139
60.54872614068622,62,83,0,0.01898653862787944,0.021096154030977154,62.83238313858974,666.1738639773143,1.0,60.5317075678612,17.01857282502444
60.55220222620223,47,70,1,0.011374892860564007,0.01787391972661168,47.220984382358466,561.8313905179001,1.4142135623730951,60.53315041779559,19.05180840664712
60.5648409960473,75,87,1,0.009000000000000001,0.009846744099193191,75.79362181336448,698.3314534662408,1.4142135623730951,60.54844803417047,16.392961876832846
60.5748409960473,21,53,1,0.009000000000000001,0.005081550013493747,20.706530233822477,427.7453605355303,1.4142135623730951,60.55313034111084,21.71065493646139
60.5798222947172,58,83,0,0.009000000000000001,0.0068892266709935646,58.36280899845031,665.5547112720777,1.0,60.56280372189217,17.01857282502444
60.5848409960473,77,56,1,0.009000000000000001,3.7961242179502646e-05,77.97170834833868,450.5755289592143,1.4142135623730951,60.56359954932198,21.241446725317694
60.589822294717194,56,67,0,0.009000000000000001,0.007869351219506939,56.275664825943984,536.9212595496296,1.0,60.57030127809941,19.521016617790814
60.59982229471719,34,88,0,0.009000000000000001,0.002111763029001381,34.32530296538039,709.0187623384786,1.0,60.58358573557741,16.236559139784944
60.60982229471719,23,74,0,0.017110101797823508,0.019011224219803897,23.030134465191658,596.0147674017957,1.0,60.59139609725874,18.426197458455523
60.61150845622395,72,84,1,0.009000000000000001,0.002382266263995236,72.354192484322,675.5156763400785,1.4142135623730951,60.594646286135976,16.86217008797654
60.62150845622395,75,62,1,0.009000000000000001,0.0023437540214359532,75.51544286876045,497.8492696515198,1.4142135623730951,60.60120542592092,20.303030303030305
60.63150845622395,63,51,1,0.01380643813338587,0.02169472450699931,63.98270070749556,411.751211409162,1.4142135623730951,60.60948499581339,22.023460410557185
60.62883351893699,21,90,0,0.03176734593553834,0.03529705103948704,18.289861296820924,723.3363765799526,1.0,60.612909765271304,15.923753665689148
60.64684894303882,52,60,1,0.009000000000000001,0.007061992980103793,52.717454708712204,486.7684598194418,1.4142135623730951,60.62623310726169,20.6158357771261
60.65684894303882,40,76,1,0.009000000000000001,0.007009429264825853,40.784612053154675,608.7614030537652,1.4142135623730951,60.63873555105446,18.113391984359726
60.66413056997648,108,99,0,0.04122147942563298,0.04580164380625886,110.44907414010734,797.2761472108527,1.0,60.64961444094422,14.516129032258064
60.67684894303881,65,66,1,0.009000000000000001,0.003204270139181061,65.61758378533632,535.3613790979916,1.4142135623730951,60.65717152368397,19.67741935483871
60.68684894303881,25,59,1,0.01836786445113322,0.028862314465136943,25.97361136490626,474.81836075446336,1.4142135623730951,60.666076704524635,20.772238514174
60.709932213782736,51,69,0,0.009000000000000001,0.0006125350838182415,51.38080746487013,557.2587861045527,1.0,60.690724002639044,19.208211143695017
60.71725768131785,23,75,1,0.027373655659782035,0.04301355009532754,23.004525482055172,605.3885447621453,1.4142135623730951,60.69898788659644,18.269794721407624
60.719932213782734,21,101,0,0.01626207573530078,0.01806897303922309,10.930649929497243,813.1345749312904,1.0,60.70572889022457,14.203323558162268
60.738001186821954,68,72,0,0.017743422663546643,0.01971491407060738,68.01978292495572,581.0893787790731,1.0,60.719262183889406,18.73900293255132
60.74767285427316,62,82,1,0.01999240807905069,0.031415038499878804,62.24085265927596,663.7572599442724,1.4142135623730951,60.73049787871109,17.174975562072337
60.75771610089256,71,56,0,0.01788381840259799,0.01987090933621999,71.27936496796524,452.0379782091235,1.0,60.73647465416724,21.241446725317694
60.76988664102766,74,89,1,0.009000000000000001,0.006101833860330854,74.46960108595569,712.2590076821735,1.4142135623730951,60.753806484624924,16.080156402737046
60.77988664102766,45,63,1,0.009000000000000001,0.009468522646878459,45.92611015613012,508.74217693148904,1.4142135623730951,60.75974001346167,20.146627565982406
60.77758701022878,21,90,0,0.021025964891021237,0.02336218321224582,15.850438852269527,727.88865089209,1.0,60.76166325656309,15.923753665689148
60.78988664102766,60,75,1,0.009000000000000001,0.006102534120750382,60.602738016624265,600.3496406216265,1.4142135623730951,60.77161684630625,18.269794721407624
60.80094919344102,66,63,0,0.013853178892205624,0.015392420991339582,66.8719999168082,504.74311135979985,1.0,60.780802565875035,20.146627565982406
60.799886641027655,73,98,1,0.009000000000000001,0.01105404240685729,73.79621581848959,789.4942529498044,1.4142135623730951,60.78521410925835,14.672531769305962
60.80988664102765,67,91,1,0.009000000000000001,0.006235207693382536,67.84054716820094,732.6020517405336,1.4142135623730951,60.79411929009901,15.76735092864125
60.81634161443236,104,104,0,0.009000000000000001,0.0004630349614260535,104.57945302309751,838.3026391852992,1.0,60.80260749908534,13.734115347018573
60.81988664102765,30,105,1,0.011906566762452856,0.01870936466306838,30.34100612384578,840.9937953830648,1.4142135623730951,60.80630892841768,13.577712609970675
60.8331161596526,107,91,1,0.009000000000000001,0.006958513230737339,107.99413996699248,733.1526615641461,1.4142135623730951,60.817348808723956,15.76735092864125
60.843116159652595,34,62,1,0.009000000000000001,0.0118618535782864,34.694875314110014,502.628764868135,1.4142135623730951,60.82281312934956,20.303030303030305
60.85311615965259,65,80,1,0.0134319140932511,0.021106216754784465,65.7339177705933,644.2805802924208,1.4142135623730951,60.83562837861643,17.487781036168133
60.86585318572677,98,62,0,0.018921940409094177,0.021024378232326862,98.41350017687904,502.40076246958347,1.0,60.84555015542374,20.303030303030305
60.868040508645095,92,55,1,0.009000000000000001,0.001814528401125187,92.87719823885669,441.97583074989194,1.4142135623730951,60.84664265918273,21.397849462365592
60.8868775639591,50,89,0,0.009000000000000001,0.006955904168921388,50.525222179309765,717.1139994068074,1.0,60.87079740755636,16.080156402737046
60.88804050864509,57,82,1,0.010296128694418219,0.016178805377316707,57.58278590265655,658.8240445088026,1.4142135623730951,60.87086553308302,17.174975562072337
60.89948065163889,58,56,1,0.009000000000000001,0.002747444213038079,58.724972669893035,453.4628012236224,1.4142135623730951,60.87823920491357,21.241446725317694
60.896877563959094,78,74,0,0.009000000000000001,0.0002748726701131743,78.62346159374786,599.5708305469757,1.0,60.87845136650064,18.426197458455523
60.90687756395909,72,103,0,0.009000000000000001,0.008911543821564233,72.34742569276199,825.6411061082655,1.0,60.892987045875024,13.890518084066471
60.90948065163889,64,104,1,0.009000000000000001,0.010212318740337066,64.88195216134997,836.9990058065416,1.4142135623730951,60.89574653629187,13.734115347018573
60.91687756395909,36,92,0,0.020176676206789788,0.022418529118655318,36.31316371858162,739.4391161952983,1.0,60.9012666157675,15.610948191593351
60.919480651638885,94,100,1,0.020838275094188438,0.032744190282958635,94.91398884889412,806.5601363107097,1.4142135623730951,60.905120925343674,14.359726295210166
60.93929609307774,31,60,0,0.011181719080644113,0.012424132311826791,31.492118079096905,481.11478554824845,1.0,60.918680257300615,20.6158357771261
60.94263429063243,105,105,1,0.01473155300790069,0.023148402287323688,105.13826750886356,845.0527367213521,1.4142135623730951,60.929056578022454,13.577712609970675
60.95172022538957,67,111,0,0.009000000000000001,0.005564431585837797,67.17260313001391,892.9871588427598,1.0,60.939080929201886,12.639296187683286
60.95900268286343,21,88,1,0.009000000000000001,0.01206947774590309,1.3645126744624392,706.5361549413575,1.4142135623730951,60.94276612372364,16.236559139784944
60.96172022538957,75,108,0,0.01966640314865342,0.021851559054059354,75.2460735563537,870.987216071795,1.0,60.94861172099074,13.10850439882698
60.969002682863426,59,81,1,0.009000000000000001,0.0008638894132645313,59.907305308995326,653.2305593835399,1.4142135623730951,60.95167130456431,17.331378299120235
60.983571784443626,51,71,0,0.009000000000000001,0.0036538022318882615,51.25703769858214,573.3800359600343,1.0,60.96467637877403,18.89540566959922
60.993571784443624,108,103,0,0.0267763857842716,0.029751539760301777,108.60218600380688,827.1338463287653,1.0,60.979681266359556,13.890518084066471
61.000715403568954,26,72,1,0.009000000000000001,0.008394037562754334,26.321495286229265,579.1838161661992,1.4142135623730951,60.981976400636405,18.73900293255132
61.02332332420393,21,75,0,0.009000000000000001,0.00033831222385623147,21.780408665323073,607.8305007502246,1.0,61.005053529482524,18.269794721407624
61.02071540356895,68,101,1,0.009000000000000001,0.009024997744468155,68.04421161841671,808.7404675450701,1.4142135623730951,61.006512080010786,14.203323558162268
61.03332332420393,91,69,0,0.024084456628529066,0.026760507365032295,91.66612290755694,554.9198857638391,1.0,61.014115113060235,19.208211143695017
61.03071540356895,89,94,1,0.009000000000000001,0.011444555779346286,89.91266918105335,758.8611273717456,1.4142135623730951,61.01541726085145,15.298142717497555
61.040715403568946,29,53,1,0.009000000000000001,0.012248343114529828,29.411499026756864,428.3074865673617,1.4142135623730951,61.01900474863248,21.71065493646139
61.050715403568944,36,92,1,0.009000000000000001,0.002792827108246624,36.03238343165263,736.7104001234353,1.4142135623730951,61.03510445537735,15.610948191593351
61.06008383156896,72,92,0,0.03868506951724042,0.04298341057471158,72.49437314661523,736.0525335068824,1.0,61.04447288337737,15.610948191593351
61.07071540356894,66,63,1,0.009000000000000001,0.00462526260715497,66.82525710872625,507.9628004694788,1.4142135623730951,61.050568776002955,20.146627565982406
61.08071540356894,21,55,1,0.020602398636661075,0.0323735461882034,13.541464059848991,442.6843896632826,1.4142135623730951,61.05931755410657,21.397849462365592
61.10306724214367,35,70,0,0.009000000000000001,0.004359198690761205,35.40121125283963,562.375304483601,1.0,61.08401543373703,19.05180840664712
61.10360695760967,68,68,1,0.009000000000000001,0.008815123849310439,68.3581973163392,546.1647579213168,1.4142135623730951,61.08424234372893,19.364613880742915
61.11306724214367,42,83,0,0.024307955457094726,0.027008839396771917,42.021094176935414,666.9782734674669,1.0,61.09604866931865,17.01857282502444
61.11360695760967,85,94,1,0.009000000000000001,0.008190581073406563,85.21099872736701,753.3471901712574,1.4142135623730951,61.09830881489217,15.298142717497555
61.12360695760967,52,112,1,0.034571796757306844,0.05432433761087725,52.72525628359884,899.0989396439288,1.4142135623730951,61.11112406415903,12.482893450635387
61.14007608154044,87,63,0,0.009000000000000001,0.0009549682874412463,87.54159485147277,504.3729411993146,1.0,61.11992945397446,20.146627565982406
61.15007608154044,64,93,0,0.009000000000000001,0.009977744507628747,64.61074240988805,746.7334529820137,1.0,61.134621536085895,15.454545454545453
61.16202006511779,78,51,1,0.009000000000000001,5.266228876476512e-05,78.1508814864535,413.81487790420755,1.4142135623730951,61.13999660470723,22.023460410557185
61.16007608154044,62,84,0,0.03807165685107442,0.04230184094563825,62.26576688169985,677.2562778454825,1.0,61.14321391145246,16.86217008797654
61.172020065117785,49,95,1,0.01657524385631632,0.02604548295693762,49.895271699300125,765.2831352167025,1.4142135623730951,61.156878325137335,15.141739980449657
61.19043700273591,24,64,1,0.009346038951513754,0.014685883377442192,24.058824932156135,518.8106087802103,1.4142135623730951,61.170446777906974,19.990224828934508
61.200821490459816,52,52,1,0.009000000000000001,0.01049564343244661,52.37206699153094,417.58035664431935,1.4142135623730951,61.178954432786306,21.867057673509287
61.20237792248608,60,51,0,0.012377305020551682,0.013752561133946312,60.93141601091524,415.3932844303733,1.0,61.18035446207552,22.023460410557185
61.210821490459814,63,95,1,0.009000000000000001,0.0027661992260712533,63.6369331398065,763.9279340250735,1.4142135623730951,61.195679750479364,15.141739980449657
61.22082149045981,38,107,1,0.009000000000000001,0.003045315470528788,38.22093324240482,860.4430789150975,1.4142135623730951,61.207556583323935,13.264907135874878
61.24082149045981,59,51,1,0.027665700220162254,0.043472453848779756,59.657539737730616,412.32802785344643,1.4142135623730951,61.21879803004925,22.023460410557185
61.23543008498545,102,111,0,0.02143232730064981,0.02381369700072201,102.32686098601897,895.0958946258359,1.0,61.22279078879777,12.639296187683286
61.25924378198617,80,91,0,0.009000000000000001,0.0014255777110361203,80.71410686412592,733.6224143166198,1.0,61.24347643105753,15.76735092864125
61.26924378198617,89,59,0,0.009000000000000001,0.004998513854084178,89.82722596943863,476.72841605408104,1.0,61.24847154347199,20.772238514174
61.2715611573711,55,82,1,0.022848452264222944,0.035902878968109266,55.28419919809775,659.2037723672879,1.4142135623730951,61.25438618180903,17.174975562072337
61.27924378198617,98,88,0,0.009000000000000001,0.003474189300376195,98.82520981861883,710.8147890216068,1.0,61.26300722284638,16.236559139784944
61.289243781986166,77,70,0,0.009000000000000001,0.0020584438632724137,77.58882197893678,563.5457530008193,1.0,61.27019197357952,19.05180840664712
61.296948326553576,53,108,1,0.009000000000000001,0.0011685152473342438,53.7550199673854,870.1170964364447,1.4142135623730951,61.28383982215475,13.10850439882698
61.29924378198616,47,108,0,0.009038900073054927,0.010043222303394364,47.68009951973989,870.5701675729201,1.0,61.286135277587334,13.10850439882698
61.306948326553574,39,104,1,0.011270049817972949,0.01770917477910864,39.10727385052782,833.8094330945662,1.4142135623730951,61.29321421120655,13.734115347018573
61.30928700428956,96,97,0,0.009000000000000001,0.0038650367912934696,96.2267772096636,777.6694647519861,1.0,61.294458069783204,14.82893450635386
61.3194706041291,66,89,1,0.009000000000000001,0.006846402696365503,66.3353834264678,718.6524132141622,1.4142135623730951,61.303390447726365,16.080156402737046
61.319287004289556,22,107,0,0.03130997179567012,0.034788857550744574,22.44056708399767,857.7364937867576,1.0,61.30602209715368,13.264907135874878
61.3294706041291,29,61,1,0.012837738796322879,0.020172560351070075,29.187506715392665,490.52518023607377,1.4142135623730951,61.30901117108902,20.459433040078203
61.34373475834724,84,83,1,0.030493136370367224,0.04791534112696181,84.04394907027674,670.0328576420859,1.4142135623730951,61.326716185522216,17.01857282502444
61.3540758618403,35,94,0,0.020236105697132318,0.022484561885702574,35.717251782651985,755.1938237191491,1.0,61.3387777191228,15.298142717497555
61.376560423726005,52,52,0,0.0146088961788165,0.016232106865351665,52.12643509933213,421.98582081072743,1.0,61.354693366052494,21.867057673509287
61.37761602098098,69,111,1,0.009000000000000001,0.008023620557976861,69.61207096470649,888.591453297498,1.4142135623730951,61.364976724793294,12.639296187683286
61.38761602098098,72,50,1,0.009000000000000001,0.013088463741498725,72.96921714656796,401.75542545532534,1.4142135623730951,61.36543615783337,22.179863147605083
61.39279253059136,49,91,0,0.02445546634920348,0.027172740388003866,49.89837747420144,733.9668677278712,1.0,61.377025179662716,15.76735092864125
61.397616020980976,106,62,1,0.009000000000000001,0.00061263680749015,106.47065070346952,500.4256080255582,1.4142135623730951,61.37731299067794,20.303030303030305
61.407616020980974,39,72,1,0.009000000000000001,0.0030870790736804337,39.57517147897038,580.0327467753641,1.4142135623730951,61.388877018048426,18.73900293255132
61.41761602098097,34,56,1,0.009000000000000001,0.008184819858943265,34.321378766517185,449.43316922800733,1.4142135623730951,61.39637457425565,21.241446725317694
61.41996527097936,22,77,0,0.009000000000000001,0.008416496482156102,22.549931268554076,620.6439013999717,1.0,61.40200828173205,17.956989247311828
61.42761602098097,70,77,1,0.009000000000000001,0.000649280578930131,70.23973945421942,622.0721011100597,1.4142135623730951,61.40965903173366,17.956989247311828
61.42996527097936,93,107,0,0.009000000000000001,0.0010182094217807323,93.9818966884758,857.5881685932989,1.0,61.41670036384348,13.264907135874878
61.43996527097936,47,76,0,0.009000000000000001,0.00800366594262218,47.35449587190938,611.7929134395395,1.0,61.421851878995,18.113391984359726
61.43761602098097,107,101,1,0.009606316701825863,0.015094870404637018,107.70735755429004,813.8397036017702,1.4142135623730951,61.423412697422805,14.203323558162268
61.458289706205214,63,90,1,0.009000000000000001,0.008326909420330068,63.22837611827077,722.3584189073715,1.4142135623730951,61.442365952539525,15.923753665689148
61.46828970620521,68,82,1,0.009000000000000001,0.0029232788532872847,68.27841222054269,659.1575576012611,1.4142135623730951,61.45111473064314,17.174975562072337
61.46815679688095,53,89,0,0.009000000000000001,0.0017578927021730485,53.243310963256285,713.8663677811328,1.0,61.45207664047821,16.080156402737046
61.47828970620521,61,75,1,0.025068388170533123,0.039391171708445784,61.0409269604004,603.6674602516304,1.4142135623730951,61.460019911483805,18.269794721407624
61.478156796880945,108,104,0,0.009000000000000001,0.0031006821757946796,135.59155226722902,838.1016811124924,1.0,61.464422681533925,13.734115347018573
61.48815679688094,86,67,0,0.009000000000000001,0.009312237990554204,86.53441956608864,539.7212111179472,1.0,61.468635780263156,19.521016617790814
61.49815679688094,58,76,0,0.009000000000000001,0.0039393082497999055,58.14804539492965,612.9342804415719,1.0,61.480043404896584,18.113391984359726
61.506143470839135,47,86,1,0.06456402645481651,0.10145257983757423,47.171337841501256,693.377398345694,1.4142135623730951,61.489594106225255,16.549364613880744
61.50815679688094,62,98,0,0.009000000000000001,0.0031085568839604046,62.10674879639609,786.6520200571877,1.0,61.49348426511163,14.672531769305962
61.51815679688094,28,103,0,0.009000000000000001,0.009647441374855986,28.95970760796406,826.1071033614896,1.0,61.50426627879687,13.890518084066471
61.528156796880936,26,94,0,0.01089354995667324,0.0121039443963036,26.734835025946253,758.9339255656319,1.0,61.51285865416344,15.298142717497555
61.54026074127724,53,109,0,0.030690904115724275,0.03410100457302697,53.07340727996326,876.2256315731927,1.0,61.527308639615455,12.952101661779082
61.57436174585026,76,73,0,0.009000000000000001,0.00037785773382705137,76.22651830307596,588.4177805080828,1.0,61.55577914565476,18.58260019550342
61.577881278011155,62,52,1,0.009000000000000001,0.004814916187158339,62.22027141557142,416.24066101794733,1.4142135623730951,61.556014220337644,21.867057673509287
61.58436174585026,37,68,0,0.030529334501772323,0.03392148277974703,37.23301175552568,551.3111425409444,1.0,61.56499713196952,19.364613880742915
61.58788127801115,80,68,1,0.016414726476692558,0.025793254228870386,80.83750208398979,544.1087914779334,1.4142135623730951,61.568516664130414,19.364613880742915
61.60611986298525,44,110,1,0.009000000000000001,0.003241147860337264,44.24125124529225,886.9677870522137,1.4142135623730951,61.59332416406052,12.795698924731184
61.61611986298525,98,85,1,0.009000000000000001,0.006732918562347486,98.77180665336193,680.236741086751,1.4142135623730951,61.59941409563432,16.705767350928642
61.62611986298525,95,92,1,0.023497630329746912,0.036922963884397184,95.73818438666771,737.2205356834343,1.4142135623730951,61.610508914793655,15.610948191593351
61.63249659800935,67,62,0,0.01751372090716958,0.019459689896855085,67.42876632730172,502.2333600987878,1.0,61.61219356770631,20.303030303030305
61.6519562879062,76,66,0,0.03642740327519946,0.04047489252799939,76.84104139145023,532.2464366737393,1.0,61.63227886855136,19.67741935483871
61.652228341129415,54,84,1,0.009000000000000001,0.007756000988100245,54.05658886362459,672.1183788052087,1.4142135623730951,61.63536617104144,16.86217008797654
61.66222834112941,66,89,1,0.02870274412895064,0.04510201113831858,66.75297921444604,712.6988149402064,1.4142135623730951,61.64614818472668,16.080156402737046
61.6924311804342,63,57,0,0.009000000000000001,0.0024359186818827504,63.167280046693804,456.8812312403259,1.0,61.671346136445926,21.085043988269796
61.694120279050466,83,109,1,0.016209932212112556,0.025471451088353424,83.72732453134229,872.2439399226218,1.4142135623730951,61.681168177388685,12.952101661779082
61.702431180434196,39,68,0,0.009000000000000001,0.002241007668419558,39.510700338825416,550.0152402977483,1.0,61.68306656655346,19.364613880742915
61.7121313148417,70,60,1,0.009000000000000001,0.004780817133408171,70.7362934233521,484.8305406283594,1.4142135623730951,61.69151547906457,20.6158357771261
61.712431180434194,89,97,0,0.009000000000000001,0.004962038298794033,89.01951086616509,780.6748281014462,1.0,61.69760224592784,14.82893450635386
61.7221313148417,35,50,1,0.009000000000000001,0.00992445881923659,35.98033293639319,402.05072521508356,1.4142135623730951,61.69995145169409,22.179863147605083
61.72243118043419,69,65,0,0.009000000000000001,0.004567021689596512,69.55019632116799,522.65524899299,1.0,61.7025973583423,19.83382209188661
61.73243118043419,42,94,0,0.04556630710644312,0.05062923011827013,42.29387407601082,753.5603069721905,1.0,61.71713303771669,15.298142717497555
61.732131314841695,77,110,1,0.009000000000000001,0.006299587607015804,77.77314085976836,884.4296677338942,1.4142135623730951,61.71933561591696,12.795698924731184
61.74213131484169,29,72,1,0.011334247893733175,0.017810052322906826,29.775089400816885,578.0448368773734,1.4142135623730951,61.723392311909144,18.73900293255132
61.75472492361251,50,56,1,0.009000000000000001,0.0027920421457103876,50.298641030995526,453.1529106564757,1.4142135623730951,61.73348347688719,21.241446725317694
61.764724923612505,56,78,1,0.022646690807274918,0.03558584142502032,56.27353670150977,630.8295903807077,1.4142135623730951,61.74692433710224,17.80058651026393
61.78306041055246,21,69,0,0.011960041215968711,0.013288934684409679,13.19010716022224,558.9696648534114,1.0,61.76385219940877,19.208211143695017
61.79634934523687,59,58,0,0.010895273366441036,0.012105859296045594,59.4346703947019,465.9183089017571,1.0,61.775420703985645,20.928641251221897
61.799887913398365,77,89,1,0.009000000000000001,0.003363488455313447,77.77248367919988,717.4757578804908,1.4142135623730951,61.78380775699563,16.080156402737046
61.80845520453291,53,63,0,0.01473753583805766,0.016375039820064066,53.410128005928904,507.0262281137171,1.0,61.78830857696693,20.146627565982406
61.80988791339836,82,106,1,0.009000000000000001,0.0073461870168396465,82.92943191497659,854.520470657118,1.4142135623730951,61.79646660352544,13.421309872922777
61.81988791339836,47,82,1,0.03332579930713609,0.052366441507861954,47.75792215874452,662.8155140001847,1.4142135623730951,61.80271293783629,17.174975562072337
61.824830244352974,65,57,0,0.009000000000000001,0.008507001172249536,65.32249877859326,458.02672969228445,1.0,61.8037452003647,21.085043988269796
61.83483024435297,26,53,0,0.009000000000000001,0.0003506700176684812,26.81049793745909,425.5658190533486,1.0,61.81311958941651,21.71065493646139
61.84483024435297,70,54,0,0.04164409824679692,0.0462712202742188,70.49818765735043,433.96310211141315,1.0,61.823275992153555,21.55425219941349
61.85691657929518,45,77,1,0.009000000000000001,0.0014352881486998648,45.575757104834594,618.2241994115564,1.4142135623730951,61.83895959004787,17.956989247311828
61.86691657929518,21,83,1,0.009000000000000001,0.013076619068082999,10.634729677882206,671.2229030386034,1.4142135623730951,61.849898006470156,17.01857282502444
61.87691657929518,66,62,1,0.030445254971770714,0.04784010276776116,66.44425261793013,503.008702145688,1.4142135623730951,61.856613548992144,20.303030303030305
61.89110146462719,41,81,0,0.009000000000000001,0.0017170339446294976,41.98686746392684,654.4381257046673,1.0,61.87377008632807,17.331378299120235
61.90110146462719,71,78,0,0.009000000000000001,0.009378709637021556,71.8569604610976,627.4801586965054,1.0,61.88330087811693,17.80058651026393
61.91074464037492,37,51,1,0.010154229609566192,0.01595583247699885,37.32312546490189,411.17339421342865,1.4142135623730951,61.888721179964364,22.023460410557185
61.91110146462719,92,109,0,0.009000000000000001,0.00660500727795596,92.47060914649677,873.5437734877777,1.0,61.898149362965405,12.952101661779082
61.921101464627185,24,52,0,0.012468455962104226,0.013853839957893584,24.890785494253635,423.34890894255653,1.0,61.899234406953674,21.867057673509287
61.92202711771888,62,85,1,0.009000000000000001,0.002822311956113804,62.974990380141506,682.4245854997872,1.4142135623730951,61.905321350367956,16.705767350928642
61.93202711771888,74,61,1,0.011599958920039016,0.018227576919655486,74.57289575386189,491.2381655496147,1.4142135623730951,61.9115676846788,20.459433040078203
61.93495530458508,70,69,0,0.03920206556058752,0.043557850622875025,70.35503898545318,556.8676294223269,1.0,61.91574709344139,19.208211143695017
61.94491596096337,34,75,1,0.009073544075971064,0.01425769899003148,34.23176410638599,605.9798399478994,1.4142135623730951,61.926646166241966,18.269794721407624
61.95499767660334,40,55,1,0.01012573548777653,0.01591105828424013,40.88446515603931,445.81910258786394,1.4142135623730951,61.933599827140974,21.397849462365592
61.96624849381198,24,95,1,0.009000000000000001,0.0017863611518047747,24.646184566449264,763.3702826146598,1.4142135623730951,61.95110675383153,15.141739980449657
61.97624849381198,96,97,1,0.027572058814116878,0.043325310574969696,96.31778594824111,780.9848722985768,1.4142135623730951,61.961419559305625,14.82893450635386
61.978513155207956,41,85,0,0.009000000000000001,0.008766787072376478,41.98365631076027,682.9089964297341,1.0,61.96180738785703,16.705767350928642
61.988513155207954,72,61,0,0.009000000000000001,0.0056238126244187855,72.34505127873257,489.11654945579176,1.0,61.96805372216787,20.459433040078203
61.99851315520795,21,60,0,0.026463893651263372,0.029404326279181523,20.755259760378024,484.94333740331,1.0,61.977897319430824,20.6158357771261
62.006884114716556,78,52,1,0.009000000000000001,0.004573731248647766,78.63395804732234,422.6148154601075,1.4142135623730951,61.985017057043045,21.867057673509287
62.016884114716554,30,53,1,0.009000000000000001,2.8117495447279213e-05,30.155623864221788,431.15886252459285,1.4142135623730951,61.99517345978009,21.71065493646139
62.02688411471655,42,57,1,0.009000000000000001,0.0029681377659292146,42.75952706806457,462.2494491339739,1.4142135623730951,62.00579907072828,21.085043988269796
62.02791748148714,22,104,0,0.009000000000000001,0.007244890574484627,22.681228237580413,835.8084231644251,1.0,62.01418336614012,13.734115347018573
62.03688411471655,62,87,1,0.023518090177204187,0.03695511343301736,62.843029169741286,696.5529775560823,1.4142135623730951,62.02049115283972,16.392961876832846
62.037917481487135,53,103,0,0.009000000000000001,0.0067678155166480455,53.44749078201773,831.3370351659446,1.0,62.02402696340307,13.890518084066471
62.04791748148713,52,50,0,0.009000000000000001,0.007482490382995644,52.78932149445205,402.1869911415047,1.0,62.02573761833953,22.179863147605083
62.05791748148713,91,58,0,0.009000000000000001,0.004800430842930273,91.0408772996561,466.69430854662977,1.0,62.03698884023591,20.928641251221897
62.063015326024555,32,56,1,0.009000000000000001,0.011762152282137563,32.834726915217644,449.528217107994,1.4142135623730951,62.041773879299235,21.241446725317694
62.07301532602455,56,61,1,0.009000000000000001,0.005758453878752292,56.88984934382291,494.29946563579597,1.4142135623730951,62.05255589298447,20.459433040078203
62.06791748148713,70,107,0,0.009000000000000001,0.001757134139333419,70.12640909216425,861.0463267861658,1.0,62.05465257435125,13.264907135874878
62.07791748148713,94,76,0,0.018777128600050607,0.02086347622227845,94.27084565407407,614.4271806533193,1.0,62.05980408950277,18.113391984359726
62.08301532602455,46,93,1,0.009000000000000001,0.012370466328540648,46.62306411571187,746.4041969245502,1.4142135623730951,62.067560780570005,15.454545454545453
62.09301532602455,21,102,1,0.009000000000000001,0.011393146911227578,11.948578722226785,820.8458840485018,1.4142135623730951,62.07896840520343,14.04692082111437
62.09878095770941,71,73,0,0.019179484853221154,0.02131053872580128,71.43006624209329,585.9014956372679,1.0,62.08019835751391,18.58260019550342
62.10301532602455,31,95,1,0.009000000000000001,0.0037147727147736407,31.952461681432528,767.1091697644345,1.4142135623730951,62.0878735860441,15.141739980449657
62.128041493796694,43,52,1,0.009000000000000001,0.0014677307647312952,43.81570016168882,422.965016114545,1.4142135623730951,62.10617443612318,21.867057673509287
62.130091496435206,98,107,0,0.009000000000000001,0.006449868035432833,98.50867026567104,860.863710265533,1.0,62.11682658929933,13.264907135874878
62.140091496435204,77,77,0,0.03648380182852026,0.040537557587244734,77.67392986886432,616.5372525722826,1.0,62.122134507187894,17.956989247311828
62.13804149379669,60,103,1,0.009000000000000001,0.001775051824987172,60.43872205821171,824.5683180805611,1.4142135623730951,62.124150975712624,13.890518084066471
62.14804149379669,27,108,1,0.009000000000000001,0.004030791712974396,27.138549276706136,867.581005373389,1.4142135623730951,62.13493298939786,13.10850439882698
62.15804149379669,44,85,1,0.02958333499175452,0.046485726183962,44.920059969850776,684.4093658832475,1.4142135623730951,62.14133572644576,16.705767350928642
62.19091186600975,55,103,1,0.009000000000000001,0.012269824724330034,55.19439995063936,824.9878835547977,1.4142135623730951,62.17702134792568,13.890518084066471
62.20091186600975,21,61,1,0.052686210239001004,0.08278839230003938,8.127333776991392,492.9508557781335,1.4142135623730951,62.180452432969666,20.459433040078203
62.21805790534103,23,62,0,0.01841082661813064,0.02045647402014515,23.066657830113883,499.67506447234314,1.0,62.197754875037994,20.303030303030305
62.24851437936117,33,80,0,0.012542181825602348,0.013935757584002608,33.060376230651215,640.7176729788027,1.0,62.231026598325,17.487781036168133
62.25945209960864,62,81,1,0.009000000000000001,7.21707145451398e-05,62.733541727963505,654.5568462444396,1.4142135623730951,62.24212072130952,17.331378299120235
62.26245013694517,83,101,0,0.009000000000000001,0.0006811636276285145,83.34504943013218,808.7662079790603,1.0,62.248246813387006,14.203323558162268
62.27245013694517,56,60,0,0.0620249958930449,0.06891666210338322,56.885466614436986,484.89631977547367,1.0,62.25183430116804,20.6158357771261
62.269452099608635,60,107,1,0.009000000000000001,0.012162708296122078,60.443761414731746,858.2341743330282,1.4142135623730951,62.25618719247276,13.264907135874878
62.27945209960863,91,102,1,0.009441755701181498,0.014836287739138185,91.50451628279157,820.1681191105415,1.4142135623730951,62.26540517878752,14.04692082111437
62.289942939276614,70,60,1,0.009000000000000001,0.002407844455705709,70.2391365610128,485.1165162191653,1.4142135623730951,62.269327103499485,20.6158357771261
62.29994293927661,80,107,1,0.009000000000000001,0.003156437555816306,80.77341037617565,863.2503095221107,1.4142135623730951,62.286678032140735,13.264907135874878
62.30994293927661,21,91,1,0.009000000000000001,0.0004911854439295078,13.740421739181748,732.538719999214,1.4142135623730951,62.29417558834797,15.76735092864125
62.31994293927661,50,72,1,0.017471629571787998,0.027454017219090465,50.708374659604225,580.1890607782848,1.4142135623730951,62.30120393634406,18.73900293255132
62.33935586102304,56,64,1,0.009000000000000001,0.008350480493890804,56.581902357898436,517.0381019920576,1.4142135623730951,62.3193656361941,19.990224828934508
62.34136679904855,59,88,0,0.014270417500675779,0.01585601944519531,59.40693923834582,706.0396591019296,1.0,62.325130239908766,16.236559139784944
62.349355861023035,82,94,1,0.009000000000000001,0.007961942344716543,82.17066846345546,758.0459589157567,1.4142135623730951,62.33405771830554,15.298142717497555
62.35935586102303,89,51,1,0.009000000000000001,0.0017384103959823215,89.81849487661657,412.3318441490054,1.4142135623730951,62.337332400612475,22.023460410557185
62.357222818493746,80,92,0,0.02093216975086283,0.02325796638984759,80.05398663215345,743.9920107618349,1.0,62.34161187030215,15.610948191593351
62.36935586102303,53,108,1,0.010738478408131668,0.016873890893367167,53.839319325014685,866.2479372568698,1.4142135623730951,62.3562473566242,13.10850439882698
62.380480784883595,41,84,0,0.009000000000000001,0.005847150559074567,41.27841712979723,672.744074028481,1.0,62.36361861479562,16.86217008797654
62.381287503698736,85,92,1,0.009000000000000001,0.004056040594649309,85.31741790124192,737.1182808140995,1.4142135623730951,62.36567655550714,15.610948191593351
62.39048078488359,84,76,0,0.009000000000000001,0.0023897516661424726,84.45589996051058,610.5956899126954,1.0,62.372367392899235,18.113391984359726
62.40128750369873,102,77,1,0.009000000000000001,0.013039715029244309,102.2599521585056,620.6800393428107,1.4142135623730951,62.38333051445142,17.956989247311828
62.40048078488359,56,86,0,0.024703340032897765,0.027448155592108628,56.95675274148338,695.1266826298472,1.0,62.38393142026971,16.549364613880744
62.42128750369873,49,71,1,0.009000000000000001,0.0035637784838979188,49.315550108202075,573.4285054644448,1.4142135623730951,62.40239209802913,18.89540566959922
62.4279289404757,64,74,0,0.009000000000000001,0.0031956097395974895,64.75910480914689,599.320667598192,1.0,62.40950274301725,18.426197458455523
62.43128750369873,53,61,1,0.009000000000000001,0.0005588287619693848,53.822657609161666,493.2069235831634,1.4142135623730951,62.410828070658646,20.459433040078203
62.4379289404757,108,76,0,0.009000000000000001,0.0019112025685645653,124.51142985137784,608.354331923615,1.0,62.41981554849134,18.113391984359726
62.441287503698724,88,94,1,0.013110958070865491,0.020601883021692188,88.3440127440947,758.4420877986387,1.4142135623730951,62.42598936098123,15.298142717497555
62.4479289404757,55,69,0,0.009000000000000001,0.0011331811493060825,55.612741622247185,552.6907409842319,1.0,62.42872072933201,19.208211143695017
62.457928940475696,39,73,0,0.0350669426672165,0.038963269630240556,39.064804270547796,587.8529026901352,1.0,62.439346340280196,18.58260019550342
62.455855234888574,30,109,1,0.009000000000000001,0.013054902035194528,30.595596034279815,879.3488706826993,1.4142135623730951,62.44290313322679,12.952101661779082
62.48585523488857,70,93,1,0.011888971202129683,0.018681715907461066,70.04506368225535,745.4602850355975,1.4142135623730951,62.47040068943402,15.454545454545453
62.49689221010593,104,66,0,0.019146124604519806,0.021273471782799785,104.67295371163732,530.0579915076996,1.0,62.47721479075109,19.67741935483871
62.49906520289093,21,103,1,0.009000000000000001,0.008205598144704758,13.488610866802858,827.0077652277296,1.4142135623730951,62.485174684806864,13.890518084066471
62.50906520289093,64,64,1,0.014093987290429377,0.02214656441559917,64.09332369470654,517.6627754798748,1.4142135623730951,62.48907497806199,19.990224828934508
62.51816568188873,66,83,0,0.038416615332415374,0.042685128147128194,66.62097615300357,665.044248457212,1.0,62.50114710906371,17.01857282502444
62.52472518876918,45,109,1,0.009000000000000001,0.012230341372054076,45.2882522655949,878.4442213164831,1.4142135623730951,62.5117730871074,12.952101661779082
62.557131394117995,42,57,1,0.009000000000000001,0.01140581606587599,42.353406734938666,457.12422662902816,1.4142135623730951,62.53604635012972,21.085043988269796
62.56085081003586,41,92,0,0.024026975818315695,0.02669663979812855,41.26429440345663,736.8558238604244,1.0,62.545239861844266,15.610948191593351
62.56713139411799,39,55,1,0.009000000000000001,0.011953468493813903,39.36418870109052,446.42254326531025,1.4142135623730951,62.545733544655626,21.397849462365592
62.57713139411799,91,63,1,0.009000000000000001,0.010909887946442947,91.19012346396495,506.72394066302115,1.4142135623730951,62.556984766552006,20.146627565982406
62.58754744983399,53,79,0,0.009000000000000001,0.00011684866593460132,53.67549791618084,637.6464882827541,1.0,62.56990326606078,17.64418377321603
62.58713139411799,69,89,1,0.009000000000000001,0.011531953514901876,69.17592786719729,716.8942097725011,1.4142135623730951,62.57105123771525,16.080156402737046
62.59754744983399,64,79,0,0.009000000000000001,0.003212792505967783,64.13022902716392,632.201453160323,1.0,62.579903266060775,17.64418377321603
62.59713139411799,86,107,1,0.009000000000000001,0.011681565905138637,86.57563647638241,863.6328163157045,1.4142135623730951,62.58386648698211,13.264907135874878
62.607131394117985,21,78,1,0.025648202660528314,0.040302262281125385,13.478614529706832,629.793502939722,1.4142135623730951,62.58933080760772,17.80058651026393
62.60754744983399,61,81,0,0.022963439961736266,0.02551493329081807,61.09734709645069,653.8920934755605,1.0,62.59021607153487,17.331378299120235
62.6330623831248,43,84,0,0.009245632446016951,0.010272924940018835,43.425395004400244,672.5042078619703,1.0,62.61620021303683,16.86217008797654
62.635629397074126,63,89,1,0.009000000000000001,0.0030972081568260094,63.0472579219149,718.1721576590446,1.4142135623730951,62.61954924067139,16.080156402737046
62.64333530806482,83,77,0,0.009000000000000001,0.0038020550439009414,83.24988261098989,621.9583490232699,1.0,62.62537831881751,17.956989247311828
62.645629397074124,58,79,1,0.009000000000000001,0.01039997803767457,58.56534935058401,639.8159780997635,1.4142135623730951,62.62798521330091,17.64418377321603
62.65333530806482,53,103,0,0.009000000000000001,0.009930922753708098,53.212560118978885,830.8869198946772,1.0,62.63944478998075,13.890518084066471
62.673335308064814,64,56,0,0.009000000000000001,0.00037931944081621174,64.08268803970311,450.34680055190154,1.0,62.652093861339495,21.241446725317694
62.67881111577413,79,77,1,0.010922873936035181,0.017163640511591714,79.8840739156804,623.6899113190337,1.4142135623730951,62.66085412652682,17.956989247311828
62.68333530806481,59,69,0,0.009000000000000001,0.008266725568642677,59.155725869509574,553.574975094976,1.0,62.66412709692112,19.208211143695017
62.69094764236973,21,53,1,0.010273856338130032,0.016143807745840306,15.178465525469846,425.2877830395052,1.4142135623730951,62.669236987433266,21.71065493646139
62.69333530806481,51,55,0,0.03178988683869041,0.03532209648743379,51.26818258685042,440.5938935252156,1.0,62.67193745860244,21.397849462365592
62.70236303830099,35,110,1,0.009000000000000001,0.010197548898895606,35.41796854493103,880.4587157790306,1.4142135623730951,62.689567339376254,12.795698924731184
62.712363038300985,31,69,1,0.009000000000000001,0.003026140614304029,31.147959187815843,555.6226262892985,1.4142135623730951,62.693154827157294,19.208211143695017
62.72236303830098,54,96,1,0.009000000000000001,0.010696960180548734,54.17274510451318,771.9326404440856,1.4142135623730951,62.70737770105758,14.985337243401759
62.728657404552244,72,71,0,0.013318397430857883,0.01479821936761987,72.29506345210221,568.1843559418548,1.0,62.70976199888265,18.89540566959922
62.73236303830098,85,69,1,0.018524312566473383,0.029108148961272243,85.3864475352537,555.0081779109245,1.4142135623730951,62.71315482715729,19.208211143695017
62.760180608801896,76,63,0,0.009000000000000001,0.0009056620582926539,76.040495228243,507.7409913927873,1.0,62.74003398123591,20.146627565982406
62.76294560781928,49,92,1,0.009000000000000001,0.005531670276746601,49.22496441743583,739.7042787975649,1.4142135623730951,62.74733465962769,15.610948191593351
62.770180608801894,102,61,0,0.08833434398135595,0.09814927109039549,102.02725433794664,491.33152442850684,1.0,62.74972117576181,20.459433040078203
62.77294560781928,95,62,1,0.009000000000000001,0.012501439608116616,95.0969796341623,498.79229291415913,1.4142135623730951,62.75264257751625,20.303030303030305
62.78294560781928,21,81,1,0.009000000000000001,0.008450654100338626,4.026275635288258,650.8514920881745,1.4142135623730951,62.76561422952016,17.331378299120235
62.79294560781928,74,90,1,0.022094535890937076,0.034718213679224806,74.54764491684867,722.120700412991,1.4142135623730951,62.77702185415359,15.923753665689148
62.81749509214254,50,95,1,0.009000000000000001,0.0003082583191957537,50.54101270661299,762.3156684496969,1.4142135623730951,62.80235335216209,15.141739980449657
62.82749509214254,35,73,1,0.009000000000000001,0.0005429885260503326,35.055081457656485,590.7205410528045,1.4142135623730951,62.80891249194704,18.58260019550342
62.83749509214254,39,73,1,0.009000000000000001,0.006604737741042717,39.16126243680095,586.1689091926905,1.4142135623730951,62.81891249194704,18.58260019550342
62.84749509214254,33,102,1,0.009000000000000001,0.0057469679432541314,33.78532406325161,822.9906462230066,1.4142135623730951,62.83344817132142,14.04692082111437
62.857495092142535,69,79,1,0.01597471777227752,0.025101847254041538,69.45823452067727,638.2416039276352,1.4142135623730951,62.83985090836932,17.64418377321603
62.868329879892286,46,95,0,0.012707172263622652,0.014119080292914058,46.142347386493476,763.0530341847093,1.0,62.853188139911836,15.141739980449657
62.87524477855618,41,85,1,0.01828513081436171,0.028732311097151696,41.260449670010104,683.5822731479353,1.4142135623730951,62.85853901120525,16.705767350928642
62.8824489601852,68,74,0,0.009000000000000001,0.005663590458223115,68.77831273817127,594.5615048075151,1.0,62.86402276272675,18.426197458455523
62.8924489601852,87,86,0,0.011011094899017509,0.012234549887797232,87.91751412337865,688.3804237179621,1.0,62.87589959557132,16.549364613880744
62.895561590572136,108,110,1,0.021917490443858288,0.03444001359876345,113.07368582232486,884.9627867829718,1.4142135623730951,62.8827658916474,12.795698924731184
62.904683510073,21,75,0,0.009000000000000001,0.0027144724319757905,19.269840457426554,600.451361289563,1.0,62.886413715351594,18.269794721407624
62.914683510073,34,80,0,0.019328686390749306,0.021476318211943672,34.6966789775021,641.2692037333363,1.0,62.89719572903683,17.487781036168133
62.919914357731976,55,60,1,0.009606661365346646,0.015095411991109847,55.14956927149878,480.3577924457528,1.4142135623730951,62.89929852195485,20.6158357771261
62.930588425915694,63,76,1,0.012612804128491625,0.019819109620075805,63.07738899609174,615.6827281940009,1.4142135623730951,62.91247503393134,18.113391984359726
62.93615982828494,43,99,0,0.03805236722768241,0.042280408030758235,43.6815298969292,793.4784052395207,1.0,62.921643699252684,14.516129032258064
62.94460265272513,81,61,1,0.009000000000000001,0.008857918580985034,81.30957165440915,492.5825227081013,1.4142135623730951,62.92414321968505,20.459433040078203
62.95460265272513,22,60,1,0.009411844285722355,0.014789286484235857,22.009820094781134,486.89942856761985,1.4142135623730951,62.933986816948,20.6158357771261
62.96506025748704,32,105,1,0.009000000000000001,0.0009893093913235572,32.682097294561686,844.4958192781662,1.4142135623730951,62.95148254487707,13.577712609970675
62.97506025748704,42,61,1,0.009000000000000001,0.0008478164630387345,42.763229747861715,488.30684628706143,1.4142135623730951,62.954600824446956,20.459433040078203
62.9784402363157,21,84,0,0.010661115411694023,0.011845683790771137,20.05897745518721,673.5140732122238,1.0,62.96157806622772,16.86217008797654
62.985060257487035,45,50,1,0.009000000000000001,0.01193499623332079,45.19362071294115,403.62621400757223,1.4142135623730951,62.96288039433943,22.179863147605083
62.99028592010647,23,112,0,0.009000000000000001,0.0008222317644467174,23.525068719552188,899.6675614155577,1.0,62.977803026655835,12.482893450635387
62.99506025748703,59,91,1,0.04227445556417648,0.06642789822310792,59.382742267666636,729.4173501794191,1.4142135623730951,62.97929290655839,15.76735092864125
63.00028592010647,43,105,0,0.009000000000000001,0.0055302384434926105,43.86779540999888,842.2482673969317,1.0,62.9867082074965,13.577712609970675
63.01028592010647,73,102,0,0.015224401277637207,0.016916001419596895,73.34276999899649,820.2679399745969,1.0,62.99623899928535,14.04692082111437
63.04203187478056,21,71,1,0.009000000000000001,0.006821550913927376,18.659094177748763,572.4368918466049,1.4142135623730951,63.023136469110966,18.89540566959922
63.05203187478056,54,105,1,0.009995514831324773,0.01570643626373435,54.763939621180086,841.4058994336854,1.4142135623730951,63.03845416217059,13.577712609970675
63.05943293385846,52,87,0,0.009000000000000001,0.006223033459092467,52.583321380390956,699.1188799259482,1.0,63.04303997198163,16.392961876832846
63.06313800237092,40,109,1,0.009000000000000001,0.0030525041808835947,40.63750915193954,879.8634190194807,1.4142135623730951,63.05018590070914,12.952101661779082
63.06943293385846,57,73,0,0.026052047443832736,0.028946719382036374,57.331405548303714,590.7871939127589,1.0,63.05085033366296,18.58260019550342
63.07313800237092,58,97,1,0.020160085054526676,0.03167851744745196,58.14041341603473,777.3412604340706,1.4142135623730951,63.05830906786456,14.82893450635386
63.09837965324049,25,58,0,0.0181873607507526,0.02020817861194733,25.990162609876265,470.52989974614854,1.0,63.07745101198927,20.928641251221897
63.09553809687595,73,93,1,0.025870878795593442,0.0406521640702653,73.47466706063884,744.995598177153,1.4142135623730951,63.0800835514214,15.454545454545453
63.11858783185244,94,103,0,0.01667986462363591,0.01853318291515101,94.92582337969114,827.2825844706202,1.0,63.10469731376837,13.890518084066471
63.12428351775994,48,99,1,0.01945816673824724,0.030575559222384776,48.788623240370626,798.4557828713149,1.4142135623730951,63.10976738872768,14.516129032258064
63.13712101476759,62,97,0,0.01563163650560593,0.01736848500622881,62.860579512182206,778.2388394202062,1.0,63.12229208026123,14.82893450635386
63.14590370302466,42,70,1,0.009000000000000001,0.006381077872673163,42.21750927160506,564.2960815140274,1.4142135623730951,63.126851894618014,19.05180840664712
63.155903703024656,80,108,1,0.009000000000000001,0.0017127518071090014,80.54143932972514,867.5383079902344,1.4142135623730951,63.14279519862583,13.10850439882698
63.164489499773815,53,103,0,0.010946143211811614,0.012162381346457349,53.37815490235126,825.7193481655572,1.0,63.15059898168975,13.890518084066471
63.165903703024654,21,109,1,0.009000000000000001,0.005158567444893853,2.0772439131965754,879.9640602917507,1.4142135623730951,63.15295160136287,12.952101661779082
63.17665188112027,36,81,0,0.03195677889481582,0.03550753210535091,36.86974563898759,653.1858367725727,1.0,63.15932050282115,17.331378299120235
63.17590370302465,70,98,1,0.009000000000000001,0.006120632734814228,70.99237323575655,789.2729107113446,1.4142135623730951,63.161231171255345,14.672531769305962
63.20641576442464,34,97,1,0.023298323673121943,0.03660978368787466,34.535745629087465,777.4658665361192,1.4142135623730951,63.191586829918286,14.82893450635386
63.22568431146073,72,80,0,0.022424796722573255,0.024916440802859173,72.52436092862112,640.6380752558084,1.0,63.208196530424566,17.487781036168133
63.23230279072811,53,86,1,0.009000000000000001,0.003864595770055616,53.84579594091407,688.1147058889671,1.4142135623730951,63.21575342611423,16.549364613880744
63.24230279072811,81,61,1,0.016995952500040906,0.026706562812229735,81.25743249316452,494.1973837002461,1.4142135623730951,63.22184335768803,20.459433040078203
63.250600752263594,67,109,0,0.009000000000000001,0.008984567157742518,67.89886112201506,872.5252766973017,1.0,63.23764865060181,12.952101661779082
63.26060075226359,21,109,0,0.01072607434510507,0.011917860383450078,-5.255357712165477,876.5887691315696,1.0,63.24764865060181,12.952101661779082
63.27251861264704,79,92,0,0.009000000000000001,0.002982072287341273,79.99868681048238,739.5644156674309,1.0,63.25690766445545,15.610948191593351
63.27746663386545,65,102,1,0.009000000000000001,0.008188562078269864,65.23498487234407,816.4215464334187,1.4142135623730951,63.263419713044335,14.04692082111437
63.28251861264704,74,85,0,0.012605597006765083,0.014006218896405647,74.35572593915295,682.4063905430911,1.0,63.26581284529611,16.705767350928642
63.28746663386545,48,97,1,0.009000000000000001,0.00029128557602554325,48.34940714150161,776.4347222517854,1.4142135623730951,63.272637699359095,14.82893450635386
63.29746663386545,33,86,1,0.010236082760692213,0.01608445229527151,33.37258692384616,690.5611999645278,1.4142135623730951,63.28091726925157,16.549364613880744
63.296524831543444,56,103,0,0.02663254816478075,0.029591720183089722,56.769123485453946,824.2938285154391,1.0,63.282634313459376,13.890518084066471
63.326116551726535,62,65,0,0.009000000000000001,0.008018288914242989,62.75130898926459,526.8484149979054,1.0,63.306282729634646,19.83382209188661
63.3288400591551,51,51,1,0.009000000000000001,0.004326123526087143,51.46820009005917,413.3852928515639,1.4142135623730951,63.30681659874454,22.023460410557185
63.33611655172653,91,66,0,0.02751896923073507,0.03057663247859452,91.77810680669029,531.7018059779223,1.0,63.31643913237169,19.67741935483871
63.338840059155096,21,92,1,0.009000000000000001,0.0014466382531001915,10.69003140331398,742.9646103541098,1.4142135623730951,63.3232291109635,15.610948191593351
63.348840059155094,69,50,1,0.009000000000000001,0.008404702463007072,69.85031729402166,404.0504708236612,1.4142135623730951,63.32666019600749,22.179863147605083
63.35884005915509,78,55,1,0.0091542665730902,0.014384542156936485,78.45822391093799,446.8624330298582,1.4142135623730951,63.337442209692725,21.397849462365592
63.366693184205126,52,80,0,0.009000000000000001,5.905592231640902e-05,52.99490750316934,647.7295964514722,1.0,63.34920540316896,17.487781036168133
63.369011466458524,60,92,1,0.01449435222046238,0.022775677208878315,60.373896331429236,741.3897500970652,1.4142135623730951,63.35340051826693,15.610948191593351
63.37669318420512,40,77,0,0.009000000000000001,0.0015842124947479275,40.220796391878665,621.8228233017394,1.0,63.358736194957814,17.956989247311828
63.385116302259036,65,77,1,0.009000000000000001,0.004063636151693671,65.89038538137083,618.7988718768968,1.4142135623730951,63.367159313011726,17.956989247311828
63.38669318420512,82,67,0,0.009000000000000001,0.0013658424387082097,82.46893770089409,543.3296242236263,1.0,63.367172167587334,19.521016617790814
63.395116302259034,47,77,1,0.018505802641960285,0.029079063420955654,47.44702968920194,622.7168376430151,1.4142135623730951,63.377159313011724,17.956989247311828
63.39669318420512,69,107,0,0.02053248226422174,0.0228138691824686,69.86744479967143,858.7129264022506,1.0,63.38342827706924,13.264907135874878
63.41567830519455,42,73,1,0.01189099163040949,0.01868489070421118,42.194184008524715,587.9419773978369,1.4142135623730951,63.397095704999046,18.58260019550342
63.41950705338759,36,100,0,0.015375477881265552,0.01708386431251728,36.63803139589312,805.5108446461134,1.0,63.40514732709238,14.359726295210166
63.42889051811722,54,94,1,0.02508079413006431,0.03941066579313829,54.15287866276967,754.477061714211,1.4142135623730951,63.41359237539972,15.298142717497555
63.43659091770011,70,94,0,0.009000000000000001,0.001730685159127621,70.65565971745272,757.5528068090446,1.0,63.42129277498261,15.298142717497555
63.44659091770011,53,91,0,0.013775570690548236,0.015306189656164705,53.26779396901273,731.88336806085,1.0,63.430823566771465,15.76735092864125
63.45675806715062,41,91,1,0.009000000000000001,0.0038424946036504067,41.64600719506265,728.2065671148365,1.4142135623730951,63.44099071622198,15.76735092864125
63.46189710735627,52,106,0,0.009000000000000001,0.008021666862363894,52.716293772037545,849.8798076841288,1.0,63.44847579748335,13.421309872922777
63.46675806715062,62,99,1,0.009000000000000001,0.0026907932848368892,62.174014163555924,798.1728877398245,1.4142135623730951,63.45224193811836,14.516129032258064
63.47189710735627,107,68,0,0.009000000000000001,0.006145704266033812,107.86427879327638,547.160872115618,1.0,63.45253249347553,19.364613880742915
63.47675806715062,78,87,1,0.009000000000000001,0.0060667106629386245,78.06332482750169,696.3293239427232,1.4142135623730951,63.46036510527379,16.392961876832846
63.48189710735627,61,58,0,0.027836537457715634,0.030929486064128483,61.743057316305666,465.367369728925,1.0,63.460968466105044,20.928641251221897
63.48675806715062,21,107,1,0.009000000000000001,0.010246531041839643,21.259767960843845,863.9211333030972,1.4142135623730951,63.47349316001474,13.264907135874878
63.496758067150616,108,66,1,0.009000000000000001,0.004462794306406204,118.29443371384569,534.9167266455472,1.4142135623730951,63.47708064779577,19.67741935483871
63.506758067150614,47,103,1,0.009000000000000001,0.007948756906040008,47.318477471510974,828.7074233254004,1.4142135623730951,63.492867549066546,13.890518084066471
63.5128265934204,94,91,0,0.009000000000000001,0.0036324391769550685,94.55761335256346,728.1139952044033,1.0,63.49705924249176,15.76735092864125
63.51675806715061,51,103,1,0.009000000000000001,0.012256068202652197,51.223512363061076,830.6813594782834,1.4142135623730951,63.50286754906654,13.890518084066471
63.52675806715061,69,55,1,0.01697893007954666,0.02667981465897709,69.22482519640334,441.6088513700352,1.4142135623730951,63.50536021768824,21.397849462365592
63.5228265934204,48,99,0,0.009000000000000001,0.007293001002342633,48.46136252388951,794.343214615712,1.0,63.50831046438814,14.516129032258064
63.532826593420396,88,60,0,0.009000000000000001,0.0064950500788893565,88.79952523075067,483.55004388281696,1.0,63.51221075764327,20.6158357771261
63.54282659342039,79,64,0,0.009000000000000001,0.0005094523449289074,79.359434801346,519.4932938778383,1.0,63.522836368591456,19.990224828934508
63.545623545016774,21,75,1,0.023560068784986843,0.03702107645130156,17.881675365210036,602.1313575325765,1.4142135623730951,63.52735375029537,18.269794721407624
63.55282659342039,54,110,0,0.009000000000000001,0.003469774951756737,54.517633894407396,884.9103926205202,1.0,63.54003089449566,12.795698924731184
63.56282659342039,44,52,0,0.009000000000000001,0.00037983039452229857,44.020803117557506,418.74397843482967,1.0,63.54095953574688,21.867057673509287
63.57282659342039,85,58,0,0.033731516882571644,0.03747946320285738,85.56439632296735,469.8211651047918,1.0,63.55189795216916,20.928641251221897
63.59180139922231,52,104,1,0.017156995720222792,0.026959617819018022,52.784543046336836,836.9098881400262,1.4142135623730951,63.57806728387529,13.734115347018573
63.610306056623244,53,53,0,0.010833338218061046,0.012037042464512274,53.94879813597408,424.96124283168956,1.0,63.58859540168678,21.71065493646139
63.61086472780034,21,105,1,0.009000000000000001,0.0008116694209259833,14.400937963993378,844.5724809978926,1.4142135623730951,63.59728701519037,13.577712609970675
63.62234309908776,56,54,0,0.009000000000000001,0.0018419530520237266,56.85551755343321,435.68350694469,1.0,63.60078884688834,21.55425219941349
63.62086472780034,79,84,1,0.009000000000000001,0.003711242924563956,79.45744001373636,676.4703740946261,1.4142135623730951,63.60400255771236,16.86217008797654
63.630864727800336,102,56,1,0.018724874507399084,0.02942330164677557,102.08171105551129,450.78607182233065,1.4142135623730951,63.60962328107502,21.241446725317694
63.65167014391967,92,63,1,0.009000000000000001,0.006393316026451883,92.53588550135828,508.22154170583576,1.4142135623730951,63.63152351635368,20.146627565982406
63.65378476726432,55,106,0,0.03569839398000129,0.03966488220000143,55.28369005377194,855.3759063690736,1.0,63.640363457391395,13.421309872922777
63.661670143919665,63,74,1,0.015504475096965873,0.02436293217733894,63.99817391277857,599.8192412469679,1.4142135623730951,63.64324394646121,18.426197458455523
63.67889733847185,52,82,1,0.009000000000000001,0.003140715173403037,52.72972162066497,657.3836870377215,1.4142135623730951,63.66172236290978,17.174975562072337
63.68889733847185,64,72,1,0.009000000000000001,0.0009901065264062057,64.60253840745932,578.2089275788937,1.4142135623730951,63.6701583355393,18.73900293255132
63.69344964946432,51,73,0,0.016978174218006094,0.01886463802000677,51.77754622149426,590.5546630041414,1.0,63.67486704926882,18.58260019550342
63.698897338471845,21,76,1,0.009000000000000001,0.013784795389971629,9.194337793047637,614.5239969860579,1.4142135623730951,63.68078394648749,18.113391984359726
63.70889733847184,89,78,1,0.009000000000000001,0.0038576723245035607,89.90193236684298,627.9412942120514,1.4142135623730951,63.69109675196158,17.80058651026393
63.712314287484325,77,88,0,0.012840829350832913,0.014267588167592125,77.53811186784941,711.8129736486321,1.0,63.69607772834454,16.236559139784944
63.71889733847184,58,51,1,0.02923964751408659,0.045945673414922235,58.241090903914206,414.89039366046046,1.4142135623730951,63.69687387806128,22.023460410557185
63.736581875651915,59,95,0,0.009000000000000001,0.008563417506961525,59.16355318821588,763.6462386197843,1.0,63.721440135671465,15.141739980449657
63.74658187565191,53,75,0,0.009000000000000001,0.0047116575722652085,53.357975261321926,601.4864000616972,1.0,63.72831208093051,18.269794721407624
63.75138583570971,61,82,1,0.025878274337973663,0.04066378504397109,61.73751954763917,663.3748749403738,1.4142135623730951,63.73421086014764,17.174975562072337
63.75658187565191,42,100,0,0.009000000000000001,0.0002501308388718535,42.003769855003554,807.3960008179481,1.0,63.7422221493567,14.359726295210166
63.77658187565191,63,88,0,0.029760675304651707,0.03306741700516856,63.361796351035856,704.3437639414003,1.0,63.76034531651212,16.236559139784944
63.78013947386302,43,80,1,0.009000000000000001,0.011577591260301166,43.35059258715877,640.9537844180011,1.4142135623730951,63.76265169282685,17.487781036168133
63.790139473863015,85,92,1,0.033057146908553534,0.05194429499048471,85.22131778272487,736.0743434662036,1.4142135623730951,63.77452852567142,15.610948191593351
63.80964929265708,78,112,0,0.04051929791575372,0.045021442128615245,78.53351840359899,899.3057135187271,1.0,63.79716639920644,12.482893450635387
63.82686963709474,52,97,1,0.009000000000000001,0.0025040187624343732,52.65490883845398,783.3558372103587,1.4142135623730951,63.812040702588384,14.82893450635386
63.836869637094736,50,51,1,0.009000000000000001,0.005251385646363561,50.89055820170019,410.6944233375399,1.4142135623730951,63.81484617668418,22.023460410557185
63.846869637094734,41,76,1,0.027545025102758153,0.04328283119580882,41.57428755289483,611.0026254228615,1.4142135623730951,63.82875624511038,18.113391984359726
63.85467073478569,49,99,0,0.013409321930038649,0.014899246588931832,49.59446321367482,797.5703612557611,1.0,63.84015460575343,14.516129032258064
63.869569981374624,83,102,0,0.02054828398421671,0.022831426649129676,83.23488185377485,816.5284706321067,1.0,63.85552306055351,14.04692082111437
63.89240140802375,21,51,0,0.015729081468478144,0.017476757187197937,14.744209241736229,410.58190699101914,1.0,63.87037794761319,22.023460410557185
63.904316429500845,91,65,1,0.009000000000000001,0.009156776822719485,91.52881468300646,521.7270059858829,1.4142135623730951,63.884482607408955,19.83382209188661
63.90987816521095,50,106,0,0.009000000000000001,0.00615804673489957,50.1249928610283,852.7447387456629,1.0,63.89645685533802,13.421309872922777
63.919878165210946,46,63,0,0.009000000000000001,0.0005638659333476803,46.852285818162684,509.9003559809619,1.0,63.89973153764496,20.146627565982406
63.92431642950084,56,80,1,0.009000000000000001,0.0030998097848579376,56.90941788517812,645.8066724201653,1.4142135623730951,63.906828648464675,17.487781036168133
63.929878165210944,75,63,0,0.009000000000000001,0.005556596233293547,75.97824129618726,509.13474142669304,1.0,63.90973153764496,20.146627565982406
63.93431642950084,26,59,1,0.009000000000000001,0.0002790935572668029,26.15365132382408,473.97736938698534,1.4142135623730951,63.91354419098666,20.772238514174
63.93987816521094,108,64,0,0.009000000000000001,0.0026912259810451316,114.76566999634011,518.3990172980594,1.0,63.919887940382004,19.990224828934508
63.94431642950084,34,76,1,0.009000000000000001,0.0071259618249495,34.175840694844915,611.5072231208813,1.4142135623730951,63.92620303751648,18.113391984359726
63.94987816521094,43,95,0,0.009425960216763798,0.010473289129737554,43.30683997219504,764.6332029183167,1.0,63.93473642523049,15.141739980449657
63.954316429500835,77,105,1,0.009000000000000001,0.012224471093753492,77.470593336774,844.2962473116461,1.4142135623730951,63.94073871689086,13.577712609970675
63.960351454340675,58,90,0,0.009000000000000001,0.005981333993989594,58.63282367368161,726.7444660291237,1.0,63.944427700674986,15.923753665689148
63.96431642950083,59,96,1,0.009000000000000001,0.005919446646004861,59.217509750379634,773.360800842031,1.4142135623730951,63.94933109225743,14.985337243401759
63.97431642950083,33,76,1,0.009000000000000001,0.0017456437848683462,33.271521074267056,612.3417458484802,1.4142135623730951,63.956203037516474,18.113391984359726
63.97035145434067,95,108,0,0.009000000000000001,0.004919112770016824,95.2440545252496,864.004370887277,1.0,63.95724294994184,13.10850439882698
63.98035145434067,69,70,0,0.009000000000000001,0.004539441332049364,69.16139387632384,567.4284754994906,1.0,63.96129964593403,19.05180840664712
63.99035145434067,36,71,0,0.009000000000000001,0.009361774413829337,36.497944007895185,572.7904366743487,1.0,63.97145604867107,18.89540566959922
63.99431642950083,47,87,1,0.01780339723161921,0.027975339801412778,47.41724136820092,701.0771530632271,1.4142135623730951,63.977923467623995,16.392961876832846
64.0,21,80,0,0.03,0.1,31.21924435840441,640.0,3.0,63.982512218963834,17.487781036168133
64.0,60,80,1,0.022500000000000003,0.1,60.0071679019481,640.0,4.0,63.982512218963834,17.487781036168133
64.03333333333333,33,80,0,0.03,0.1,45.59876701410523,640.0,3.0,64.01584555229716,17.487781036168133
64.05000000000001,50,80,1,0.022500000000000003,0.1,50.46427177619129,640.0,4.0,64.03251221896384,17.487781036168133
64.06666666666666,40,80,0,0.03,0.1,52.566514040877436,640.0,3.0,64.0491788856305,17.487781036168133
64.07500000000002,48,80,1,0.022500000000000003,0.1,49.253012837879396,640.0,4.0,64.05751221896385,17.487781036168133
64.1,47,80,0,0.03,0.1,59.955445138263016,640.0,3.0,64.08251221896383,17.487781036168133
64.10000000000002,50,80,1,0.022500000000000003,0.1,51.3462948442418,640.0,4.0,64.08251221896386,17.487781036168133
64.12500000000003,52,80,1,0.022500000000000003,0.1,52.67931460866006,640.0,4.0,64.10751221896386,17.487781036168133
64.13333333333333,45,80,0,0.03,0.1,58.143568748436195,640.0,3.0,64.11584555229716,17.487781036168133
64.15000000000003,69,80,1,0.022500000000000003,0.1,70.43614933515538,640.0,4.0,64.13251221896387,17.487781036168133
64.17500000000004,43,80,1,0.022500000000000003,0.1,44.88062498369433,640.0,4.0,64.15751221896387,17.487781036168133
64.19999999999999,53,80,0,0.03,0.1,65.22362954969529,640.0,3.0,64.18251221896382,17.487781036168133
64.20000000000005,52,80,1,0.022500000000000003,0.1,52.03054208052072,640.0,4.0,64.18251221896388,17.487781036168133
64.22500000000005,36,80,1,0.022500000000000003,0.1,37.100641401581555,640.0,4.0,64.20751221896388,17.487781036168133
64.25000000000006,72,80,1,0.022500000000000003,0.1,72.89110813967838,640.0,4.0,64.23251221896389,17.487781036168133
64.26666666666665,59,80,0,0.03,0.1,71.95701046059129,640.0,3.0,64.24917888563049,17.487781036168133
64.27500000000006,76,80,1,0.022500000000000003,0.1,76.2691852727186,640.0,4.0,64.2575122189639,17.487781036168133
64.29999999999998,53,80,0,0.03,0.1,65.54819125375336,640.0,3.0,64.28251221896382,17.487781036168133
64.30000000000007,55,80,1,0.022500000000000003,0.1,55.813460084943536,640.0,4.0,64.2825122189639,17.487781036168133
64.33333333333331,43,80,0,0.03,0.1,55.906147019160585,640.0,3.0,64.31584555229715,17.487781036168133
64.35000000000008,65,80,1,0.022500000000000003,0.1,65.80124034922109,640.0,4.0,64.33251221896391,17.487781036168133
64.36666666666665,67,80,0,0.03,0.1,80.49162229617812,640.0,3.0,64.34917888563048,17.487781036168133
64.37500000000009,77,80,1,0.022500000000000003,0.1,78.87336969444168,640.0,4.0,64.35751221896392,17.487781036168133
64.40000000000009,65,80,1,0.022500000000000003,0.1,65.23021756881815,640.0,4.0,64.38251221896392,17.487781036168133
64.4250000000001,50,80,1,0.022500000000000003,0.1,51.071463136318535,640.0,4.0,64.40751221896393,17.487781036168133
64.43333333333331,59,80,0,0.03,0.1,71.94106054648076,640.0,3.0,64.41584555229714,17.487781036168133
64.4500000000001,38,80,1,0.022500000000000003,0.1,39.279071078573566,640.0,4.0,64.43251221896394,17.487781036168133
64.46666666666664,21,80,0,0.03,0.1,21.36247333673225,640.0,3.0,64.44917888563047,17.487781036168133
64.47500000000011,45,80,1,0.022500000000000003,0.1,45.726383837907356,640.0,4.0,64.45751221896394,17.487781036168133
64.49999999999997,67,80,0,0.03,0.1,80.21049718679009,640.0,3.0,64.4825122189638,17.487781036168133
64.50000000000011,60,80,1,0.022500000000000003,0.1,60.93720896399955,640.0,4.0,64.48251221896395,17.487781036168133
64.52500000000012,50,80,1,0.022500000000000003,0.1,51.61180770302983,640.0,4.0,64.50751221896395,17.487781036168133
64.5333333333333,57,80,0,0.03,0.1,70.17290908764076,640.0,3.0,64.51584555229714,17.487781036168133
64.55000000000013,62,80,1,0.022500000000000003,0.1,62.49558663668171,640.0,4.0,64.53251221896396,17.487781036168133
64.56666666666663,72,80,0,0.03,0.1,85.68203056272559,640.0,3.0,64.54917888563047,17.487781036168133
64.57500000000013,52,80,1,0.022500000000000003,0.1,52.9225725921762,640.0,4.0,64.55751221896396,17.487781036168133
64.59999999999997,62,80,0,0.03,0.1,75.8395467741893,640.0,3.0,64.5825122189638,17.487781036168133
64.60000000000014,45,80,1,0.022500000000000003,0.1,46.45572567943153,640.0,4.0,64.58251221896397,17.487781036168133
64.62500000000014,43,80,1,0.022500000000000003,0.1,44.93399511740069,640.0,4.0,64.60751221896398,17.487781036168133
64.6333333333333,67,80,0,0.03,0.1,80.20278627196525,640.0,3.0,64.61584555229713,17.487781036168133
64.65000000000015,79,80,1,0.022500000000000003,0.1,79.99813771997734,640.0,4.0,64.63251221896398,17.487781036168133
64.66666666666663,59,80,0,0.03,0.1,71.24678208230885,640.0,3.0,64.64917888563046,17.487781036168133
64.67500000000015,71,80,1,0.022500000000000003,0.1,71.37904318955063,640.0,4.0,64.65751221896399,17.487781036168133
64.69999999999996,65,80,0,0.03,0.1,77.26327294266255,640.0,3.0,64.6825122189638,17.487781036168133
64.70000000000016,81,80,1,0.022500000000000003,0.1,82.15062978339787,640.0,4.0,64.68251221896399,17.487781036168133
64.73333333333329,72,80,0,0.03,0.1,85.52478388140084,640.0,3.0,64.71584555229713,17.487781036168133
64.75000000000017,53,80,1,0.022500000000000003,0.1,54.49610996973006,640.0,4.0,64.732512218964,17.487781036168133
64.76666666666662,50,80,0,0.03,0.1,62.77190065124103,640.0,3.0,64.74917888563046,17.487781036168133
64.77500000000018,76,80,1,0.022500000000000003,0.1,76.93876380787121,640.0,4.0,64.75751221896401,17.487781036168133
64.79999999999995,26,80,0,0.03,0.1,39.87544903579994,640.0,3.0,64.78251221896379,17.487781036168133
64.80000000000018,59,80,1,0.022500000000000003,0.1,59.57672958256937,640.0,4.0,64.78251221896402,17.487781036168133
64.82500000000019,62,80,1,0.022500000000000003,0.1,62.82677465971651,640.0,4.0,64.80751221896402,17.487781036168133
64.83333333333329,43,80,0,0.03,0.1,56.06450047980618,640.0,3.0,64.81584555229712,17.487781036168133
64.8500000000002,59,80,1,0.022500000000000003,0.1,59.45184794783336,640.0,4.0,64.83251221896403,17.487781036168133
64.86666666666662,52,80,0,0.03,0.1,64.99130367210799,640.0,3.0,64.84917888563045,17.487781036168133
64.8750000000002,21,80,1,0.022500000000000003,0.1,22.279625993164615,640.0,4.0,64.85751221896403,17.487781036168133
64.89999999999995,48,80,0,0.03,0.1,60.95856107995594,640.0,3.0,64.88251221896378,17.487781036168133
64.9000000000002,79,80,1,0.022500000000000003,0.1,80.54060815737412,640.0,4.0,64.88251221896404,17.487781036168133
64.92500000000021,65,80,1,0.022500000000000003,0.1,66.28485050825924,640.0,4.0,64.90751221896404,17.487781036168133
64.93333333333328,31,80,0,0.03,0.1,44.044006833159344,640.0,3.0,64.91584555229711,17.487781036168133
64.95000000000022,64,80,1,0.022500000000000003,0.1,64.22173517911693,640.0,4.0,64.93251221896405,17.487781036168133
64.96666666666661,26,80,0,0.03,0.1,39.12233439750427,640.0,3.0,64.94917888563045,17.487781036168133
64.97500000000022,59,80,1,0.022500000000000003,0.1,59.20926640293682,640.0,4.0,64.95751221896406,17.487781036168133
64.99999999999994,38,80,0,0.03,0.1,50.513117841474184,640.0,3.0,64.98251221896378,17.487781036168133
65.00000000000023,62,80,1,0.022500000000000003,0.1,62.09187610094248,640.0,4.0,64.98251221896406,17.487781036168133
65.02500000000023,52,80,1,0.022500000000000003,0.1,52.35482962116803,640.0,4.0,65.00751221896407,17.487781036168133
65.03333333333327,57,80,0,0.03,0.1,70.33906631659713,640.0,3.0,65.01584555229711,17.487781036168133
65.05000000000024,67,80,1,0.022500000000000003,0.1,67.89221570953308,640.0,4.0,65.03251221896407,17.487781036168133
65.07500000000024,43,80,1,0.022500000000000003,0.1,43.269141191691105,640.0,4.0,65.05751221896408,17.487781036168133
65.09999999999994,59,80,0,0.03,0.1,71.73206545635458,640.0,3.0,65.08251221896377,17.487781036168133
65.10000000000025,62,80,1,0.022500000000000003,0.1,62.381675935623,640.0,4.0,65.08251221896408,17.487781036168133
65.12500000000026,67,80,1,0.022500000000000003,0.1,67.18814042331013,640.0,4.0,65.10751221896409,17.487781036168133
65.13333333333327,60,80,0,0.03,0.1,73.53506927506095,640.0,3.0,65.1158455522971,17.487781036168133
65.15000000000026,57,80,1,0.022500000000000003,0.1,57.45703508706684,640.0,4.0,65.1325122189641,17.487781036168133
65.1666666666666,45,80,0,0.03,0.1,58.96556066350646,640.0,3.0,65.14917888563043,17.487781036168133
65.17500000000027,64,80,1,0.022500000000000003,0.1,64.74710774362912,640.0,4.0,65.1575122189641,17.487781036168133
65.19999999999993,24,80,0,0.03,0.1,37.70134454136366,640.0,3.0,65.18251221896377,17.487781036168133
65.20000000000027,47,80,1,0.022500000000000003,0.1,47.310919779401594,640.0,4.0,65.1825122189641,17.487781036168133
65.23333333333326,41,80,0,0.03,0.1,54.17317656470137,640.0,3.0,65.2158455522971,17.487781036168133
65.25000000000028,62,80,1,0.022500000000000003,0.1,63.02997914913783,640.0,4.0,65.23251221896412,17.487781036168133
65.2666666666666,43,80,0,0.03,0.1,56.68781552803355,640.0,3.0,65.24917888563043,17.487781036168133
65.27500000000029,67,80,1,0.022500000000000003,0.1,68.68543557914946,640.0,4.0,65.25751221896412,17.487781036168133
65.29999999999993,41,80,0,0.03,0.1,53.637728168503266,640.0,3.0,65.28251221896376,17.487781036168133
65.3000000000003,36,80,1,0.022500000000000003,0.1,36.0017196095781,640.0,4.0,65.28251221896413,17.487781036168133
65.3250000000003,65,80,1,0.022500000000000003,0.1,66.68186412941782,640.0,4.0,65.30751221896413,17.487781036168133
65.33333333333326,48,80,0,0.03,0.1,60.70009427679521,640.0,3.0,65.31584555229709,17.487781036168133
65.3500000000003,53,80,1,0.022500000000000003,0.1,53.04702079518289,640.0,4.0,65.33251221896414,17.487781036168133
65.37500000000031,57,80,1,0.022500000000000003,0.1,57.532082082465124,640.0,4.0,65.35751221896415,17.487781036168133
65.40000000000032,41,80,1,0.022500000000000003,0.1,42.85417057836752,640.0,4.0,65.38251221896415,17.487781036168133
65.42500000000032,48,80,1,0.022500000000000003,0.1,49.09929932561013,640.0,4.0,65.40751221896416,17.487781036168133
65.43333333333325,43,80,0,0.03,0.1,56.440065736110924,640.0,3.0,65.41584555229709,17.487781036168133
65.45000000000033,72,80,1,0.022500000000000003,0.1,72.36640416678799,640.0,4.0,65.43251221896416,17.487781036168133
65.46666666666658,23,80,0,0.03,0.1,35.6318796077492,640.0,3.0,65.44917888563042,17.487781036168133
65.47500000000034,60,80,1,0.022500000000000003,0.1,60.42065118694673,640.0,4.0,65.45751221896417,17.487781036168133
65.49999999999991,41,80,0,0.03,0.1,53.819165193073474,640.0,3.0,65.48251221896375,17.487781036168133
65.50000000000034,55,80,1,0.022500000000000003,0.1,55.10043645811765,640.0,4.0,65.48251221896417,17.487781036168133
65.52500000000035,57,80,1,0.022500000000000003,0.1,58.50894908632276,640.0,4.0,65.50751221896418,17.487781036168133
65.53333333333325,48,80,0,0.03,0.1,60.55949308149739,640.0,3.0,65.51584555229708,17.487781036168133
65.55000000000035,65,80,1,0.022500000000000003,0.1,66.26191135570306,640.0,4.0,65.53251221896419,17.487781036168133
65.56666666666658,62,80,0,0.03,0.1,75.65194140330763,640.0,3.0,65.54917888563041,17.487781036168133
65.59999999999991,40,80,0,0.03,0.1,52.73205962004345,640.0,3.0,65.58251221896374,17.487781036168133
65.60000000000036,59,80,1,0.022500000000000003,0.1,59.03965439492095,640.0,4.0,65.5825122189642,17.487781036168133
65.62500000000037,72,80,1,0.022500000000000003,0.1,73.98987661947736,640.0,4.0,65.6075122189642,17.487781036168133
65.63333333333324,53,80,0,0.03,0.1,66.56055844351235,640.0,3.0,65.61584555229707,17.487781036168133
65.66666666666657,50,80,0,0.03,0.1,63.71312511533353,640.0,3.0,65.6491788856304,17.487781036168133
65.67500000000038,65,80,1,0.022500000000000003,0.1,65.29116197286906,640.0,4.0,65.65751221896421,17.487781036168133
65.6999999999999,48,80,0,0.03,0.1,60.56192682397937,640.0,3.0,65.68251221896374,17.487781036168133
65.70000000000039,60,80,1,0.022500000000000003,0.1,60.699030821248904,640.0,4.0,65.68251221896422,17.487781036168133
65.72500000000039,67,80,1,0.022500000000000003,0.1,68.4137100175301,640.0,4.0,65.70751221896423,17.487781036168133
65.73333333333323,59,80,0,0.03,0.1,71.91082648735477,640.0,3.0,65.71584555229707,17.487781036168133
65.7500000000004,64,80,1,0.022500000000000003,0.1,64.02262299905514,640.0,4.0,65.73251221896423,17.487781036168133
65.76666666666657,38,80,0,0.03,0.1,51.54123268156697,640.0,3.0,65.7491788856304,17.487781036168133
65.7750000000004,72,80,1,0.022500000000000003,0.1,73.57824091911613,640.0,4.0,65.75751221896424,17.487781036168133
65.7999999999999,40,80,0,0.03,0.1,52.63761344456299,640.0,3.0,65.78251221896373,17.487781036168133
65.80000000000041,71,80,1,0.022500000000000003,0.1,71.51438562225034,640.0,4.0,65.78251221896424,17.487781036168133
65.82500000000041,45,80,1,0.022500000000000003,0.1,46.96635006185308,640.0,4.0,65.80751221896425,17.487781036168133
65.83333333333323,47,80,0,0.03,0.1,59.84766946439388,640.0,3.0,65.81584555229706,17.487781036168133
65.86666666666656,38,80,0,0.03,0.1,51.80612473480064,640.0,3.0,65.8491788856304,17.487781036168133
65.87500000000043,50,80,1,0.022500000000000003,0.1,51.024005831627825,640.0,4.0,65.85751221896426,17.487781036168133
65.89999999999989,53,80,0,0.03,0.1,66.50255732549887,640.0,3.0,65.88251221896373,17.487781036168133
65.90000000000043,72,80,1,0.022500000000000003,0.1,72.49457523285659,640.0,4.0,65.88251221896427,17.487781036168133
65.92500000000044,38,80,1,0.022500000000000003,0.1,39.823244841328055,640.0,4.0,65.90751221896427,17.487781036168133
65.95000000000044,65,80,1,0.022500000000000003,0.1,65.05289458058232,640.0,4.0,65.93251221896428,17.487781036168133
65.96666666666655,50,80,0,0.03,0.1,62.89669385913772,640.0,3.0,65.94917888563039,17.487781036168133
65.97500000000045,64,80,1,0.022500000000000003,0.1,64.64055156598991,640.0,4.0,65.95751221896428,17.487781036168133
65.99999999999989,45,80,0,0.03,0.1,58.71778855952952,640.0,3.0,65.98251221896372,17.487781036168133
66.00000000000045,74,80,1,0.022500000000000003,0.1,74.88189515118327,640.0,4.0,65.98251221896429,17.487781036168133
66.02500000000046,62,80,1,0.022500000000000003,0.1,62.30833524049776,640.0,4.0,66.0075122189643,17.487781036168133
66.03333333333322,50,80,0,0.03,0.1,62.75105234914183,640.0,3.0,66.01584555229705,17.487781036168133
66.05000000000047,41,80,1,0.022500000000000003,0.1,42.806919800526074,640.0,4.0,66.0325122189643,17.487781036168133
66.07500000000047,47,80,1,0.022500000000000003,0.1,47.72025650370403,640.0,4.0,66.0575122189643,17.487781036168133
66.09999999999988,43,80,0,0.03,0.1,55.659669830056615,640.0,3.0,66.08251221896371,17.487781036168133
66.12500000000048,53,80,1,0.022500000000000003,0.1,53.114317230935804,640.0,4.0,66.10751221896432,17.487781036168133
66.13333333333321,48,80,0,0.03,0.1,61.22891863036224,640.0,3.0,66.11584555229705,17.487781036168133
66.15000000000049,57,80,1,0.022500000000000003,0.1,57.658859936973734,640.0,4.0,66.13251221896432,17.487781036168133
66.16666666666654,50,80,0,0.03,0.1,62.5865536788648,640.0,3.0,66.14917888563038,17.487781036168133
66.1750000000005,45,80,1,0.022500000000000003,0.1,45.08234846437047,640.0,4.0,66.15751221896433,17.487781036168133
66.19999999999987,47,80,0,0.03,0.1,59.9462154829932,640.0,3.0,66.18251221896371,17.487781036168133
66.2000000000005,77,80,1,0.022500000000000003,0.1,78.8244734803493,640.0,4.0,66.18251221896433,17.487781036168133
66.2250000000005,43,80,1,0.022500000000000003,0.1,43.03639843900875,640.0,4.0,66.20751221896434,17.487781036168133
66.2333333333332,69,80,0,0.03,0.1,81.82863816336747,640.0,3.0,66.21584555229704,17.487781036168133
66.25000000000051,77,80,1,0.022500000000000003,0.1,77.23012382543975,640.0,4.0,66.23251221896435,17.487781036168133
66.26666666666654,35,80,0,0.03,0.1,47.318567440111565,640.0,3.0,66.24917888563037,17.487781036168133
66.27500000000052,74,80,1,0.022500000000000003,0.1,75.17008680242355,640.0,4.0,66.25751221896435,17.487781036168133
66.29999999999987,47,80,0,0.03,0.1,59.17819142460527,640.0,3.0,66.2825122189637,17.487781036168133
66.30000000000052,71,80,1,0.022500000000000003,0.1,71.49827263601965,640.0,4.0,66.28251221896436,17.487781036168133
66.32500000000053,50,80,1,0.022500000000000003,0.1,51.11978742404159,640.0,4.0,66.30751221896436,17.487781036168133
66.3333333333332,26,80,0,0.03,0.1,39.8575485169026,640.0,3.0,66.31584555229703,17.487781036168133
66.35000000000053,64,80,1,0.022500000000000003,0.1,64.38337125346433,640.0,4.0,66.33251221896437,17.487781036168133
66.36666666666653,52,80,0,0.03,0.1,64.76264292694255,640.0,3.0,66.34917888563037,17.487781036168133
66.37500000000054,43,80,1,0.022500000000000003,0.1,43.64964949055209,640.0,4.0,66.35751221896437,17.487781036168133
66.39999999999986,33,80,0,0.03,0.1,45.72484433437678,640.0,3.0,66.3825122189637,17.487781036168133
66.40000000000055,71,80,1,0.022500000000000003,0.1,71.65961004843199,640.0,4.0,66.38251221896438,17.487781036168133
66.42500000000055,59,80,1,0.022500000000000003,0.1,59.05299479633576,640.0,4.0,66.40751221896438,17.487781036168133
66.4333333333332,43,80,0,0.03,0.1,56.43762872477983,640.0,3.0,66.41584555229703,17.487781036168133
66.45000000000056,53,80,1,0.022500000000000003,0.1,54.76070125329043,640.0,4.0,66.43251221896439,17.487781036168133
66.49999999999986,50,80,0,0.03,0.1,63.595406420494996,640.0,3.0,66.48251221896369,17.487781036168133
66.50000000000057,28,80,1,0.022500000000000003,0.1,28.287921681548582,640.0,4.0,66.4825122189644,17.487781036168133
66.52500000000057,45,80,1,0.022500000000000003,0.1,46.70667702994233,640.0,4.0,66.50751221896441,17.487781036168133
66.53333333333319,40,80,0,0.03,0.1,52.924276255421695,640.0,3.0,66.51584555229702,17.487781036168133
66.55000000000058,74,80,1,0.022500000000000003,0.1,74.2438169038452,640.0,4.0,66.53251221896441,17.487781036168133
66.57500000000059,53,80,1,0.022500000000000003,0.1,54.843732115522506,640.0,4.0,66.55751221896442,17.487781036168133
66.59999999999985,65,80,0,0.03,0.1,78.3789627402995,640.0,3.0,66.58251221896369,17.487781036168133
66.60000000000059,57,80,1,0.022500000000000003,0.1,57.83259062892739,640.0,4.0,66.58251221896442,17.487781036168133
66.6250000000006,67,80,1,0.022500000000000003,0.1,68.3910957860922,640.0,4.0,66.60751221896443,17.487781036168133
66.63333333333318,50,80,0,0.03,0.1,63.64245491807394,640.0,3.0,66.61584555229702,17.487781036168133
66.6500000000006,83,80,1,0.022500000000000003,0.1,83.1125616398882,640.0,4.0,66.63251221896444,17.487781036168133
66.66666666666652,40,80,0,0.03,0.1,52.81854909411497,640.0,3.0,66.64917888563035,17.487781036168133
66.67500000000061,76,80,1,0.022500000000000003,0.1,76.96005958330417,640.0,4.0,66.65751221896444,17.487781036168133
66.69999999999985,43,80,0,0.03,0.1,56.789329000816245,640.0,3.0,66.68251221896368,17.487781036168133
66.70000000000061,47,80,1,0.022500000000000003,0.1,47.55411195115279,640.0,4.0,66.68251221896445,17.487781036168133
66.72500000000062,35,80,1,0.022500000000000003,0.1,35.1350966856012,640.0,4.0,66.70751221896445,17.487781036168133
66.73333333333318,69,80,0,0.03,0.1,81.06054338906554,640.0,3.0,66.71584555229701,17.487781036168133
66.75000000000063,89,80,1,0.022500000000000003,0.1,90.20306251648132,640.0,4.0,66.73251221896446,17.487781036168133
66.76666666666651,43,80,0,0.03,0.1,56.98988955838596,640.0,3.0,66.74917888563034,17.487781036168133
66.79999999999984,38,80,0,0.03,0.1,51.177259223649436,640.0,3.0,66.78251221896367,17.487781036168133
66.80000000000064,62,80,1,0.022500000000000003,0.1,62.41220603429482,640.0,4.0,66.78251221896447,17.487781036168133
66.82500000000064,43,80,1,0.022500000000000003,0.1,43.73775045655268,640.0,4.0,66.80751221896448,17.487781036168133
66.85000000000065,72,80,1,0.022500000000000003,0.1,72.32929963384242,640.0,4.0,66.83251221896448,17.487781036168133
66.8666666666665,40,80,0,0.03,0.1,52.97118104333341,640.0,3.0,66.84917888563034,17.487781036168133
66.87500000000065,57,80,1,0.022500000000000003,0.1,58.617808819038586,640.0,4.0,66.85751221896449,17.487781036168133
66.92500000000067,71,80,1,0.022500000000000003,0.1,71.44907319174565,640.0,4.0,66.9075122189645,17.487781036168133
66.93333333333317,31,80,0,0.03,0.1,43.62050754112968,640.0,3.0,66.915845552297,17.487781036168133
66.95000000000067,64,80,1,0.022500000000000003,0.1,64.27999675997822,640.0,4.0,66.9325122189645,17.487781036168133
66.9666666666665,33,80,0,0.03,0.1,45.61023875907868,640.0,3.0,66.94917888563033,17.487781036168133
66.97500000000068,43,80,1,0.022500000000000003,0.1,44.8215691390087,640.0,4.0,66.95751221896451,17.487781036168133
66.99999999999983,36,80,0,0.03,0.1,49.38469920817447,640.0,3.0,66.98251221896366,17.487781036168133
67.00000000000068,55,80,1,0.022500000000000003,0.1,55.84330323095074,640.0,4.0,66.98251221896452,17.487781036168133
67.02500000000069,67,80,1,0.022500000000000003,0.1,68.46275748686523,640.0,4.0,67.00751221896452,17.487781036168133
67.0500000000007,65,80,1,0.022500000000000003,0.1,66.53122844678424,640.0,4.0,67.03251221896453,17.487781036168133
67.06666666666649,43,80,0,0.03,0.1,55.12016272290722,640.0,3.0,67.04917888563033,17.487781036168133
67.0750000000007,62,80,1,0.022500000000000003,0.1,63.35381215178849,640.0,4.0,67.05751221896453,17.487781036168133
67.09999999999982,45,80,0,0.03,0.1,57.348330379596284,640.0,3.0,67.08251221896366,17.487781036168133
67.1000000000007,71,80,1,0.022500000000000003,0.1,71.94781381729106,640.0,4.0,67.08251221896454,17.487781036168133
67.12500000000071,55,80,1,0.022500000000000003,0.1,55.370022555939016,640.0,4.0,67.10751221896454,17.487781036168133
67.13333333333316,64,80,0,0.03,0.1,76.25712672326269,640.0,3.0,67.11584555229699,17.487781036168133
67.15000000000072,62,80,1,0.022500000000000003,0.1,62.28697312280412,640.0,4.0,67.13251221896455,17.487781036168133
67.17500000000072,21,80,1,0.022500000000000003,0.1,16.792587517726716,640.0,4.0,67.15751221896456,17.487781036168133
67.19999999999982,43,80,0,0.03,0.1,56.388800727836994,640.0,3.0,67.18251221896365,17.487781036168133
67.20000000000073,53,80,1,0.022500000000000003,0.1,54.24447751881198,640.0,4.0,67.18251221896456,17.487781036168133
67.22500000000073,69,80,1,0.022500000000000003,0.1,69.77795722976825,640.0,4.0,67.20751221896457,17.487781036168133
67.23333333333315,38,80,0,0.03,0.1,51.92494706325236,640.0,3.0,67.21584555229698,17.487781036168133
67.25000000000074,55,80,1,0.022500000000000003,0.1,55.00295082090057,640.0,4.0,67.23251221896457,17.487781036168133
67.26666666666648,36,80,0,0.03,0.1,48.93529198497872,640.0,3.0,67.24917888563031,17.487781036168133
67.27500000000074,53,80,1,0.022500000000000003,0.1,54.03228938602096,640.0,4.0,67.25751221896458,17.487781036168133
67.29999999999981,55,80,0,0.03,0.1,68.86752985226545,640.0,3.0,67.28251221896365,17.487781036168133
67.30000000000075,45,80,1,0.022500000000000003,0.1,46.669402217282325,640.0,4.0,67.28251221896458,17.487781036168133
67.32500000000076,72,80,1,0.022500000000000003,0.1,72.84308342693306,640.0,4.0,67.30751221896459,17.487781036168133
67.35000000000076,67,80,1,0.022500000000000003,0.1,67.0203299013193,640.0,4.0,67.3325122189646,17.487781036168133
67.36666666666648,43,80,0,0.03,0.1,55.05286540386828,640.0,3.0,67.34917888563031,17.487781036168133
67.37500000000077,69,80,1,0.022500000000000003,0.1,70.56530685213549,640.0,4.0,67.3575122189646,17.487781036168133
67.3999999999998,36,80,0,0.03,0.1,49.585093438239326,640.0,3.0,67.38251221896364,17.487781036168133
67.42500000000078,57,80,1,0.022500000000000003,0.1,57.94623944619988,640.0,4.0,67.40751221896461,17.487781036168133
67.43333333333314,38,80,0,0.03,0.1,50.148269964654226,640.0,3.0,67.41584555229697,17.487781036168133
67.45000000000078,55,80,1,0.022500000000000003,0.1,56.41457910079992,640.0,4.0,67.43251221896462,17.487781036168133
67.46666666666647,52,80,0,0.03,0.1,64.09674485111353,640.0,3.0,67.4491788856303,17.487781036168133
67.4999999999998,31,80,0,0.03,0.1,43.162390196643045,640.0,3.0,67.48251221896363,17.487781036168133
67.5250000000008,55,80,1,0.022500000000000003,0.1,55.56986532121581,640.0,4.0,67.50751221896464,17.487781036168133
67.53333333333313,60,80,0,0.03,0.1,72.73431928048561,640.0,3.0,67.51584555229697,17.487781036168133
67.55000000000081,69,80,1,0.022500000000000003,0.1,70.87545321864515,640.0,4.0,67.53251221896464,17.487781036168133
67.56666666666646,41,80,0,0.03,0.1,53.16678855916904,640.0,3.0,67.5491788856303,17.487781036168133
67.57500000000081,35,80,1,0.022500000000000003,0.1,35.51550267714778,640.0,4.0,67.55751221896465,17.487781036168133
67.5999999999998,45,80,0,0.03,0.1,58.084659913577056,640.0,3.0,67.58251221896363,17.487781036168133
67.60000000000082,81,80,1,0.022500000000000003,0.1,82.74937303078981,640.0,4.0,67.58251221896465,17.487781036168133
67.62500000000082,65,80,1,0.022500000000000003,0.1,66.19316640033871,640.0,4.0,67.60751221896466,17.487781036168133
67.63333333333313,29,80,0,0.03,0.1,42.8866821358009,640.0,3.0,67.61584555229696,17.487781036168133
67.65000000000083,59,80,1,0.022500000000000003,0.1,59.45815173554928,640.0,4.0,67.63251221896466,17.487781036168133
67.66666666666646,47,80,0,0.03,0.1,59.84171599049773,640.0,3.0,67.64917888563029,17.487781036168133
67.67500000000084,71,80,1,0.022500000000000003,0.1,71.60747707357345,640.0,4.0,67.65751221896467,17.487781036168133
67.69999999999979,43,80,0,0.03,0.1,55.797491933560835,640.0,3.0,67.68251221896362,17.487781036168133
67.70000000000084,41,80,1,0.022500000000000003,0.1,41.416515261844026,640.0,4.0,67.68251221896467,17.487781036168133
67.72500000000085,50,80,1,0.022500000000000003,0.1,51.49182841406702,640.0,4.0,67.70751221896468,17.487781036168133
67.73333333333312,47,80,0,0.03,0.1,59.358968334637225,640.0,3.0,67.71584555229695,17.487781036168133
67.75000000000085,57,80,1,0.022500000000000003,0.1,58.45023446540091,640.0,4.0,67.73251221896469,17.487781036168133
67.76666666666645,65,80,0,0.03,0.1,78.8378738990322,640.0,3.0,67.74917888563029,17.487781036168133
67.77500000000086,77,80,1,0.022500000000000003,0.1,77.47917274153187,640.0,4.0,67.75751221896469,17.487781036168133
67.79999999999978,50,80,0,0.03,0.1,62.27453498611507,640.0,3.0,67.78251221896362,17.487781036168133
67.80000000000086,59,80,1,0.022500000000000003,0.1,59.40484376158006,640.0,4.0,67.7825122189647,17.487781036168133
67.82500000000087,65,80,1,0.022500000000000003,0.1,65.76069979116987,640.0,4.0,67.8075122189647,17.487781036168133
67.83333333333312,36,80,0,0.03,0.1,49.82836244293371,640.0,3.0,67.81584555229695,17.487781036168133
67.85000000000088,52,80,1,0.022500000000000003,0.1,52.45338885201757,640.0,4.0,67.83251221896471,17.487781036168133
67.86666666666645,38,80,0,0.03,0.1,50.895105145003924,640.0,3.0,67.84917888563028,17.487781036168133
67.87500000000088,65,80,1,0.022500000000000003,0.1,66.23157848278389,640.0,4.0,67.85751221896471,17.487781036168133
67.89999999999978,55,80,0,0.03,0.1,67.61767917969624,640.0,3.0,67.88251221896361,17.487781036168133
67.90000000000089,81,80,1,0.022500000000000003,0.1,81.46866679007304,640.0,4.0,67.88251221896472,17.487781036168133
67.92500000000089,72,80,1,0.022500000000000003,0.1,72.74274165342867,640.0,4.0,67.90751221896473,17.487781036168133
67.93333333333311,64,80,0,0.03,0.1,76.62327412471583,640.0,3.0,67.91584555229694,17.487781036168133
67.9500000000009,57,80,1,0.022500000000000003,0.1,58.957363356443146,640.0,4.0,67.93251221896473,17.487781036168133
67.96666666666644,50,80,0,0.03,0.1,63.60855066561344,640.0,3.0,67.94917888563027,17.487781036168133
67.9750000000009,67,80,1,0.022500000000000003,0.1,68.64628284499801,640.0,4.0,67.95751221896474,17.487781036168133
67.99999999999977,55,80,0,0.03,0.1,68.81552313030105,640.0,3.0,67.9825122189636,17.487781036168133
68.02500000000092,65,80,1,0.022500000000000003,0.1,66.48432219772513,640.0,4.0,68.00751221896475,17.487781036168133
68.05000000000092,74,80,1,0.022500000000000003,0.1,74.23300301901324,640.0,4.0,68.03251221896475,17.487781036168133
68.09999999999977,23,80,0,0.03,0.1,35.04524578910678,640.0,3.0,68.0825122189636,17.487781036168133
68.10000000000093,57,80,1,0.022500000000000003,0.1,58.37236996000148,640.0,4.0,68.08251221896477,17.487781036168133
68.12500000000094,67,80,1,0.022500000000000003,0.1,68.21605198691545,640.0,4.0,68.10751221896477,17.487781036168133
68.1333333333331,55,80,0,0.03,0.1,68.54040242309796,640.0,3.0,68.11584555229693,17.487781036168133
68.16666666666643,60,80,0,0.03,0.1,72.59182136196561,640.0,3.0,68.14917888563026,17.487781036168133
68.17500000000095,48,80,1,0.022500000000000003,0.1,48.18467332716061,640.0,4.0,68.15751221896478,17.487781036168133
68.19999999999976,29,80,0,0.03,0.1,42.864336561464654,640.0,3.0,68.1825122189636,17.487781036168133
68.20000000000095,55,80,1,0.022500000000000003,0.1,56.55047992698897,640.0,4.0,68.18251221896479,17.487781036168133
68.22500000000096,59,80,1,0.022500000000000003,0.1,59.02363965773334,640.0,4.0,68.2075122189648,17.487781036168133
68.23333333333309,36,80,0,0.03,0.1,48.66344724471787,640.0,3.0,68.21584555229693,17.487781036168133
68.25000000000097,38,80,1,0.022500000000000003,0.1,38.7317633385217,640.0,4.0,68.2325122189648,17.487781036168133
68.27500000000097,71,80,1,0.022500000000000003,0.1,71.01225676053403,640.0,4.0,68.2575122189648,17.487781036168133
68.29999999999976,38,80,0,0.03,0.1,50.67148548636949,640.0,3.0,68.28251221896359,17.487781036168133
68.30000000000098,24,80,1,0.022500000000000003,0.1,24.578234590689306,640.0,4.0,68.28251221896481,17.487781036168133
68.32500000000098,93,80,1,0.022500000000000003,0.1,94.74965682542492,640.0,4.0,68.30751221896482,17.487781036168133
68.33333333333309,41,80,0,0.03,0.1,53.834021748025265,640.0,3.0,68.31584555229692,17.487781036168133
68.35000000000099,79,80,1,0.022500000000000003,0.1,79.22405291259288,640.0,4.0,68.33251221896482,17.487781036168133
68.36666666666642,50,80,0,0.03,0.1,63.10531600710325,640.0,3.0,68.34917888563025,17.487781036168133
68.375000000001,55,80,1,0.022500000000000003,0.1,56.659088330594386,640.0,4.0,68.35751221896483,17.487781036168133
68.39999999999975,59,80,0,0.03,0.1,71.08063553494233,640.0,3.0,68.38251221896358,17.487781036168133
68.400000000001,60,80,1,0.022500000000000003,0.1,60.1206574152163,640.0,4.0,68.38251221896483,17.487781036168133
68.425000000001,62,80,1,0.022500000000000003,0.1,63.878039981917226,640.0,4.0,68.40751221896484,17.487781036168133
68.45000000000101,52,80,1,0.022500000000000003,0.1,52.458747033741545,640.0,4.0,68.43251221896485,17.487781036168133
68.46666666666641,36,80,0,0.03,0.1,49.275864817052394,640.0,3.0,68.44917888563025,17.487781036168133
68.47500000000102,62,80,1,0.022500000000000003,0.1,62.46552508911279,640.0,4.0,68.45751221896485,17.487781036168133
68.50000000000102,57,80,1,0.022500000000000003,0.1,58.15680028541874,640.0,4.0,68.48251221896486,17.487781036168133
68.53333333333308,64,80,0,0.03,0.1,76.84251955220765,640.0,3.0,68.51584555229691,17.487781036168133
68.55000000000103,62,80,1,0.022500000000000003,0.1,62.32270161255217,640.0,4.0,68.53251221896487,17.487781036168133
68.5666666666664,55,80,0,0.03,0.1,68.27832237335865,640.0,3.0,68.54917888563024,17.487781036168133
68.57500000000104,43,80,1,0.022500000000000003,0.1,43.18684418106887,640.0,4.0,68.55751221896487,17.487781036168133
68.59999999999974,48,80,0,0.03,0.1,61.06066997592315,640.0,3.0,68.58251221896357,17.487781036168133
68.60000000000105,60,80,1,0.022500000000000003,0.1,60.50649246891069,640.0,4.0,68.58251221896488,17.487781036168133
68.62500000000105,62,80,1,0.022500000000000003,0.1,62.09213115670371,640.0,4.0,68.60751221896489,17.487781036168133
68.63333333333307,53,80,0,0.03,0.1,66.05870944710358,640.0,3.0,68.6158455522969,17.487781036168133
68.65000000000106,60,80,1,0.022500000000000003,0.1,61.6492751533557,640.0,4.0,68.63251221896489,17.487781036168133
68.6666666666664,47,80,0,0.03,0.1,59.61851159230156,640.0,3.0,68.64917888563023,17.487781036168133
68.67500000000106,57,80,1,0.022500000000000003,0.1,57.237366330417224,640.0,4.0,68.6575122189649,17.487781036168133
68.69999999999973,53,80,0,0.03,0.1,66.71468394300946,640.0,3.0,68.68251221896357,17.487781036168133
68.70000000000107,74,80,1,0.022500000000000003,0.1,74.56457953240796,640.0,4.0,68.6825122189649,17.487781036168133
68.72500000000107,55,80,1,0.022500000000000003,0.1,55.473247297516146,640.0,4.0,68.70751221896491,17.487781036168133
68.73333333333306,43,80,0,0.03,0.1,55.69834628472652,640.0,3.0,68.7158455522969,17.487781036168133
68.75000000000108,62,80,1,0.022500000000000003,0.1,62.909771607336836,640.0,4.0,68.73251221896491,17.487781036168133
68.7666666666664,50,80,0,0.03,0.1,63.44070316082215,640.0,3.0,68.74917888563023,17.487781036168133
68.77500000000109,76,80,1,0.022500000000000003,0.1,76.60540843424698,640.0,4.0,68.75751221896492,17.487781036168133
68.79999999999973,28,80,0,0.03,0.1,40.66501055527044,640.0,3.0,68.78251221896356,17.487781036168133
68.80000000000109,57,80,1,0.022500000000000003,0.1,58.98398540774,640.0,4.0,68.78251221896492,17.487781036168133
68.8250000000011,62,80,1,0.022500000000000003,0.1,62.745129823584655,640.0,4.0,68.80751221896493,17.487781036168133
68.83333333333306,38,80,0,0.03,0.1,51.196361026234484,640.0,3.0,68.81584555229689,17.487781036168133
68.8500000000011,57,80,1,0.022500000000000003,0.1,58.766276655169314,640.0,4.0,68.83251221896494,17.487781036168133
68.87500000000111,74,80,1,0.022500000000000003,0.1,75.83833335761408,640.0,4.0,68.85751221896494,17.487781036168133
68.89999999999972,43,80,0,0.03,0.1,55.2078075749515,640.0,3.0,68.88251221896356,17.487781036168133
68.90000000000111,55,80,1,0.022500000000000003,0.1,56.70112561169542,640.0,4.0,68.88251221896495,17.487781036168133
68.92500000000112,76,80,1,0.022500000000000003,0.1,76.42693858928904,640.0,4.0,68.90751221896495,17.487781036168133
68.93333333333305,36,80,0,0.03,0.1,48.14063033881922,640.0,3.0,68.91584555229689,17.487781036168133
68.95000000000113,57,80,1,0.022500000000000003,0.1,58.67407494851757,640.0,4.0,68.93251221896496,17.487781036168133
68.96666666666638,41,80,0,0.03,0.1,53.17064158946455,640.0,3.0,68.94917888563022,17.487781036168133
68.97500000000113,48,80,1,0.022500000000000003,0.1,48.998915539865386,640.0,4.0,68.95751221896496,17.487781036168133
68.99999999999972,28,80,0,0.03,0.1,40.615500001304056,640.0,3.0,68.98251221896355,17.487781036168133
69.00000000000114,67,80,1,0.022500000000000003,0.1,68.69597658334875,640.0,4.0,68.98251221896497,17.487781036168133
69.02500000000114,55,80,1,0.022500000000000003,0.1,56.1002517279276,640.0,4.0,69.00751221896498,17.487781036168133
69.05000000000115,67,80,1,0.022500000000000003,0.1,67.94241150846929,640.0,4.0,69.03251221896498,17.487781036168133
69.06666666666638,45,80,0,0.03,0.1,58.94382695793415,640.0,3.0,69.04917888563021,17.487781036168133
69.07500000000115,24,80,1,0.022500000000000003,0.1,25.0636238729762,640.0,4.0,69.05751221896499,17.487781036168133
69.09999999999971,26,80,0,0.03,0.1,38.17334262046698,640.0,3.0,69.08251221896354,17.487781036168133
69.10000000000116,60,80,1,0.022500000000000003,0.1,60.06662735225532,640.0,4.0,69.082512218965,17.487781036168133
69.12500000000117,53,80,1,0.022500000000000003,0.1,54.11705217590425,640.0,4.0,69.107512218965,17.487781036168133
69.13333333333304,36,80,0,0.03,0.1,49.31417714500258,640.0,3.0,69.11584555229688,17.487781036168133
69.15000000000117,45,80,1,0.022500000000000003,0.1,46.39028881239964,640.0,4.0,69.132512218965,17.487781036168133
69.16666666666637,52,80,0,0.03,0.1,64.30849827279573,640.0,3.0,69.1491788856302,17.487781036168133
69.1999999999997,41,80,0,0.03,0.1,53.04931908626189,640.0,3.0,69.18251221896354,17.487781036168133
69.22500000000119,59,80,1,0.022500000000000003,0.1,59.38578182591256,640.0,4.0,69.20751221896502,17.487781036168133
69.23333333333304,38,80,0,0.03,0.1,51.07914931023236,640.0,3.0,69.21584555229687,17.487781036168133
69.2500000000012,41,80,1,0.022500000000000003,0.1,42.49822129555257,640.0,4.0,69.23251221896503,17.487781036168133
69.26666666666637,47,80,0,0.03,0.1,59.045213734296624,640.0,3.0,69.2491788856302,17.487781036168133
69.2750000000012,64,80,1,0.022500000000000003,0.1,64.04830438732434,640.0,4.0,69.25751221896503,17.487781036168133
69.2999999999997,52,80,0,0.03,0.1,64.39804845028117,640.0,3.0,69.28251221896353,17.487781036168133
69.3000000000012,77,80,1,0.022500000000000003,0.1,77.48754925063409,640.0,4.0,69.28251221896504,17.487781036168133
69.32500000000121,62,80,1,0.022500000000000003,0.1,63.59588476093218,640.0,4.0,69.30751221896504,17.487781036168133
69.33333333333303,29,80,0,0.03,0.1,41.614688549898744,640.0,3.0,69.31584555229686,17.487781036168133
69.35000000000122,69,80,1,0.022500000000000003,0.1,70.35505419813131,640.0,4.0,69.33251221896505,17.487781036168133
69.36666666666636,55,80,0,0.03,0.1,67.04164455958886,640.0,3.0,69.3491788856302,17.487781036168133
69.37500000000122,74,80,1,0.022500000000000003,0.1,74.01039941905658,640.0,4.0,69.35751221896506,17.487781036168133
69.3999999999997,36,80,0,0.03,0.1,49.75624599542558,640.0,3.0,69.38251221896353,17.487781036168133
69.42500000000123,83,80,1,0.022500000000000003,0.1,83.93777526811272,640.0,4.0,69.40751221896507,17.487781036168133
69.43333333333302,47,80,0,0.03,0.1,59.77052200640258,640.0,3.0,69.41584555229686,17.487781036168133
69.45000000000124,53,80,1,0.022500000000000003,0.1,53.61021442206809,640.0,4.0,69.43251221896507,17.487781036168133
69.47500000000124,50,80,1,0.022500000000000003,0.1,50.80340498993771,640.0,4.0,69.45751221896508,17.487781036168133
69.49999999999969,41,80,0,0.03,0.1,53.25355368653089,640.0,3.0,69.48251221896352,17.487781036168133
69.50000000000125,69,80,1,0.022500000000000003,0.1,70.0283602985566,640.0,4.0,69.48251221896508,17.487781036168133
69.53333333333302,33,80,0,0.03,0.1,46.897155249526854,640.0,3.0,69.51584555229685,17.487781036168133
69.55000000000126,69,80,1,0.022500000000000003,0.1,69.92864383508082,640.0,4.0,69.5325122189651,17.487781036168133
69.56666666666635,43,80,0,0.03,0.1,56.34321218441902,640.0,3.0,69.54917888563018,17.487781036168133
69.57500000000127,84,80,1,0.022500000000000003,0.1,84.18281541440322,640.0,4.0,69.5575122189651,17.487781036168133
69.59999999999968,67,80,0,0.03,0.1,80.80422795616249,640.0,3.0,69.58251221896352,17.487781036168133
69.60000000000127,60,80,1,0.022500000000000003,0.1,60.145534832620726,640.0,4.0,69.5825122189651,17.487781036168133
69.62500000000128,65,80,1,0.022500000000000003,0.1,65.45480396347116,640.0,4.0,69.60751221896511,17.487781036168133
69.63333333333301,29,80,0,0.03,0.1,42.57055961006552,640.0,3.0,69.61584555229685,17.487781036168133
69.65000000000128,47,80,1,0.022500000000000003,0.1,47.45103038101152,640.0,4.0,69.63251221896512,17.487781036168133
69.66666666666634,69,80,0,0.03,0.1,81.66160664454242,640.0,3.0,69.64917888563018,17.487781036168133
69.67500000000129,86,80,1,0.022500000000000003,0.1,87.33211038689225,640.0,4.0,69.65751221896512,17.487781036168133
69.69999999999968,43,80,0,0.03,0.1,56.675569010220386,640.0,3.0,69.68251221896351,17.487781036168133
69.7000000000013,55,80,1,0.022500000000000003,0.1,55.69222500852338,640.0,4.0,69.68251221896513,17.487781036168133
69.73333333333301,48,80,0,0.03,0.1,60.45275413873458,640.0,3.0,69.71584555229684,17.487781036168133
69.75000000000131,55,80,1,0.022500000000000003,0.1,55.56160139509449,640.0,4.0,69.73251221896514,17.487781036168133
69.76666666666634,33,80,0,0.03,0.1,46.09010161427549,640.0,3.0,69.74917888563017,17.487781036168133
69.77500000000131,50,80,1,0.022500000000000003,0.1,51.74533300935248,640.0,4.0,69.75751221896515,17.487781036168133
69.79999999999967,38,80,0,0.03,0.1,50.127751466528245,640.0,3.0,69.7825122189635,17.487781036168133
69.82500000000132,53,80,1,0.022500000000000003,0.1,53.29658517901407,640.0,4.0,69.80751221896516,17.487781036168133
69.833333333333,41,80,0,0.03,0.1,53.562756479513354,640.0,3.0,69.81584555229684,17.487781036168133
69.86666666666633,33,80,0,0.03,0.1,46.61510437276272,640.0,3.0,69.84917888563017,17.487781036168133
69.87500000000134,48,80,1,0.022500000000000003,0.1,49.94793062063055,640.0,4.0,69.85751221896517,17.487781036168133
69.89999999999966,45,80,0,0.03,0.1,57.32585014565284,640.0,3.0,69.8825122189635,17.487781036168133
69.90000000000134,84,80,1,0.022500000000000003,0.1,84.94672782652952,640.0,4.0,69.88251221896518,17.487781036168133
69.92500000000135,69,80,1,0.022500000000000003,0.1,69.41638583860951,640.0,4.0,69.90751221896518,17.487781036168133
69.933333333333,41,80,0,0.03,0.1,54.79019658487333,640.0,3.0,69.91584555229683,17.487781036168133
69.95000000000135,71,80,1,0.022500000000000003,0.1,71.85157346211479,640.0,4.0,69.93251221896519,17.487781036168133
69.97500000000136,74,80,1,0.022500000000000003,0.1,75.0682724789365,640.0,4.0,69.95751221896519,17.487781036168133
69.99999999999966,33,80,0,0.03,0.1,45.0755304232901,640.0,3.0,69.98251221896349,17.487781036168133
70.00000000000136,83,80,1,0.022500000000000003,0.1,83.4769224238386,640.0,4.0,69.9825122189652,17.487781036168133
70.02500000000137,36,80,1,0.022500000000000003,0.1,37.325791341518794,640.0,4.0,70.0075122189652,17.487781036168133
70.03333333333299,48,80,0,0.03,0.1,61.31443861438191,640.0,3.0,70.01584555229682,17.487781036168133
70.05000000000138,43,80,1,0.022500000000000003,0.1,44.25749612433228,640.0,4.0,70.03251221896521,17.487781036168133
70.06666666666632,50,80,0,0.03,0.1,63.172432408343354,640.0,3.0,70.04917888563016,17.487781036168133
70.09999999999965,33,80,0,0.03,0.1,46.29989697725648,640.0,3.0,70.08251221896349,17.487781036168133
70.10000000000139,53,80,1,0.022500000000000003,0.1,53.98745860493315,640.0,4.0,70.08251221896522,17.487781036168133
70.12500000000139,55,80,1,0.022500000000000003,0.1,56.15271180050881,640.0,4.0,70.10751221896523,17.487781036168133
70.1500000000014,53,80,1,0.022500000000000003,0.1,54.278687324082675,640.0,4.0,70.13251221896523,17.487781036168133
70.16666666666632,41,80,0,0.03,0.1,54.90141423511516,640.0,3.0,70.14917888563015,17.487781036168133
70.1750000000014,62,80,1,0.022500000000000003,0.1,62.80715408809029,640.0,4.0,70.15751221896524,17.487781036168133
70.19999999999965,21,80,0,0.03,0.1,28.097412459736738,640.0,3.0,70.18251221896348,17.487781036168133
70.20000000000141,60,80,1,0.022500000000000003,0.1,60.45178100153876,640.0,4.0,70.18251221896524,17.487781036168133
70.22500000000142,50,80,1,0.022500000000000003,0.1,50.7477146217184,640.0,4.0,70.20751221896525,17.487781036168133
70.23333333333298,55,80,0,0.03,0.1,68.44607503493843,640.0,3.0,70.21584555229681,17.487781036168133
70.25000000000142,31,80,1,0.022500000000000003,0.1,32.1529756545591,640.0,4.0,70.23251221896525,17.487781036168133
70.26666666666631,33,80,0,0.03,0.1,45.703156683489745,640.0,3.0,70.24917888563014,17.487781036168133
70.27500000000143,47,80,1,0.022500000000000003,0.1,47.29128057115266,640.0,4.0,70.25751221896526,17.487781036168133
70.30000000000143,52,80,1,0.022500000000000003,0.1,52.969745237599035,640.0,4.0,70.28251221896527,17.487781036168133
70.32500000000144,55,80,1,0.022500000000000003,0.1,56.83738320886119,640.0,4.0,70.30751221896527,17.487781036168133
70.35000000000144,45,80,1,0.022500000000000003,0.1,45.540256520825125,640.0,4.0,70.33251221896528,17.487781036168133
70.3666666666663,43,80,0,0.03,0.1,55.55633302504384,640.0,3.0,70.34917888563014,17.487781036168133
70.37500000000145,53,80,1,0.022500000000000003,0.1,53.71767722884582,640.0,4.0,70.35751221896528,17.487781036168133
70.39999999999964,59,80,0,0.03,0.1,71.7474835270592,640.0,3.0,70.38251221896347,17.487781036168133
70.40000000000146,45,80,1,0.022500000000000003,0.1,45.52336142738449,640.0,4.0,70.38251221896529,17.487781036168133
70.42500000000146,57,80,1,0.022500000000000003,0.1,58.38951230018134,640.0,4.0,70.4075122189653,17.487781036168133
70.43333333333297,62,80,0,0.03,0.1,75.49012602067609,640.0,3.0,70.4158455522968,17.487781036168133
70.45000000000147,45,80,1,0.022500000000000003,0.1,46.264430996958524,640.0,4.0,70.4325122189653,17.487781036168133
70.4666666666663,38,80,0,0.03,0.1,51.74491570787458,640.0,3.0,70.44917888563013,17.487781036168133
70.47500000000147,48,80,1,0.022500000000000003,0.1,49.134020398458055,640.0,4.0,70.4575122189653,17.487781036168133
70.49999999999963,57,80,0,0.03,0.1,70.15375994822439,640.0,3.0,70.48251221896346,17.487781036168133
70.50000000000148,43,80,1,0.022500000000000003,0.1,43.248843123339014,640.0,4.0,70.48251221896531,17.487781036168133
70.53333333333296,38,80,0,0.03,0.1,50.33010174217111,640.0,3.0,70.5158455522968,17.487781036168133
70.55000000000149,48,80,1,0.022500000000000003,0.1,48.9094685446093,640.0,4.0,70.53251221896532,17.487781036168133
70.5666666666663,76,80,0,0.03,0.1,88.58388373929186,640.0,3.0,70.54917888563013,17.487781036168133
70.5750000000015,71,80,1,0.022500000000000003,0.1,71.60683861344549,640.0,4.0,70.55751221896533,17.487781036168133
70.59999999999962,38,80,0,0.03,0.1,51.13015034200045,640.0,3.0,70.58251221896346,17.487781036168133
70.6000000000015,65,80,1,0.022500000000000003,0.1,65.1948834136691,640.0,4.0,70.58251221896533,17.487781036168133
70.6250000000015,59,80,1,0.022500000000000003,0.1,59.10589608724937,640.0,4.0,70.60751221896534,17.487781036168133
70.63333333333296,60,80,0,0.03,0.1,73.13391924428805,640.0,3.0,70.61584555229679,17.487781036168133
70.65000000000151,48,80,1,0.022500000000000003,0.1,49.79218563399951,640.0,4.0,70.63251221896535,17.487781036168133
70.66666666666629,57,80,0,0.03,0.1,70.80051233128417,640.0,3.0,70.64917888563012,17.487781036168133
70.67500000000152,64,80,1,0.022500000000000003,0.1,64.87065990804868,640.0,4.0,70.65751221896535,17.487781036168133
70.69999999999962,52,80,0,0.03,0.1,64.04592412299435,640.0,3.0,70.68251221896345,17.487781036168133
70.70000000000152,67,80,1,0.022500000000000003,0.1,68.84097138366255,640.0,4.0,70.68251221896536,17.487781036168133
70.72500000000153,60,80,1,0.022500000000000003,0.1,61.82641167618087,640.0,4.0,70.70751221896536,17.487781036168133
70.73333333333295,38,80,0,0.03,0.1,51.41704753386645,640.0,3.0,70.71584555229678,17.487781036168133
70.75000000000153,79,80,1,0.022500000000000003,0.1,80.5273837499767,640.0,4.0,70.73251221896537,17.487781036168133
70.76666666666628,45,80,0,0.03,0.1,58.062112103149964,640.0,3.0,70.74917888563012,17.487781036168133
70.77500000000154,65,80,1,0.022500000000000003,0.1,65.88335767135764,640.0,4.0,70.75751221896537,17.487781036168133
70.79999999999961,21,80,0,0.03,0.1,32.43407215430973,640.0,3.0,70.78251221896345,17.487781036168133
70.80000000000155,71,80,1,0.022500000000000003,0.1,71.69417238487084,640.0,4.0,70.78251221896538,17.487781036168133
70.82500000000155,60,80,1,0.022500000000000003,0.1,61.70963731886052,640.0,4.0,70.80751221896539,17.487781036168133
70.83333333333294,50,80,0,0.03,0.1,62.872576491292804,640.0,3.0,70.81584555229678,17.487781036168133
70.85000000000156,67,80,1,0.022500000000000003,0.1,68.6485050016893,640.0,4.0,70.83251221896539,17.487781036168133
70.86666666666628,52,80,0,0.03,0.1,64.47507623716334,640.0,3.0,70.84917888563011,17.487781036168133
70.87500000000156,48,80,1,0.022500000000000003,0.1,49.801200221834556,640.0,4.0,70.8575122189654,17.487781036168133
70.90000000000157,53,80,1,0.022500000000000003,0.1,54.132500950876235,640.0,4.0,70.8825122189654,17.487781036168133
70.92500000000157,64,80,1,0.022500000000000003,0.1,64.47185348457447,640.0,4.0,70.90751221896541,17.487781036168133
70.93333333333294,21,80,0,0.03,0.1,21.941681007455266,640.0,3.0,70.91584555229677,17.487781036168133
70.96666666666627,31,80,0,0.03,0.1,43.79985350285042,640.0,3.0,70.9491788856301,17.487781036168133
70.97500000000159,65,80,1,0.022500000000000003,0.1,66.49743133367357,640.0,4.0,70.95751221896542,17.487781036168133
70.9999999999996,38,80,0,0.03,0.1,50.42443541953712,640.0,3.0,70.98251221896344,17.487781036168133
71.00000000000159,74,80,1,0.022500000000000003,0.1,74.08502902116774,640.0,4.0,70.98251221896543,17.487781036168133
71.0250000000016,41,80,1,0.022500000000000003,0.1,41.76036900076272,640.0,4.0,71.00751221896543,17.487781036168133
71.03333333333293,50,80,0,0.03,0.1,63.73323434481979,640.0,3.0,71.01584555229677,17.487781036168133
71.0500000000016,47,80,1,0.022500000000000003,0.1,47.52700739058821,640.0,4.0,71.03251221896544,17.487781036168133
71.07500000000161,62,80,1,0.022500000000000003,0.1,62.93852980575044,640.0,4.0,71.05751221896544,17.487781036168133
71.0999999999996,45,80,0,0.03,0.1,57.82113546276891,640.0,3.0,71.08251221896343,17.487781036168133
71.10000000000161,50,80,1,0.022500000000000003,0.1,50.7281455129157,640.0,4.0,71.08251221896545,17.487781036168133
71.12500000000162,103,80,1,0.022500000000000003,0.1,103.23543348850384,640.0,4.0,71.10751221896545,17.487781036168133
71.13333333333293,55,80,0,0.03,0.1,68.13114286853065,640.0,3.0,71.11584555229676,17.487781036168133
71.15000000000163,65,80,1,0.022500000000000003,0.1,66.60121112537774,640.0,4.0,71.13251221896546,17.487781036168133
71.16666666666626,33,80,0,0.03,0.1,46.86409759612288,640.0,3.0,71.14917888563009,17.487781036168133
71.17500000000163,57,80,1,0.022500000000000003,0.1,58.99736513369399,640.0,4.0,71.15751221896546,17.487781036168133
71.19999999999959,55,80,0,0.03,0.1,67.81100807288315,640.0,3.0,71.18251221896342,17.487781036168133
71.20000000000164,53,80,1,0.022500000000000003,0.1,53.4019933045266,640.0,4.0,71.18251221896547,17.487781036168133
71.25000000000165,60,80,1,0.022500000000000003,0.1,60.38580046483427,640.0,4.0,71.23251221896548,17.487781036168133
71.26666666666625,52,80,0,0.03,0.1,64.83270058032525,640.0,3.0,71.24917888563009,17.487781036168133
71.29999999999959,45,80,0,0.03,0.1,57.6698824821036,640.0,3.0,71.28251221896342,17.487781036168133
71.30000000000166,53,80,1,0.022500000000000003,0.1,54.15425094792303,640.0,4.0,71.2825122189655,17.487781036168133
71.32500000000167,55,80,1,0.022500000000000003,0.1,56.50365124454526,640.0,4.0,71.3075122189655,17.487781036168133
71.33333333333292,71,80,0,0.03,0.1,83.43352095784016,640.0,3.0,71.31584555229675,17.487781036168133
71.35000000000167,77,80,1,0.022500000000000003,0.1,77.20684256300284,640.0,4.0,71.3325122189655,17.487781036168133
71.36666666666625,53,80,0,0.03,0.1,66.31290481267044,640.0,3.0,71.34917888563008,17.487781036168133
71.39999999999958,35,80,0,0.03,0.1,47.60530095035445,640.0,3.0,71.38251221896341,17.487781036168133
71.40000000000168,62,80,1,0.022500000000000003,0.1,63.226034943166425,640.0,4.0,71.38251221896552,17.487781036168133
71.42500000000169,41,80,1,0.022500000000000003,0.1,42.83187549136976,640.0,4.0,71.40751221896552,17.487781036168133
71.43333333333291,50,80,0,0.03,0.1,63.1783100894206,640.0,3.0,71.41584555229674,17.487781036168133
71.4500000000017,65,80,1,0.022500000000000003,0.1,66.89284040497975,640.0,4.0,71.43251221896553,17.487781036168133
71.46666666666624,57,80,0,0.03,0.1,69.63178722655,640.0,3.0,71.44917888563008,17.487781036168133
71.4750000000017,79,80,1,0.022500000000000003,0.1,79.89481525262113,640.0,4.0,71.45751221896553,17.487781036168133
71.49999999999957,40,80,0,0.03,0.1,52.47220993376884,640.0,3.0,71.48251221896341,17.487781036168133
71.5000000000017,77,80,1,0.022500000000000003,0.1,77.53319810511844,640.0,4.0,71.48251221896554,17.487781036168133
71.52500000000171,69,80,1,0.022500000000000003,0.1,69.40065091596374,640.0,4.0,71.50751221896554,17.487781036168133
71.5333333333329,60,80,0,0.03,0.1,73.94268476071807,640.0,3.0,71.51584555229674,17.487781036168133
71.55000000000172,77,80,1,0.022500000000000003,0.1,78.20701382765851,640.0,4.0,71.53251221896555,17.487781036168133
71.56666666666624,52,80,0,0.03,0.1,64.89003143316494,640.0,3.0,71.54917888563007,17.487781036168133
71.59999999999957,21,80,0,0.03,0.1,30.016277277883557,640.0,3.0,71.5825122189634,17.487781036168133
71.60000000000173,67,80,1,0.022500000000000003,0.1,68.03971801387142,640.0,4.0,71.58251221896556,17.487781036168133
71.62500000000173,50,80,1,0.022500000000000003,0.1,51.28607275103769,640.0,4.0,71.60751221896557,17.487781036168133
71.65000000000174,62,80,1,0.022500000000000003,0.1,63.74099783879311,640.0,4.0,71.63251221896557,17.487781036168133
71.66666666666623,41,80,0,0.03,0.1,54.80282682351724,640.0,3.0,71.64917888563006,17.487781036168133
71.67500000000175,77,80,1,0.022500000000000003,0.1,77.01803832282272,640.0,4.0,71.65751221896558,17.487781036168133
71.69999999999956,53,80,0,0.03,0.1,66.87590162613422,640.0,3.0,71.6825122189634,17.487781036168133
71.70000000000175,52,80,1,0.022500000000000003,0.1,52.45538033296779,640.0,4.0,71.68251221896558,17.487781036168133
71.72500000000176,48,80,1,0.022500000000000003,0.1,48.973524102857134,640.0,4.0,71.70751221896559,17.487781036168133
71.7333333333329,60,80,0,0.03,0.1,72.08594995522323,640.0,3.0,71.71584555229673,17.487781036168133
71.76666666666623,50,80,0,0.03,0.1,62.49807420341527,640.0,3.0,71.74917888563006,17.487781036168133
71.77500000000177,57,80,1,0.022500000000000003,0.1,57.098723792332805,640.0,4.0,71.7575122189656,17.487781036168133
71.79999999999956,69,80,0,0.03,0.1,81.31522859449211,640.0,3.0,71.78251221896339,17.487781036168133
71.80000000000177,67,80,1,0.022500000000000003,0.1,68.30909082970138,640.0,4.0,71.7825122189656,17.487781036168133
71.82500000000178,53,80,1,0.022500000000000003,0.1,54.19827806787786,640.0,4.0,71.80751221896561,17.487781036168133
71.83333333333289,45,80,0,0.03,0.1,57.71255187758725,640.0,3.0,71.81584555229672,17.487781036168133
71.85000000000178,81,80,1,0.022500000000000003,0.1,81.99602707971474,640.0,4.0,71.83251221896562,17.487781036168133
71.86666666666622,55,80,0,0.03,0.1,67.9976681350896,640.0,3.0,71.84917888563005,17.487781036168133
71.87500000000179,43,80,1,0.022500000000000003,0.1,43.49214594609849,640.0,4.0,71.85751221896562,17.487781036168133
71.89999999999955,57,80,0,0.03,0.1,70.30326494255804,640.0,3.0,71.88251221896338,17.487781036168133
71.9000000000018,76,80,1,0.022500000000000003,0.1,76.0478052636126,640.0,4.0,71.88251221896563,17.487781036168133
71.9250000000018,50,80,1,0.022500000000000003,0.1,50.20992987765628,640.0,4.0,71.90751221896564,17.487781036168133
71.93333333333288,45,80,0,0.03,0.1,58.753971598173024,640.0,3.0,71.91584555229672,17.487781036168133
71.95000000000181,36,80,1,0.022500000000000003,0.1,37.0114209973245,640.0,4.0,71.93251221896564,17.487781036168133
71.96666666666621,57,80,0,0.03,0.1,69.96831114211561,640.0,3.0,71.94917888563005,17.487781036168133
71.97500000000181,62,80,1,0.022500000000000003,0.1,63.0448020012655,640.0,4.0,71.95751221896565,17.487781036168133
71.99999999999955,40,80,0,0.03,0.1,52.38818576432424,640.0,3.0,71.98251221896338,17.487781036168133
72.00000000000182,55,80,1,0.022500000000000003,0.1,56.74101777902229,640.0,4.0,71.98251221896565,17.487781036168133
72.02500000000182,45,80,1,0.022500000000000003,0.1,45.79700009084121,640.0,4.0,72.00751221896566,17.487781036168133
72.03333333333288,41,80,0,0.03,0.1,54.5911242365284,640.0,3.0,72.01584555229671,17.487781036168133
72.05000000000183,38,80,1,0.022500000000000003,0.1,38.47837578604462,640.0,4.0,72.03251221896566,17.487781036168133
72.06666666666621,31,80,0,0.03,0.1,43.2001447636952,640.0,3.0,72.04917888563004,17.487781036168133
72.07500000000184,59,80,1,0.022500000000000003,0.1,59.89298192292535,640.0,4.0,72.05751221896567,17.487781036168133
72.09999999999954,50,80,0,0.03,0.1,63.0900366895366,640.0,3.0,72.08251221896337,17.487781036168133
72.10000000000184,72,80,1,0.022500000000000003,0.1,72.49071221278487,640.0,4.0,72.08251221896568,17.487781036168133
72.12500000000185,67,80,1,0.022500000000000003,0.1,67.48740471150649,640.0,4.0,72.10751221896568,17.487781036168133
72.13333333333287,52,80,0,0.03,0.1,64.16322145093561,640.0,3.0,72.1158455522967,17.487781036168133
72.15000000000185,60,80,1,0.022500000000000003,0.1,60.7258451051426,640.0,4.0,72.13251221896569,17.487781036168133
72.1666666666662,62,80,0,0.03,0.1,75.09456842981413,640.0,3.0,72.14917888563004,17.487781036168133
72.17500000000186,65,80,1,0.022500000000000003,0.1,66.12924893718701,640.0,4.0,72.15751221896569,17.487781036168133
72.19999999999953,57,80,0,0.03,0.1,70.12659205575531,640.0,3.0,72.18251221896337,17.487781036168133
72.20000000000186,59,80,1,0.022500000000000003,0.1,59.65165910556343,640.0,4.0,72.1825122189657,17.487781036168133
72.22500000000187,41,80,1,0.022500000000000003,0.1,41.699529689211246,640.0,4.0,72.2075122189657,17.487781036168133
72.23333333333287,43,80,0,0.03,0.1,56.35461687491286,640.0,3.0,72.2158455522967,17.487781036168133
72.2666666666662,31,80,0,0.03,0.1,44.919300002121254,640.0,3.0,72.24917888563003,17.487781036168133
72.27500000000188,57,80,1,0.022500000000000003,0.1,57.39944282899611,640.0,4.0,72.25751221896572,17.487781036168133
72.29999999999953,53,80,0,0.03,0.1,65.54048515225567,640.0,3.0,72.28251221896336,17.487781036168133
72.32500000000189,69,80,1,0.022500000000000003,0.1,70.8925782848866,640.0,4.0,72.30751221896573,17.487781036168133
72.33333333333286,62,80,0,0.03,0.1,74.21764060690742,640.0,3.0,72.3158455522967,17.487781036168133
72.36666666666619,57,80,0,0.03,0.1,69.66636766469048,640.0,3.0,72.34917888563002,17.487781036168133
72.3750000000019,67,80,1,0.022500000000000003,0.1,67.74570260171456,640.0,4.0,72.35751221896574,17.487781036168133
72.39999999999952,60,80,0,0.03,0.1,73.88131231817329,640.0,3.0,72.38251221896336,17.487781036168133
72.40000000000191,55,80,1,0.022500000000000003,0.1,56.41238127261209,640.0,4.0,72.38251221896574,17.487781036168133
72.42500000000192,41,80,1,0.022500000000000003,0.1,42.32765222259022,640.0,4.0,72.40751221896575,17.487781036168133
72.43333333333285,45,80,0,0.03,0.1,57.28781400066249,640.0,3.0,72.41584555229669,17.487781036168133
72.45000000000192,65,80,1,0.022500000000000003,0.1,65.2745105544451,640.0,4.0,72.43251221896575,17.487781036168133
72.49999999999952,38,80,0,0.03,0.1,50.56766269143297,640.0,3.0,72.48251221896335,17.487781036168133
72.50000000000193,29,80,1,0.022500000000000003,0.1,29.42679728028562,640.0,4.0,72.48251221896577,17.487781036168133
72.52500000000194,48,80,1,0.022500000000000003,0.1,49.32047121174192,640.0,4.0,72.50751221896577,17.487781036168133
72.53333333333285,47,80,0,0.03,0.1,59.28452522734598,640.0,3.0,72.51584555229668,17.487781036168133
72.55000000000194,50,80,1,0.022500000000000003,0.1,51.15450396935813,640.0,4.0,72.53251221896578,17.487781036168133
72.56666666666618,45,80,0,0.03,0.1,58.994037811599114,640.0,3.0,72.54917888563001,17.487781036168133
72.57500000000195,60,80,1,0.022500000000000003,0.1,61.51488257437998,640.0,4.0,72.55751221896578,17.487781036168133
72.59999999999951,50,80,0,0.03,0.1,62.64547364530069,640.0,3.0,72.58251221896334,17.487781036168133
72.60000000000196,48,80,1,0.022500000000000003,0.1,49.71698646059912,640.0,4.0,72.58251221896579,17.487781036168133
72.62500000000196,59,80,1,0.022500000000000003,0.1,59.5118775190446,640.0,4.0,72.6075122189658,17.487781036168133
72.63333333333284,45,80,0,0.03,0.1,58.344992549945495,640.0,3.0,72.61584555229668,17.487781036168133
72.65000000000197,57,80,1,0.022500000000000003,0.1,57.3051527634817,640.0,4.0,72.6325122189658,17.487781036168133
72.6999999999995,38,80,0,0.03,0.1,50.05831612195656,640.0,3.0,72.68251221896334,17.487781036168133
72.70000000000198,50,80,1,0.022500000000000003,0.1,50.83015304063045,640.0,4.0,72.68251221896581,17.487781036168133
72.73333333333284,60,80,0,0.03,0.1,72.05272337345909,640.0,3.0,72.71584555229667,17.487781036168133
72.75000000000199,45,80,1,0.022500000000000003,0.1,46.17258163480713,640.0,4.0,72.73251221896582,17.487781036168133
72.76666666666617,48,80,0,0.03,0.1,60.9794311967195,640.0,3.0,72.74917888563,17.487781036168133
72.775000000002,64,80,1,0.022500000000000003,0.1,64.86486323934506,640.0,4.0,72.75751221896583,17.487781036168133
72.7999999999995,45,80,0,0.03,0.1,57.76711764114839,640.0,3.0,72.78251221896333,17.487781036168133
72.800000000002,67,80,1,0.022500000000000003,0.1,67.31011364596951,640.0,4.0,72.78251221896583,17.487781036168133
72.825000000002,50,80,1,0.022500000000000003,0.1,50.13609023839566,640.0,4.0,72.80751221896584,17.487781036168133
72.83333333333283,38,80,0,0.03,0.1,50.43290555841018,640.0,3.0,72.81584555229666,17.487781036168133
72.85000000000201,79,80,1,0.022500000000000003,0.1,79.46419322901818,640.0,4.0,72.83251221896585,17.487781036168133
72.86666666666616,29,80,0,0.03,0.1,42.951512186994094,640.0,3.0,72.84917888563,17.487781036168133
72.87500000000202,55,80,1,0.022500000000000003,0.1,55.973101472741774,640.0,4.0,72.85751221896585,17.487781036168133
72.8999999999995,64,80,0,0.03,0.1,76.7419416646316,640.0,3.0,72.88251221896333,17.487781036168133
72.90000000000202,79,80,1,0.022500000000000003,0.1,79.58637598459597,640.0,4.0,72.88251221896586,17.487781036168133
72.92500000000203,50,80,1,0.022500000000000003,0.1,51.78077217495547,640.0,4.0,72.90751221896586,17.487781036168133
72.93333333333283,55,80,0,0.03,0.1,67.09937546408713,640.0,3.0,72.91584555229666,17.487781036168133
72.95000000000203,33,80,1,0.022500000000000003,0.1,34.05980445952723,640.0,4.0,72.93251221896587,17.487781036168133
72.96666666666616,26,80,0,0.03,0.1,39.21385161510442,640.0,3.0,72.94917888562999,17.487781036168133
72.97500000000204,65,80,1,0.022500000000000003,0.1,65.1481321588781,640.0,4.0,72.95751221896587,17.487781036168133
72.99999999999949,57,80,0,0.03,0.1,69.76822144908361,640.0,3.0,72.98251221896332,17.487781036168133
73.00000000000205,62,80,1,0.022500000000000003,0.1,63.18137734552304,640.0,4.0,72.98251221896588,17.487781036168133
73.02500000000205,60,80,1,0.022500000000000003,0.1,60.44024057993706,640.0,4.0,73.00751221896589,17.487781036168133
73.03333333333282,59,80,0,0.03,0.1,71.8077589789838,640.0,3.0,73.01584555229665,17.487781036168133
73.05000000000206,50,80,1,0.022500000000000003,0.1,51.77942427591694,640.0,4.0,73.03251221896589,17.487781036168133
73.06666666666615,48,80,0,0.03,0.1,61.592014365451895,640.0,3.0,73.04917888562998,17.487781036168133
73.09999999999948,67,80,0,0.03,0.1,80.45581946562251,640.0,3.0,73.08251221896332,17.487781036168133
73.10000000000207,53,80,1,0.022500000000000003,0.1,53.45587893927005,640.0,4.0,73.0825122189659,17.487781036168133
73.12500000000207,55,80,1,0.022500000000000003,0.1,56.129925550953594,640.0,4.0,73.10751221896591,17.487781036168133
73.13333333333281,50,80,0,0.03,0.1,62.7740114191729,640.0,3.0,73.11584555229665,17.487781036168133
73.15000000000208,69,80,1,0.022500000000000003,0.1,70.77289287379296,640.0,4.0,73.13251221896591,17.487781036168133
73.16666666666615,29,80,0,0.03,0.1,41.864658842250364,640.0,3.0,73.14917888562998,17.487781036168133
73.17500000000209,62,80,1,0.022500000000000003,0.1,62.3579805379852,640.0,4.0,73.15751221896592,17.487781036168133
73.19999999999948,52,80,0,0.03,0.1,64.67416321341851,640.0,3.0,73.18251221896331,17.487781036168133
73.20000000000209,67,80,1,0.022500000000000003,0.1,67.80737775784931,640.0,4.0,73.18251221896593,17.487781036168133
73.2250000000021,57,80,1,0.022500000000000003,0.1,57.03208311518989,640.0,4.0,73.20751221896593,17.487781036168133
73.23333333333281,50,80,0,0.03,0.1,63.134685461922935,640.0,3.0,73.21584555229664,17.487781036168133
73.2500000000021,55,80,1,0.022500000000000003,0.1,55.62217797369888,640.0,4.0,73.23251221896594,17.487781036168133
73.26666666666614,40,80,0,0.03,0.1,52.27780033563962,640.0,3.0,73.24917888562997,17.487781036168133
73.27500000000211,45,80,1,0.022500000000000003,0.1,45.23542360462536,640.0,4.0,73.25751221896594,17.487781036168133
73.29999999999947,55,80,0,0.03,0.1,67.34155311203104,640.0,3.0,73.2825122189633,17.487781036168133
73.32500000000212,21,80,1,0.022500000000000003,0.1,17.48973368845902,640.0,4.0,73.30751221896595,17.487781036168133
73.3333333333328,26,80,0,0.03,0.1,38.65388459275697,640.0,3.0,73.31584555229664,17.487781036168133
73.35000000000213,52,80,1,0.022500000000000003,0.1,52.44515883128787,640.0,4.0,73.33251221896596,17.487781036168133
73.36666666666613,60,80,0,0.03,0.1,72.6792553912677,640.0,3.0,73.34917888562997,17.487781036168133
73.37500000000213,57,80,1,0.022500000000000003,0.1,58.952010531957264,640.0,4.0,73.35751221896597,17.487781036168133
73.39999999999947,36,80,0,0.03,0.1,48.760042193850204,640.0,3.0,73.3825122189633,17.487781036168133
73.40000000000214,67,80,1,0.022500000000000003,0.1,67.215022774658,640.0,4.0,73.38251221896597,17.487781036168133
73.42500000000214,55,80,1,0.022500000000000003,0.1,56.560923167680556,640.0,4.0,73.40751221896598,17.487781036168133
73.4333333333328,35,80,0,0.03,0.1,47.39268959850199,640.0,3.0,73.41584555229663,17.487781036168133
73.45000000000215,64,80,1,0.022500000000000003,0.1,64.450221340736,640.0,4.0,73.43251221896598,17.487781036168133
73.46666666666613,45,80,0,0.03,0.1,58.543042914464294,640.0,3.0,73.44917888562996,17.487781036168133
73.47500000000215,31,80,1,0.022500000000000003,0.1,32.098705134204856,640.0,4.0,73.45751221896599,17.487781036168133
73.49999999999946,53,80,0,0.03,0.1,65.54205347895854,640.0,3.0,73.4825122189633,17.487781036168133
73.50000000000216,59,80,1,0.022500000000000003,0.1,59.272488291751046,640.0,4.0,73.482512218966,17.487781036168133
73.52500000000217,38,80,1,0.022500000000000003,0.1,38.50236425070844,640.0,4.0,73.507512218966,17.487781036168133
73.53333333333279,50,80,0,0.03,0.1,62.0982280139959,640.0,3.0,73.51584555229662,17.487781036168133
73.55000000000217,43,80,1,0.022500000000000003,0.1,44.533714999560544,640.0,4.0,73.532512218966,17.487781036168133
73.57500000000218,57,80,1,0.022500000000000003,0.1,57.60428098734258,640.0,4.0,73.55751221896601,17.487781036168133
73.59999999999945,41,80,0,0.03,0.1,53.52205707274383,640.0,3.0,73.58251221896329,17.487781036168133
73.60000000000218,76,80,1,0.022500000000000003,0.1,76.3361790447815,640.0,4.0,73.58251221896602,17.487781036168133
73.62500000000219,64,80,1,0.022500000000000003,0.1,64.75144657241675,640.0,4.0,73.60751221896602,17.487781036168133
73.63333333333279,33,80,0,0.03,0.1,45.497057953568486,640.0,3.0,73.61584555229662,17.487781036168133
73.6500000000022,60,80,1,0.022500000000000003,0.1,60.2333567633551,640.0,4.0,73.63251221896603,17.487781036168133
73.66666666666612,45,80,0,0.03,0.1,57.12409725913766,640.0,3.0,73.64917888562995,17.487781036168133
73.6750000000022,59,80,1,0.022500000000000003,0.1,59.75001101482109,640.0,4.0,73.65751221896603,17.487781036168133
73.69999999999945,60,80,0,0.03,0.1,73.76027154573964,640.0,3.0,73.68251221896328,17.487781036168133
73.7000000000022,50,80,1,0.022500000000000003,0.1,50.865550166982814,640.0,4.0,73.68251221896604,17.487781036168133
73.72500000000221,53,80,1,0.022500000000000003,0.1,53.037012308829645,640.0,4.0,73.70751221896604,17.487781036168133
73.73333333333278,47,80,0,0.03,0.1,59.94543439815838,640.0,3.0,73.71584555229661,17.487781036168133
73.75000000000222,65,80,1,0.022500000000000003,0.1,65.47041338202621,640.0,4.0,73.73251221896605,17.487781036168133
73.76666666666611,59,80,0,0.03,0.1,71.000502460921,640.0,3.0,73.74917888562995,17.487781036168133
73.77500000000222,41,80,1,0.022500000000000003,0.1,42.26738536391047,640.0,4.0,73.75751221896606,17.487781036168133
73.79999999999944,65,80,0,0.03,0.1,78.62913712289526,640.0,3.0,73.78251221896328,17.487781036168133
73.80000000000223,67,80,1,0.022500000000000003,0.1,67.59109184362268,640.0,4.0,73.78251221896606,17.487781036168133
73.82500000000223,55,80,1,0.022500000000000003,0.1,55.02710954087868,640.0,4.0,73.80751221896607,17.487781036168133
73.83333333333277,40,80,0,0.03,0.1,52.473362956326824,640.0,3.0,73.81584555229661,17.487781036168133
73.85000000000224,69,80,1,0.022500000000000003,0.1,70.56713055833043,640.0,4.0,73.83251221896607,17.487781036168133
73.8666666666661,45,80,0,0.03,0.1,57.61186236089133,640.0,3.0,73.84917888562994,17.487781036168133
73.87500000000225,72,80,1,0.022500000000000003,0.1,72.30199625257066,640.0,4.0,73.85751221896608,17.487781036168133
73.89999999999944,74,80,0,0.03,0.1,87.79126862159994,640.0,3.0,73.88251221896327,17.487781036168133
73.90000000000225,38,80,1,0.022500000000000003,0.1,38.58452463992653,640.0,4.0,73.88251221896608,17.487781036168133
73.92500000000226,52,80,1,0.022500000000000003,0.1,52.55576623069161,640.0,4.0,73.90751221896609,17.487781036168133
73.93333333333277,65,80,0,0.03,0.1,78.4875956733433,640.0,3.0,73.9158455522966,17.487781036168133
73.95000000000226,48,80,1,0.022500000000000003,0.1,49.049245594360016,640.0,4.0,73.9325122189661,17.487781036168133
73.9666666666661,26,80,0,0.03,0.1,38.593222069601886,640.0,3.0,73.94917888562993,17.487781036168133
73.97500000000227,36,80,1,0.022500000000000003,0.1,36.79708204706377,640.0,4.0,73.9575122189661,17.487781036168133
73.99999999999943,52,80,0,0.03,0.1,64.95549844557961,640.0,3.0,73.98251221896327,17.487781036168133
