onset_time,pitch,velocity,voice_id,duration,base_ioi,raw_pitch,raw_velocity,tempo_ratio,trigger_time,compensation_ms
0.0,52,62,0,0.03,0.1,64.76845586890784,500.0,3.0,-0.020303030303030305,20.303030303030305
0.0,69,62,1,0.022500000000000003,0.1,69.16936627681189,500.0,4.0,-0.020303030303030305,20.303030303030305
0.025,50,62,1,0.022500000000000003,0.1,50.53702995517878,500.0,4.0,0.004696969696969696,20.303030303030305
0.03333333333333333,45,62,0,0.03,0.1,58.672662708756626,500.0,3.0,0.013030303030303027,20.303030303030305
0.05,64,62,1,0.022500000000000003,0.1,64.8388465489713,500.0,4.0,0.029696969696969697,20.303030303030305
0.06666666666666667,53,62,0,0.03,0.1,66.21780996576665,500.0,3.0,0.04636363636363636,20.303030303030305
0.1,62,62,0,0.03,0.1,74.62108662151705,500.0,3.0,0.0796969696969697,20.303030303030305
0.1,52,62,1,0.022500000000000003,0.1,52.388420810281495,500.0,4.0,0.0796969696969697,20.303030303030305
0.125,57,62,1,0.022500000000000003,0.1,58.972508544436245,500.0,4.0,0.10469696969696969,20.303030303030305
0.13333333333333333,45,62,0,0.03,0.1,57.752127602655975,500.0,3.0,0.11303030303030302,20.303030303030305
0.15,50,62,1,0.022500000000000003,0.1,50.06167370477401,500.0,4.0,0.1296969696969697,20.303030303030305
0.175,53,62,1,0.022500000000000003,0.1,54.68496666866705,500.0,4.0,0.1546969696969697,20.303030303030305
0.19999999999999998,62,62,0,0.03,0.1,75.16044302887096,500.0,3.0,0.1796969696969697,20.303030303030305
0.19999999999999998,48,62,1,0.022500000000000003,0.1,48.500372231147054,500.0,4.0,0.1796969696969697,20.303030303030305
0.22499999999999998,77,62,1,0.022500000000000003,0.1,78.86136127599734,500.0,4.0,0.20469696969696968,20.303030303030305
0.2333333333333333,55,62,0,0.03,0.1,67.36737339986793,500.0,3.0,0.21303030303030301,20.303030303030305
0.24999999999999997,60,62,1,0.022500000000000003,0.1,60.338530098928594,500.0,4.0,0.22969696969696968,20.303030303030305
0.26666666666666666,43,62,0,0.03,0.1,55.49304589502446,500.0,3.0,0.24636363636363637,20.303030303030305
0.27499999999999997,53,62,1,0.022500000000000003,0.1,53.28263512327118,500.0,4.0,0.25469696969696964,20.303030303030305
0.3,62,62,1,0.022500000000000003,0.1,62.05420714304853,500.0,4.0,0.27969696969696967,20.303030303030305
0.325,57,62,1,0.022500000000000003,0.1,58.92165072296803,500.0,4.0,0.3046969696969697,20.303030303030305
0.3333333333333333,43,62,0,0.03,0.1,55.55119014900036,500.0,3.0,0.313030303030303,20.303030303030305
0.37500000000000006,65,62,1,0.022500000000000003,0.1,65.89600032041689,500.0,4.0,0.35469696969696973,20.303030303030305
0.39999999999999997,50,62,0,0.03,0.1,62.32283780703393,500.0,3.0,0.37969696969696964,20.303030303030305
0.4000000000000001,67,62,1,0.022500000000000003,0.1,67.27207401645413,500.0,4.0,0.37969696969696975,20.303030303030305
0.4250000000000001,53,62,1,0.022500000000000003,0.1,54.90718898293893,500.0,4.0,0.4046969696969698,20.303030303030305
0.4333333333333333,29,62,0,0.03,0.1,41.63250965128513,500.0,3.0,0.41303030303030297,20.303030303030305
0.4666666666666666,31,62,0,0.03,0.1,43.44078880787488,500.0,3.0,0.4463636363636363,20.303030303030305
0.47500000000000014,57,62,1,0.022500000000000003,0.1,57.35950370734422,500.0,4.0,0.4546969696969698,20.303030303030305
0.49999999999999994,41,62,0,0.03,0.1,54.602039719286665,500.0,3.0,0.4796969696969696,20.303030303030305
0.5000000000000001,36,62,1,0.022500000000000003,0.1,37.90155681853838,500.0,4.0,0.4796969696969698,20.303030303030305
0.5250000000000001,45,62,1,0.022500000000000003,0.1,45.4541658028939,500.0,4.0,0.5046969696969699,20.303030303030305
0.5333333333333333,38,62,0,0.03,0.1,50.27682124478953,500.0,3.0,0.5130303030303031,20.303030303030305
0.5500000000000002,72,62,1,0.022500000000000003,0.1,73.12199296746743,500.0,4.0,0.5296969696969699,20.303030303030305
0.5666666666666667,50,62,0,0.03,0.1,63.01677439291463,500.0,3.0,0.5463636363636364,20.303030303030305
0.5750000000000002,74,62,1,0.022500000000000003,0.1,75.79169004961233,500.0,4.0,0.5546969696969699,20.303030303030305
0.6,38,62,0,0.03,0.1,51.28296887499637,500.0,3.0,0.5796969696969697,20.303030303030305
0.6000000000000002,57,62,1,0.022500000000000003,0.1,57.60925402025877,500.0,4.0,0.5796969696969699,20.303030303030305
0.6250000000000002,65,62,1,0.022500000000000003,0.1,65.53494684533536,500.0,4.0,0.60469696969697,20.303030303030305
0.6333333333333333,33,62,0,0.03,0.1,46.4418844671812,500.0,3.0,0.613030303030303,20.303030303030305
0.6500000000000002,62,62,1,0.022500000000000003,0.1,62.98800148361795,500.0,4.0,0.62969696969697,20.303030303030305
0.6750000000000003,89,62,1,0.022500000000000003,0.1,89.55725576117028,500.0,4.0,0.65469696969697,20.303030303030305
0.7,45,62,0,0.03,0.1,57.83254751532926,500.0,3.0,0.6796969696969697,20.303030303030305
0.7000000000000003,69,62,1,0.022500000000000003,0.1,70.74791914977195,500.0,4.0,0.67969696969697,20.303030303030305
0.7250000000000003,57,62,1,0.022500000000000003,0.1,58.771991121784644,500.0,4.0,0.70469696969697,20.303030303030305
0.7333333333333333,48,62,0,0.03,0.1,60.64827076500407,500.0,3.0,0.713030303030303,20.303030303030305
0.7500000000000003,50,62,1,0.022500000000000003,0.1,50.82681177023591,500.0,4.0,0.7296969696969701,20.303030303030305
0.7666666666666666,33,62,0,0.03,0.1,46.322417412350816,500.0,3.0,0.7463636363636363,20.303030303030305
0.7750000000000004,43,62,1,0.022500000000000003,0.1,44.5781153255273,500.0,4.0,0.7546969696969701,20.303030303030305
0.7999999999999999,41,62,0,0.03,0.1,54.77392584455825,500.0,3.0,0.7796969696969697,20.303030303030305
0.8000000000000004,60,62,1,0.022500000000000003,0.1,61.953250904325344,500.0,4.0,0.7796969696969701,20.303030303030305
0.8250000000000004,52,62,1,0.022500000000000003,0.1,52.739032845270685,500.0,4.0,0.8046969696969701,20.303030303030305
0.8333333333333333,48,62,0,0.03,0.1,61.064856861214714,500.0,3.0,0.813030303030303,20.303030303030305
0.8500000000000004,45,62,1,0.022500000000000003,0.1,46.34636438786232,500.0,4.0,0.8296969696969702,20.303030303030305
0.8666666666666666,36,62,0,0.03,0.1,48.950461656745894,500.0,3.0,0.8463636363636363,20.303030303030305
0.8750000000000004,53,62,1,0.022500000000000003,0.1,53.792900311271744,500.0,4.0,0.8546969696969702,20.303030303030305
0.8999999999999999,50,62,0,0.03,0.1,63.606700976118454,500.0,3.0,0.8796969696969696,20.303030303030305
0.9000000000000005,48,62,1,0.022500000000000003,0.1,49.61713916530181,500.0,4.0,0.8796969696969702,20.303030303030305
0.9250000000000005,76,62,1,0.022500000000000003,0.1,76.19655969669662,500.0,4.0,0.9046969696969702,20.303030303030305
0.9333333333333332,41,62,0,0.03,0.1,54.23386857677947,500.0,3.0,0.913030303030303,20.303030303030305
0.9500000000000005,67,62,1,0.022500000000000003,0.1,68.46374166671472,500.0,4.0,0.9296969696969702,20.303030303030305
0.9666666666666666,45,62,0,0.03,0.1,57.199740001984544,500.0,3.0,0.9463636363636363,20.303030303030305
0.9750000000000005,59,62,1,0.022500000000000003,0.1,59.92346264336047,500.0,4.0,0.9546969696969703,20.303030303030305
0.9999999999999999,41,62,0,0.03,0.1,54.22361652259779,500.0,3.0,0.9796969696969696,20.303030303030305
1.0000000000000004,74,62,1,0.022500000000000003,0.1,74.20746373334426,500.0,4.0,0.9796969696969702,20.303030303030305
1.0250000000000004,60,62,1,0.022500000000000003,0.1,60.742735753417136,500.0,4.0,1.00469696969697,20.303030303030305
1.0333333333333332,65,62,0,0.03,0.1,77.78187057128581,500.0,3.0,1.013030303030303,20.303030303030305
1.0500000000000003,50,62,1,0.022500000000000003,0.1,51.73167166724867,500.0,4.0,1.02969696969697,20.303030303030305
1.0666666666666667,47,62,0,0.03,0.1,59.87042664251583,500.0,3.0,1.0463636363636364,20.303030303030305
1.0750000000000002,74,62,1,0.022500000000000003,0.1,74.62199114178871,500.0,4.0,1.05469696969697,20.303030303030305
1.1,36,62,0,0.03,0.1,49.84597508202336,500.0,3.0,1.0796969696969698,20.303030303030305
1.1,65,62,1,0.022500000000000003,0.1,65.17353641937272,500.0,4.0,1.0796969696969698,20.303030303030305
1.125,50,62,1,0.022500000000000003,0.1,50.04243691846602,500.0,4.0,1.1046969696969697,20.303030303030305
1.1333333333333335,55,62,0,0.03,0.1,67.89643115619062,500.0,3.0,1.1130303030303033,20.303030303030305
1.15,57,62,1,0.022500000000000003,0.1,58.17274869039736,500.0,4.0,1.1296969696969696,20.303030303030305
1.166666666666667,36,62,0,0.03,0.1,48.279900960278184,500.0,3.0,1.1463636363636367,20.303030303030305
1.1749999999999998,50,62,1,0.022500000000000003,0.1,51.59406476750633,500.0,4.0,1.1546969696969696,20.303030303030305
1.1999999999999997,45,62,1,0.022500000000000003,0.1,46.72512258274237,500.0,4.0,1.1796969696969695,20.303030303030305
1.2249999999999996,67,62,1,0.022500000000000003,0.1,68.89130445630376,500.0,4.0,1.2046969696969694,20.303030303030305
1.2333333333333338,29,62,0,0.03,0.1,41.18716681075415,500.0,3.0,1.2130303030303036,20.303030303030305
1.2499999999999996,77,62,1,0.022500000000000003,0.1,78.33039974851326,500.0,4.0,1.2296969696969693,20.303030303030305
1.2666666666666673,35,62,0,0.03,0.1,47.249413930575066,500.0,3.0,1.246363636363637,20.303030303030305
1.2749999999999995,45,62,1,0.022500000000000003,0.1,46.573751291336244,500.0,4.0,1.2546969696969692,20.303030303030305
1.2999999999999994,65,62,1,0.022500000000000003,0.1,65.40450467222948,500.0,4.0,1.2796969696969691,20.303030303030305
1.3000000000000007,48,62,0,0.03,0.1,61.889867864343586,500.0,3.0,1.2796969696969704,20.303030303030305
1.3249999999999993,53,62,1,0.022500000000000003,0.1,53.75383133643046,500.0,4.0,1.304696969696969,20.303030303030305
1.3333333333333341,55,62,0,0.03,0.1,67.08927916795594,500.0,3.0,1.3130303030303039,20.303030303030305
1.3666666666666676,48,62,0,0.03,0.1,61.645135499423716,500.0,3.0,1.3463636363636373,20.303030303030305
1.3749999999999991,53,62,1,0.022500000000000003,0.1,54.31301832730686,500.0,4.0,1.3546969696969688,20.303030303030305
1.399999999999999,50,62,1,0.022500000000000003,0.1,51.70568861107377,500.0,4.0,1.3796969696969688,20.303030303030305
1.400000000000001,45,62,0,0.03,0.1,58.889776489072894,500.0,3.0,1.3796969696969708,20.303030303030305
1.424999999999999,60,62,1,0.022500000000000003,0.1,60.46580762827034,500.0,4.0,1.4046969696969687,20.303030303030305
1.4499999999999988,52,62,1,0.022500000000000003,0.1,52.02287888245404,500.0,4.0,1.4296969696969686,20.303030303030305
1.466666666666668,33,62,0,0.03,0.1,45.8061888924727,500.0,3.0,1.4463636363636376,20.303030303030305
1.4749999999999988,62,62,1,0.022500000000000003,0.1,62.596385527486454,500.0,4.0,1.4546969696969685,20.303030303030305
1.4999999999999987,59,62,1,0.022500000000000003,0.1,59.51771414928829,500.0,4.0,1.4796969696969684,20.303030303030305
1.5000000000000013,41,62,0,0.03,0.1,53.089495599410796,500.0,3.0,1.479696969696971,20.303030303030305
1.5249999999999986,57,62,1,0.022500000000000003,0.1,57.70609875008247,500.0,4.0,1.5046969696969683,20.303030303030305
1.5333333333333348,43,62,0,0.03,0.1,55.57786779878604,500.0,3.0,1.5130303030303045,20.303030303030305
1.5499999999999985,50,62,1,0.022500000000000003,0.1,51.28738884440066,500.0,4.0,1.5296969696969682,20.303030303030305
1.5749999999999984,53,62,1,0.022500000000000003,0.1,54.462995226544,500.0,4.0,1.5546969696969681,20.303030303030305
1.5999999999999983,67,62,1,0.022500000000000003,0.1,67.25175576792726,500.0,4.0,1.579696969696968,20.303030303030305
1.6000000000000016,50,62,0,0.03,0.1,63.29873557985723,500.0,3.0,1.5796969696969714,20.303030303030305
1.6249999999999982,64,62,1,0.022500000000000003,0.1,64.80880500119406,500.0,4.0,1.604696969696968,20.303030303030305
1.633333333333335,31,62,0,0.03,0.1,43.07481450851775,500.0,3.0,1.6130303030303048,20.303030303030305
1.6499999999999981,50,62,1,0.022500000000000003,0.1,50.61546964993391,500.0,4.0,1.6296969696969679,20.303030303030305
1.674999999999998,60,62,1,0.022500000000000003,0.1,60.95359013212057,500.0,4.0,1.6546969696969678,20.303030303030305
1.699999999999998,67,62,1,0.022500000000000003,0.1,67.21331638436918,500.0,4.0,1.6796969696969677,20.303030303030305
1.700000000000002,43,62,0,0.03,0.1,56.30321010800336,500.0,3.0,1.6796969696969717,20.303030303030305
1.7333333333333354,41,62,0,0.03,0.1,53.501548797062796,500.0,3.0,1.7130303030303051,20.303030303030305
1.7499999999999978,65,62,1,0.022500000000000003,0.1,65.21625784684738,500.0,4.0,1.7296969696969675,20.303030303030305
1.7666666666666688,53,62,0,0.03,0.1,65.87209237287233,500.0,3.0,1.7463636363636386,20.303030303030305
1.7999999999999976,65,62,1,0.022500000000000003,0.1,65.47774721849433,500.0,4.0,1.7796969696969673,20.303030303030305
1.8000000000000023,57,62,0,0.03,0.1,69.89759541596113,500.0,3.0,1.779696969696972,20.303030303030305
1.8249999999999975,52,62,1,0.022500000000000003,0.1,52.672712097191834,500.0,4.0,1.8046969696969672,20.303030303030305
1.8333333333333357,55,62,0,0.03,0.1,68.94028914351551,500.0,3.0,1.8130303030303054,20.303030303030305
1.8499999999999974,41,62,1,0.022500000000000003,0.1,42.673131833620616,500.0,4.0,1.8296969696969672,20.303030303030305
1.8666666666666691,38,62,0,0.03,0.1,51.94351177706267,500.0,3.0,1.8463636363636389,20.303030303030305
1.8749999999999973,43,62,1,0.022500000000000003,0.1,44.37559259632164,500.0,4.0,1.854696969696967,20.303030303030305
1.8999999999999972,60,62,1,0.022500000000000003,0.1,60.46161548794927,500.0,4.0,1.879696969696967,20.303030303030305
1.9000000000000026,45,62,0,0.03,0.1,57.03156119182834,500.0,3.0,1.8796969696969723,20.303030303030305
1.9249999999999972,62,62,1,0.022500000000000003,0.1,62.49333601652623,500.0,4.0,1.904696969696967,20.303030303030305
1.933333333333336,50,62,0,0.03,0.1,63.180128941474216,500.0,3.0,1.9130303030303057,20.303030303030305
1.9666666666666694,57,62,0,0.03,0.1,69.36523322037465,500.0,3.0,1.9463636363636392,20.303030303030305
1.974999999999997,65,62,1,0.022500000000000003,0.1,66.1304876042628,500.0,4.0,1.9546969696969667,20.303030303030305
1.999999999999997,43,62,1,0.022500000000000003,0.1,44.04940740221798,500.0,4.0,1.9796969696969666,20.303030303030305
2.024999999999997,59,62,1,0.022500000000000003,0.1,59.36563393298576,500.0,4.0,2.0046969696969663,20.303030303030305
2.033333333333336,45,62,0,0.03,0.1,58.21767382402736,500.0,3.0,2.0130303030303054,20.303030303030305
2.0499999999999967,48,62,1,0.022500000000000003,0.1,48.37424448228042,500.0,4.0,2.0296969696969662,20.303030303030305
2.066666666666669,36,62,0,0.03,0.1,49.37918424954213,500.0,3.0,2.0463636363636386,20.303030303030305
2.0749999999999966,53,62,1,0.022500000000000003,0.1,53.74237336509927,500.0,4.0,2.054696969696966,20.303030303030305
2.0999999999999965,60,62,1,0.022500000000000003,0.1,60.45502724463758,500.0,4.0,2.079696969696966,20.303030303030305
2.1249999999999964,50,62,1,0.022500000000000003,0.1,51.740031693274055,500.0,4.0,2.104696969696966,20.303030303030305
2.1333333333333355,55,62,0,0.03,0.1,67.8002478949843,500.0,3.0,2.113030303030305,20.303030303030305
2.1666666666666687,60,62,0,0.03,0.1,73.0199042742799,500.0,3.0,2.1463636363636382,20.303030303030305
2.1749999999999963,69,62,1,0.022500000000000003,0.1,69.66041096845863,500.0,4.0,2.154696969696966,20.303030303030305
2.199999999999996,53,62,1,0.022500000000000003,0.1,54.46183805257777,500.0,4.0,2.1796969696969657,20.303030303030305
2.200000000000002,47,62,0,0.03,0.1,59.30870283282879,500.0,3.0,2.1796969696969715,20.303030303030305
2.224999999999996,67,62,1,0.022500000000000003,0.1,68.02264427582536,500.0,4.0,2.2046969696969656,20.303030303030305
2.233333333333335,57,62,0,0.03,0.1,69.63391581976343,500.0,3.0,2.2130303030303047,20.303030303030305
2.249999999999996,48,62,1,0.022500000000000003,0.1,49.15481419528686,500.0,4.0,2.2296969696969655,20.303030303030305
2.2666666666666684,50,62,0,0.03,0.1,63.47170584045729,500.0,3.0,2.246363636363638,20.303030303030305
2.274999999999996,65,62,1,0.022500000000000003,0.1,65.08612010798672,500.0,4.0,2.2546969696969654,20.303030303030305
2.299999999999996,72,62,1,0.022500000000000003,0.1,73.83905875831584,500.0,4.0,2.2796969696969653,20.303030303030305
2.3000000000000016,41,62,0,0.03,0.1,53.80685035579081,500.0,3.0,2.279696969696971,20.303030303030305
2.3249999999999957,36,62,1,0.022500000000000003,0.1,36.272212798778014,500.0,4.0,2.3046969696969652,20.303030303030305
2.333333333333335,50,62,0,0.03,0.1,63.46939781288077,500.0,3.0,2.3130303030303043,20.303030303030305
2.3499999999999956,52,62,1,0.022500000000000003,0.1,52.34980554748342,500.0,4.0,2.329696969696965,20.303030303030305
2.366666666666668,62,62,0,0.03,0.1,74.7651510380733,500.0,3.0,2.3463636363636375,20.303030303030305
2.3749999999999956,65,62,1,0.022500000000000003,0.1,65.53989242093319,500.0,4.0,2.354696969696965,20.303030303030305
2.3999999999999955,57,62,1,0.022500000000000003,0.1,58.05076429398727,500.0,4.0,2.379696969696965,20.303030303030305
2.4000000000000012,47,62,0,0.03,0.1,59.65607002454446,500.0,3.0,2.3796969696969708,20.303030303030305
2.4249999999999954,62,62,1,0.022500000000000003,0.1,63.563000384364564,500.0,4.0,2.404696969696965,20.303030303030305
2.4499999999999953,53,62,1,0.022500000000000003,0.1,54.20174220752812,500.0,4.0,2.429696969696965,20.303030303030305
2.4666666666666677,21,62,0,0.03,0.1,34.850447000738455,500.0,3.0,2.446363636363637,20.303030303030305
2.474999999999995,60,62,1,0.022500000000000003,0.1,60.83126195973984,500.0,4.0,2.4546969696969647,20.303030303030305
2.499999999999995,57,62,1,0.022500000000000003,0.1,58.50549854023604,500.0,4.0,2.4796969696969646,20.303030303030305
2.500000000000001,55,62,0,0.03,0.1,67.89026404200214,500.0,3.0,2.4796969696969704,20.303030303030305
2.524999999999995,71,62,1,0.022500000000000003,0.1,71.21070779193415,500.0,4.0,2.5046969696969645,20.303030303030305
2.533333333333334,48,62,0,0.03,0.1,60.83565185508645,500.0,3.0,2.5130303030303036,20.303030303030305
2.549999999999995,62,62,1,0.022500000000000003,0.1,62.442440095691644,500.0,4.0,2.5296969696969644,20.303030303030305
2.5666666666666673,45,62,0,0.03,0.1,57.12952943552767,500.0,3.0,2.546363636363637,20.303030303030305
2.5999999999999948,55,62,1,0.022500000000000003,0.1,56.045981125224316,500.0,4.0,2.5796969696969643,20.303030303030305
2.6000000000000005,48,62,0,0.03,0.1,60.880903454740825,500.0,3.0,2.57969696969697,20.303030303030305
2.6333333333333337,28,62,0,0.03,0.1,40.919338419831426,500.0,3.0,2.6130303030303033,20.303030303030305
2.6499999999999946,55,62,1,0.022500000000000003,0.1,55.847441396931636,500.0,4.0,2.629696969696964,20.303030303030305
2.666666666666667,45,62,0,0.03,0.1,57.89114987675988,500.0,3.0,2.6463636363636365,20.303030303030305
2.6749999999999945,62,62,1,0.022500000000000003,0.1,63.786740566831654,500.0,4.0,2.654696969696964,20.303030303030305
2.6999999999999944,55,62,1,0.022500000000000003,0.1,55.95854898412547,500.0,4.0,2.679696969696964,20.303030303030305
2.7,50,62,0,0.03,0.1,63.428280686512764,500.0,3.0,2.6796969696969697,20.303030303030305
2.7249999999999943,62,62,1,0.022500000000000003,0.1,62.78183862620556,500.0,4.0,2.704696969696964,20.303030303030305
2.7499999999999942,79,62,1,0.022500000000000003,0.1,79.92384766699621,500.0,4.0,2.7296969696969637,20.303030303030305
2.7666666666666666,43,62,0,0.03,0.1,55.02460590457299,500.0,3.0,2.746363636363636,20.303030303030305
2.774999999999994,67,62,1,0.022500000000000003,0.1,68.36279715294425,500.0,4.0,2.7546969696969636,20.303030303030305
2.799999999999994,55,62,1,0.022500000000000003,0.1,56.87017409118872,500.0,4.0,2.7796969696969636,20.303030303030305
2.8,40,62,0,0.03,0.1,52.2384614122254,500.0,3.0,2.7796969696969693,20.303030303030305
2.824999999999994,71,62,1,0.022500000000000003,0.1,71.53165365277387,500.0,4.0,2.8046969696969635,20.303030303030305
2.833333333333333,43,62,0,0.03,0.1,55.18313238158845,500.0,3.0,2.8130303030303025,20.303030303030305
2.849999999999994,55,62,1,0.022500000000000003,0.1,56.0824764189931,500.0,4.0,2.8296969696969634,20.303030303030305
2.874999999999994,40,62,1,0.022500000000000003,0.1,40.4340044622926,500.0,4.0,2.8546969696969633,20.303030303030305
2.8999999999999937,50,62,1,0.022500000000000003,0.1,50.32237141519292,500.0,4.0,2.879696969696963,20.303030303030305
2.9249999999999936,41,62,1,0.022500000000000003,0.1,42.04039755815178,500.0,4.0,2.904696969696963,20.303030303030305
2.9499999999999935,55,62,1,0.022500000000000003,0.1,56.625470553203435,500.0,4.0,2.929696969696963,20.303030303030305
2.966666666666666,52,62,0,0.03,0.1,64.92736735788822,500.0,3.0,2.9463636363636354,20.303030303030305
2.9749999999999934,60,62,1,0.022500000000000003,0.1,60.176816440219696,500.0,4.0,2.954696969696963,20.303030303030305
2.9999999999999933,76,62,1,0.022500000000000003,0.1,76.09379819784272,500.0,4.0,2.979696969696963,20.303030303030305
2.999999999999999,48,62,0,0.03,0.1,60.93194447374119,500.0,3.0,2.9796969696969686,20.303030303030305
3.0249999999999932,62,62,1,0.022500000000000003,0.1,63.13850278813596,500.0,4.0,3.0046969696969628,20.303030303030305
3.0333333333333323,57,62,0,0.03,0.1,69.29899190911574,500.0,3.0,3.013030303030302,20.303030303030305
3.0666666666666655,41,62,0,0.03,0.1,53.26029029877742,500.0,3.0,3.046363636363635,20.303030303030305
3.074999999999993,67,62,1,0.022500000000000003,0.1,67.9622935793615,500.0,4.0,3.0546969696969626,20.303030303030305
3.099999999999993,38,62,1,0.022500000000000003,0.1,38.7731010335243,500.0,4.0,3.0796969696969625,20.303030303030305
3.0999999999999988,43,62,0,0.03,0.1,56.85444339266142,500.0,3.0,3.0796969696969683,20.303030303030305
3.124999999999993,62,62,1,0.022500000000000003,0.1,62.26189975784224,500.0,4.0,3.1046969696969624,20.303030303030305
3.149999999999993,67,62,1,0.022500000000000003,0.1,67.40030586131488,500.0,4.0,3.1296969696969623,20.303030303030305
3.166666666666665,33,62,0,0.03,0.1,45.95025649793166,500.0,3.0,3.1463636363636347,20.303030303030305
3.1749999999999927,45,62,1,0.022500000000000003,0.1,45.80557204051352,500.0,4.0,3.1546969696969622,20.303030303030305
3.1999999999999926,69,62,1,0.022500000000000003,0.1,70.98003881478652,500.0,4.0,3.179696969696962,20.303030303030305
3.1999999999999984,50,62,0,0.03,0.1,62.84275465981993,500.0,3.0,3.179696969696968,20.303030303030305
3.2249999999999925,62,62,1,0.022500000000000003,0.1,63.24956551194638,500.0,4.0,3.204696969696962,20.303030303030305
3.2499999999999925,55,62,1,0.022500000000000003,0.1,56.013236026552306,500.0,4.0,3.229696969696962,20.303030303030305
3.266666666666665,48,62,0,0.03,0.1,60.04908918376763,500.0,3.0,3.2463636363636343,20.303030303030305
3.2749999999999924,65,62,1,0.022500000000000003,0.1,66.07470591462034,500.0,4.0,3.254696969696962,20.303030303030305
3.2999999999999923,81,62,1,0.022500000000000003,0.1,81.7986514349222,500.0,4.0,3.279696969696962,20.303030303030305
3.299999999999998,45,62,0,0.03,0.1,57.74796351959859,500.0,3.0,3.2796969696969676,20.303030303030305
3.324999999999992,60,62,1,0.022500000000000003,0.1,61.745916048561554,500.0,4.0,3.3046969696969617,20.303030303030305
3.3333333333333313,33,62,0,0.03,0.1,46.41244087631602,500.0,3.0,3.3130303030303008,20.303030303030305
3.349999999999992,62,62,1,0.022500000000000003,0.1,62.38291762848323,500.0,4.0,3.3296969696969616,20.303030303030305
3.3666666666666645,43,62,0,0.03,0.1,55.96180490145255,500.0,3.0,3.346363636363634,20.303030303030305
3.374999999999992,55,62,1,0.022500000000000003,0.1,55.590135364413655,500.0,4.0,3.3546969696969615,20.303030303030305
3.399999999999992,50,62,1,0.022500000000000003,0.1,51.841494053138,500.0,4.0,3.3796969696969614,20.303030303030305
3.424999999999992,67,62,1,0.022500000000000003,0.1,67.97122383882476,500.0,4.0,3.4046969696969613,20.303030303030305
3.433333333333331,40,62,0,0.03,0.1,52.298138215472456,500.0,3.0,3.4130303030303004,20.303030303030305
3.4499999999999917,50,62,1,0.022500000000000003,0.1,51.781595271274874,500.0,4.0,3.4296969696969613,20.303030303030305
3.466666666666664,45,62,0,0.03,0.1,58.451657168006314,500.0,3.0,3.4463636363636336,20.303030303030305
3.4749999999999917,60,62,1,0.022500000000000003,0.1,60.687035877306165,500.0,4.0,3.454696969696961,20.303030303030305
3.4999999999999916,55,62,1,0.022500000000000003,0.1,55.41448851105488,500.0,4.0,3.479696969696961,20.303030303030305
3.4999999999999973,50,62,0,0.03,0.1,63.87888822541957,500.0,3.0,3.479696969696967,20.303030303030305
3.5249999999999915,64,62,1,0.022500000000000003,0.1,64.59820632716536,500.0,4.0,3.504696969696961,20.303030303030305
3.5333333333333306,65,62,0,0.03,0.1,78.10738465162109,500.0,3.0,3.5130303030303,20.303030303030305
3.5499999999999914,62,62,1,0.022500000000000003,0.1,63.203156210754706,500.0,4.0,3.529696969696961,20.303030303030305
3.5666666666666638,48,62,0,0.03,0.1,61.675947003185655,500.0,3.0,3.5463636363636333,20.303030303030305
3.5749999999999913,69,62,1,0.022500000000000003,0.1,69.96038346487583,500.0,4.0,3.554696969696961,20.303030303030305
3.599999999999991,55,62,1,0.022500000000000003,0.1,55.10384257099443,500.0,4.0,3.5796969696969607,20.303030303030305
3.599999999999997,50,62,0,0.03,0.1,62.47248375093854,500.0,3.0,3.5796969696969665,20.303030303030305
3.624999999999991,57,62,1,0.022500000000000003,0.1,57.409200621183636,500.0,4.0,3.6046969696969606,20.303030303030305
3.63333333333333,47,62,0,0.03,0.1,59.28531920864479,500.0,3.0,3.6130303030302997,20.303030303030305
3.649999999999991,50,62,1,0.022500000000000003,0.1,50.603868328489845,500.0,4.0,3.6296969696969605,20.303030303030305
3.6666666666666634,29,62,0,0.03,0.1,41.579796333129195,500.0,3.0,3.646363636363633,20.303030303030305
3.674999999999991,55,62,1,0.022500000000000003,0.1,55.73478470326933,500.0,4.0,3.6546969696969605,20.303030303030305
3.699999999999991,62,62,1,0.022500000000000003,0.1,63.62208473323058,500.0,4.0,3.6796969696969604,20.303030303030305
3.6999999999999966,47,62,0,0.03,0.1,59.74546679568752,500.0,3.0,3.679696969696966,20.303030303030305
3.7249999999999908,67,62,1,0.022500000000000003,0.1,67.26709071979538,500.0,4.0,3.7046969696969603,20.303030303030305
3.73333333333333,48,62,0,0.03,0.1,60.578210015433854,500.0,3.0,3.7130303030302994,20.303030303030305
3.7499999999999907,50,62,1,0.022500000000000003,0.1,51.147212887894796,500.0,4.0,3.72969696969696,20.303030303030305
3.766666666666663,71,62,0,0.03,0.1,83.64712427985876,500.0,3.0,3.7463636363636326,20.303030303030305
3.7749999999999906,67,62,1,0.022500000000000003,0.1,68.34821683301433,500.0,4.0,3.75469696969696,20.303030303030305
3.7999999999999905,72,62,1,0.022500000000000003,0.1,73.01412344452753,500.0,4.0,3.77969696969696,20.303030303030305
3.7999999999999963,45,62,0,0.03,0.1,58.15333473810122,500.0,3.0,3.779696969696966,20.303030303030305
3.8249999999999904,62,62,1,0.022500000000000003,0.1,63.96897507094753,500.0,4.0,3.80469696969696,20.303030303030305
3.8333333333333295,50,62,0,0.03,0.1,62.89485448640268,500.0,3.0,3.813030303030299,20.303030303030305
3.8499999999999903,77,62,1,0.022500000000000003,0.1,78.01723980055743,500.0,4.0,3.82969696969696,20.303030303030305
3.8666666666666627,47,62,0,0.03,0.1,59.666767010829666,500.0,3.0,3.846363636363632,20.303030303030305
3.8749999999999902,52,62,1,0.022500000000000003,0.1,52.5716236886057,500.0,4.0,3.8546969696969597,20.303030303030305
3.89999999999999,48,62,1,0.022500000000000003,0.1,48.051314848210396,500.0,4.0,3.8796969696969597,20.303030303030305
3.899999999999996,36,62,0,0.03,0.1,48.78069083885249,500.0,3.0,3.8796969696969654,20.303030303030305
3.92499999999999,41,62,1,0.022500000000000003,0.1,42.92428561051892,500.0,4.0,3.9046969696969596,20.303030303030305
3.933333333333329,57,62,0,0.03,0.1,70.9710990193442,500.0,3.0,3.9130303030302986,20.303030303030305
3.94999999999999,74,62,1,0.022500000000000003,0.1,74.36202539029615,500.0,4.0,3.9296969696969595,20.303030303030305
3.9666666666666623,55,62,0,0.03,0.1,67.21855711379303,500.0,3.0,3.946363636363632,20.303030303030305
3.97499999999999,65,62,1,0.022500000000000003,0.1,66.28191030099896,500.0,4.0,3.9546969696969594,20.303030303030305
3.99999999999999,59,62,1,0.022500000000000003,0.1,59.46638715925963,500.0,4.0,3.9796969696969593,20.303030303030305
4.02499999999999,62,62,1,0.022500000000000003,0.1,62.68769881267028,500.0,4.0,4.004696969696959,20.303030303030305
4.033333333333329,38,62,0,0.03,0.1,51.269880433970506,500.0,3.0,4.013030303030298,20.303030303030305
4.04999999999999,48,62,1,0.022500000000000003,0.1,49.195305145935585,500.0,4.0,4.02969696969696,20.303030303030305
4.066666666666662,60,62,0,0.03,0.1,73.46682538498655,500.0,3.0,4.0463636363636315,20.303030303030305
4.07499999999999,83,62,1,0.022500000000000003,0.1,83.47921900432154,500.0,4.0,4.05469696969696,20.303030303030305
4.099999999999995,33,62,0,0.03,0.1,46.5422297971941,500.0,3.0,4.079696969696965,20.303030303030305
4.124999999999991,60,62,1,0.022500000000000003,0.1,61.05019002820697,500.0,4.0,4.104696969696961,20.303030303030305
4.133333333333328,53,62,0,0.03,0.1,65.63382810048259,500.0,3.0,4.113030303030298,20.303030303030305
4.1499999999999915,65,62,1,0.022500000000000003,0.1,66.96735958942745,500.0,4.0,4.129696969696961,20.303030303030305
4.166666666666662,69,62,0,0.03,0.1,81.0283740077758,500.0,3.0,4.146363636363631,20.303030303030305
4.174999999999992,64,62,1,0.022500000000000003,0.1,64.61768862467245,500.0,4.0,4.154696969696961,20.303030303030305
4.199999999999992,62,62,1,0.022500000000000003,0.1,62.14928663307966,500.0,4.0,4.179696969696962,20.303030303030305
4.199999999999995,38,62,0,0.03,0.1,50.49085127874539,500.0,3.0,4.179696969696964,20.303030303030305
4.2249999999999925,52,62,1,0.022500000000000003,0.1,52.411445227725004,500.0,4.0,4.204696969696962,20.303030303030305
4.233333333333328,41,62,0,0.03,0.1,54.563541795813386,500.0,3.0,4.213030303030298,20.303030303030305
4.249999999999993,64,62,1,0.022500000000000003,0.1,64.52609622850557,500.0,4.0,4.229696969696962,20.303030303030305
4.266666666666661,48,62,0,0.03,0.1,60.95665310484136,500.0,3.0,4.246363636363631,20.303030303030305
4.274999999999993,77,62,1,0.022500000000000003,0.1,78.06743516616032,500.0,4.0,4.254696969696963,20.303030303030305
4.299999999999994,72,62,1,0.022500000000000003,0.1,72.91603244308779,500.0,4.0,4.279696969696963,20.303030303030305
4.2999999999999945,43,62,0,0.03,0.1,55.166633720484484,500.0,3.0,4.279696969696964,20.303030303030305
4.324999999999994,74,62,1,0.022500000000000003,0.1,75.29459161573821,500.0,4.0,4.3046969696969635,20.303030303030305
4.333333333333328,33,62,0,0.03,0.1,45.113631061765126,500.0,3.0,4.313030303030297,20.303030303030305
4.349999999999994,55,62,1,0.022500000000000003,0.1,55.092329506260626,500.0,4.0,4.329696969696964,20.303030303030305
4.366666666666661,48,62,0,0.03,0.1,60.65820455813786,500.0,3.0,4.34636363636363,20.303030303030305
4.374999999999995,50,62,1,0.022500000000000003,0.1,50.49979372551762,500.0,4.0,4.354696969696964,20.303030303030305
4.399999999999994,36,62,0,0.03,0.1,49.80188434822939,500.0,3.0,4.379696969696964,20.303030303030305
4.399999999999995,57,62,1,0.022500000000000003,0.1,58.79244556704338,500.0,4.0,4.3796969696969645,20.303030303030305
4.424999999999995,60,62,1,0.022500000000000003,0.1,60.53495915797147,500.0,4.0,4.404696969696965,20.303030303030305
4.433333333333327,52,62,0,0.03,0.1,64.54648733409775,500.0,3.0,4.413030303030297,20.303030303030305
4.449999999999996,69,62,1,0.022500000000000003,0.1,70.5042385773211,500.0,4.0,4.429696969696965,20.303030303030305
4.466666666666661,38,62,0,0.03,0.1,51.17352735135549,500.0,3.0,4.44636363636363,20.303030303030305
4.474999999999996,43,62,1,0.022500000000000003,0.1,43.75233955473773,500.0,4.0,4.454696969696966,20.303030303030305
4.499999999999994,62,62,0,0.03,0.1,74.87937028816839,500.0,3.0,4.479696969696963,20.303030303030305
4.4999999999999964,74,62,1,0.022500000000000003,0.1,74.6836830668219,500.0,4.0,4.479696969696966,20.303030303030305
4.524999999999997,57,62,1,0.022500000000000003,0.1,58.4831241736417,500.0,4.0,4.504696969696966,20.303030303030305
4.533333333333327,40,62,0,0.03,0.1,52.48076839357212,500.0,3.0,4.5130303030302965,20.303030303030305
4.549999999999997,55,62,1,0.022500000000000003,0.1,55.90194172850477,500.0,4.0,4.529696969696967,20.303030303030305
4.56666666666666,43,62,0,0.03,0.1,56.908209444425516,500.0,3.0,4.54636363636363,20.303030303030305
4.5749999999999975,50,62,1,0.022500000000000003,0.1,50.28379799750239,500.0,4.0,4.554696969696967,20.303030303030305
4.599999999999993,55,62,0,0.03,0.1,67.80976528674883,500.0,3.0,4.579696969696963,20.303030303030305
4.624999999999998,67,62,1,0.022500000000000003,0.1,67.90243760603438,500.0,4.0,4.604696969696968,20.303030303030305
4.633333333333327,36,62,0,0.03,0.1,48.18370256223403,500.0,3.0,4.613030303030296,20.303030303030305
4.649999999999999,60,62,1,0.022500000000000003,0.1,60.703852485008674,500.0,4.0,4.629696969696968,20.303030303030305
4.66666666666666,50,62,0,0.03,0.1,62.18361537219964,500.0,3.0,4.646363636363629,20.303030303030305
4.674999999999999,47,62,1,0.022500000000000003,0.1,47.61637536248588,500.0,4.0,4.6546969696969684,20.303030303030305
4.699999999999993,60,62,0,0.03,0.1,72.54857044111131,500.0,3.0,4.679696969696963,20.303030303030305
4.725,55,62,1,0.022500000000000003,0.1,56.77646688681477,500.0,4.0,4.704696969696969,20.303030303030305
4.733333333333326,31,62,0,0.03,0.1,44.56816094821221,500.0,3.0,4.713030303030296,20.303030303030305
4.75,76,62,1,0.022500000000000003,0.1,76.02260664277817,500.0,4.0,4.7296969696969695,20.303030303030305
4.7666666666666595,48,62,0,0.03,0.1,61.77248504191012,500.0,3.0,4.746363636363629,20.303030303030305
4.775,57,62,1,0.022500000000000003,0.1,57.507923026909396,500.0,4.0,4.75469696969697,20.303030303030305
4.799999999999993,50,62,0,0.03,0.1,62.494874824784866,500.0,3.0,4.779696969696962,20.303030303030305
4.800000000000001,45,62,1,0.022500000000000003,0.1,45.56982765006618,500.0,4.0,4.77969696969697,20.303030303030305
4.825000000000001,57,62,1,0.022500000000000003,0.1,57.64086658477493,500.0,4.0,4.804696969696971,20.303030303030305
4.833333333333326,55,62,0,0.03,0.1,67.50549956906218,500.0,3.0,4.813030303030295,20.303030303030305
4.866666666666659,36,62,0,0.03,0.1,48.12527317557041,500.0,3.0,4.846363636363629,20.303030303030305
4.875000000000002,33,62,1,0.022500000000000003,0.1,34.109888227760905,500.0,4.0,4.854696969696971,20.303030303030305
4.899999999999992,35,62,0,0.03,0.1,47.32361651439095,500.0,3.0,4.879696969696962,20.303030303030305
4.900000000000002,59,62,1,0.022500000000000003,0.1,59.478769281429,500.0,4.0,4.879696969696972,20.303030303030305
4.9250000000000025,57,62,1,0.022500000000000003,0.1,57.78302850999669,500.0,4.0,4.904696969696972,20.303030303030305
4.933333333333326,53,62,0,0.03,0.1,65.01063902992222,500.0,3.0,4.913030303030295,20.303030303030305
4.950000000000003,65,62,1,0.022500000000000003,0.1,66.68358110220882,500.0,4.0,4.929696969696972,20.303030303030305
4.966666666666659,50,62,0,0.03,0.1,62.85105286303859,500.0,3.0,4.946363636363628,20.303030303030305
4.975000000000003,77,62,1,0.022500000000000003,0.1,77.74997851147532,500.0,4.0,4.954696969696973,20.303030303030305
5.0000000000000036,69,62,1,0.022500000000000003,0.1,70.81502428365847,500.0,4.0,4.979696969696973,20.303030303030305
5.025000000000004,57,62,1,0.022500000000000003,0.1,57.418668570673624,500.0,4.0,5.004696969696973,20.303030303030305
5.033333333333325,50,62,0,0.03,0.1,63.32590281117097,500.0,3.0,5.013030303030295,20.303030303030305
5.050000000000004,48,62,1,0.022500000000000003,0.1,49.37735127607996,500.0,4.0,5.029696969696974,20.303030303030305
5.066666666666658,41,62,0,0.03,0.1,53.47176267284649,500.0,3.0,5.046363636363628,20.303030303030305
5.075000000000005,84,62,1,0.022500000000000003,0.1,84.70425411119867,500.0,4.0,5.054696969696974,20.303030303030305
5.099999999999992,50,62,0,0.03,0.1,62.229635492745636,500.0,3.0,5.079696969696961,20.303030303030305
5.100000000000005,60,62,1,0.022500000000000003,0.1,60.56849696653909,500.0,4.0,5.0796969696969745,20.303030303030305
5.150000000000006,59,62,1,0.022500000000000003,0.1,59.76839916374397,500.0,4.0,5.129696969696975,20.303030303030305
5.166666666666658,41,62,0,0.03,0.1,53.14222638694687,500.0,3.0,5.146363636363628,20.303030303030305
5.175000000000006,60,62,1,0.022500000000000003,0.1,61.90161370337141,500.0,4.0,5.1546969696969756,20.303030303030305
5.199999999999991,65,62,0,0.03,0.1,77.91143530698966,500.0,3.0,5.179696969696961,20.303030303030305
5.200000000000006,57,62,1,0.022500000000000003,0.1,58.61414004553015,500.0,4.0,5.179696969696976,20.303030303030305
5.225000000000007,53,62,1,0.022500000000000003,0.1,54.49284473394973,500.0,4.0,5.204696969696976,20.303030303030305
5.2333333333333245,52,62,0,0.03,0.1,64.54879604075316,500.0,3.0,5.213030303030294,20.303030303030305
5.266666666666658,36,62,0,0.03,0.1,48.563486426854574,500.0,3.0,5.246363636363627,20.303030303030305
5.2750000000000075,59,62,1,0.022500000000000003,0.1,59.68556860592641,500.0,4.0,5.254696969696977,20.303030303030305
5.299999999999991,53,62,0,0.03,0.1,66.30291464288477,500.0,3.0,5.2796969696969605,20.303030303030305
5.333333333333324,38,62,0,0.03,0.1,50.64305596581771,500.0,3.0,5.313030303030294,20.303030303030305
5.3500000000000085,60,62,1,0.022500000000000003,0.1,61.02173018584221,500.0,4.0,5.329696969696978,20.303030303030305
5.366666666666657,55,62,0,0.03,0.1,67.55601219592754,500.0,3.0,5.346363636363627,20.303030303030305
5.375000000000009,57,62,1,0.022500000000000003,0.1,57.55221871275979,500.0,4.0,5.354696969696978,20.303030303030305
5.399999999999991,59,62,0,0.03,0.1,71.12251755847109,500.0,3.0,5.37969696969696,20.303030303030305
5.400000000000009,74,62,1,0.022500000000000003,0.1,74.4383326903938,500.0,4.0,5.379696969696979,20.303030303030305
5.42500000000001,33,62,1,0.022500000000000003,0.1,34.55068983942708,500.0,4.0,5.404696969696979,20.303030303030305
5.433333333333324,40,62,0,0.03,0.1,52.121449743823575,500.0,3.0,5.413030303030293,20.303030303030305
5.45000000000001,69,62,1,0.022500000000000003,0.1,70.47846577845563,500.0,4.0,5.4296969696969795,20.303030303030305
5.466666666666657,57,62,0,0.03,0.1,69.24841084074549,500.0,3.0,5.4463636363636265,20.303030303030305
5.47500000000001,71,62,1,0.022500000000000003,0.1,71.96241784797724,500.0,4.0,5.45469696969698,20.303030303030305
5.49999999999999,50,62,0,0.03,0.1,63.96269689859039,500.0,3.0,5.47969696969696,20.303030303030305
5.500000000000011,40,62,1,0.022500000000000003,0.1,40.09545376888176,500.0,4.0,5.47969696969698,20.303030303030305
5.525000000000011,55,62,1,0.022500000000000003,0.1,56.71019909682865,500.0,4.0,5.5046969696969805,20.303030303030305
5.566666666666657,65,62,0,0.03,0.1,78.2092126334779,500.0,3.0,5.546363636363626,20.303030303030305
5.575000000000012,45,62,1,0.022500000000000003,0.1,46.48788773070891,500.0,4.0,5.554696969696981,20.303030303030305
5.600000000000012,52,62,1,0.022500000000000003,0.1,52.532959799127596,500.0,4.0,5.579696969696982,20.303030303030305
5.625000000000012,48,62,1,0.022500000000000003,0.1,49.338471883528044,500.0,4.0,5.604696969696982,20.303030303030305
5.633333333333323,40,62,0,0.03,0.1,52.7641328221681,500.0,3.0,5.613030303030293,20.303030303030305
5.650000000000013,76,62,1,0.022500000000000003,0.1,76.82179625686678,500.0,4.0,5.629696969696982,20.303030303030305
5.666666666666656,38,62,0,0.03,0.1,51.460661475594975,500.0,3.0,5.646363636363626,20.303030303030305
5.675000000000013,67,62,1,0.022500000000000003,0.1,68.98251257421563,500.0,4.0,5.654696969696983,20.303030303030305
5.6999999999999895,40,62,0,0.03,0.1,52.16822126433179,500.0,3.0,5.679696969696959,20.303030303030305
5.7000000000000135,72,62,1,0.022500000000000003,0.1,72.20692891194392,500.0,4.0,5.679696969696983,20.303030303030305
5.725000000000014,65,62,1,0.022500000000000003,0.1,66.92805181481506,500.0,4.0,5.704696969696983,20.303030303030305
5.733333333333323,47,62,0,0.03,0.1,59.2598235896246,500.0,3.0,5.713030303030292,20.303030303030305
5.750000000000014,48,62,1,0.022500000000000003,0.1,49.1611029963146,500.0,4.0,5.729696969696984,20.303030303030305
5.766666666666656,50,62,0,0.03,0.1,63.27505895823978,500.0,3.0,5.7463636363636255,20.303030303030305
5.775000000000015,53,62,1,0.022500000000000003,0.1,54.96460544371417,500.0,4.0,5.754696969696984,20.303030303030305
5.800000000000015,64,62,1,0.022500000000000003,0.1,64.69799578778802,500.0,4.0,5.779696969696984,20.303030303030305
5.825000000000015,48,62,1,0.022500000000000003,0.1,48.26757303463732,500.0,4.0,5.804696969696985,20.303030303030305
5.833333333333322,55,62,0,0.03,0.1,67.94095919074583,500.0,3.0,5.813030303030292,20.303030303030305
5.850000000000016,65,62,1,0.022500000000000003,0.1,66.84478492965492,500.0,4.0,5.829696969696985,20.303030303030305
5.875000000000016,57,62,1,0.022500000000000003,0.1,57.6928761776819,500.0,4.0,5.8546969696969855,20.303030303030305
5.899999999999989,60,62,0,0.03,0.1,73.95392714071025,500.0,3.0,5.879696969696958,20.303030303030305
5.900000000000016,55,62,1,0.022500000000000003,0.1,56.40172024752386,500.0,4.0,5.879696969696986,20.303030303030305
5.925000000000017,65,62,1,0.022500000000000003,0.1,66.82521569475352,500.0,4.0,5.904696969696986,20.303030303030305
5.933333333333322,45,62,0,0.03,0.1,57.459294400915624,500.0,3.0,5.9130303030302915,20.303030303030305
5.950000000000017,64,62,1,0.022500000000000003,0.1,64.26492779026599,500.0,4.0,5.929696969696987,20.303030303030305
5.966666666666655,74,62,0,0.03,0.1,86.11362399926034,500.0,3.0,5.946363636363625,20.303030303030305
5.975000000000017,55,62,1,0.022500000000000003,0.1,56.53472480813683,500.0,4.0,5.954696969696987,20.303030303030305
5.9999999999999885,53,62,0,0.03,0.1,66.00640653854406,500.0,3.0,5.979696969696958,20.303030303030305
6.000000000000018,71,62,1,0.022500000000000003,0.1,71.12956611229679,500.0,4.0,5.979696969696987,20.303030303030305
6.025000000000018,48,62,1,0.022500000000000003,0.1,49.621792055040984,500.0,4.0,6.004696969696988,20.303030303030305
6.033333333333322,38,62,0,0.03,0.1,51.771287458403684,500.0,3.0,6.013030303030291,20.303030303030305
6.0500000000000185,65,62,1,0.022500000000000003,0.1,65.91298182666493,500.0,4.0,6.029696969696988,20.303030303030305
6.066666666666655,36,62,0,0.03,0.1,49.71943201861332,500.0,3.0,6.046363636363624,20.303030303030305
6.099999999999988,52,62,0,0.03,0.1,64.63173518633458,500.0,3.0,6.079696969696958,20.303030303030305
6.100000000000019,57,62,1,0.022500000000000003,0.1,57.028354182585694,500.0,4.0,6.079696969696989,20.303030303030305
6.1250000000000195,62,62,1,0.022500000000000003,0.1,63.130877013524334,500.0,4.0,6.104696969696989,20.303030303030305
6.133333333333321,45,62,0,0.03,0.1,57.85475726087183,500.0,3.0,6.113030303030291,20.303030303030305
6.15000000000002,47,62,1,0.022500000000000003,0.1,47.98930966670109,500.0,4.0,6.129696969696989,20.303030303030305
6.1666666666666545,53,62,0,0.03,0.1,66.85440474328408,500.0,3.0,6.146363636363624,20.303030303030305
6.17500000000002,67,62,1,0.022500000000000003,0.1,68.87065938438624,500.0,4.0,6.15469696969699,20.303030303030305
6.199999999999988,52,62,0,0.03,0.1,64.54308119590603,500.0,3.0,6.179696969696957,20.303030303030305
6.200000000000021,57,62,1,0.022500000000000003,0.1,58.22493949014731,500.0,4.0,6.17969696969699,20.303030303030305
6.225000000000021,53,62,1,0.022500000000000003,0.1,54.98185900301722,500.0,4.0,6.2046969696969905,20.303030303030305
6.233333333333321,47,62,0,0.03,0.1,59.30084243849402,500.0,3.0,6.2130303030302905,20.303030303030305
6.250000000000021,69,62,1,0.022500000000000003,0.1,70.07048856803414,500.0,4.0,6.229696969696991,20.303030303030305
6.266666666666654,38,62,0,0.03,0.1,51.87078030654331,500.0,3.0,6.246363636363624,20.303030303030305
6.275000000000022,53,62,1,0.022500000000000003,0.1,53.23830057078951,500.0,4.0,6.254696969696991,20.303030303030305
6.299999999999987,33,62,0,0.03,0.1,45.4574666430157,500.0,3.0,6.279696969696957,20.303030303030305
6.300000000000022,45,62,1,0.022500000000000003,0.1,46.47877155490983,500.0,4.0,6.2796969696969915,20.303030303030305
6.333333333333321,43,62,0,0.03,0.1,55.7134564601566,500.0,3.0,6.31303030303029,20.303030303030305
6.350000000000023,65,62,1,0.022500000000000003,0.1,65.81769553291814,500.0,4.0,6.329696969696992,20.303030303030305
6.366666666666654,55,62,0,0.03,0.1,68.22142842550534,500.0,3.0,6.346363636363623,20.303030303030305
6.375000000000023,47,62,1,0.022500000000000003,0.1,47.70787821603568,500.0,4.0,6.354696969696993,20.303030303030305
6.399999999999987,50,62,0,0.03,0.1,62.055299943649956,500.0,3.0,6.3796969696969565,20.303030303030305
6.4000000000000234,76,62,1,0.022500000000000003,0.1,76.8460241470499,500.0,4.0,6.379696969696993,20.303030303030305
6.425000000000024,40,62,1,0.022500000000000003,0.1,40.013477684316264,500.0,4.0,6.404696969696993,20.303030303030305
6.43333333333332,36,62,0,0.03,0.1,48.040907724364914,500.0,3.0,6.41303030303029,20.303030303030305
6.450000000000024,76,62,1,0.022500000000000003,0.1,76.28598113558436,500.0,4.0,6.429696969696994,20.303030303030305
6.4666666666666535,48,62,0,0.03,0.1,61.662536888171346,500.0,3.0,6.446363636363623,20.303030303030305
6.4750000000000245,62,62,1,0.022500000000000003,0.1,62.02576768514514,500.0,4.0,6.454696969696994,20.303030303030305
6.499999999999987,50,62,0,0.03,0.1,63.699046845396836,500.0,3.0,6.479696969696956,20.303030303030305
6.500000000000025,59,62,1,0.022500000000000003,0.1,59.071554126044234,500.0,4.0,6.479696969696994,20.303030303030305
6.525000000000025,53,62,1,0.022500000000000003,0.1,54.76877676663408,500.0,4.0,6.504696969696995,20.303030303030305
6.53333333333332,38,62,0,0.03,0.1,51.51496861246912,500.0,3.0,6.513030303030289,20.303030303030305
6.550000000000026,62,62,1,0.022500000000000003,0.1,63.83170669777988,500.0,4.0,6.529696969696995,20.303030303030305
6.566666666666653,48,62,0,0.03,0.1,61.47576101707707,500.0,3.0,6.546363636363623,20.303030303030305
6.575000000000026,59,62,1,0.022500000000000003,0.1,59.638706856721456,500.0,4.0,6.5546969696969954,20.303030303030305
6.600000000000026,69,62,1,0.022500000000000003,0.1,70.5916980673586,500.0,4.0,6.579696969696996,20.303030303030305
6.625000000000027,60,62,1,0.022500000000000003,0.1,61.09658542715558,500.0,4.0,6.604696969696996,20.303030303030305
6.6333333333333195,36,62,0,0.03,0.1,49.027485140826016,500.0,3.0,6.613030303030289,20.303030303030305
6.666666666666653,50,62,0,0.03,0.1,63.43475865934352,500.0,3.0,6.646363636363622,20.303030303030305
6.675000000000027,55,62,1,0.022500000000000003,0.1,56.50932276274698,500.0,4.0,6.654696969696997,20.303030303030305
6.699999999999986,53,62,0,0.03,0.1,65.38353145313505,500.0,3.0,6.6796969696969555,20.303030303030305
6.700000000000028,59,62,1,0.022500000000000003,0.1,59.45332201227775,500.0,4.0,6.679696969696997,20.303030303030305
6.725000000000028,62,62,1,0.022500000000000003,0.1,62.95489698136377,500.0,4.0,6.704696969696998,20.303030303030305
6.733333333333319,57,62,0,0.03,0.1,70.39729193448267,500.0,3.0,6.713030303030289,20.303030303030305
6.750000000000028,43,62,1,0.022500000000000003,0.1,43.58238343049639,500.0,4.0,6.729696969696998,20.303030303030305
6.775000000000029,47,62,1,0.022500000000000003,0.1,47.05741994778515,500.0,4.0,6.754696969696998,20.303030303030305
6.799999999999986,33,62,0,0.03,0.1,46.77437406761192,500.0,3.0,6.779696969696955,20.303030303030305
6.800000000000029,67,62,1,0.022500000000000003,0.1,67.13533530261806,500.0,4.0,6.779696969696999,20.303030303030305
6.8250000000000295,60,62,1,0.022500000000000003,0.1,61.640308206028244,500.0,4.0,6.804696969696999,20.303030303030305
6.833333333333319,38,62,0,0.03,0.1,50.99687961681482,500.0,3.0,6.813030303030288,20.303030303030305
6.85000000000003,57,62,1,0.022500000000000003,0.1,58.23375997101428,500.0,4.0,6.829696969696999,20.303030303030305
6.866666666666652,52,62,0,0.03,0.1,64.94433856520314,500.0,3.0,6.8463636363636216,20.303030303030305
6.87500000000003,60,62,1,0.022500000000000003,0.1,60.17696575742777,500.0,4.0,6.854696969697,20.303030303030305
6.9000000000000306,62,62,1,0.022500000000000003,0.1,63.33678437147204,500.0,4.0,6.879696969697,20.303030303030305
6.925000000000031,53,62,1,0.022500000000000003,0.1,54.818307069030126,500.0,4.0,6.904696969697,20.303030303030305
6.9333333333333185,52,62,0,0.03,0.1,64.94445778853806,500.0,3.0,6.913030303030288,20.303030303030305
6.966666666666652,84,62,0,0.03,0.1,96.98622231028533,500.0,3.0,6.946363636363621,20.303030303030305
6.975000000000032,60,62,1,0.022500000000000003,0.1,61.880114448937746,500.0,4.0,6.954696969697001,20.303030303030305
6.999999999999985,53,62,0,0.03,0.1,65.4805489026544,500.0,3.0,6.979696969696954,20.303030303030305
7.000000000000032,50,62,1,0.022500000000000003,0.1,50.60762133489569,500.0,4.0,6.9796969696970015,20.303030303030305
7.025000000000032,62,62,1,0.022500000000000003,0.1,63.91922645485893,500.0,4.0,7.004696969697002,20.303030303030305
7.033333333333318,57,62,0,0.03,0.1,70.90143014573376,500.0,3.0,7.013030303030288,20.303030303030305
7.050000000000033,43,62,1,0.022500000000000003,0.1,43.655197399316734,500.0,4.0,7.029696969697002,20.303030303030305
7.075000000000033,69,62,1,0.022500000000000003,0.1,69.87989411832618,500.0,4.0,7.0546969696970026,20.303030303030305
7.0999999999999845,53,62,0,0.03,0.1,66.25335601253566,500.0,3.0,7.079696969696954,20.303030303030305
7.100000000000033,64,62,1,0.022500000000000003,0.1,64.53693583116521,500.0,4.0,7.079696969697003,20.303030303030305
7.125000000000034,62,62,1,0.022500000000000003,0.1,62.457885449413205,500.0,4.0,7.104696969697003,20.303030303030305
7.133333333333318,43,62,0,0.03,0.1,56.97341525145268,500.0,3.0,7.113030303030287,20.303030303030305
7.150000000000034,69,62,1,0.022500000000000003,0.1,69.43383344587693,500.0,4.0,7.129696969697004,20.303030303030305
7.166666666666651,55,62,0,0.03,0.1,67.28610451673536,500.0,3.0,7.1463636363636205,20.303030303030305
7.1750000000000345,74,62,1,0.022500000000000003,0.1,75.98855466684074,500.0,4.0,7.154696969697004,20.303030303030305
7.199999999999984,40,62,0,0.03,0.1,52.58087794043931,500.0,3.0,7.179696969696954,20.303030303030305
7.200000000000035,69,62,1,0.022500000000000003,0.1,69.73795262417406,500.0,4.0,7.179696969697004,20.303030303030305
7.225000000000035,41,62,1,0.022500000000000003,0.1,42.327607379216204,500.0,4.0,7.204696969697005,20.303030303030305
7.233333333333317,45,62,0,0.03,0.1,57.726541375295916,500.0,3.0,7.213030303030287,20.303030303030305
7.2500000000000355,47,62,1,0.022500000000000003,0.1,47.71606111933726,500.0,4.0,7.229696969697005,20.303030303030305
7.266666666666651,43,62,0,0.03,0.1,55.340509940840604,500.0,3.0,7.24636363636362,20.303030303030305
7.275000000000036,53,62,1,0.022500000000000003,0.1,54.00174165412148,500.0,4.0,7.254696969697005,20.303030303030305
7.299999999999984,48,62,0,0.03,0.1,60.7859917381087,500.0,3.0,7.279696969696953,20.303030303030305
7.300000000000036,60,62,1,0.022500000000000003,0.1,60.250474082024006,500.0,4.0,7.279696969697006,20.303030303030305
7.325000000000037,64,62,1,0.022500000000000003,0.1,64.96952659650358,500.0,4.0,7.304696969697006,20.303030303030305
7.333333333333317,69,62,0,0.03,0.1,82.22072224006568,500.0,3.0,7.313030303030287,20.303030303030305
7.350000000000037,53,62,1,0.022500000000000003,0.1,53.03285939372673,500.0,4.0,7.3296969696970065,20.303030303030305
7.36666666666665,29,62,0,0.03,0.1,42.07425415111922,500.0,3.0,7.34636363636362,20.303030303030305
7.375000000000037,60,62,1,0.022500000000000003,0.1,61.79296093897995,500.0,4.0,7.354696969697007,20.303030303030305
7.3999999999999835,53,62,0,0.03,0.1,66.58809782759533,500.0,3.0,7.379696969696953,20.303030303030305
7.400000000000038,52,62,1,0.022500000000000003,0.1,52.7483238494081,500.0,4.0,7.379696969697007,20.303030303030305
7.433333333333317,31,62,0,0.03,0.1,44.517927636579344,500.0,3.0,7.413030303030286,20.303030303030305
7.450000000000038,45,62,1,0.022500000000000003,0.1,46.49605347025707,500.0,4.0,7.429696969697008,20.303030303030305
7.46666666666665,43,62,0,0.03,0.1,55.469454088421436,500.0,3.0,7.446363636363619,20.303030303030305
7.475000000000039,50,62,1,0.022500000000000003,0.1,51.136960837335316,500.0,4.0,7.454696969697008,20.303030303030305
7.499999999999983,57,62,0,0.03,0.1,70.45392573088671,500.0,3.0,7.479696969696953,20.303030303030305
7.500000000000039,47,62,1,0.022500000000000003,0.1,47.023827786083196,500.0,4.0,7.479696969697009,20.303030303030305
7.525000000000039,50,62,1,0.022500000000000003,0.1,50.631616771417605,500.0,4.0,7.504696969697009,20.303030303030305
7.533333333333316,48,62,0,0.03,0.1,60.61708818331644,500.0,3.0,7.513030303030286,20.303030303030305
7.55000000000004,69,62,1,0.022500000000000003,0.1,70.11496124743526,500.0,4.0,7.529696969697009,20.303030303030305
7.5666666666666496,36,62,0,0.03,0.1,49.65365013187866,500.0,3.0,7.546363636363619,20.303030303030305
7.57500000000004,50,62,1,0.022500000000000003,0.1,50.88577066721334,500.0,4.0,7.55469696969701,20.303030303030305
7.599999999999983,41,62,0,0.03,0.1,53.133084391104305,500.0,3.0,7.579696969696952,20.303030303030305
7.6000000000000405,84,62,1,0.022500000000000003,0.1,85.27086782243896,500.0,4.0,7.57969696969701,20.303030303030305
7.625000000000041,64,62,1,0.022500000000000003,0.1,64.73585184845653,500.0,4.0,7.60469696969701,20.303030303030305
7.633333333333316,53,62,0,0.03,0.1,66.52413838977289,500.0,3.0,7.6130303030302855,20.303030303030305
7.650000000000041,60,62,1,0.022500000000000003,0.1,61.77442678747079,500.0,4.0,7.629696969697011,20.303030303030305
7.666666666666649,40,62,0,0.03,0.1,52.98848033551549,500.0,3.0,7.646363636363619,20.303030303030305
7.675000000000042,50,62,1,0.022500000000000003,0.1,51.75976531026035,500.0,4.0,7.654696969697011,20.303030303030305
7.700000000000042,65,62,1,0.022500000000000003,0.1,66.72297484232632,500.0,4.0,7.679696969697011,20.303030303030305
7.725000000000042,53,62,1,0.022500000000000003,0.1,54.47387686811737,500.0,4.0,7.704696969697012,20.303030303030305
7.733333333333316,48,62,0,0.03,0.1,60.43748966307661,500.0,3.0,7.713030303030285,20.303030303030305
7.750000000000043,60,62,1,0.022500000000000003,0.1,61.17129422059547,500.0,4.0,7.729696969697012,20.303030303030305
7.766666666666649,41,62,0,0.03,0.1,53.744636662984156,500.0,3.0,7.746363636363618,20.303030303030305
7.775000000000043,84,62,1,0.022500000000000003,0.1,84.57681156738043,500.0,4.0,7.7546969696970125,20.303030303030305
7.799999999999982,67,62,0,0.03,0.1,80.58186325752312,500.0,3.0,7.779696969696952,20.303030303030305
7.800000000000043,59,62,1,0.022500000000000003,0.1,59.07782496264336,500.0,4.0,7.779696969697013,20.303030303030305
7.825000000000044,71,62,1,0.022500000000000003,0.1,71.03302393234249,500.0,4.0,7.804696969697013,20.303030303030305
7.833333333333315,53,62,0,0.03,0.1,66.08562261425291,500.0,3.0,7.813030303030285,20.303030303030305
7.8666666666666485,28,62,0,0.03,0.1,40.55863116808697,500.0,3.0,7.846363636363618,20.303030303030305
7.875000000000044,59,62,1,0.022500000000000003,0.1,59.66411049122917,500.0,4.0,7.854696969697014,20.303030303030305
7.899999999999982,48,62,0,0.03,0.1,61.78996142178651,500.0,3.0,7.879696969696951,20.303030303030305
7.900000000000045,76,62,1,0.022500000000000003,0.1,76.9996861021009,500.0,4.0,7.879696969697014,20.303030303030305
7.925000000000045,53,62,1,0.022500000000000003,0.1,53.98111624523743,500.0,4.0,7.904696969697015,20.303030303030305
7.933333333333315,41,62,0,0.03,0.1,53.646849938223475,500.0,3.0,7.913030303030284,20.303030303030305
7.9500000000000455,77,62,1,0.022500000000000003,0.1,77.39950615677051,500.0,4.0,7.929696969697015,20.303030303030305
7.966666666666648,55,62,0,0.03,0.1,68.18336001404376,500.0,3.0,7.946363636363618,20.303030303030305
7.975000000000046,65,62,1,0.022500000000000003,0.1,66.79441858037256,500.0,4.0,7.954696969697015,20.303030303030305
7.999999999999981,40,62,0,0.03,0.1,52.391800911046076,500.0,3.0,7.979696969696951,20.303030303030305
8.000000000000046,53,62,1,0.022500000000000003,0.1,54.60031895141503,500.0,4.0,7.979696969697016,20.303030303030305
8.025000000000047,65,62,1,0.022500000000000003,0.1,66.071114294933,500.0,4.0,8.004696969697017,20.303030303030305
8.033333333333315,45,62,0,0.03,0.1,58.89853016191777,500.0,3.0,8.013030303030286,20.303030303030305
8.050000000000047,69,62,1,0.022500000000000003,0.1,69.33652271641661,500.0,4.0,8.029696969697017,20.303030303030305
8.066666666666649,52,62,0,0.03,0.1,64.84787787821239,500.0,3.0,8.046363636363619,20.303030303030305
8.075000000000047,65,62,1,0.022500000000000003,0.1,65.96937563728508,500.0,4.0,8.054696969697018,20.303030303030305
8.099999999999982,55,62,0,0.03,0.1,68.31124986403317,500.0,3.0,8.079696969696952,20.303030303030305
8.100000000000048,43,62,1,0.022500000000000003,0.1,44.92584268905162,500.0,4.0,8.079696969697018,20.303030303030305
8.125000000000048,53,62,1,0.022500000000000003,0.1,53.01948311208126,500.0,4.0,8.104696969697018,20.303030303030305
8.133333333333315,36,62,0,0.03,0.1,48.477154492264546,500.0,3.0,8.113030303030285,20.303030303030305
8.150000000000048,57,62,1,0.022500000000000003,0.1,57.623821098705555,500.0,4.0,8.129696969697019,20.303030303030305
8.166666666666648,43,62,0,0.03,0.1,56.78878813592689,500.0,3.0,8.146363636363619,20.303030303030305
8.175000000000049,59,62,1,0.022500000000000003,0.1,59.285439080639556,500.0,4.0,8.154696969697019,20.303030303030305
8.200000000000049,65,62,1,0.022500000000000003,0.1,65.95845213648651,500.0,4.0,8.17969696969702,20.303030303030305
8.22500000000005,60,62,1,0.022500000000000003,0.1,61.70592960895924,500.0,4.0,8.20469696969702,20.303030303030305
8.233333333333315,41,62,0,0.03,0.1,53.72803936729237,500.0,3.0,8.213030303030285,20.303030303030305
8.25000000000005,47,62,1,0.022500000000000003,0.1,47.180694156383026,500.0,4.0,8.22969696969702,20.303030303030305
8.266666666666648,64,62,0,0.03,0.1,76.94836070669854,500.0,3.0,8.246363636363618,20.303030303030305
8.27500000000005,62,62,1,0.022500000000000003,0.1,63.64989936965725,500.0,4.0,8.25469696969702,20.303030303030305
8.299999999999981,50,62,0,0.03,0.1,63.887824425225176,500.0,3.0,8.279696969696952,20.303030303030305
8.30000000000005,65,62,1,0.022500000000000003,0.1,65.8616231547247,500.0,4.0,8.27969696969702,20.303030303030305
8.333333333333314,35,62,0,0.03,0.1,47.89551403838357,500.0,3.0,8.313030303030285,20.303030303030305
8.350000000000051,69,62,1,0.022500000000000003,0.1,70.37549496532438,500.0,4.0,8.329696969697022,20.303030303030305
8.366666666666648,55,62,0,0.03,0.1,68.81147469172585,500.0,3.0,8.346363636363618,20.303030303030305
8.375000000000052,67,62,1,0.022500000000000003,0.1,68.00565268366948,500.0,4.0,8.354696969697022,20.303030303030305
8.400000000000052,64,62,1,0.022500000000000003,0.1,64.40812876059299,500.0,4.0,8.379696969697022,20.303030303030305
8.425000000000052,59,62,1,0.022500000000000003,0.1,59.326409169996985,500.0,4.0,8.404696969697023,20.303030303030305
8.433333333333314,57,62,0,0.03,0.1,69.91166650129101,500.0,3.0,8.413030303030284,20.303030303030305
8.450000000000053,43,62,1,0.022500000000000003,0.1,44.05477503824648,500.0,4.0,8.429696969697023,20.303030303030305
8.466666666666647,33,62,0,0.03,0.1,45.41404832684147,500.0,3.0,8.446363636363618,20.303030303030305
8.475000000000053,64,62,1,0.022500000000000003,0.1,64.12433490367283,500.0,4.0,8.454696969697023,20.303030303030305
8.49999999999998,43,62,0,0.03,0.1,55.35135290048399,500.0,3.0,8.47969696969695,20.303030303030305
8.500000000000053,60,62,1,0.022500000000000003,0.1,61.993801796765865,500.0,4.0,8.479696969697024,20.303030303030305
8.525000000000054,62,62,1,0.022500000000000003,0.1,62.607156837075586,500.0,4.0,8.504696969697024,20.303030303030305
8.550000000000054,47,62,1,0.022500000000000003,0.1,47.74321367212503,500.0,4.0,8.529696969697024,20.303030303030305
8.566666666666647,41,62,0,0.03,0.1,53.2063731300597,500.0,3.0,8.546363636363617,20.303030303030305
8.575000000000054,48,62,1,0.022500000000000003,0.1,49.621857212080684,500.0,4.0,8.554696969697025,20.303030303030305
8.59999999999998,52,62,0,0.03,0.1,64.26066651020379,500.0,3.0,8.57969696969695,20.303030303030305
8.600000000000055,69,62,1,0.022500000000000003,0.1,70.11026739199588,500.0,4.0,8.579696969697025,20.303030303030305
8.625000000000055,59,62,1,0.022500000000000003,0.1,59.620270522976114,500.0,4.0,8.604696969697025,20.303030303030305
8.633333333333313,55,62,0,0.03,0.1,67.43648691292164,500.0,3.0,8.613030303030284,20.303030303030305
8.650000000000055,65,62,1,0.022500000000000003,0.1,66.5424066947772,500.0,4.0,8.629696969697026,20.303030303030305
8.666666666666647,38,62,0,0.03,0.1,51.1014674728504,500.0,3.0,8.646363636363617,20.303030303030305
8.675000000000056,60,62,1,0.022500000000000003,0.1,60.27185641085243,500.0,4.0,8.654696969697026,20.303030303030305
8.69999999999998,47,62,0,0.03,0.1,59.42855658180672,500.0,3.0,8.67969696969695,20.303030303030305
8.725000000000056,69,62,1,0.022500000000000003,0.1,69.00752453736958,500.0,4.0,8.704696969697027,20.303030303030305
8.733333333333313,21,62,0,0.03,0.1,28.883833535336898,500.0,3.0,8.713030303030283,20.303030303030305
8.750000000000057,55,62,1,0.022500000000000003,0.1,55.04597060911321,500.0,4.0,8.729696969697027,20.303030303030305
8.766666666666646,38,62,0,0.03,0.1,50.165878643190815,500.0,3.0,8.746363636363617,20.303030303030305
8.775000000000057,60,62,1,0.022500000000000003,0.1,60.92275945863344,500.0,4.0,8.754696969697028,20.303030303030305
8.79999999999998,45,62,0,0.03,0.1,57.57534574662566,500.0,3.0,8.77969696969695,20.303030303030305
8.800000000000058,55,62,1,0.022500000000000003,0.1,55.562157228431595,500.0,4.0,8.779696969697028,20.303030303030305
8.833333333333313,36,62,0,0.03,0.1,48.02128145313744,500.0,3.0,8.813030303030283,20.303030303030305
8.850000000000058,57,62,1,0.022500000000000003,0.1,57.03194761470106,500.0,4.0,8.829696969697029,20.303030303030305
8.866666666666646,62,62,0,0.03,0.1,75.6711485177437,500.0,3.0,8.846363636363616,20.303030303030305
8.899999999999979,33,62,0,0.03,0.1,46.270642771577926,500.0,3.0,8.87969696969695,20.303030303030305
8.900000000000059,55,62,1,0.022500000000000003,0.1,55.404013232030614,500.0,4.0,8.87969696969703,20.303030303030305
8.92500000000006,72,62,1,0.022500000000000003,0.1,72.0552588055058,500.0,4.0,8.90469696969703,20.303030303030305
8.933333333333312,43,62,0,0.03,0.1,55.77557292770896,500.0,3.0,8.913030303030283,20.303030303030305
8.95000000000006,50,62,1,0.022500000000000003,0.1,51.41176989869276,500.0,4.0,8.92969696969703,20.303030303030305
8.966666666666645,48,62,0,0.03,0.1,61.255109541946474,500.0,3.0,8.946363636363616,20.303030303030305
8.97500000000006,57,62,1,0.022500000000000003,0.1,58.20603221605095,500.0,4.0,8.95469696969703,20.303030303030305
8.999999999999979,60,62,0,0.03,0.1,73.83622357503471,500.0,3.0,8.979696969696949,20.303030303030305
9.00000000000006,55,62,1,0.022500000000000003,0.1,55.778581840567924,500.0,4.0,8.97969696969703,20.303030303030305
9.02500000000006,72,62,1,0.022500000000000003,0.1,73.89098768979584,500.0,4.0,9.004696969697031,20.303030303030305
9.033333333333312,33,62,0,0.03,0.1,46.21572334867738,500.0,3.0,9.013030303030282,20.303030303030305
9.050000000000061,60,62,1,0.022500000000000003,0.1,61.88692585451112,500.0,4.0,9.029696969697032,20.303030303030305
9.066666666666645,59,62,0,0.03,0.1,71.16637202068762,500.0,3.0,9.046363636363616,20.303030303030305
9.075000000000061,69,62,1,0.022500000000000003,0.1,69.9057075788989,500.0,4.0,9.054696969697032,20.303030303030305
9.099999999999978,48,62,0,0.03,0.1,60.09823738578804,500.0,3.0,9.079696969696949,20.303030303030305
9.100000000000062,45,62,1,0.022500000000000003,0.1,45.738620418845066,500.0,4.0,9.079696969697032,20.303030303030305
9.125000000000062,62,62,1,0.022500000000000003,0.1,62.563682552344886,500.0,4.0,9.104696969697033,20.303030303030305
9.133333333333312,38,62,0,0.03,0.1,50.57751694993967,500.0,3.0,9.113030303030282,20.303030303030305
9.150000000000063,67,62,1,0.022500000000000003,0.1,68.54045563798499,500.0,4.0,9.129696969697033,20.303030303030305
9.166666666666645,52,62,0,0.03,0.1,64.4361933529274,500.0,3.0,9.146363636363615,20.303030303030305
9.175000000000063,60,62,1,0.022500000000000003,0.1,60.78992629704407,500.0,4.0,9.154696969697033,20.303030303030305
9.199999999999978,48,62,0,0.03,0.1,61.91097307750531,500.0,3.0,9.179696969696948,20.303030303030305
9.200000000000063,69,62,1,0.022500000000000003,0.1,70.22861160062737,500.0,4.0,9.179696969697034,20.303030303030305
9.225000000000064,55,62,1,0.022500000000000003,0.1,55.03403087903643,500.0,4.0,9.204696969697034,20.303030303030305
9.233333333333311,41,62,0,0.03,0.1,54.23791797927557,500.0,3.0,9.213030303030282,20.303030303030305
9.250000000000064,72,62,1,0.022500000000000003,0.1,73.52973542578157,500.0,4.0,9.229696969697034,20.303030303030305
9.266666666666644,48,62,0,0.03,0.1,60.67010001590418,500.0,3.0,9.246363636363615,20.303030303030305
9.275000000000064,81,62,1,0.022500000000000003,0.1,82.0694219867448,500.0,4.0,9.254696969697035,20.303030303030305
9.299999999999978,43,62,0,0.03,0.1,56.3009894701271,500.0,3.0,9.279696969696948,20.303030303030305
9.300000000000065,55,62,1,0.022500000000000003,0.1,56.51674981977927,500.0,4.0,9.279696969697035,20.303030303030305
9.33333333333331,48,62,0,0.03,0.1,61.089766514411984,500.0,3.0,9.313030303030281,20.303030303030305
9.350000000000065,72,62,1,0.022500000000000003,0.1,73.95249098032993,500.0,4.0,9.329696969697036,20.303030303030305
9.366666666666644,53,62,0,0.03,0.1,66.35645447540205,500.0,3.0,9.346363636363614,20.303030303030305
9.375000000000066,74,62,1,0.022500000000000003,0.1,75.16389259901484,500.0,4.0,9.354696969697036,20.303030303030305
9.399999999999977,62,62,0,0.03,0.1,75.22576143499538,500.0,3.0,9.379696969696948,20.303030303030305
9.425000000000066,55,62,1,0.022500000000000003,0.1,55.96620655587977,500.0,4.0,9.404696969697037,20.303030303030305
9.43333333333331,36,62,0,0.03,0.1,48.116971211262246,500.0,3.0,9.41303030303028,20.303030303030305
9.450000000000067,57,62,1,0.022500000000000003,0.1,57.29486775493913,500.0,4.0,9.429696969697037,20.303030303030305
9.466666666666644,67,62,0,0.03,0.1,80.47712039670016,500.0,3.0,9.446363636363614,20.303030303030305
9.475000000000067,47,62,1,0.022500000000000003,0.1,47.09327509407094,500.0,4.0,9.454696969697038,20.303030303030305
9.499999999999977,29,62,0,0.03,0.1,41.25995712458398,500.0,3.0,9.479696969696947,20.303030303030305
9.500000000000068,50,62,1,0.022500000000000003,0.1,51.180941313751696,500.0,4.0,9.479696969697038,20.303030303030305
9.53333333333331,45,62,0,0.03,0.1,58.5428630876584,500.0,3.0,9.51303030303028,20.303030303030305
9.550000000000068,52,62,1,0.022500000000000003,0.1,52.62914337500037,500.0,4.0,9.529696969697039,20.303030303030305
9.566666666666643,53,62,0,0.03,0.1,65.64784518225194,500.0,3.0,9.546363636363614,20.303030303030305
9.575000000000069,59,62,1,0.022500000000000003,0.1,59.6670250810869,500.0,4.0,9.554696969697039,20.303030303030305
9.599999999999977,50,62,0,0.03,0.1,62.697521930256315,500.0,3.0,9.579696969696947,20.303030303030305
9.600000000000069,62,62,1,0.022500000000000003,0.1,62.2484614323506,500.0,4.0,9.57969696969704,20.303030303030305
9.62500000000007,74,62,1,0.022500000000000003,0.1,74.88480473101514,500.0,4.0,9.60469696969704,20.303030303030305
9.63333333333331,41,62,0,0.03,0.1,54.0220846097223,500.0,3.0,9.61303030303028,20.303030303030305
9.65000000000007,50,62,1,0.022500000000000003,0.1,50.41580120890761,500.0,4.0,9.62969696969704,20.303030303030305
9.666666666666643,45,62,0,0.03,0.1,58.00202639657016,500.0,3.0,9.646363636363613,20.303030303030305
9.67500000000007,69,62,1,0.022500000000000003,0.1,69.4494950253752,500.0,4.0,9.65469696969704,20.303030303030305
9.699999999999976,43,62,0,0.03,0.1,55.2671910272752,500.0,3.0,9.679696969696947,20.303030303030305
9.70000000000007,57,62,1,0.022500000000000003,0.1,57.94570709543511,500.0,4.0,9.67969696969704,20.303030303030305
9.72500000000007,59,62,1,0.022500000000000003,0.1,59.52514838733664,500.0,4.0,9.704696969697041,20.303030303030305
9.73333333333331,41,62,0,0.03,0.1,54.34209833333557,500.0,3.0,9.71303030303028,20.303030303030305
9.750000000000071,65,62,1,0.022500000000000003,0.1,66.4782671247994,500.0,4.0,9.729696969697041,20.303030303030305
9.766666666666643,55,62,0,0.03,0.1,68.15618013140184,500.0,3.0,9.746363636363613,20.303030303030305
9.775000000000071,48,62,1,0.022500000000000003,0.1,49.22186859300193,500.0,4.0,9.754696969697042,20.303030303030305
9.799999999999976,50,62,0,0.03,0.1,63.427348665264454,500.0,3.0,9.779696969696946,20.303030303030305
9.800000000000072,62,62,1,0.022500000000000003,0.1,63.67113356336689,500.0,4.0,9.779696969697042,20.303030303030305
9.825000000000072,60,62,1,0.022500000000000003,0.1,61.59794119884534,500.0,4.0,9.804696969697043,20.303030303030305
9.833333333333309,41,62,0,0.03,0.1,53.34806788549772,500.0,3.0,9.81303030303028,20.303030303030305
9.850000000000072,64,62,1,0.022500000000000003,0.1,64.72753213447824,500.0,4.0,9.829696969697043,20.303030303030305
9.866666666666642,55,62,0,0.03,0.1,68.63615880415921,500.0,3.0,9.846363636363613,20.303030303030305
9.875000000000073,62,62,1,0.022500000000000003,0.1,62.77601898151505,500.0,4.0,9.854696969697043,20.303030303030305
9.899999999999975,50,62,0,0.03,0.1,62.95007540041545,500.0,3.0,9.879696969696946,20.303030303030305
9.900000000000073,83,62,1,0.022500000000000003,0.1,83.57088134314459,500.0,4.0,9.879696969697044,20.303030303030305
9.925000000000074,53,62,1,0.022500000000000003,0.1,53.877696151187365,500.0,4.0,9.904696969697044,20.303030303030305
9.933333333333309,55,62,0,0.03,0.1,67.80347634085402,500.0,3.0,9.913030303030279,20.303030303030305
9.975000000000074,53,62,1,0.022500000000000003,0.1,54.01785094632226,500.0,4.0,9.954696969697045,20.303030303030305
9.999999999999975,40,62,0,0.03,0.1,52.0416478951481,500.0,3.0,9.979696969696946,20.303030303030305
10.025000000000075,53,62,1,0.022500000000000003,0.1,53.88108357785743,500.0,4.0,10.004696969697045,20.303030303030305
10.033333333333308,41,62,0,0.03,0.1,54.62226201410909,500.0,3.0,10.013030303030279,20.303030303030305
10.050000000000075,71,62,1,0.022500000000000003,0.1,71.4145586986325,500.0,4.0,10.029696969697046,20.303030303030305
10.066666666666642,55,62,0,0.03,0.1,67.17401860918332,500.0,3.0,10.046363636363612,20.303030303030305
10.075000000000076,72,62,1,0.022500000000000003,0.1,73.63684078070261,500.0,4.0,10.054696969697046,20.303030303030305
10.099999999999975,53,62,0,0.03,0.1,65.85955454816127,500.0,3.0,10.079696969696945,20.303030303030305
10.125000000000076,52,62,1,0.022500000000000003,0.1,52.009386498199405,500.0,4.0,10.104696969697047,20.303030303030305
10.133333333333308,47,62,0,0.03,0.1,59.79934469794418,500.0,3.0,10.113030303030278,20.303030303030305
10.150000000000077,64,62,1,0.022500000000000003,0.1,64.52558934130948,500.0,4.0,10.129696969697047,20.303030303030305
10.166666666666641,48,62,0,0.03,0.1,61.12634287976431,500.0,3.0,10.146363636363612,20.303030303030305
10.175000000000077,53,62,1,0.022500000000000003,0.1,54.698658774902675,500.0,4.0,10.154696969697047,20.303030303030305
10.199999999999974,60,62,0,0.03,0.1,72.26558299956888,500.0,3.0,10.179696969696945,20.303030303030305
10.200000000000077,65,62,1,0.022500000000000003,0.1,66.0761454504529,500.0,4.0,10.179696969697048,20.303030303030305
10.233333333333308,41,62,0,0.03,0.1,54.320914667176034,500.0,3.0,10.213030303030278,20.303030303030305
10.250000000000078,45,62,1,0.022500000000000003,0.1,45.44885649602657,500.0,4.0,10.229696969697049,20.303030303030305
10.26666666666664,53,62,0,0.03,0.1,65.25213485923237,500.0,3.0,10.246363636363611,20.303030303030305
10.275000000000079,74,62,1,0.022500000000000003,0.1,74.8560499327686,500.0,4.0,10.254696969697049,20.303030303030305
10.299999999999974,45,62,0,0.03,0.1,58.05895053663462,500.0,3.0,10.279696969696944,20.303030303030305
10.300000000000079,77,62,1,0.022500000000000003,0.1,77.24042566171701,500.0,4.0,10.27969696969705,20.303030303030305
10.32500000000008,53,62,1,0.022500000000000003,0.1,54.11722857134989,500.0,4.0,10.30469696969705,20.303030303030305
10.35000000000008,55,62,1,0.022500000000000003,0.1,56.27806502461455,500.0,4.0,10.32969696969705,20.303030303030305
10.36666666666664,57,62,0,0.03,0.1,70.54825777907703,500.0,3.0,10.346363636363611,20.303030303030305
10.37500000000008,62,62,1,0.022500000000000003,0.1,62.74430775095909,500.0,4.0,10.35469696969705,20.303030303030305
10.399999999999974,55,62,0,0.03,0.1,67.92399695028509,500.0,3.0,10.379696969696944,20.303030303030305
10.42500000000008,65,62,1,0.022500000000000003,0.1,66.32202501765917,500.0,4.0,10.404696969697051,20.303030303030305
10.450000000000081,79,62,1,0.022500000000000003,0.1,79.29796357215696,500.0,4.0,10.429696969697051,20.303030303030305
10.46666666666664,60,62,0,0.03,0.1,72.53259654868157,500.0,3.0,10.44636363636361,20.303030303030305
10.475000000000081,57,62,1,0.022500000000000003,0.1,58.301306616057126,500.0,4.0,10.454696969697052,20.303030303030305
10.499999999999973,48,62,0,0.03,0.1,60.20163687967449,500.0,3.0,10.479696969696944,20.303030303030305
10.500000000000082,52,62,1,0.022500000000000003,0.1,52.336346452430845,500.0,4.0,10.479696969697052,20.303030303030305
10.525000000000082,45,62,1,0.022500000000000003,0.1,46.758535411060535,500.0,4.0,10.504696969697052,20.303030303030305
10.533333333333307,53,62,0,0.03,0.1,66.54674852443165,500.0,3.0,10.513030303030277,20.303030303030305
10.550000000000082,52,62,1,0.022500000000000003,0.1,52.983071616557574,500.0,4.0,10.529696969697053,20.303030303030305
10.575000000000083,59,62,1,0.022500000000000003,0.1,59.681981060411545,500.0,4.0,10.554696969697053,20.303030303030305
10.599999999999973,50,62,0,0.03,0.1,63.11199698388904,500.0,3.0,10.579696969696943,20.303030303030305
10.600000000000083,77,62,1,0.022500000000000003,0.1,77.22775548977077,500.0,4.0,10.579696969697054,20.303030303030305
10.625000000000083,55,62,1,0.022500000000000003,0.1,55.030931529252754,500.0,4.0,10.604696969697054,20.303030303030305
10.633333333333306,45,62,0,0.03,0.1,58.750626678070226,500.0,3.0,10.613030303030277,20.303030303030305
10.650000000000084,62,62,1,0.022500000000000003,0.1,62.148364335733426,500.0,4.0,10.629696969697054,20.303030303030305
10.66666666666664,48,62,0,0.03,0.1,60.93116126393009,500.0,3.0,10.64636363636361,20.303030303030305
10.675000000000084,59,62,1,0.022500000000000003,0.1,59.84234019770158,500.0,4.0,10.654696969697055,20.303030303030305
10.699999999999973,53,62,0,0.03,0.1,65.71350744419438,500.0,3.0,10.679696969696943,20.303030303030305
10.700000000000085,71,62,1,0.022500000000000003,0.1,71.4085754251016,500.0,4.0,10.679696969697055,20.303030303030305
10.725000000000085,84,62,1,0.022500000000000003,0.1,84.25855128838677,500.0,4.0,10.704696969697055,20.303030303030305
10.733333333333306,40,62,0,0.03,0.1,52.14508144095866,500.0,3.0,10.713030303030276,20.303030303030305
10.750000000000085,53,62,1,0.022500000000000003,0.1,54.90365977996492,500.0,4.0,10.729696969697056,20.303030303030305
10.766666666666639,67,62,0,0.03,0.1,80.08691784658042,500.0,3.0,10.74636363636361,20.303030303030305
10.775000000000086,55,62,1,0.022500000000000003,0.1,55.301381351825064,500.0,4.0,10.754696969697056,20.303030303030305
10.799999999999972,38,62,0,0.03,0.1,50.34223313760286,500.0,3.0,10.779696969696943,20.303030303030305
10.800000000000086,69,62,1,0.022500000000000003,0.1,70.02394441986308,500.0,4.0,10.779696969697056,20.303030303030305
10.825000000000086,65,62,1,0.022500000000000003,0.1,66.54615830041259,500.0,4.0,10.804696969697057,20.303030303030305
10.833333333333306,36,62,0,0.03,0.1,48.34378931723777,500.0,3.0,10.813030303030276,20.303030303030305
10.850000000000087,77,62,1,0.022500000000000003,0.1,77.72839032706592,500.0,4.0,10.829696969697057,20.303030303030305
10.866666666666639,59,62,0,0.03,0.1,71.11786438560065,500.0,3.0,10.84636363636361,20.303030303030305
10.875000000000087,65,62,1,0.022500000000000003,0.1,65.60571057912925,500.0,4.0,10.854696969697057,20.303030303030305
10.899999999999972,55,62,0,0.03,0.1,67.59996186204418,500.0,3.0,10.879696969696942,20.303030303030305
10.925000000000088,65,62,1,0.022500000000000003,0.1,65.67028637464617,500.0,4.0,10.904696969697058,20.303030303030305
10.933333333333305,53,62,0,0.03,0.1,65.99155024370069,500.0,3.0,10.913030303030276,20.303030303030305
10.950000000000088,69,62,1,0.022500000000000003,0.1,70.64355437359592,500.0,4.0,10.929696969697059,20.303030303030305
10.975000000000088,67,62,1,0.022500000000000003,0.1,67.8766289394947,500.0,4.0,10.954696969697059,20.303030303030305
10.999999999999972,47,62,0,0.03,0.1,59.88243098066962,500.0,3.0,10.979696969696942,20.303030303030305
11.000000000000089,64,62,1,0.022500000000000003,0.1,64.86983069863005,500.0,4.0,10.97969696969706,20.303030303030305
11.02500000000009,69,62,1,0.022500000000000003,0.1,70.24007702005588,500.0,4.0,11.00469696969706,20.303030303030305
11.033333333333305,38,62,0,0.03,0.1,51.386358033736016,500.0,3.0,11.013030303030275,20.303030303030305
11.05000000000009,71,62,1,0.022500000000000003,0.1,71.22523766827845,500.0,4.0,11.02969696969706,20.303030303030305
11.066666666666638,48,62,0,0.03,0.1,60.72772375865977,500.0,3.0,11.046363636363608,20.303030303030305
11.07500000000009,72,62,1,0.022500000000000003,0.1,73.26872631396026,500.0,4.0,11.05469696969706,20.303030303030305
11.099999999999971,41,62,0,0.03,0.1,53.49924756948373,500.0,3.0,11.079696969696942,20.303030303030305
11.10000000000009,65,62,1,0.022500000000000003,0.1,66.22761492086057,500.0,4.0,11.07969696969706,20.303030303030305
11.12500000000009,57,62,1,0.022500000000000003,0.1,58.3956664289582,500.0,4.0,11.104696969697061,20.303030303030305
11.150000000000091,60,62,1,0.022500000000000003,0.1,61.4084513897599,500.0,4.0,11.129696969697061,20.303030303030305
11.166666666666638,45,62,0,0.03,0.1,58.58824913757947,500.0,3.0,11.146363636363608,20.303030303030305
11.175000000000091,71,62,1,0.022500000000000003,0.1,71.58248607848023,500.0,4.0,11.154696969697062,20.303030303030305
11.19999999999997,40,62,0,0.03,0.1,52.07522691079189,500.0,3.0,11.179696969696941,20.303030303030305
11.200000000000092,52,62,1,0.022500000000000003,0.1,52.15741755852253,500.0,4.0,11.179696969697062,20.303030303030305
11.225000000000092,62,62,1,0.022500000000000003,0.1,63.539263765179854,500.0,4.0,11.204696969697062,20.303030303030305
11.233333333333304,43,62,0,0.03,0.1,56.914695920131265,500.0,3.0,11.213030303030274,20.303030303030305
11.250000000000092,55,62,1,0.022500000000000003,0.1,56.223947401657334,500.0,4.0,11.229696969697063,20.303030303030305
11.266666666666637,50,62,0,0.03,0.1,63.964141961045996,500.0,3.0,11.246363636363608,20.303030303030305
11.275000000000093,60,62,1,0.022500000000000003,0.1,60.275950300174244,500.0,4.0,11.254696969697063,20.303030303030305
11.29999999999997,41,62,0,0.03,0.1,54.58824429308184,500.0,3.0,11.279696969696941,20.303030303030305
11.300000000000093,72,62,1,0.022500000000000003,0.1,72.27313788103007,500.0,4.0,11.279696969697063,20.303030303030305
11.325000000000093,60,62,1,0.022500000000000003,0.1,61.834551052991074,500.0,4.0,11.304696969697064,20.303030303030305
11.333333333333304,40,62,0,0.03,0.1,52.106684202562256,500.0,3.0,11.313030303030274,20.303030303030305
11.366666666666637,50,62,0,0.03,0.1,62.33939723032236,500.0,3.0,11.346363636363607,20.303030303030305
11.375000000000094,45,62,1,0.022500000000000003,0.1,46.94538104659277,500.0,4.0,11.354696969697065,20.303030303030305
11.400000000000095,67,62,1,0.022500000000000003,0.1,67.16403423386132,500.0,4.0,11.379696969697065,20.303030303030305
11.425000000000095,65,62,1,0.022500000000000003,0.1,66.19664813895433,500.0,4.0,11.404696969697065,20.303030303030305
11.433333333333303,43,62,0,0.03,0.1,55.13334551643715,500.0,3.0,11.413030303030274,20.303030303030305
11.450000000000095,79,62,1,0.022500000000000003,0.1,80.76724534373241,500.0,4.0,11.429696969697066,20.303030303030305
11.475000000000096,57,62,1,0.022500000000000003,0.1,57.04532894445119,500.0,4.0,11.454696969697066,20.303030303030305
11.49999999999997,50,62,0,0.03,0.1,62.227679398633306,500.0,3.0,11.47969696969694,20.303030303030305
11.500000000000096,62,62,1,0.022500000000000003,0.1,62.10384314557381,500.0,4.0,11.479696969697066,20.303030303030305
11.533333333333303,33,62,0,0.03,0.1,46.098390321625686,500.0,3.0,11.513030303030273,20.303030303030305
11.550000000000097,74,62,1,0.022500000000000003,0.1,75.14355148572936,500.0,4.0,11.529696969697067,20.303030303030305
11.575000000000097,59,62,1,0.022500000000000003,0.1,59.08516288908526,500.0,4.0,11.554696969697067,20.303030303030305
11.59999999999997,41,62,0,0.03,0.1,53.102935475976615,500.0,3.0,11.57969696969694,20.303030303030305
11.600000000000097,62,62,1,0.022500000000000003,0.1,62.678606647395256,500.0,4.0,11.579696969697068,20.303030303030305
11.625000000000098,65,62,1,0.022500000000000003,0.1,65.83580649327878,500.0,4.0,11.604696969697068,20.303030303030305
11.633333333333303,45,62,0,0.03,0.1,57.950907343566264,500.0,3.0,11.613030303030273,20.303030303030305
11.650000000000098,60,62,1,0.022500000000000003,0.1,61.79144758230104,500.0,4.0,11.629696969697068,20.303030303030305
11.666666666666636,50,62,0,0.03,0.1,62.98471262974084,500.0,3.0,11.646363636363606,20.303030303030305
11.675000000000098,55,62,1,0.022500000000000003,0.1,55.71423730031493,500.0,4.0,11.654696969697069,20.303030303030305
11.699999999999969,62,62,0,0.03,0.1,74.1634196827157,500.0,3.0,11.67969696969694,20.303030303030305
11.700000000000099,60,62,1,0.022500000000000003,0.1,61.86326393182375,500.0,4.0,11.67969696969707,20.303030303030305
11.7250000000001,69,62,1,0.022500000000000003,0.1,70.3068647986538,500.0,4.0,11.70469696969707,20.303030303030305
11.733333333333302,55,62,0,0.03,0.1,68.23353238273938,500.0,3.0,11.713030303030273,20.303030303030305
11.7500000000001,50,62,1,0.022500000000000003,0.1,50.145453125653816,500.0,4.0,11.72969696969707,20.303030303030305
11.766666666666636,45,62,0,0.03,0.1,58.4645901123511,500.0,3.0,11.746363636363606,20.303030303030305
11.7750000000001,60,62,1,0.022500000000000003,0.1,61.27650887181001,500.0,4.0,11.75469696969707,20.303030303030305
11.799999999999969,47,62,0,0.03,0.1,59.817444404134186,500.0,3.0,11.77969696969694,20.303030303030305
11.8000000000001,53,62,1,0.022500000000000003,0.1,53.278840176583934,500.0,4.0,11.77969696969707,20.303030303030305
11.8250000000001,71,62,1,0.022500000000000003,0.1,71.47244763767848,500.0,4.0,11.804696969697071,20.303030303030305
11.833333333333302,38,62,0,0.03,0.1,50.375718099477034,500.0,3.0,11.813030303030272,20.303030303030305
11.850000000000101,45,62,1,0.022500000000000003,0.1,45.37740571407576,500.0,4.0,11.829696969697071,20.303030303030305
11.866666666666635,47,62,0,0.03,0.1,59.82227389447306,500.0,3.0,11.846363636363606,20.303030303030305
11.875000000000101,53,62,1,0.022500000000000003,0.1,54.634350266192754,500.0,4.0,11.854696969697072,20.303030303030305
11.899999999999968,45,62,0,0.03,0.1,57.22887706636667,500.0,3.0,11.879696969696939,20.303030303030305
11.900000000000102,62,62,1,0.022500000000000003,0.1,63.6212340006194,500.0,4.0,11.879696969697072,20.303030303030305
11.925000000000102,74,62,1,0.022500000000000003,0.1,75.02903068064967,500.0,4.0,11.904696969697072,20.303030303030305
11.933333333333302,50,62,0,0.03,0.1,63.09809817924566,500.0,3.0,11.913030303030272,20.303030303030305
11.950000000000102,59,62,1,0.022500000000000003,0.1,59.36879749369932,500.0,4.0,11.929696969697073,20.303030303030305
11.966666666666635,40,62,0,0.03,0.1,52.0585829418977,500.0,3.0,11.946363636363605,20.303030303030305
11.975000000000103,53,62,1,0.022500000000000003,0.1,54.6700845437453,500.0,4.0,11.954696969697073,20.303030303030305
11.999999999999968,52,62,0,0.03,0.1,64.98572653671525,500.0,3.0,11.979696969696938,20.303030303030305
12.000000000000103,77,62,1,0.022500000000000003,0.1,78.05910786662966,500.0,4.0,11.979696969697073,20.303030303030305
12.025000000000103,45,62,1,0.022500000000000003,0.1,46.099066556004054,500.0,4.0,12.004696969697074,20.303030303030305
12.033333333333301,62,62,0,0.03,0.1,74.71429356482474,500.0,3.0,12.013030303030272,20.303030303030305
12.050000000000104,38,62,1,0.022500000000000003,0.1,38.89146281644721,500.0,4.0,12.029696969697074,20.303030303030305
12.075000000000104,64,62,1,0.022500000000000003,0.1,64.22413872051199,500.0,4.0,12.054696969697074,20.303030303030305
12.099999999999968,50,62,0,0.03,0.1,63.85643253214984,500.0,3.0,12.079696969696938,20.303030303030305
12.100000000000104,55,62,1,0.022500000000000003,0.1,55.18027944621493,500.0,4.0,12.079696969697075,20.303030303030305
12.1333333333333,53,62,0,0.03,0.1,66.62538232042668,500.0,3.0,12.113030303030271,20.303030303030305
12.150000000000105,65,62,1,0.022500000000000003,0.1,66.80022189407379,500.0,4.0,12.129696969697076,20.303030303030305
12.166666666666634,43,62,0,0.03,0.1,56.14828346989597,500.0,3.0,12.146363636363604,20.303030303030305
12.175000000000106,62,62,1,0.022500000000000003,0.1,62.34048685220351,500.0,4.0,12.154696969697076,20.303030303030305
12.199999999999967,50,62,0,0.03,0.1,62.15128782538,500.0,3.0,12.179696969696938,20.303030303030305
12.200000000000106,53,62,1,0.022500000000000003,0.1,54.58484514492741,500.0,4.0,12.179696969697076,20.303030303030305
12.225000000000106,47,62,1,0.022500000000000003,0.1,47.709077772759414,500.0,4.0,12.204696969697077,20.303030303030305
12.2333333333333,48,62,0,0.03,0.1,60.12088704750523,500.0,3.0,12.213030303030271,20.303030303030305
12.250000000000107,67,62,1,0.022500000000000003,0.1,68.3755903514894,500.0,4.0,12.229696969697077,20.303030303030305
12.275000000000107,65,62,1,0.022500000000000003,0.1,66.24193130840314,500.0,4.0,12.254696969697077,20.303030303030305
12.299999999999967,40,62,0,0.03,0.1,52.57910607498752,500.0,3.0,12.279696969696937,20.303030303030305
12.300000000000107,59,62,1,0.022500000000000003,0.1,59.04791170771792,500.0,4.0,12.279696969697078,20.303030303030305
12.325000000000108,77,62,1,0.022500000000000003,0.1,77.72771516205759,500.0,4.0,12.304696969697078,20.303030303030305
12.3333333333333,48,62,0,0.03,0.1,60.23529767288585,500.0,3.0,12.31303030303027,20.303030303030305
12.366666666666633,52,62,0,0.03,0.1,64.78078359595632,500.0,3.0,12.346363636363604,20.303030303030305
12.375000000000108,45,62,1,0.022500000000000003,0.1,45.354958359122506,500.0,4.0,12.354696969697079,20.303030303030305
12.399999999999967,60,62,0,0.03,0.1,73.9309786348324,500.0,3.0,12.379696969696937,20.303030303030305
12.400000000000109,53,62,1,0.022500000000000003,0.1,53.35768252914005,500.0,4.0,12.37969696969708,20.303030303030305
12.425000000000109,59,62,1,0.022500000000000003,0.1,59.56237424298722,500.0,4.0,12.40469696969708,20.303030303030305
12.4333333333333,57,62,0,0.03,0.1,69.20899993041799,500.0,3.0,12.41303030303027,20.303030303030305
12.45000000000011,62,62,1,0.022500000000000003,0.1,62.33605871349784,500.0,4.0,12.42969696969708,20.303030303030305
12.466666666666633,67,62,0,0.03,0.1,80.67055159211094,500.0,3.0,12.446363636363603,20.303030303030305
12.499999999999966,40,62,0,0.03,0.1,52.63346339627472,500.0,3.0,12.479696969696937,20.303030303030305
12.50000000000011,62,62,1,0.022500000000000003,0.1,63.37973180653725,500.0,4.0,12.47969696969708,20.303030303030305
12.52500000000011,47,62,1,0.022500000000000003,0.1,47.985221527771735,500.0,4.0,12.504696969697081,20.303030303030305
12.5333333333333,55,62,0,0.03,0.1,68.37427811251851,500.0,3.0,12.51303030303027,20.303030303030305
12.55000000000011,72,62,1,0.022500000000000003,0.1,73.8601401991033,500.0,4.0,12.529696969697081,20.303030303030305
12.566666666666633,48,62,0,0.03,0.1,61.760083255088176,500.0,3.0,12.546363636363603,20.303030303030305
12.575000000000111,59,62,1,0.022500000000000003,0.1,59.21134868743134,500.0,4.0,12.554696969697082,20.303030303030305
12.599999999999966,69,62,0,0.03,0.1,81.02210815888967,500.0,3.0,12.579696969696936,20.303030303030305
12.625000000000112,62,62,1,0.022500000000000003,0.1,63.29016332522596,500.0,4.0,12.604696969697082,20.303030303030305
12.633333333333299,40,62,0,0.03,0.1,52.24033646059054,500.0,3.0,12.61303030303027,20.303030303030305
12.650000000000112,64,62,1,0.022500000000000003,0.1,64.38483090387632,500.0,4.0,12.629696969697083,20.303030303030305
12.666666666666632,38,62,0,0.03,0.1,51.93867031506455,500.0,3.0,12.646363636363603,20.303030303030305
12.675000000000113,65,62,1,0.022500000000000003,0.1,65.46976589022916,500.0,4.0,12.654696969697083,20.303030303030305
12.699999999999966,41,62,0,0.03,0.1,54.24583060373739,500.0,3.0,12.679696969696936,20.303030303030305
12.700000000000113,64,62,1,0.022500000000000003,0.1,64.29800217616622,500.0,4.0,12.679696969697083,20.303030303030305
12.725000000000113,65,62,1,0.022500000000000003,0.1,66.17013849472842,500.0,4.0,12.704696969697084,20.303030303030305
12.733333333333299,26,62,0,0.03,0.1,39.61060104662585,500.0,3.0,12.71303030303027,20.303030303030305
12.750000000000114,72,62,1,0.022500000000000003,0.1,72.75986428927135,500.0,4.0,12.729696969697084,20.303030303030305
12.766666666666632,41,62,0,0.03,0.1,54.95275179186469,500.0,3.0,12.746363636363602,20.303030303030305
12.775000000000114,60,62,1,0.022500000000000003,0.1,61.88660322913411,500.0,4.0,12.754696969697084,20.303030303030305
12.799999999999965,40,62,0,0.03,0.1,52.7123264490845,500.0,3.0,12.779696969696936,20.303030303030305
12.800000000000114,65,62,1,0.022500000000000003,0.1,66.80643607284972,500.0,4.0,12.779696969697085,20.303030303030305
12.825000000000115,59,62,1,0.022500000000000003,0.1,59.138537334842624,500.0,4.0,12.804696969697085,20.303030303030305
12.833333333333298,48,62,0,0.03,0.1,61.44378035017159,500.0,3.0,12.813030303030269,20.303030303030305
12.850000000000115,72,62,1,0.022500000000000003,0.1,73.82512526831493,500.0,4.0,12.829696969697086,20.303030303030305
12.866666666666632,50,62,0,0.03,0.1,63.28085736746073,500.0,3.0,12.846363636363602,20.303030303030305
12.875000000000115,53,62,1,0.022500000000000003,0.1,53.50663390023101,500.0,4.0,12.854696969697086,20.303030303030305
12.899999999999965,65,62,0,0.03,0.1,78.0112400564725,500.0,3.0,12.879696969696935,20.303030303030305
12.900000000000116,77,62,1,0.022500000000000003,0.1,77.28902815594384,500.0,4.0,12.879696969697086,20.303030303030305
12.925000000000116,59,62,1,0.022500000000000003,0.1,59.614483673814306,500.0,4.0,12.904696969697087,20.303030303030305
12.933333333333298,57,62,0,0.03,0.1,69.12406884658608,500.0,3.0,12.913030303030268,20.303030303030305
12.950000000000117,45,62,1,0.022500000000000003,0.1,46.264559019666734,500.0,4.0,12.929696969697087,20.303030303030305
12.966666666666631,41,62,0,0.03,0.1,54.46172490564093,500.0,3.0,12.946363636363602,20.303030303030305
12.975000000000117,60,62,1,0.022500000000000003,0.1,61.22980238314358,500.0,4.0,12.954696969697087,20.303030303030305
12.999999999999964,38,62,0,0.03,0.1,51.37521915505576,500.0,3.0,12.979696969696935,20.303030303030305
13.000000000000117,53,62,1,0.022500000000000003,0.1,53.46190408824114,500.0,4.0,12.979696969697088,20.303030303030305
13.025000000000118,67,62,1,0.022500000000000003,0.1,68.07017807029175,500.0,4.0,13.004696969697088,20.303030303030305
13.033333333333298,52,62,0,0.03,0.1,64.72242404646245,500.0,3.0,13.013030303030268,20.303030303030305
13.050000000000118,53,62,1,0.022500000000000003,0.1,53.73480979869704,500.0,4.0,13.029696969697088,20.303030303030305
13.066666666666631,35,62,0,0.03,0.1,47.32576121260183,500.0,3.0,13.046363636363601,20.303030303030305
13.075000000000118,55,62,1,0.022500000000000003,0.1,55.716639041138116,500.0,4.0,13.054696969697089,20.303030303030305
13.099999999999964,65,62,0,0.03,0.1,77.58200415220179,500.0,3.0,13.079696969696935,20.303030303030305
13.100000000000119,41,62,1,0.022500000000000003,0.1,41.8604089829229,500.0,4.0,13.079696969697089,20.303030303030305
13.125000000000119,55,62,1,0.022500000000000003,0.1,55.65785933520886,500.0,4.0,13.10469696969709,20.303030303030305
13.133333333333297,59,62,0,0.03,0.1,71.32262515892435,500.0,3.0,13.113030303030268,20.303030303030305
13.15000000000012,36,62,1,0.022500000000000003,0.1,36.73075846436201,500.0,4.0,13.12969696969709,20.303030303030305
13.16666666666663,43,62,0,0.03,0.1,55.49591373979483,500.0,3.0,13.146363636363601,20.303030303030305
13.199999999999964,31,62,0,0.03,0.1,43.553908520727575,500.0,3.0,13.179696969696934,20.303030303030305
13.20000000000012,67,62,1,0.022500000000000003,0.1,67.29998069898525,500.0,4.0,13.17969696969709,20.303030303030305
13.233333333333297,60,62,0,0.03,0.1,72.99717479198796,500.0,3.0,13.213030303030267,20.303030303030305
13.25000000000012,64,62,1,0.022500000000000003,0.1,64.08439259313566,500.0,4.0,13.229696969697091,20.303030303030305
13.26666666666663,45,62,0,0.03,0.1,58.90041748557487,500.0,3.0,13.2463636363636,20.303030303030305
13.275000000000121,50,62,1,0.022500000000000003,0.1,50.717029025959555,500.0,4.0,13.254696969697092,20.303030303030305
13.299999999999963,59,62,0,0.03,0.1,71.88303659494524,500.0,3.0,13.279696969696934,20.303030303030305
13.333333333333297,31,62,0,0.03,0.1,44.69349447557407,500.0,3.0,13.313030303030267,20.303030303030305
13.350000000000122,48,62,1,0.022500000000000003,0.1,48.87969898375159,500.0,4.0,13.329696969697093,20.303030303030305
13.36666666666663,41,62,0,0.03,0.1,54.24599977964378,500.0,3.0,13.3463636363636,20.303030303030305
13.375000000000123,74,62,1,0.022500000000000003,0.1,74.43262369696464,500.0,4.0,13.354696969697093,20.303030303030305
13.399999999999963,48,62,0,0.03,0.1,60.05033951729456,500.0,3.0,13.379696969696933,20.303030303030305
13.400000000000123,67,62,1,0.022500000000000003,0.1,68.42267798952645,500.0,4.0,13.379696969697093,20.303030303030305
13.425000000000123,57,62,1,0.022500000000000003,0.1,57.87874393123523,500.0,4.0,13.404696969697094,20.303030303030305
13.450000000000124,60,62,1,0.022500000000000003,0.1,60.2581040543475,500.0,4.0,13.429696969697094,20.303030303030305
13.46666666666663,43,62,0,0.03,0.1,55.67937147379926,500.0,3.0,13.4463636363636,20.303030303030305
13.475000000000124,62,62,1,0.022500000000000003,0.1,62.00047495629651,500.0,4.0,13.454696969697094,20.303030303030305
13.499999999999963,53,62,0,0.03,0.1,65.97935935053599,500.0,3.0,13.479696969696933,20.303030303030305
13.500000000000124,40,62,1,0.022500000000000003,0.1,40.399345263126804,500.0,4.0,13.479696969697095,20.303030303030305
13.525000000000125,57,62,1,0.022500000000000003,0.1,57.62709712780227,500.0,4.0,13.504696969697095,20.303030303030305
13.533333333333296,36,62,0,0.03,0.1,49.750843877927096,500.0,3.0,13.513030303030266,20.303030303030305
13.550000000000125,53,62,1,0.022500000000000003,0.1,53.452951219221134,500.0,4.0,13.529696969697095,20.303030303030305
13.56666666666663,45,62,0,0.03,0.1,58.63315694379558,500.0,3.0,13.5463636363636,20.303030303030305
13.575000000000125,50,62,1,0.022500000000000003,0.1,50.38444790500881,500.0,4.0,13.554696969697096,20.303030303030305
13.599999999999962,48,62,0,0.03,0.1,61.15483806443423,500.0,3.0,13.579696969696933,20.303030303030305
13.600000000000126,57,62,1,0.022500000000000003,0.1,57.301437188294834,500.0,4.0,13.579696969697096,20.303030303030305
13.625000000000126,77,62,1,0.022500000000000003,0.1,77.25779065775542,500.0,4.0,13.604696969697097,20.303030303030305
13.633333333333296,52,62,0,0.03,0.1,64.93861280696399,500.0,3.0,13.613030303030266,20.303030303030305
13.650000000000126,65,62,1,0.022500000000000003,0.1,66.15209146816329,500.0,4.0,13.629696969697097,20.303030303030305
13.666666666666629,53,62,0,0.03,0.1,66.83150282965335,500.0,3.0,13.6463636363636,20.303030303030305
13.699999999999962,36,62,0,0.03,0.1,49.203435918356455,500.0,3.0,13.679696969696932,20.303030303030305
13.700000000000127,65,62,1,0.022500000000000003,0.1,65.49679470101913,500.0,4.0,13.679696969697098,20.303030303030305
13.725000000000128,72,62,1,0.022500000000000003,0.1,73.43381219122563,500.0,4.0,13.704696969697098,20.303030303030305
13.733333333333295,33,62,0,0.03,0.1,45.272503960938025,500.0,3.0,13.713030303030266,20.303030303030305
13.750000000000128,67,62,1,0.022500000000000003,0.1,68.87648335596258,500.0,4.0,13.729696969697098,20.303030303030305
13.766666666666628,60,62,0,0.03,0.1,72.26569749022569,500.0,3.0,13.746363636363599,20.303030303030305
13.799999999999962,50,62,0,0.03,0.1,63.19021451500408,500.0,3.0,13.779696969696932,20.303030303030305
13.800000000000129,53,62,1,0.022500000000000003,0.1,53.78940693402649,500.0,4.0,13.779696969697099,20.303030303030305
13.825000000000129,65,62,1,0.022500000000000003,0.1,66.70294381069047,500.0,4.0,13.8046969696971,20.303030303030305
13.833333333333295,40,62,0,0.03,0.1,52.81452924905709,500.0,3.0,13.813030303030265,20.303030303030305
13.85000000000013,62,62,1,0.022500000000000003,0.1,63.777459700048794,500.0,4.0,13.8296969696971,20.303030303030305
13.87500000000013,67,62,1,0.022500000000000003,0.1,68.59385491226624,500.0,4.0,13.8546969696971,20.303030303030305
13.899999999999961,48,62,0,0.03,0.1,61.11047648921144,500.0,3.0,13.879696969696932,20.303030303030305
13.90000000000013,65,62,1,0.022500000000000003,0.1,66.09764929614691,500.0,4.0,13.8796969696971,20.303030303030305
13.92500000000013,69,62,1,0.022500000000000003,0.1,70.07570606706562,500.0,4.0,13.9046969696971,20.303030303030305
13.933333333333294,59,62,0,0.03,0.1,71.32125296701274,500.0,3.0,13.913030303030265,20.303030303030305
13.95000000000013,53,62,1,0.022500000000000003,0.1,54.861741969018546,500.0,4.0,13.929696969697101,20.303030303030305
13.966666666666628,48,62,0,0.03,0.1,60.64817742153705,500.0,3.0,13.946363636363598,20.303030303030305
13.975000000000131,72,62,1,0.022500000000000003,0.1,72.64698303008953,500.0,4.0,13.954696969697101,20.303030303030305
13.999999999999961,67,62,0,0.03,0.1,79.78318007886708,500.0,3.0,13.979696969696931,20.303030303030305
14.000000000000131,60,62,1,0.022500000000000003,0.1,61.89695620504704,500.0,4.0,13.979696969697102,20.303030303030305
14.025000000000132,79,62,1,0.022500000000000003,0.1,79.92250437720256,500.0,4.0,14.004696969697102,20.303030303030305
14.033333333333294,64,62,0,0.03,0.1,76.85127208745476,500.0,3.0,14.013030303030265,20.303030303030305
14.050000000000132,53,62,1,0.022500000000000003,0.1,53.38379694634015,500.0,4.0,14.029696969697103,20.303030303030305
14.066666666666627,45,62,0,0.03,0.1,57.6099441746009,500.0,3.0,14.046363636363598,20.303030303030305
14.075000000000133,76,62,1,0.022500000000000003,0.1,76.6652525103864,500.0,4.0,14.054696969697103,20.303030303030305
14.09999999999996,57,62,0,0.03,0.1,69.32708112916181,500.0,3.0,14.079696969696931,20.303030303030305
14.100000000000133,60,62,1,0.022500000000000003,0.1,61.89994352124142,500.0,4.0,14.079696969697103,20.303030303030305
14.125000000000133,53,62,1,0.022500000000000003,0.1,53.74638716530129,500.0,4.0,14.104696969697104,20.303030303030305
14.150000000000134,55,62,1,0.022500000000000003,0.1,55.354695993078515,500.0,4.0,14.129696969697104,20.303030303030305
14.166666666666627,60,62,0,0.03,0.1,73.13886295231055,500.0,3.0,14.146363636363597,20.303030303030305
14.19999999999996,38,62,0,0.03,0.1,50.736734778431,500.0,3.0,14.17969696969693,20.303030303030305
14.200000000000134,64,62,1,0.022500000000000003,0.1,64.0719930854584,500.0,4.0,14.179696969697105,20.303030303030305
14.225000000000135,65,62,1,0.022500000000000003,0.1,65.0192206851408,500.0,4.0,14.204696969697105,20.303030303030305
14.233333333333293,53,62,0,0.03,0.1,66.58609401598501,500.0,3.0,14.213030303030264,20.303030303030305
14.266666666666627,57,62,0,0.03,0.1,70.16087507375605,500.0,3.0,14.246363636363597,20.303030303030305
14.275000000000135,59,62,1,0.022500000000000003,0.1,59.76619591429456,500.0,4.0,14.254696969697106,20.303030303030305
14.29999999999996,31,62,0,0.03,0.1,43.1161009303381,500.0,3.0,14.27969696969693,20.303030303030305
14.300000000000136,79,62,1,0.022500000000000003,0.1,80.5657954426739,500.0,4.0,14.279696969697106,20.303030303030305
14.325000000000136,76,62,1,0.022500000000000003,0.1,76.58441443296684,500.0,4.0,14.304696969697106,20.303030303030305
14.333333333333293,36,62,0,0.03,0.1,48.640718278408556,500.0,3.0,14.313030303030263,20.303030303030305
14.350000000000136,64,62,1,0.022500000000000003,0.1,64.18870722887071,500.0,4.0,14.329696969697107,20.303030303030305
14.366666666666626,28,62,0,0.03,0.1,40.423371093503036,500.0,3.0,14.346363636363597,20.303030303030305
14.375000000000137,60,62,1,0.022500000000000003,0.1,60.364833390414724,500.0,4.0,14.354696969697107,20.303030303030305
14.39999999999996,45,62,0,0.03,0.1,57.41369438933224,500.0,3.0,14.37969696969693,20.303030303030305
14.425000000000137,65,62,1,0.022500000000000003,0.1,65.889772538212,500.0,4.0,14.404696969697108,20.303030303030305
14.433333333333293,53,62,0,0.03,0.1,66.88840565564124,500.0,3.0,14.413030303030263,20.303030303030305
14.450000000000138,50,62,1,0.022500000000000003,0.1,50.181191374095306,500.0,4.0,14.429696969697108,20.303030303030305
14.466666666666626,62,62,0,0.03,0.1,74.42262770012186,500.0,3.0,14.446363636363596,20.303030303030305
14.475000000000138,57,62,1,0.022500000000000003,0.1,57.529185240735885,500.0,4.0,14.454696969697109,20.303030303030305
14.49999999999996,48,62,0,0.03,0.1,60.71130989202984,500.0,3.0,14.47969696969693,20.303030303030305
14.500000000000139,43,62,1,0.022500000000000003,0.1,43.98159289077514,500.0,4.0,14.479696969697109,20.303030303030305
14.525000000000139,62,62,1,0.022500000000000003,0.1,63.83254197701068,500.0,4.0,14.50469696969711,20.303030303030305
14.55000000000014,65,62,1,0.022500000000000003,0.1,66.21308102114631,500.0,4.0,14.52969696969711,20.303030303030305
14.566666666666626,33,62,0,0.03,0.1,46.75102600113704,500.0,3.0,14.546363636363596,20.303030303030305
14.57500000000014,55,62,1,0.022500000000000003,0.1,55.36140996192601,500.0,4.0,14.55469696969711,20.303030303030305
14.599999999999959,31,62,0,0.03,0.1,43.64752858219052,500.0,3.0,14.57969696969693,20.303030303030305
14.60000000000014,74,62,1,0.022500000000000003,0.1,75.11027292758432,500.0,4.0,14.57969696969711,20.303030303030305
14.62500000000014,48,62,1,0.022500000000000003,0.1,48.23264963517752,500.0,4.0,14.60469696969711,20.303030303030305
14.633333333333292,47,62,0,0.03,0.1,59.46674209059246,500.0,3.0,14.613030303030262,20.303030303030305
14.65000000000014,45,62,1,0.022500000000000003,0.1,45.94200114998573,500.0,4.0,14.629696969697111,20.303030303030305
14.666666666666625,50,62,0,0.03,0.1,63.68702830981735,500.0,3.0,14.646363636363596,20.303030303030305
14.675000000000141,62,62,1,0.022500000000000003,0.1,62.15473745817573,500.0,4.0,14.654696969697111,20.303030303030305
14.699999999999958,47,62,0,0.03,0.1,59.686130418296706,500.0,3.0,14.679696969696929,20.303030303030305
14.700000000000141,69,62,1,0.022500000000000003,0.1,70.05214370507669,500.0,4.0,14.679696969697112,20.303030303030305
14.725000000000142,76,62,1,0.022500000000000003,0.1,76.16570583799555,500.0,4.0,14.704696969697112,20.303030303030305
14.733333333333292,28,62,0,0.03,0.1,40.15255583961718,500.0,3.0,14.713030303030262,20.303030303030305
14.750000000000142,55,62,1,0.022500000000000003,0.1,55.594711076458175,500.0,4.0,14.729696969697113,20.303030303030305
14.766666666666625,47,62,0,0.03,0.1,59.144447620677234,500.0,3.0,14.746363636363595,20.303030303030305
14.775000000000142,69,62,1,0.022500000000000003,0.1,70.35533600094044,500.0,4.0,14.754696969697113,20.303030303030305
14.799999999999958,35,62,0,0.03,0.1,47.47709279515341,500.0,3.0,14.779696969696928,20.303030303030305
14.800000000000143,59,62,1,0.022500000000000003,0.1,59.63031869279321,500.0,4.0,14.779696969697113,20.303030303030305
14.825000000000143,57,62,1,0.022500000000000003,0.1,58.34277792056813,500.0,4.0,14.804696969697114,20.303030303030305
14.833333333333291,53,62,0,0.03,0.1,66.42885646876837,500.0,3.0,14.813030303030262,20.303030303030305
14.850000000000144,67,62,1,0.022500000000000003,0.1,68.48313539987205,500.0,4.0,14.829696969697114,20.303030303030305
14.866666666666625,50,62,0,0.03,0.1,63.51934316252974,500.0,3.0,14.846363636363595,20.303030303030305
14.875000000000144,65,62,1,0.022500000000000003,0.1,66.26229963276883,500.0,4.0,14.854696969697114,20.303030303030305
14.899999999999958,38,62,0,0.03,0.1,50.977154051257386,500.0,3.0,14.879696969696928,20.303030303030305
14.900000000000144,43,62,1,0.022500000000000003,0.1,44.8666352929512,500.0,4.0,14.879696969697115,20.303030303030305
14.925000000000145,74,62,1,0.022500000000000003,0.1,74.1747873573686,500.0,4.0,14.904696969697115,20.303030303030305
14.950000000000145,72,62,1,0.022500000000000003,0.1,73.24887699981554,500.0,4.0,14.929696969697115,20.303030303030305
14.966666666666624,36,62,0,0.03,0.1,49.831550189866064,500.0,3.0,14.946363636363595,20.303030303030305
14.975000000000145,53,62,1,0.022500000000000003,0.1,53.99459806550852,500.0,4.0,14.954696969697116,20.303030303030305
14.999999999999957,47,62,0,0.03,0.1,59.39828066617755,500.0,3.0,14.979696969696928,20.303030303030305
15.0,58,105,1,0.009000000000000001,0.012354501489768733,58.63342899060497,843.1055456419508,4.0,14.98642228739003,13.577712609970675
15.0,69,117,0,0.009000000000000001,0.012581649091271099,69.49928480249781,936.3227644659487,3.0,14.988299120234604,11.700879765395896
15.01,67,80,0,0.009000000000000001,0.0019806456078014455,67.77120306254268,644.5944995136243,3.0,14.992512218963832,17.487781036168133
15.01,51,86,1,0.009000000000000001,0.00413597520375362,51.927879512771696,694.6159710117796,4.0,14.99345063538612,16.549364613880744
15.02,53,113,0,0.009000000000000001,0.0028399696999437045,53.004240504156236,909.524930890758,3.0,15.007673509286413,12.32649071358749
15.03,21,89,0,0.009000000000000001,0.0058933732555995575,6.3737653844591335,715.0655960044492,3.0,15.013919843597263,16.080156402737046
15.04,59,44,1,0.009000000000000001,0.0038452386132376464,59.308735327813885,357.3569073267023,4.0,15.016881720430106,23.118279569892472
15.04,65,71,0,0.009000000000000001,0.0017855729761763136,65.64479589251282,573.7570756562325,3.0,15.0211045943304,18.89540566959922
15.049999999999999,79,65,0,0.010461474125463431,0.03487158041821144,79.37503499546602,527.6330449572864,3.0,15.030166177908113,19.83382209188661
15.049999999999999,28,120,1,0.009000000000000001,0.002181313642135448,28.115939303637035,960.6364675484101,4.0,15.038768328445746,11.231671554252198
15.061623860139402,30,48,0,0.009000000000000001,0.01484891690707165,30.101614581607222,391.6115625028449,3.0,15.0391311915177,22.49266862170088
15.059999999999999,76,85,1,0.009000000000000001,0.037503150034284186,76.32517094166776,681.3772729714021,4.0,15.04329423264907,16.705767350928642
15.071623860139402,22,43,0,0.0105018313632732,0.035006104544244,22.65843238824251,351.44772313100884,3.0,15.048349177832462,23.27468230694037
15.069999999999999,55,98,1,0.009000000000000001,0.003143580205799249,55.227606155576375,791.6791047564191,4.0,15.055327468230692,14.672531769305962
15.079999999999998,50,47,1,0.009000000000000001,0.01075584885891871,50.91955481760561,379.5522270877036,4.0,15.057350928641249,22.649071358748778
15.08329256165415,53,82,0,0.009000000000000001,0.0018603794010459394,53.462496708004586,663.8417639892124,3.0,15.066117586092078,17.174975562072337
15.089999999999998,63,124,1,0.009000000000000001,3.926071895142886e-05,63.487633327817704,999.6224767417712,4.0,15.079393939393938,10.606060606060606
15.099999999999998,61,63,1,0.009000000000000001,0.016208715133834338,61.21287222702988,510.046958033808,4.0,15.079853372434016,20.146627565982406
15.10329256165415,89,99,0,0.009000000000000001,0.009600989165734678,89.60848611302487,794.7440518198121,3.0,15.088776432621893,14.516129032258064
15.109999999999998,95,62,1,0.009000000000000001,0.0016400743025106448,95.75526315771248,499.27231719252455,4.0,15.089696969696968,20.303030303030305
15.11329256165415,80,79,0,0.009000000000000001,0.001827719476858468,80.32989623964083,632.2416130248697,3.0,15.095648377880934,17.64418377321603
15.119999999999997,65,44,1,0.009000000000000001,0.004715587929728414,65.94689234524996,354.23853858883786,4.0,15.096881720430105,23.118279569892472
15.129999999999997,98,46,1,0.009000000000000001,0.0001819351175536264,98.4311599626621,371.6325256738442,4.0,15.1071945259042,22.805474095796676
15.13329256165415,52,47,0,0.009000000000000001,0.008803310136359216,52.720596913537236,378.3437335784095,3.0,15.1106434902954,22.649071358748778
15.14329256165415,69,42,0,0.009000000000000001,0.0031436780572810796,69.11342848656297,339.96079926252037,3.0,15.119861476610161,23.43108504398827
15.139999999999997,64,107,1,0.009000000000000001,0.005284783769839866,64.48463285356965,861.2781299128605,4.0,15.126735092864122,13.264907135874878
15.149999999999997,74,69,1,0.009000000000000001,0.006280611740158921,74.13883629054374,553.16625823653,4.0,15.130791788856301,19.208211143695017
15.159999999999997,67,52,1,0.009000000000000001,0.0011473809550171603,67.1037097162311,417.6826683184076,4.0,15.138132942326488,21.867057673509287
15.15329256165415,56,119,0,0.009000000000000001,0.007575140428339439,56.858016653526015,953.7125122695335,3.0,15.141904487362849,11.3880742913001
15.16329256165415,35,81,0,0.009000000000000001,0.00380025611056787,35.16108325122882,655.0643660818747,3.0,15.145961183355029,17.331378299120235
15.173292561654149,63,113,0,0.009000000000000001,0.000424617330010517,63.34422224691034,907.5428061640155,3.0,15.160966070940562,12.32649071358749
15.179999999999996,62,84,1,0.009000000000000001,0.009810734233162786,62.64642044603176,678.152086745033,4.0,15.163137829912019,16.86217008797654
15.183292561654149,70,82,0,0.009000000000000001,0.006064922690920095,70.86083740371203,660.9172200054752,3.0,15.166117586092076,17.174975562072337
15.193292561654149,39,40,0,0.009000000000000001,0.0067108549950886,39.092789663099595,320.9815129108746,3.0,15.169548671136065,23.743890518084065
15.199999999999996,43,110,1,0.009000000000000001,0.00207450818033424,43.74743429632093,885.2552305566967,4.0,15.187204301075264,12.795698924731184
15.203292561654148,69,99,0,0.009000000000000001,0.003680680880137809,69.68136056049786,793.2765339156526,3.0,15.188776432621891,14.516129032258064
15.213292561654148,66,76,0,0.009000000000000001,0.0022546305443661035,66.63765966227827,610.6251535131998,3.0,15.195179169669789,18.113391984359726
15.223292561654148,44,53,0,0.009000000000000001,0.020260316221935165,44.38287510371785,424.0048526131701,3.0,15.201581906717687,21.71065493646139
15.219999999999995,27,80,1,0.009000000000000001,0.002863188675863776,27.236623755436753,642.2656485069165,4.0,15.202512218963827,17.487781036168133
15.233292561654148,59,91,0,0.009000000000000001,0.011796898763803538,59.25869674628208,732.4930681408497,3.0,15.217525210725507,15.76735092864125
15.229999999999995,42,123,1,0.009000000000000001,0.005232489435508993,42.94727809617102,990.5986435455286,4.0,15.219237536656886,10.762463343108504
15.243292561654147,108,87,0,0.009000000000000001,0.020318329093679113,108.0817744123705,699.4268226471808,3.0,15.226899599777315,16.392961876832846
15.239999999999995,47,110,1,0.009000000000000001,0.0005755109694799062,47.17823347288977,885.5078161632863,4.0,15.227204301075263,12.795698924731184
15.249999999999995,63,83,1,0.009000000000000001,0.0071731412423638495,63.62186312700167,668.9053372070737,4.0,15.23298142717497,17.01857282502444
15.253292561654147,64,96,0,0.009000000000000001,0.000308583177339052,64.74158376413718,773.5593700440726,3.0,15.238307224410745,14.985337243401759
15.259999999999994,49,65,1,0.009000000000000001,0.008246110153980522,49.12541785499789,523.1721260111033,4.0,15.240166177908108,19.83382209188661
15.263292561654147,70,95,0,0.009000000000000001,0.0024293199801802396,70.7814824380739,761.21982916286,3.0,15.248150821673697,15.141739980449657
15.269999999999994,48,55,1,0.009000000000000001,0.009001625328667256,48.158622006962645,447.08244315815017,4.0,15.248602150537629,21.397849462365592
15.273292561654147,41,95,0,0.009000000000000001,0.005006515648958589,41.48092026199492,760.4917132221252,3.0,15.258150821673697,15.141739980449657
15.283292561654147,67,41,0,0.022325168729113217,0.07441722909704405,67.11907967222821,333.7484272023892,3.0,15.25970507387311,23.587487781036167
15.279999999999994,74,63,1,0.009000000000000001,0.0012367354370907597,74.01915563565147,508.0498796915672,4.0,15.259853372434012,20.146627565982406
15.299999999999994,88,119,1,0.009000000000000001,0.011954479683386386,88.94684243458279,956.2368206793733,4.0,15.288611925708693,11.3880742913001
15.308098304686494,84,105,0,0.011339589337686688,0.03779863112562229,84.12342175867244,847.6698388407914,3.0,15.294520592076523,13.577712609970675
15.319999999999993,49,43,1,0.009000000000000001,0.002789768950487199,49.8066668126707,350.765621868137,4.0,15.296725317693053,23.27468230694037
15.320697848395035,53,102,0,0.009000000000000001,0.008370551059265525,53.94287895685321,816.9144464759286,3.0,15.306650927573921,14.04692082111437
15.329999999999993,71,72,1,0.009000000000000001,0.012149665279329647,71.99920061423639,581.7684488430993,4.0,15.311260997067441,18.73900293255132
15.330697848395035,21,95,0,0.009000000000000001,0.021079691009583398,19.565150524308912,767.3153698945093,3.0,15.315556108414585,15.141739980449657
15.340697848395035,37,104,0,0.009000000000000001,0.016494578429710735,37.59066593423466,833.599594343631,3.0,15.326963733048016,13.734115347018573
15.350697848395034,90,48,0,0.009000000000000001,0.015985654764477754,90.95415668100898,384.14633875942593,3.0,15.328205179773333,22.49266862170088
15.339999999999993,43,120,1,0.009000000000000001,0.025262294265025246,43.36054210585996,963.4995970775625,4.0,15.32876832844574,11.231671554252198
15.349999999999993,66,67,1,0.009000000000000001,0.0029915734714319594,66.1041962231645,536.0487432844,4.0,15.330478983382202,19.521016617790814
15.359999999999992,59,48,1,0.009000000000000001,0.005146000942652068,59.87749018643367,386.3229437527046,4.0,15.33750733137829,22.49266862170088
15.369999999999992,44,68,1,0.009000000000000001,0.005124441440107728,44.22206895093879,545.496851594459,4.0,15.350635386119249,19.364613880742915
15.370697848395034,29,98,0,0.009000000000000001,0.003924291909431879,29.327457997526974,786.8270446829035,3.0,15.356025316625727,14.672531769305962
15.379999999999992,49,69,1,0.009000000000000001,0.014821010312317478,49.63201492390056,556.5858311654583,4.0,15.360791788856297,19.208211143695017
15.390697848395034,28,43,0,0.009000000000000001,0.0027121064873197793,28.96451223249221,351.23714663791054,3.0,15.367423166088093,23.27468230694037
15.389999999999992,69,50,1,0.009000000000000001,0.004673721522712178,69.06919842199763,405.9873107552595,4.0,15.367820136852387,22.179863147605083
15.399999999999991,38,69,1,0.009000000000000001,0.016017351800499128,38.36411743454026,556.7053360156593,4.0,15.380791788856296,19.208211143695017
15.400697848395033,45,95,0,0.009000000000000001,0.009249495953184562,45.57662488791934,767.7489589885114,3.0,15.385556108414583,15.141739980449657
15.409999999999991,74,92,1,0.009000000000000001,0.001118314345857824,74.48095615073568,739.7446179651308,4.0,15.394389051808398,15.610948191593351
15.410697848395033,21,113,0,0.009000000000000001,0.009662437301484183,6.021702526657464,904.3335547002777,3.0,15.398371357681446,12.32649071358749
15.420697848395033,43,79,0,0.009000000000000001,0.007320580548015936,43.608184071573056,635.4273143408117,3.0,15.403053664621817,17.64418377321603
15.419999999999991,91,117,1,0.009000000000000001,0.0012939359319186039,91.96982862520258,937.9392713514861,4.0,15.408299120234595,11.700879765395896
15.430697848395033,32,72,0,0.009000000000000001,0.00025976553942014475,32.23813859875323,579.1759466278304,3.0,15.41195884546248,18.73900293255132
15.440697848395033,23,84,0,0.009000000000000001,0.008679110548652707,23.212899545703706,673.521782708815,3.0,15.423835678307055,16.86217008797654
15.43999999999999,70,94,1,0.009000000000000001,0.004759466228302756,70.10312465105768,755.5070690336602,4.0,15.424701857282493,15.298142717497555
15.450697848395032,76,100,0,0.009000000000000001,0.009362513582748198,76.31935381240214,802.6861533585461,3.0,15.436338122099823,14.359726295210166
15.460697848395032,73,39,0,0.009338396175012616,0.031127987250042052,73.81124801986633,312.76280787345314,3.0,15.4367975551399,23.900293255131963
15.44999999999999,84,115,1,0.009000000000000001,0.020160648378543686,84.03968408105041,925.7811402237533,4.0,15.437986314760499,12.013685239491693
15.45999999999999,62,102,1,0.009000000000000001,0.025231391471947112,62.349929702607405,818.356664852823,4.0,15.445953079178876,14.04692082111437
15.46999999999999,38,90,1,0.009000000000000001,0.014143928320876784,38.42369867077677,724.7013413790028,4.0,15.454076246334301,15.923753665689148
15.47999999999999,75,45,1,0.009000000000000001,0.0018246636949921732,75.66777301247484,360.2950400843254,4.0,15.457038123167145,22.961876832844574
15.471073844145046,53,118,0,0.009000000000000001,0.0021787991071251294,53.935543487976865,948.9241813574147,3.0,15.459529367116698,11.544477028347998
15.48999999999999,81,52,1,0.009000000000000001,0.006232663761276579,81.17073052981216,421.7841796652625,4.0,15.46813294232648,21.867057673509287
15.481073844145046,69,119,0,0.009000000000000001,0.0006215990193872064,69.41002871282086,954.10521876386,3.0,15.469685769853745,11.3880742913001
15.491073844145046,59,59,0,0.009000000000000001,0.004332824793065384,59.191523354190814,479.74359740435557,3.0,15.47030160563087,20.772238514174
15.501073844145045,37,64,0,0.009000000000000001,0.0033529499259166195,37.19164360555837,515.1029754484006,3.0,15.481083619316111,19.990224828934508
15.49999999999999,58,85,1,0.009000000000000001,0.004117000737415674,58.774544037240425,684.9138448093473,4.0,15.48329423264906,16.705767350928642
15.50999999999999,54,95,1,0.009000000000000001,0.009664861891767072,54.07475048235143,764.443241590097,4.0,15.494858260019539,15.141739980449657
15.511073844145045,21,90,0,0.009000000000000001,0.016246830199654234,14.109524133963355,727.2336483176429,3.0,15.495150090479356,15.923753665689148
15.519999999999989,51,112,1,0.009000000000000001,0.0180966673005368,51.18437647995557,896.076020328548,4.0,15.507517106549354,12.482893450635387
15.531073844145045,56,97,0,0.009000000000000001,0.005336663339591021,56.777565519419745,776.782497775488,3.0,15.51624490963869,14.82893450635386
15.529999999999989,53,122,1,0.009000000000000001,0.0017032913210886145,53.39064098836623,982.3320569353367,4.0,15.519081133919832,10.918866080156402
15.551073844145044,63,59,0,0.009000000000000001,0.012345909994396855,63.851428967972296,479.5939485909546,3.0,15.53030160563087,20.772238514174
15.549999999999988,60,93,1,0.009000000000000001,0.003610642215609872,60.017007064332525,746.7570905284281,4.0,15.534545454545443,15.454545454545453
15.561073844145044,37,79,0,0.009884588915423776,0.032948629718079256,37.50652682798825,638.4819527039473,3.0,15.543429660371828,17.64418377321603
15.559999999999988,108,94,1,0.009000000000000001,0.004307934830300977,112.93270963836994,756.9096866440568,4.0,15.54470185728249,15.298142717497555
15.569999999999988,88,69,1,0.009000000000000001,0.002952657201969404,88.78408274227803,555.1964992639051,4.0,15.550791788856293,19.208211143695017
15.572056720717738,46,92,0,0.009000000000000001,0.016398587174353593,46.1048818753399,743.2059629158157,3.0,15.556445772526144,15.610948191593351
15.579999999999988,71,86,1,0.009000000000000001,0.018558534790312865,71.7342537513367,693.8587960319196,4.0,15.563450635386108,16.549364613880744
15.582056720717738,61,90,0,0.009072601560374198,0.030242005201247327,61.52852144763878,721.1282741024318,3.0,15.566132967052049,15.923753665689148
15.592137389118154,53,56,0,0.009000000000000001,0.01710302214707729,53.18539653881916,448.43138793575866,3.0,15.570895942392836,21.241446725317694
15.589999999999987,49,99,1,0.009000000000000001,0.014362727779971749,49.048727219457135,799.5251563844301,4.0,15.57548387096773,14.516129032258064
15.599999999999987,85,75,1,0.009000000000000001,0.00232577278553416,85.41073616376593,602.4813657613506,4.0,15.58173020527858,18.269794721407624
15.602137389118154,69,73,0,0.009000000000000001,0.009441270647095304,69.62861319184536,587.7199288646933,3.0,15.58355478892265,18.58260019550342
15.609999999999987,64,77,1,0.009000000000000001,0.033989230765552596,64.75515962726101,616.5505700712026,4.0,15.592043010752676,17.956989247311828
15.619999999999987,72,65,1,0.009000000000000001,0.0015406725941936941,72.55295119112539,523.804594537898,4.0,15.6001661779081,19.83382209188661
15.622137389118153,78,61,0,0.009000000000000001,0.015165192957924487,78.0330236898227,492.3642248836953,3.0,15.601677956078076,20.459433040078203
15.632137389118153,103,45,0,0.009000000000000001,0.01729428925519035,103.66975312076772,366.87471968426775,3.0,15.609175512285308,22.961876832844574
15.629999999999987,56,114,1,0.009000000000000001,0.020256972683862264,56.92735516840229,916.8754771773229,4.0,15.617829912023447,12.170087976539591
15.639999999999986,65,64,1,0.009000000000000001,0.004310699177842094,65.32446040327308,518.0586093097902,4.0,15.620009775171052,19.990224828934508
15.642137389118153,40,77,0,0.009000000000000001,0.009777920690653742,40.12334444962167,616.2373751160603,3.0,15.624180399870841,17.956989247311828
15.649999999999986,50,76,1,0.009000000000000001,0.015275059793523485,50.1186820522658,609.8583937823032,4.0,15.631886608015627,18.113391984359726
15.662137389118152,42,45,0,0.009000000000000001,0.0024429032668853937,42.36215005253281,367.0001888641132,3.0,15.639175512285307,22.961876832844574
15.659999999999986,46,76,1,0.009000000000000001,0.006641064587952707,46.70475483414127,610.1891417260401,4.0,15.641886608015627,18.113391984359726
15.669999999999986,91,69,1,0.009000000000000001,0.004719101956202916,91.40920029413478,557.138360694096,4.0,15.65079178885629,19.208211143695017
15.672137389118152,89,85,0,0.009000000000000001,0.00023922459931573992,89.39002650302743,682.688188899849,3.0,15.655431621767223,16.705767350928642
15.679999999999986,47,83,1,0.009000000000000001,0.0074643525667906635,47.74323327576565,666.9783043764157,4.0,15.66298142717496,17.01857282502444
15.682137389118152,98,71,0,0.009000000000000001,0.0026389666294128885,98.96151749517709,573.6341971338602,3.0,15.663241983448552,18.89540566959922
15.689999999999985,87,61,1,0.009000000000000001,0.011108690734334094,87.38071717465792,488.6076124125585,4.0,15.669540566959908,20.459433040078203
15.692137389118152,67,49,0,0.009000000000000001,0.00902576047539322,67.54520385731634,395.5078267897132,3.0,15.6698011232335,22.33626588465298
15.702137389118151,59,72,0,0.009000000000000001,0.011879175624204636,59.949988861915585,583.0231376730045,3.0,15.6833983861856,18.73900293255132
15.699999999999985,63,88,1,0.009000000000000001,0.0032506942337244354,63.4777912639417,704.0306733563162,4.0,15.6837634408602,16.236559139784944
15.709999999999985,66,40,1,0.009000000000000001,0.010433291195260189,66.74311970796238,320.50961017239285,4.0,15.686256109481901,23.743890518084065
15.722137389118151,86,46,0,0.009000000000000001,0.0013741812413658311,86.49717927560049,372.87675456891645,3.0,15.699331915022354,22.805474095796676
15.719999999999985,108,68,1,0.009000000000000001,0.009626042500641285,132.35308102325303,551.596678781572,4.0,15.700635386119242,19.364613880742915
15.712137389118151,83,124,0,0.009000000000000001,0.005589653256517157,83.43321488309047,993.8791955915318,3.0,15.701531328512091,10.606060606060606
15.729999999999984,75,54,1,0.009000000000000001,0.0008498495634527712,75.03827519990149,435.3374635284365,4.0,15.708445747800571,21.55425219941349
15.73213738911815,21,44,0,0.009000000000000001,0.012885827656735422,21.046898556822107,355.5935582922906,3.0,15.709019109548258,23.118279569892472
15.739999999999984,38,42,1,0.009000000000000001,0.03010738571189603,38.941086239925596,336.8968528974073,4.0,15.716568914955996,23.43108504398827
15.74213738911815,73,115,0,0.009000000000000001,0.0008955087106390794,73.52029110012057,925.9336122648828,3.0,15.73012370387866,12.013685239491693
15.75213738911815,33,68,0,0.009000000000000001,0.00213029031859964,33.58129721191956,548.4974140823562,3.0,15.732772775237407,19.364613880742915
15.76213738911815,42,82,0,0.009000000000000001,0.0007195136073162983,42.928833005747094,663.3418536357892,3.0,15.744962413556078,17.174975562072337
15.769999999999984,61,54,1,0.009000000000000001,0.0018420722848603804,61.326302301096426,432.95432056271403,4.0,15.74844574780057,21.55425219941349
15.77213738911815,45,84,0,0.009000000000000001,0.0007000684637744137,45.07636078784661,678.0083402231573,3.0,15.755275219030173,16.86217008797654
15.779999999999983,36,93,1,0.009000000000000001,0.006175058456833166,36.45351086520635,751.6663511873321,4.0,15.764545454545438,15.454545454545453
15.78213738911815,76,94,0,0.009000000000000001,0.02120922816489742,76.83295355614135,755.6141583330359,3.0,15.766839246400652,15.298142717497555
15.789999999999983,40,109,1,0.009000000000000001,0.01052602400797549,40.072787232379014,877.1619488599505,4.0,15.777047898338203,12.952101661779082
15.79213738911815,31,96,0,0.009000000000000001,0.007613356325747317,31.857521835328413,768.6408686387331,3.0,15.777152051874747,14.985337243401759
15.80213738911815,30,95,0,0.015418490024121915,0.05139496674707305,30.396765569277463,763.287432894565,3.0,15.7869956491377,15.141739980449657
15.799999999999983,55,123,1,0.009000000000000001,0.005407842125484677,55.84358785449182,986.0038242377718,4.0,15.789237536656874,10.762463343108504
15.809999999999983,52,99,1,0.009000000000000001,0.009069806436372656,52.16009379719551,796.8159593607143,4.0,15.795483870967725,14.516129032258064
15.819269044700507,53,42,0,0.009000000000000001,0.008159555109679813,53.74803451347066,342.09963982054967,3.0,15.795837959656518,23.43108504398827
15.819999999999983,46,87,1,0.009000000000000001,7.385031969425602e-05,46.669324971239966,698.4611484640136,4.0,15.80360703812315,16.392961876832846
15.829269044700506,101,121,0,0.009000000000000001,0.00826214260143961,101.44401221325026,970.3376991537662,3.0,15.818193775883302,11.0752688172043
15.829999999999982,60,122,1,0.009000000000000001,0.02535410987728715,60.524777812373344,977.8933913502855,4.0,15.819081133919825,10.918866080156402
15.839269044700506,36,84,0,0.009000000000000001,0.0019273916294070355,36.223382672695124,675.0793791311569,3.0,15.822406874612529,16.86217008797654
15.839999999999982,76,96,1,0.009000000000000001,0.007777309800773883,76.00094546060663,771.5268823976866,4.0,15.82501466275658,14.985337243401759
15.849269044700506,75,76,0,0.009000000000000001,0.0010167448370236088,75.1059260372829,615.2596553807296,3.0,15.831155652716147,18.113391984359726
15.849999999999982,58,78,1,0.009000000000000001,0.0006710103307627977,58.49722035328986,626.0079043672483,4.0,15.832199413489718,17.80058651026393
15.859999999999982,21,88,1,0.009000000000000001,0.0027475929039765356,0.6825622004577383,707.5013619703194,4.0,15.843763440860197,16.236559139784944
15.859269044700506,91,107,0,0.009000000000000001,0.014112566585424566,91.53622739145358,856.8149725528104,3.0,15.84600413756463,13.264907135874878
15.869269044700506,30,58,0,0.009000000000000001,0.02619734692704209,30.85095624656624,464.24945729881745,3.0,15.848340403449283,20.928641251221897
15.879999999999981,71,67,1,0.009000000000000001,0.007006138561116621,71.78558504268855,536.8575061476511,4.0,15.86047898338219,19.521016617790814
15.879269044700505,61,111,0,0.009000000000000001,0.005096861329145348,61.75192214336058,889.4233060634949,3.0,15.866629748512823,12.639296187683286
15.889269044700505,78,92,0,0.009000000000000001,0.007359669552982863,78.72187631319798,736.5099816019317,3.0,15.873658096508912,15.610948191593351
15.889999999999981,83,117,1,0.009000000000000001,0.02741447060897155,83.72770750479644,938.5452998744275,4.0,15.878299120234585,11.700879765395896
15.89999999999998,65,83,1,0.009000000000000001,0.002348978625844537,65.57967884206481,671.0366374486666,4.0,15.882981427174956,17.01857282502444
15.899269044700505,47,109,0,0.009000000000000001,0.0009334897954302181,47.34073623326745,878.2473411767699,3.0,15.886316943038725,12.952101661779082
15.90999999999998,81,59,1,0.009000000000000001,0.00028235960383236116,81.63591679542557,472.65951279134447,4.0,15.889227761485806,20.772238514174
15.909269044700505,68,99,0,0.009000000000000001,0.015233890670186653,68.68023805016773,796.1212884200835,3.0,15.894752915668247,14.516129032258064
15.919269044700505,34,69,0,0.009000000000000001,0.0003683036805155312,34.30573588234555,552.0954852300633,3.0,15.90006083355681,19.208211143695017
15.92999999999998,108,86,1,0.009000000000000001,0.003281804122525437,109.37452475985623,695.4668253567313,4.0,15.9134506353861,16.549364613880744
15.929269044700504,38,119,0,0.009000000000000001,0.0009172364057237763,38.64609355712235,955.870476121744,3.0,15.917880970409204,11.3880742913001
15.939269044700504,39,76,0,0.009000000000000001,0.008069930187631816,39.645631215858444,613.041778353385,3.0,15.921155652716145,18.113391984359726
15.93999999999998,96,98,1,0.009000000000000001,0.0009227126970243187,96.19229457095463,785.3805974003308,4.0,15.925327468230673,14.672531769305962
15.949269044700504,21,82,0,0.009000000000000001,0.00917777670220792,21.575536855157942,660.9755993875484,3.0,15.932094069138431,17.174975562072337
15.959269044700504,66,111,0,0.009000000000000001,0.025181570465176467,66.03133537935312,895.9974704215671,3.0,15.946629748512821,12.639296187683286
15.961679006160441,44,112,1,0.009000000000000001,0.006895323203947224,44.05909574529044,899.8650909085717,4.0,15.949196112709807,12.482893450635387
15.969269044700503,59,118,0,0.009000000000000001,0.002338386838394319,59.96278785993833,951.4166502507413,3.0,15.957724567672155,11.544477028347998
15.98167900616044,52,65,1,0.009000000000000001,0.002275420961597777,52.18246907398927,520.2113433898465,4.0,15.961845184068554,19.83382209188661
15.979269044700503,49,114,0,0.009000000000000001,0.0012371277950994294,49.4739070498249,914.5820243115487,3.0,15.967098956723964,12.170087976539591
15.989269044700503,87,108,0,0.009000000000000001,0.02025382919155627,87.99126593368294,864.1477800823347,3.0,15.976160540301676,13.10850439882698
15.99167900616044,77,119,1,0.009000000000000001,0.007176213992322658,77.77308878098647,958.4831314062623,4.0,15.98029093186914,11.3880742913001
15.999269044700503,47,72,0,0.009000000000000001,0.015607926935642611,47.829046558641835,582.086125135613,3.0,15.98053004176795,18.73900293255132
16.00167900616044,82,72,1,0.009000000000000001,0.0004896061161024741,82.55953963422769,577.2381342048268,4.0,15.982940003227888,18.73900293255132
16.011679006160442,50,74,1,0.009000000000000001,0.002220902282501086,50.650972930004315,597.3559269319883,4.0,15.993252808701987,18.426197458455523
16.009269044700503,54,98,0,0.009000000000000001,0.0019058502336665756,54.3274863098641,786.4657622317231,3.0,15.994596512931196,14.672531769305962
16.021679006160443,63,81,1,0.009000000000000001,0.004870317913667741,63.43079064276933,653.5808890208044,4.0,16.004347627861325,17.331378299120235
16.019269044700504,61,109,0,0.009000000000000001,0.004248004262131064,61.21285957425614,875.7363945440527,3.0,16.006316943038726,12.952101661779082
16.031679006160445,65,78,1,0.010021986096576112,0.044542160429227165,65.44108047217358,625.6942718931464,4.0,16.01387841965018,17.80058651026393
16.029269044700506,64,112,0,0.009000000000000001,0.0014216820876655945,64.09193364097034,903.4101375908358,3.0,16.01678615124987,12.482893450635387
16.042814546267753,49,51,1,0.009000000000000001,0.0006000251061428593,49.50702127325076,409.83183690228407,4.0,16.020791085857194,22.023460410557185
16.039269044700507,108,104,0,0.009000000000000001,0.02560801448616133,119.15706326058441,835.3668606320969,3.0,16.025534929353487,13.734115347018573
16.04926904470051,52,81,0,0.009000000000000001,0.0019217630845457928,52.79663317458021,651.7962535244096,3.0,16.03193766640139,17.331378299120235
16.05926904470051,51,43,0,0.009000000000000001,0.005085998156695678,51.07889032097038,347.7206165698455,3.0,16.03599436239357,23.27468230694037
16.052814546267754,21,104,1,0.009000000000000001,0.029481833808536816,20.981241646195585,836.7942284724412,4.0,16.039080430920734,13.734115347018573
16.069269044700512,36,49,0,0.009000000000000001,0.00026150879968812646,36.184481615133734,394.61640240837596,3.0,16.046932778815858,22.33626588465298
16.062814546267756,98,119,1,0.009000000000000001,0.003123671923215122,98.11905964931867,958.8952502347586,4.0,16.051426471976455,11.3880742913001
16.072814546267757,75,82,1,0.009000000000000001,0.02133985158334065,75.63060105884853,660.6345582967496,4.0,16.055639570705686,17.174975562072337
16.08281454626776,101,47,1,0.009000000000000001,0.014901121553535597,101.81702603286094,380.3193708367343,4.0,16.06016547490901,22.649071358748778
16.079269044700514,72,75,0,0.009899860019931322,0.032999533399771075,72.18618408747601,602.7485148310924,3.0,16.060999249979105,18.269794721407624
16.090268889167103,61,81,0,0.009000000000000001,0.0037369922833070408,61.29572204269903,654.2993039881709,3.0,16.072937510867984,17.331378299120235
16.09281454626776,108,83,1,0.009000000000000001,0.001348324191825476,109.30772256788593,670.6735305157201,4.0,16.075795973442737,17.01857282502444
16.100268889167104,66,56,0,0.009000000000000001,0.0057894689062654835,66.79918604256378,451.2267277567197,3.0,16.079027442441788,21.241446725317694
16.102814546267762,62,84,1,0.009000000000000001,0.0031315243221373278,62.07432453810102,677.4356558891201,4.0,16.085952376179787,16.86217008797654
16.110268889167106,40,94,0,0.009000000000000001,0.009665002845057637,40.961234547991836,755.1407646787073,3.0,16.094970746449608,15.298142717497555
16.112814546267764,49,79,1,0.009000000000000001,0.03467808146904949,49.82150842598162,638.9491975433491,4.0,16.095170362494546,17.64418377321603
16.120268889167107,43,124,0,0.009000000000000001,0.0016490395155444643,43.47199788088936,996.406422018837,3.0,16.109662828561046,10.606060606060606
16.122814546267765,88,124,1,0.009000000000000001,0.0006571407730269342,88.91026990484136,997.794498997008,4.0,16.112208485661704,10.606060606060606
16.132814546267767,64,65,1,0.009000000000000001,0.005627211585675361,64.38091432518422,524.2091197477198,4.0,16.11298072417588,19.83382209188661
16.13026888916711,58,98,0,0.009000000000000001,0.0005951708142442368,58.49623305114133,786.5246602009872,3.0,16.115596357397802,14.672531769305962
16.14026888916711,46,48,0,0.01234589423297086,0.04115298077656953,46.47242334176778,384.9694575957002,3.0,16.11777622054541,22.49266862170088
16.14281454626777,70,73,1,0.009000000000000001,0.02371434727796992,70.84953624363875,584.0000969266634,4.0,16.124231946072264,18.58260019550342
16.153986549425966,50,46,0,0.009000000000000001,0.003613647059411098,50.13765224881958,370.7320677074527,3.0,16.13118107533017,22.805474095796676
16.15281454626777,30,67,1,0.009000000000000001,0.0004195009408073032,30.978851268403684,543.1019320139884,4.0,16.13329352964998,19.521016617790814
16.16281454626777,67,60,1,0.009000000000000001,0.0030819574308300567,67.5146824457734,487.6330311650464,4.0,16.142198710490646,20.6158357771261
16.172814546267773,63,42,1,0.009000000000000001,0.016684765942617596,63.11596599091278,338.7518718568867,4.0,16.149383461223785,23.43108504398827
16.163986549425967,60,124,0,0.009000000000000001,0.011781794699281834,60.37648113109445,997.6877976970837,3.0,16.153380488819906,10.606060606060606
16.17398654942597,42,91,0,0.009000000000000001,0.016818487766767153,42.51043964701432,730.6536067617076,3.0,16.158219198497328,15.76735092864125
16.18398654942597,71,74,0,0.009000000000000001,0.0036564883308698526,71.9886476422898,598.25836872326,3.0,16.165560351967514,18.426197458455523
16.182814546267775,76,109,1,0.009000000000000001,0.007724523487022353,76.94708517862384,876.727467137265,4.0,16.169862444605997,12.952101661779082
16.192814546267776,88,122,1,0.009000000000000001,0.010427608159525663,88.57790678460594,978.2610780220039,4.0,16.18189568018762,10.918866080156402
16.193986549425972,108,115,0,0.009000000000000001,0.0014007892586034513,114.92836965114412,920.6229506683267,3.0,16.18197286418648,12.013685239491693
16.203986549425974,47,73,0,0.009000000000000001,0.005974455297927822,47.8294105408174,589.8908267702489,3.0,16.18540394923047,18.58260019550342
16.21281454626778,79,48,1,0.009000000000000001,0.007511528927398088,79.33425203988422,388.8109796441653,4.0,16.190321877646078,22.49266862170088
16.213986549425975,31,101,0,0.009000000000000001,0.017575777510905333,31.89499549977949,813.5300663929814,3.0,16.19978322586781,14.203323558162268
16.223986549425977,59,79,0,0.009000000000000001,0.014666583261701917,59.28262862634481,636.9409061447266,3.0,16.20634236565276,17.64418377321603
16.23398654942598,55,60,0,0.009000000000000001,0.000193788394664463,55.81647107916605,481.86924612152393,3.0,16.213370713648853,20.6158357771261
16.232814546267782,51,80,1,0.009000000000000001,0.0021671487418012995,51.98188418939198,643.9313023384916,4.0,16.215326765231616,17.487781036168133
16.24398654942598,62,56,0,0.009000000000000001,0.014283246817143781,62.61229512501889,450.6413104120662,3.0,16.222745102700664,21.241446725317694
16.242814546267784,30,100,1,0.009000000000000001,0.030058545632917648,30.393277823138263,800.2872623046355,4.0,16.228454819972573,14.359726295210166
16.252814546267786,21,63,1,0.009000000000000001,0.009258178644358017,14.435447278450283,509.24830506883325,4.0,16.232667918701804,20.146627565982406
16.25398654942598,33,58,0,0.009000000000000001,0.0001219483024877762,33.152845723228616,468.84102031967905,3.0,16.23305790817476,20.928641251221897
16.262814546267787,52,39,1,0.009000000000000001,0.005290174216094635,52.196094421881,318.08728055400786,4.0,16.238914253012656,23.900293255131963
16.263986549425983,36,85,0,0.011173365069428634,0.03724455023142878,36.141450406987374,683.5716422815851,3.0,16.247280782075055,16.705767350928642
16.28281454626779,58,38,1,0.009000000000000001,0.002246136717730347,58.78888686233188,306.9784643141629,4.0,16.25875785027561,24.05669599217986
16.27281454626779,37,105,1,0.009000000000000001,0.0025074536557093898,37.509190914270405,846.3297968661085,4.0,16.25923683365782,13.577712609970675
16.276401399503126,59,111,0,0.009000000000000001,0.006058276310869285,59.25746406826502,891.0499579177311,3.0,16.263762103315443,12.639296187683286
16.286401399503127,31,65,0,0.009000000000000001,0.0010323231608662382,31.366561082154327,527.273148823042,3.0,16.26656757741124,19.83382209188661
16.292814546267792,40,108,1,0.009000000000000001,0.0008857567742582314,40.09181858683158,865.3381086940826,4.0,16.279706041868966,13.10850439882698
16.302814546267793,51,105,1,0.009000000000000001,0.014761024227580853,51.91062033492899,847.9940325906603,4.0,16.289236833657824,13.577712609970675
16.30640139950313,39,106,0,0.009000000000000001,0.0047142589642159265,39.00431087817314,849.5115806859399,3.0,16.29298008963021,13.421309872922777
16.312814546267795,63,107,1,0.009000000000000001,0.01867631158170628,63.30999650203344,859.3575020403681,4.0,16.29954963913192,13.264907135874878
16.316401399503132,21,121,0,0.009000000000000001,0.022264085163237465,5.367035793791942,968.7342805527497,3.0,16.305326130685927,11.0752688172043
16.326401399503133,87,75,0,0.009000000000000001,0.015460096304556976,87.41583490892044,606.3221868387743,3.0,16.308131604781725,18.269794721407624
16.322814546267796,73,101,1,0.009000000000000001,0.0071025068579396505,73.98433951236446,809.013966818097,4.0,16.308611222709633,14.203323558162268
16.332814546267798,49,51,1,0.009000000000000001,0.03950824874529127,49.183703604054415,408.98481842915305,4.0,16.31079108585724,22.023460410557185
16.3428145462678,75,53,1,0.009000000000000001,0.002557501440337658,75.17090273346747,430.8351075150827,4.0,16.321103891331337,21.71065493646139
16.336401399503135,33,111,0,0.009000000000000001,0.002939290402489777,33.10026322751071,888.6101055981459,3.0,16.323762103315453,12.639296187683286
16.346401399503137,57,93,0,0.009000000000000001,0.00039184116743756054,57.87977618378172,746.0410337657963,3.0,16.33094685404859,15.454545454545453
16.3528145462678,45,124,1,0.009000000000000001,0.0006898554632446561,45.05405855995424,998.99256460994,4.0,16.34220848566174,10.606060606060606
16.356401399503138,82,115,0,0.009000000000000001,0.010769112357162623,82.11239047167591,926.5824184945754,3.0,16.344387714263647,12.013685239491693
16.36640139950314,44,82,0,0.009000000000000001,0.010124428920042712,44.62815756553958,662.8856153616429,3.0,16.34922642394107,17.174975562072337
16.372814546267804,85,116,1,0.009000000000000001,0.00808828531528699,85.3925373147795,931.141860640452,4.0,16.36095726376536,11.857282502443795
16.37640139950314,64,102,0,0.009000000000000001,0.001627177737566215,64.04148461940592,816.2036381050399,3.0,16.362354478682025,14.04692082111437
16.386401399503143,54,44,0,0.009000000000000001,0.007178947323254283,54.504411324234084,359.35441123206226,3.0,16.36328311993325,23.118279569892472
16.382814546267806,79,115,1,0.009000000000000001,0.02606301516859094,79.15343696045622,921.7905375580542,4.0,16.370800861028314,12.013685239491693
16.396401399503144,62,43,0,0.009000000000000001,0.012599203799829267,62.16102810367887,350.45903519907137,3.0,16.373126717196204,23.27468230694037
16.392814546267807,31,90,1,0.009000000000000001,0.006160786475974976,31.75987610231848,724.8811813919858,4.0,16.37689079260212,15.923753665689148
16.40281454626781,59,45,1,0.009000000000000001,0.002088707106295546,59.05832463123015,360.2812773544617,4.0,16.379852669434964,22.961876832844574
16.406401399503146,40,63,0,0.009000000000000001,0.0007392292686901208,40.740174402920466,507.57490690135864,3.0,16.386254771937164,20.146627565982406
16.41281454626781,21,81,1,0.009000000000000001,0.00819020330158421,17.88507018906271,651.9484092926764,4.0,16.395483167968692,17.331378299120235
16.416401399503147,91,105,0,0.009000000000000001,0.004303264506668801,91.17147179632926,842.2574718268273,3.0,16.40282368689318,13.577712609970675
16.42640139950315,49,46,0,0.009000000000000001,0.010828490176285033,49.16616821758466,368.87695479937815,3.0,16.403595925407352,22.805474095796676
16.432814546267814,43,38,1,0.009000000000000001,0.008810547149463607,43.817032977962825,305.94690502504665,4.0,16.408757850275634,24.05669599217986
16.442814546267815,38,42,1,0.009000000000000001,0.014313167606257017,38.84580225198353,337.05515489817276,4.0,16.419383461223827,23.43108504398827
16.446401399503152,74,70,0,0.009000000000000001,0.003079479495535903,74.57114641880685,567.3577477570271,3.0,16.427349591096505,19.05180840664712
16.452814546267817,93,121,1,0.009000000000000001,0.014062217585225419,93.6999825624095,968.6226123346927,4.0,16.441739277450612,11.0752688172043
16.46281454626782,36,87,1,0.009000000000000001,0.002746363340482561,36.19095454134879,703.8552863413878,4.0,16.446421584390986,16.392961876832846
16.466401399503155,75,83,0,0.009000000000000001,0.009545456284794805,75.40049849171159,671.2114932744108,3.0,16.449382826678132,17.01857282502444
16.47281454626782,46,68,1,0.009000000000000001,0.0016823097059608422,46.711316324748665,549.3357604229657,4.0,16.453449932387077,19.364613880742915
16.48281454626782,21,74,1,0.009000000000000001,0.011940654246732532,10.549367102181861,594.1747212652793,4.0,16.464388348809365,18.426197458455523
16.476401399503157,89,122,0,0.009000000000000001,0.0004285658730910904,89.39105009343197,977.9421443160686,3.0,16.465482533423,10.918866080156402
16.492814546267823,86,38,1,0.009000000000000001,0.00825789557329291,86.18320018846606,304.1053095210129,4.0,16.468757850275644,24.05669599217986
16.48640139950316,94,102,0,0.009000000000000001,0.0160302944884436,94.9348485619468,823.6512256006724,3.0,16.472354478682043,14.04692082111437
16.49640139950316,103,94,0,0.009000000000000001,0.016700895338438767,103.18251780045598,759.5350251320518,3.0,16.481103256785662,15.298142717497555
16.502814546267825,71,61,1,0.009000000000000001,0.0008176321104909191,71.04130419471466,489.4785230112118,4.0,16.482355113227747,20.459433040078203
16.50640139950316,73,57,0,0.009000000000000001,0.0013707566198038496,73.36370017859996,457.23092829069634,3.0,16.485316355514893,21.085043988269796
16.512814546267826,65,87,1,0.009000000000000001,0.004628158228253819,65.43612845076693,698.2449840913014,4.0,16.496421584390994,16.392961876832846
16.516401399503163,54,75,0,0.009000000000000001,0.004654811094126797,54.951116194534904,602.4538180609372,3.0,16.498131604781754,18.269794721407624
16.522814546267828,66,73,1,0.009000000000000001,0.02134607331993112,66.1062349782413,587.2126053108634,4.0,16.504231946072323,18.58260019550342
16.53281454626783,45,41,1,0.009000000000000001,0.006362017884461855,45.077535532003175,334.40387324162396,4.0,16.509227058486793,23.587487781036167
16.536401399503166,63,54,0,0.009000000000000001,0.0012954093800495235,63.54478380544265,438.2293429019561,3.0,16.51484714730375,21.55425219941349
16.546401399503168,27,108,0,0.009000000000000001,0.02179703081100552,27.826723679908127,871.1628572780321,3.0,16.533292895104342,13.10850439882698
16.552814546267832,94,112,1,0.009000000000000001,0.004845392801568471,94.53183310690135,898.0796593279762,4.0,16.540331652817198,12.482893450635387
16.55640139950317,81,111,0,0.009000000000000001,0.019759467391996955,81.9120052865832,892.5600370831946,3.0,16.543762103315487,12.639296187683286
16.56640139950317,80,77,0,0.009000000000000001,0.02512399543274232,80.10150488060094,622.377648091898,3.0,16.548444410255858,17.956989247311828
16.572814546267836,51,88,1,0.009000000000000001,0.025352292708595753,51.6296528472086,707.1121864948287,4.0,16.55657798712805,16.236559139784944
16.576401399503172,40,101,0,0.009000000000000001,0.018451510870734517,40.47251145456781,809.9434740131292,3.0,16.56219807594501,14.203323558162268
16.586401399503174,35,85,0,0.009000000000000001,0.01498108753865593,35.068756127938656,681.5188432278569,3.0,16.569695632152246,16.705767350928642
16.582814546267837,21,108,1,0.009000000000000001,0.007624548346102644,18.98007467542906,864.974914223659,4.0,16.56970604186901,13.10850439882698
16.59281454626784,89,47,1,0.009000000000000001,0.007408390715827051,89.51412313339154,381.7235319381569,4.0,16.57016547490909,22.649071358748778
16.60281454626784,77,64,1,0.009000000000000001,0.0013818807510768477,77.3845082703763,515.8464851733391,4.0,16.582824321438906,19.990224828934508
16.596401399503176,72,119,0,0.012533779785050835,0.04177926595016945,72.06960971793926,956.1716465479833,3.0,16.585013325211875,11.3880742913001
16.610327821486564,57,101,0,0.009000000000000001,0.0004413344611758607,57.73507799915085,808.1859369897068,3.0,16.5961244979284,14.203323558162268
16.612814546267842,61,104,1,0.009000000000000001,0.020366975721761566,61.46775503845708,834.8669106052155,4.0,16.59908043092082,13.734115347018573
16.622814546267843,39,69,1,0.009000000000000001,0.0028476957510200763,39.7361172290519,559.8896443537756,4.0,16.603606335124148,19.208211143695017
16.630327821486567,71,84,0,0.009000000000000001,0.0070492161383952905,71.86664193800684,679.5660438442937,3.0,16.61346565139859,16.86217008797654
16.632814546267845,75,100,1,0.009000000000000001,0.006965513000185244,75.41694219939762,807.8277179151139,4.0,16.618454819972634,14.359726295210166
16.642814546267847,50,84,1,0.009000000000000001,0.0012017101076727734,50.255984066196184,678.5789447800778,4.0,16.62595237617987,16.86217008797654
16.652814546267848,21,52,1,0.009000000000000001,0.017057321038928243,-1.1215706822924432,420.17473653025183,4.0,16.630947488594337,21.867057673509287
16.65032782148657,103,113,0,0.009000000000000001,0.003531788500016205,103.47300068795955,911.3260411025653,3.0,16.638001330772983,12.32649071358749
16.66032782148657,74,104,0,0.009000000000000001,0.010114021548748544,74.96517256563929,832.7850759302106,3.0,16.64659370613955,13.734115347018573
16.66281454626785,72,98,1,0.009000000000000001,0.0164938243697409,72.75575251551979,789.6695092818004,4.0,16.648142014498543,14.672531769305962
16.670327821486573,53,59,0,0.009000000000000001,0.001744386704891238,53.98876706419415,472.6752051651361,3.0,16.6495555829724,20.772238514174
16.67281454626785,104,49,1,0.009000000000000001,0.005310584998237119,104.03568347008087,396.8783101776872,4.0,16.650478280383197,22.33626588465298
16.682814546267853,108,67,1,0.009000000000000001,0.010959116594483146,113.0973753021842,536.5991467199431,4.0,16.663293529650062,19.521016617790814
16.690327821486576,90,55,0,0.009000000000000001,0.0010444770971109276,90.91157937124652,442.82494424022923,3.0,16.668929972024213,21.397849462365592
16.680327821486575,59,124,0,0.009000000000000001,0.012963136856112858,59.52903634054861,994.2669659445544,3.0,16.669721760880513,10.606060606060606
16.692814546267854,69,88,1,0.009000000000000001,0.02373722161699383,69.39936575733438,711.1589080029039,4.0,16.67657798712807,16.236559139784944
16.700327821486578,49,101,0,0.009000000000000001,0.008098719123476157,49.85251293394696,813.1499072207723,3.0,16.686124497928414,14.203323558162268
16.702814546267856,97,106,1,0.009000000000000001,0.0008927118402130036,97.95512936359988,855.8941932125906,4.0,16.689393236394935,13.421309872922777
16.72032782148658,33,37,0,0.009000000000000001,0.008079443351961766,33.354638723769604,303.6607294800389,3.0,16.696114722757354,24.21309872922776
16.71032782148658,47,106,0,0.009000000000000001,0.009570748371647658,47.64860281876447,848.654249139778,3.0,16.69690651161366,13.421309872922777
16.712814546267857,52,115,1,0.009000000000000001,0.006823992525526813,52.568164507543464,926.3232995819108,4.0,16.700800861028366,12.013685239491693
16.730327821486583,25,50,0,0.009000000000000001,0.014312530668276239,25.20344242845826,404.22163523271126,3.0,16.708147958338976,22.179863147605083
16.72281454626786,81,115,1,0.009000000000000001,0.0031152191292121846,81.05641216175275,927.3797015301052,4.0,16.710800861028368,12.013685239491693
16.73281454626786,55,112,1,0.009000000000000001,0.01157447962235766,55.27725722695241,901.2863829855542,4.0,16.720331652817226,12.482893450635387
16.742814546267862,50,53,1,0.009000000000000001,0.0009296352899619693,50.378035354940955,424.8320586997514,4.0,16.7211038913314,21.71065493646139
16.752814546267864,79,74,1,0.009000000000000001,0.0027360802655942325,79.57836395975983,592.5779556097209,4.0,16.734388348809407,18.426197458455523
16.750327821486586,40,100,0,0.016826238692127172,0.056087462307090566,40.38754880138411,805.449656741916,3.0,16.735968095191375,14.359726295210166
16.769023642255615,21,89,0,0.009000000000000001,0.021732756794630142,9.741104936069348,715.1310339307489,3.0,16.752943485852878,16.080156402737046
16.779023642255616,100,37,0,0.009000000000000001,0.004968005994559314,100.34621555833169,302.25278452299506,3.0,16.75481054352639,24.21309872922776
16.78281454626787,71,103,1,0.009000000000000001,0.004257475551903927,71.06953184607977,829.7524560316779,4.0,16.7689240281838,13.890518084066471
16.789023642255618,41,68,0,0.009000000000000001,0.009665039188925853,41.97826680527726,548.8451073089502,3.0,16.769659028374875,19.364613880742915
16.79281454626787,66,102,1,0.009000000000000001,0.004034681565204137,66.93275872847248,821.1095174862876,4.0,16.778767625446754,14.04692082111437
16.79902364225562,64,79,0,0.009000000000000001,0.015808374881107957,64.34679624506546,636.6810229202866,3.0,16.7813794584824,17.64418377321603
16.80902364225562,39,43,0,0.009000000000000001,0.010281319964746446,39.941708759498184,345.39751613807783,3.0,16.78574895994868,23.27468230694037
16.80281454626787,51,108,1,0.009000000000000001,0.001648512737393055,51.29312813917987,865.39165833084,4.0,16.789706041869046,13.10850439882698
16.822814546267875,68,59,1,0.009000000000000001,0.0014122898344117473,68.66460348342613,477.2408143589837,4.0,16.802042307753702,20.772238514174
16.819023642255623,104,90,0,0.009000000000000001,0.008674619670881442,104.67157433367348,722.4413666175184,3.0,16.803099888589934,15.923753665689148
16.829023642255624,105,107,0,0.009000000000000001,0.01128457057823754,105.27875150614585,863.4922997765389,3.0,16.81575873511975,13.264907135874878
16.832814546267876,83,83,1,0.009000000000000001,0.008103459938958356,83.23446393063702,669.3057356977453,4.0,16.815795973442853,17.01857282502444
16.839023642255626,59,44,0,0.009000000000000001,0.0031446518612624932,59.83097282580635,353.9407953940318,3.0,16.815905362685733,23.118279569892472
16.842814546267878,72,64,1,0.009000000000000001,0.010654753667251665,72.3521173053175,516.557993456009,4.0,16.822824321438944,19.990224828934508
16.85281454626788,50,38,1,0.009000000000000001,0.011846005113627028,50.95589569208255,311.2872524605504,4.0,16.8287578502757,24.05669599217986
16.849023642255627,91,66,0,0.009000000000000001,0.0006033502607505761,91.49780692182317,533.9668230872426,3.0,16.82934622290079,19.67741935483871
16.86281454626788,74,43,1,0.009000000000000001,0.004662620455388791,74.63589786392383,350.91538324403757,4.0,16.83953986396094,23.27468230694037
16.85902364225563,82,82,0,0.009000000000000001,0.015366381893970082,82.7478192680932,662.0883395091266,3.0,16.841848666693558,17.174975562072337
16.86902364225563,76,50,0,0.009000000000000001,0.0058017391189790326,76.36882680105424,403.21676869439875,3.0,16.846843779108024,22.179863147605083
16.872814546267882,21,56,1,0.009000000000000001,0.015612735331991676,10.088801226071055,452.44656123729794,4.0,16.851573099542566,21.241446725317694
16.879023642255632,39,56,0,0.009000000000000001,0.003977838153323653,39.76174549695018,454.42836689784787,3.0,16.857782195530316,21.241446725317694
16.882814546267884,66,102,1,0.009000000000000001,0.011302200365512811,66.64786849025101,818.6182447053899,4.0,16.868767625446768,14.04692082111437
16.892814546267886,92,68,1,0.009000000000000001,0.010842961914043325,92.57617120190818,548.8708580064053,4.0,16.873449932387143,19.364613880742915
16.889023642255633,56,101,0,0.009000000000000001,0.009118637804587609,56.754170504831244,814.9641799674329,3.0,16.87482031869747,14.203323558162268
16.899023642255635,64,74,0,0.01921641864190243,0.06405472880634143,64.55634806909914,594.8736373058505,3.0,16.88059744479718,18.426197458455523
16.920375218524416,73,106,0,0.009000000000000001,0.010110887957798544,73.84219358863373,849.9561326561624,3.0,16.906953908651495,13.421309872922777
16.92281454626789,108,116,1,0.009000000000000001,0.006149757799319291,108.32877401595258,932.2915355672399,4.0,16.910957263765447,11.857282502443795
16.930375218524418,87,71,0,0.009000000000000001,0.0012594446448603402,87.53782392459854,568.6830663531308,3.0,16.911479812854818,18.89540566959922
16.94037521852442,52,88,0,0.009000000000000001,0.00848333696210045,52.69862685187647,711.4385526035387,3.0,16.924138659384635,16.236559139784944
16.942814546267893,66,73,1,0.009000000000000001,0.01234088449706281,66.81735769271688,590.5750237984528,4.0,16.92423194607239,18.58260019550342
16.95037521852442,26,39,0,0.009000000000000001,0.0020392473795035095,26.14021204589099,318.3376959724454,3.0,16.92647492526929,23.900293255131963
16.962814546267897,83,44,1,0.009000000000000001,0.002623192327506039,83.37231017423566,352.86896021812083,4.0,16.939696266698004,23.118279569892472
16.960375218524423,31,110,0,0.009000000000000001,0.00024489191270530316,31.812707357598796,882.1879305730414,3.0,16.947579519599692,12.795698924731184
16.972814546267898,42,74,1,0.009000000000000001,0.017578289793591596,42.075641784189955,599.3683600769184,4.0,16.95438834880944,18.426197458455523
16.970375218524424,21,119,0,0.009000000000000001,0.0031892620643003506,14.496843808625059,958.4754715807384,3.0,16.958987144233124,11.3880742913001
16.9828145462679,53,45,1,0.009000000000000001,0.00906498658841598,53.75579160490574,362.79064331039206,4.0,16.959852669435055,22.961876832844574
16.980375218524426,64,75,0,0.009000000000000001,0.003001552182005943,64.08716069189747,600.7597689172546,3.0,16.962105423803017,18.269794721407624
16.990375218524427,51,107,0,0.009000000000000001,0.020614464331155928,51.148074489779034,861.8503168569973,3.0,16.977110311388554,13.264907135874878
16.9928145462679,44,108,1,0.009000000000000001,0.03258233342287608,44.245680873260994,865.0831545283753,4.0,16.979706041869076,13.10850439882698
17.00037521852443,69,79,0,0.009000000000000001,0.006128341464824549,69.64251078140578,638.0782104597487,3.0,16.98273103475121,17.64418377321603
17.002814546267903,36,86,1,0.009000000000000001,0.006155062860514276,36.37306808486168,694.2150719177685,4.0,16.986265181654023,16.549364613880744
17.012814546267904,49,37,1,0.009000000000000001,0.02878378135991311,49.16950725769128,302.6812033502258,4.0,16.988601447538677,24.21309872922776
17.020375218524432,50,101,0,0.009000000000000001,0.005742105041411313,50.917102755684965,810.6557600566778,3.0,17.00617189496627,14.203323558162268
17.030375218524433,68,49,0,0.009000000000000001,0.014503546989673852,68.51468357208479,394.74785759437987,3.0,17.00803895263978,22.33626588465298
17.040375218524435,33,94,0,0.009000000000000001,0.013918098878273496,33.651303399618634,759.8686093869976,3.0,17.025077075806937,15.298142717497555
17.04281454626791,21,86,1,0.009000000000000001,0.011368491884830136,21.371496406056494,690.5154285045198,4.0,17.02626518165403,16.549364613880744
17.05281454626791,43,45,1,0.009000000000000001,0.0036284765860434168,43.26458038322334,360.5202549841066,4.0,17.029852669435066,22.961876832844574
17.060833994477637,38,59,0,0.009000000000000001,0.023671724742163093,38.58105985543432,474.68233989465426,3.0,17.040061755963464,20.772238514174
17.062814546267912,89,87,1,0.009000000000000001,1.4293641335457468e-05,89.41129308754726,700.6206299410536,4.0,17.04642158439108,16.392961876832846
17.072814546267914,55,62,1,0.016065144866836693,0.07140064385260753,55.59816030499098,500.79265195304,4.0,17.052511515964884,20.303030303030305
17.07083399447764,52,105,0,0.009000000000000001,0.0031738517565419477,52.70805964833082,843.6973898686268,3.0,17.05725628186767,13.577712609970675
17.08083399447764,97,80,0,0.009000000000000001,0.0006760043876192516,97.63451507323704,641.2998355713689,3.0,17.063346213441474,17.487781036168133
17.09083399447764,62,73,0,0.009000000000000001,0.0003419152493794983,62.43946290454824,587.7669218204946,3.0,17.072251394282137,18.58260019550342
17.100833994477643,32,116,0,0.009000000000000001,0.004267040555945366,32.85536660419337,929.8833419810908,3.0,17.0889767119752,11.857282502443795
17.11066470723107,70,66,1,0.009000000000000001,0.03692372335435027,70.44188011646062,529.7785624941359,4.0,17.09098728787623,19.67741935483871
17.110833994477645,65,86,0,0.009000000000000001,0.00022065049355001528,65.92985706735128,692.1177284232893,3.0,17.094284629863765,16.549364613880744
17.12066470723107,52,113,1,0.009000000000000001,0.0011973054340060432,52.66871929805116,909.017447864116,4.0,17.108338216517485,12.32649071358749
17.130664707231073,53,62,1,0.009000000000000001,0.010108916585279211,53.952643508196246,501.0803864139474,4.0,17.110361676928044,20.303030303030305
17.130833994477648,81,123,0,0.009000000000000001,0.005426488522972961,81.23056295670463,986.9079633480727,3.0,17.12007153113454,10.762463343108504
17.140664707231075,31,77,1,0.009000000000000001,0.013348204441443306,31.10548486085353,617.3913614369876,4.0,17.12270771798376,17.956989247311828
17.14083399447765,37,94,0,0.009000000000000001,0.002964269475836514,37.939676670702795,757.9222210318521,3.0,17.12553585176015,15.298142717497555
17.150664707231076,56,79,1,0.01020518775602898,0.045356390026795465,56.19431778369074,637.3301169769842,4.0,17.13302052345786,17.64418377321603
17.15083399447765,28,122,0,0.009000000000000001,0.0022076841513427965,28.00422454431228,980.4037307420759,3.0,17.139915128397494,10.918866080156402
17.160833994477652,108,68,0,0.009000000000000001,0.009378394280377334,117.95498396780715,544.6544604607732,3.0,17.14146938059691,19.364613880742915
17.162003804737775,48,65,1,0.009000000000000001,0.006994340108252934,48.31256879548784,521.1550756699457,4.0,17.14216998264589,19.83382209188661
17.170833994477654,49,59,0,0.009000000000000001,0.0012114644357562017,49.7578291948235,475.6766629382086,3.0,17.15006175596348,20.772238514174
17.172003804737777,69,85,1,0.009000000000000001,0.01306523379336126,69.79096583401555,685.3817104339969,4.0,17.15529803738685,16.705767350928642
17.18200380473778,68,64,1,0.009000000000000001,0.01748057809145918,68.52061483043829,512.4527364035665,4.0,17.162013579908844,19.990224828934508
17.180833994477656,46,86,0,0.009000000000000001,0.019012354942631104,46.9959602959526,692.8559517977674,3.0,17.164284629863776,16.549364613880744
17.19200380473778,51,62,1,0.009000000000000001,0.005082934359766164,51.62872428304861,499.90573136704546,4.0,17.17170077443475,20.303030303030305
17.190833994477657,52,99,0,0.009000000000000001,0.007410586447854435,52.90701023648282,795.484568060838,3.0,17.176317865445398,14.516129032258064
17.20083399447766,63,44,0,0.009000000000000001,0.007842503006173838,63.65557232583898,357.2077420227448,3.0,17.177715714907766,23.118279569892472
17.20200380473778,21,64,1,0.009000000000000001,0.03259995839168159,13.003789706807702,518.9912396039676,4.0,17.182013579908848,19.990224828934508
17.212003804737783,43,47,1,0.009000000000000001,0.001031901372017269,43.44201652730581,377.38021641600636,4.0,17.189354733379034,22.649071358748778
17.21083399447766,29,120,0,0.009000000000000001,0.006130441206067025,29.6078278649831,961.9887029001976,3.0,17.199602322923408,11.231671554252198
17.222003804737785,61,78,1,0.009000000000000001,0.002476788311897125,61.00256777675789,625.0451749174993,4.0,17.20420321822752,17.80058651026393
17.220833994477662,58,96,0,0.009000000000000001,0.01896955808234685,58.60838526162638,768.3156361303759,3.0,17.20584865723426,14.985337243401759
17.232003804737786,75,74,1,0.009000000000000001,0.005678386346051643,75.42376156451702,598.4228057934909,4.0,17.21357760727933,18.426197458455523
17.230833994477663,102,85,0,0.009000000000000001,0.006204462396688857,102.47669809624719,681.8023085848338,3.0,17.214128227126736,16.705767350928642
17.242003804737788,79,65,1,0.009000000000000001,0.004060215742701893,79.30215055073867,521.528148843049,4.0,17.2221699826459,19.83382209188661
17.240833994477665,35,82,0,0.009000000000000001,0.0006429653002712655,35.175052129833645,658.7518541392321,3.0,17.223659018915594,17.174975562072337
17.25200380473779,57,48,1,0.009000000000000001,0.01487198542308982,57.32422110899731,391.61679698750316,4.0,17.229511136116088,22.49266862170088
17.250833994477667,44,106,0,0.009000000000000001,0.016419797883681326,44.466224688286886,850.3947395688232,3.0,17.237412684604745,13.421309872922777
17.26200380473779,94,119,1,0.009000000000000001,0.002686195027143175,94.60332789638178,952.7527671681678,4.0,17.25061573044649,11.3880742913001
17.27083399447767,87,82,0,0.009000000000000001,0.0017997194341740164,87.8864115229463,663.5701016527562,3.0,17.2536590189156,17.174975562072337
17.272003804737793,56,83,1,0.009000000000000001,0.01962568969257508,56.23111942577689,664.22653833397,4.0,17.25498523191277,17.01857282502444
17.28083399447767,41,114,0,0.009000000000000001,0.002292638347870884,41.55924126446227,914.4810547064286,3.0,17.268663906501132,12.170087976539591
17.292003804737796,47,56,1,0.009000000000000001,0.002424143534314121,47.415361063641996,449.476234518766,4.0,17.27076235801248,21.241446725317694
17.282003804737794,104,122,1,0.009000000000000001,0.036987090177316884,104.48185914959588,976.039310719001,4.0,17.271084938657637,10.918866080156402
17.290833994477673,51,76,0,0.009000000000000001,0.021167850510798343,51.3486382990897,615.8675409266916,3.0,17.27272060249331,18.113391984359726
17.302003804737797,72,72,1,0.009000000000000001,0.011272989469063657,72.93160627634695,583.5007690112839,4.0,17.283264801805245,18.73900293255132
17.3220038047378,38,51,1,0.009000000000000001,0.02344591752280767,38.77706392828036,409.5704493910189,4.0,17.299980344327242,22.023460410557185
17.3120038047378,60,117,1,0.009000000000000001,0.026815700228649042,60.59516723108656,942.9650713101848,4.0,17.300302924972403,11.700879765395896
17.314830713560774,58,117,0,0.009000000000000001,0.00027543278636881527,58.53495778872011,936.4541441030921,3.0,17.303129833795378,11.700879765395896
17.324830713560775,42,81,0,0.009000000000000001,0.007737105860039205,42.33939721625196,648.4687556240032,3.0,17.307499335261657,17.331378299120235
17.334830713560777,84,70,0,0.009000000000000001,0.0011146097451660442,84.92133013763068,566.2940052552937,3.0,17.31577890515413,19.05180840664712
17.342003804737804,69,52,1,0.009000000000000001,0.0246215928868717,69.05016529024272,416.8651253241284,4.0,17.320136747064293,21.867057673509287
17.332003804737802,34,122,1,0.009000000000000001,0.004567126668517998,34.122763917208786,977.6155204320171,4.0,17.321084938657645,10.918866080156402
17.34483071356078,72,121,0,0.009000000000000001,0.014943779183383717,72.13017823720078,975.1336577305681,3.0,17.333755444743574,11.0752688172043
17.352003804737805,51,76,1,0.009000000000000001,0.0012914725844162752,51.4772024293654,614.195955956402,4.0,17.333890412753444,18.113391984359726
17.362003804737807,28,43,1,0.009000000000000001,0.009138213937345666,28.808695923302018,350.2147406231975,4.0,17.338729122430866,23.27468230694037
17.35483071356078,21,106,0,0.009000000000000001,0.002278627431134131,16.061557238523214,854.9980933236875,3.0,17.34140940368786,13.421309872922777
17.36483071356078,64,93,0,0.009000000000000001,0.008617868409396448,64.81564329493649,744.2076922852126,3.0,17.349376168106236,15.454545454545453
17.37200380473781,86,61,1,0.009000000000000001,0.0025716401187028384,86.210471064464,492.633148241433,4.0,17.35154437169773,20.459433040078203
17.374830713560783,78,84,0,0.009000000000000001,0.01599062719451066,78.36936514009041,673.120207072298,3.0,17.357968543472808,16.86217008797654
17.38200380473781,24,92,1,0.009000000000000001,0.02403363843805057,24.564872601076758,743.7226232827093,4.0,17.366392856546216,15.610948191593351
17.384830713560785,55,98,0,0.009000000000000001,0.0017192161158931837,55.39628500304066,787.1293827181617,3.0,17.370158181791478,14.672531769305962
17.39200380473781,61,64,1,0.009000000000000001,0.0007462303111460602,61.494236551903974,512.3549975499193,4.0,17.372013579908877,19.990224828934508
17.402003804737813,40,53,1,0.009000000000000001,0.004989614101781277,40.50083559163092,425.75585256873933,4.0,17.38029314980135,21.71065493646139
17.394830713560786,80,116,0,0.009000000000000001,0.01576299845923955,80.01137613982475,934.3002783360365,3.0,17.382973431058343,11.857282502443795
17.412003804737815,60,44,1,0.009000000000000001,0.008629208373933092,60.09539895641238,358.0402069761368,4.0,17.38888552516792,23.118279569892472
17.404830713560788,49,123,0,0.009000000000000001,0.003242139595704644,49.73386351087795,988.4650309006554,3.0,17.39406825021768,10.762463343108504
17.422003804737816,74,67,1,0.009000000000000001,0.009675875354189374,74.21947161889719,538.1560961158799,4.0,17.402482788120025,19.521016617790814
17.42483071356079,47,50,0,0.009000000000000001,0.010621623885347034,47.622790321607944,406.472998255591,3.0,17.402650850413185,22.179863147605083
17.41483071356079,46,115,0,0.009000000000000001,0.0015165059038050551,46.88382253178989,925.7927970055093,3.0,17.402817028321298,12.013685239491693
17.432003804737818,27,54,1,0.009000000000000001,0.019374225975811322,27.980141783880214,433.77393588380147,4.0,17.410449552538402,21.55425219941349
17.44200380473782,53,60,1,0.009000000000000001,0.014643172265073256,53.19053989312133,485.91131881515196,4.0,17.421387968960694,20.6158357771261
17.434830713560793,42,114,0,0.009000000000000001,0.005803961948898719,42.34070603897208,917.6914578851371,3.0,17.422660625584253,12.170087976539591
17.444830713560794,64,81,0,0.009000000000000001,0.016276198844536082,64.88813003743437,653.6447415036467,3.0,17.427499335261675,17.331378299120235
17.45200380473782,44,78,1,0.009000000000000001,0.014577190191153024,44.77888335154734,625.8408807077896,4.0,17.434203218227555,17.80058651026393
17.454830713560796,66,95,0,0.010245275769150262,0.03415091923050088,66.36134507616748,767.543999162539,3.0,17.439688973580346,15.141739980449657
17.466214353304295,58,52,0,0.009000000000000001,0.010069577094935209,58.9193562521072,416.1684267070495,3.0,17.444347295630784,21.867057673509287
17.462003804737822,34,119,1,0.009000000000000001,0.028681458871471485,34.894103619521935,952.2119973276773,4.0,17.450615730446522,11.3880742913001
17.476214353304297,31,38,0,0.009000000000000001,0.021364586240880556,31.463729222879174,308.82526398303133,3.0,17.452157657312117,24.05669599217986
17.472003804737824,36,82,1,0.009000000000000001,0.0023177050094335735,36.48571325414461,656.989555519448,4.0,17.454828829175753,17.174975562072337
17.482003804737825,50,116,1,0.009000000000000001,0.006172655193274871,50.490951785253515,930.5321137155127,4.0,17.470146522235382,11.857282502443795
17.50200380473783,21,37,1,0.009000000000000001,0.01643552285435986,2.250284375762469,302.5594179412545,4.0,17.4777907060086,24.21309872922776
17.492003804737827,55,115,1,0.009000000000000001,0.026593368654707662,55.902080652040624,927.3653744022931,4.0,17.479990119498336,12.013685239491693
17.4962143533043,40,112,0,0.009000000000000001,0.01270659844747094,40.67107615079175,900.7239372100148,3.0,17.483731459853665,12.482893450635387
17.5062143533043,74,84,0,0.009000000000000001,0.017096092146110044,74.3146161494561,678.5556284898811,3.0,17.489352183216326,16.86217008797654
17.51200380473783,25,54,1,0.009000000000000001,0.003857500790362184,25.039645408222036,439.70013112715714,4.0,17.490449552538415,21.55425219941349
17.516214353304303,52,109,0,0.009000000000000001,0.012387119433120626,52.712123427024096,875.1458283973302,3.0,17.503262251642525,12.952101661779082
17.52200380473783,49,93,1,0.009000000000000001,0.00038516847784146233,49.88174249861753,750.3588075488324,4.0,17.506549259283286,15.454545454545453
17.536214353304306,48,52,0,0.009000000000000001,0.006816385540848643,48.039302587381286,421.63311519502065,3.0,17.514347295630795,21.867057673509287
17.532003804737833,70,79,1,0.009000000000000001,0.003045031440630217,70.04574926378771,638.1463716353119,4.0,17.514359620964616,17.64418377321603
17.552003804737836,43,52,1,0.009000000000000001,0.0022384962501067226,43.257205185382645,420.9301227967611,4.0,17.530136747064326,21.867057673509287
17.542003804737835,68,123,1,0.009000000000000001,0.005379753144501063,68.62886264442885,984.4975854512472,4.0,17.531241341394725,10.762463343108504
17.546214353304308,83,109,0,0.009000000000000001,0.012448434817352836,83.82452493390701,878.1847488956572,3.0,17.53326225164253,12.952101661779082
17.55621435330431,46,67,0,0.009000000000000001,0.0010606907609808842,46.43316536642204,543.5589881075166,3.0,17.53669333668652,19.521016617790814
17.57200380473784,76,41,1,0.009000000000000001,0.009554158352324916,76.32920972216812,333.92496273307563,4.0,17.548416316956803,23.587487781036167
17.562003804737838,37,117,1,0.009000000000000001,0.004770130953817323,37.1026931014899,937.5839588928277,4.0,17.550302924972442,11.700879765395896
17.56621435330431,50,103,0,0.009000000000000001,0.005984753479202122,50.142992181542,824.1784358743146,3.0,17.552323835220243,13.890518084066471
17.576214353304312,23,111,0,0.009000000000000001,0.010531063255355015,23.557225344846238,889.013287159332,3.0,17.56357505711663,12.639296187683286
17.58200380473784,56,87,1,0.009000000000000001,0.00236071986923534,56.690129958924466,696.1220235712312,4.0,17.56561084286101,16.392961876832846
17.586214353304314,89,123,0,0.009000000000000001,0.006373098440439261,89.85247038207154,985.3734566106082,3.0,17.575451889961204,10.762463343108504
17.592003804737843,57,94,1,0.009000000000000001,0.00955948360763483,57.56260311185876,754.4077753816109,4.0,17.576705662020345,15.298142717497555
17.606214353304317,41,43,0,0.009000000000000001,0.011594048640248864,41.03840819675332,348.748803713684,3.0,17.582939670997376,23.27468230694037
17.602003804737844,48,93,1,0.009000000000000001,0.011975618862576379,48.42546695516361,746.6979317613884,4.0,17.5865492592833,15.454545454545453
17.61621435330432,50,110,0,0.009000000000000001,0.0019222819045912152,50.3503981315999,885.928787670058,3.0,17.60341865437959,12.795698924731184
17.622003804737847,39,79,1,0.009000000000000001,0.02949300288097285,39.3381232657594,632.6196062158398,4.0,17.60435962096463,17.64418377321603
17.62621435330432,72,93,0,0.009000000000000001,0.003274991393787473,72.58235226343605,750.0173370410953,3.0,17.610759807849774,15.454545454545453
17.63200380473785,59,64,1,0.009000000000000001,0.003816399560776199,59.706537954721796,517.0238168087151,4.0,17.612013579908915,19.990224828934508
17.63621435330432,21,56,0,0.009000000000000001,0.011846623684296387,13.533232471713085,448.85106345976726,3.0,17.614972906579005,21.241446725317694
17.646214353304323,63,64,0,0.009000000000000001,0.0003375261921056072,63.02032727086458,512.7624808685066,3.0,17.62622412847539,19.990224828934508
17.64200380473785,98,113,1,0.009000000000000001,0.016711417478432217,98.09586369864522,907.0065057007854,4.0,17.629677314024264,12.32649071358749
17.652003804737852,62,104,1,0.009000000000000001,0.011178200817565917,62.06297731241317,834.3064383980972,4.0,17.63826968939083,13.734115347018573
17.662003804737854,45,57,1,0.009000000000000001,0.0014676486962798697,45.90830018325111,460.06952596922235,4.0,17.640918760749585,21.085043988269796
17.656214353304325,77,95,0,0.009000000000000001,0.0105889974609222,77.366654093493,765.4894324331967,3.0,17.641072613323875,15.141739980449657
17.666214353304326,76,116,0,0.009000000000000001,0.003014928132972702,76.0190587593435,935.036521494081,3.0,17.654357070801883,11.857282502443795
17.676214353304328,36,76,0,0.009000000000000001,0.011108842174200688,36.808502741636815,612.9388806644978,3.0,17.658100961319967,18.113391984359726
17.682003804737857,29,68,1,0.009000000000000001,0.017114608427343397,29.02745454500903,551.8774304455965,4.0,17.662639190857114,19.364613880742915
17.69621435330433,66,47,0,0.009000000000000001,0.007910868989857643,66.07048354236193,377.504415328421,3.0,17.67356528194558,22.649071358748778
17.69200380473786,88,121,1,0.009000000000000001,0.007781945920487245,88.42034439281315,969.1860411782505,4.0,17.680928535920653,11.0752688172043
17.706214353304333,58,41,0,0.009000000000000001,0.005491306986513351,58.4772944653405,329.4172726199837,3.0,17.682626865523297,23.587487781036167
17.70200380473786,84,72,1,0.009000000000000001,0.007578776203508226,84.8677742673241,579.8036856820993,4.0,17.683264801805308,18.73900293255132
17.71200380473786,27,48,1,0.009000000000000001,0.030726916469124014,27.026661177874324,388.5249717824998,4.0,17.68951113611616,22.49266862170088
17.722003804737863,83,69,1,0.009000000000000001,0.01848675921651239,83.21455140148046,553.5271219559061,4.0,17.702795593594168,19.208211143695017
17.716214353304334,54,112,0,0.009000000000000001,0.013467049496631458,54.67533830891265,900.8391737593846,3.0,17.7037314598537,12.482893450635387
17.726214353304336,70,117,0,0.009000000000000001,0.0034561946791829934,70.12042723834666,937.5391131507406,3.0,17.71451347353894,11.700879765395896
17.736214353304337,81,62,0,0.009000000000000001,0.014022688916121696,81.32790608522305,497.06483889045097,3.0,17.715911323001308,20.303030303030305
17.732003804737865,26,90,1,0.009000000000000001,0.010801921499938886,26.129879875927216,721.1806260343255,4.0,17.716080051072176,15.923753665689148
17.742003804737866,56,73,1,0.009000000000000001,0.0006260233696652104,56.71687428582382,589.3397219098346,4.0,17.723421204542362,18.58260019550342
17.74621435330434,47,47,0,0.009000000000000001,0.020616317974144167,47.357869616280226,378.8062732883559,3.0,17.72356528194559,22.649071358748778
17.75621435330434,38,58,0,0.009000000000000001,0.012163355000441868,38.14310824644643,469.3256797811873,3.0,17.73528571205312,20.928641251221897
17.76200380473787,50,40,1,0.009000000000000001,0.014750952978342714,50.23995739495392,327.16906346826147,4.0,17.738259914219785,23.743890518084065
17.752003804737868,97,109,1,0.009000000000000001,0.007910134917464005,97.95052683885972,879.5474681817187,4.0,17.73905170307609,12.952101661779082
17.766214353304342,62,78,0,0.009000000000000001,0.0001248160847502802,62.20475389556385,628.137575825154,3.0,17.748413766794076,17.80058651026393
17.776214353304344,21,63,0,0.009000000000000001,0.0035848409483719445,21.446951865379674,509.9433780548893,3.0,17.75606772573836,20.146627565982406
17.77200380473787,77,110,1,0.009000000000000001,0.002158313140605728,77.64818770074712,884.4697425364818,4.0,17.75920810581314,12.795698924731184
17.782003804737872,61,64,1,0.009000000000000001,0.018485489453688622,61.485794496719926,512.2457356317724,4.0,17.76201357990894,19.990224828934508
17.786214353304345,78,41,0,0.009000000000000001,0.013594312228270263,78.70161682352659,333.69998518484743,3.0,17.76262686552331,23.587487781036167
17.792003804737874,30,40,1,0.009000000000000001,0.005611507853290849,30.739540133635323,321.7476911711194,4.0,17.76825991421979,23.743890518084065
17.796214353304347,70,89,0,0.009000000000000001,0.023319623621911787,70.27951109936392,715.255099075169,3.0,17.78013419690161,16.080156402737046
17.802003804737875,57,58,1,0.009000000000000001,0.029356329560012964,57.49828849204717,468.4988099644547,4.0,17.781075163486655,20.928641251221897
17.806214353304348,81,53,0,0.009000000000000001,0.022284288904430558,81.5792571284998,429.73112567010014,3.0,17.784503698367885,21.71065493646139
17.812003804737877,103,117,1,0.009000000000000001,0.0027436961601913566,103.18202509646869,938.1038210841368,4.0,17.80030292497248,11.700879765395896
17.82200380473788,80,91,1,0.009000000000000001,0.004240673146159763,80.61347511983695,735.0551177966588,4.0,17.806236453809237,15.76735092864125
17.82621435330435,44,124,0,0.009000000000000001,0.008742059392195672,44.41604851391054,996.806261333917,3.0,17.81560829269829,10.606060606060606
17.84200380473788,49,70,1,0.009000000000000001,0.004317721613221278,49.97745677347491,563.7674394419487,4.0,17.822951996331234,19.05180840664712
17.836214353304353,42,110,0,0.009000000000000001,0.01935833743835769,42.38908862915127,881.9614600699969,3.0,17.823418654379623,12.795698924731184
17.846214353304354,60,47,0,0.009000000000000001,0.009137402575437055,60.86552139527106,380.4530979416968,3.0,17.823565281945605,22.649071358748778
17.852003804737883,43,108,1,0.009000000000000001,0.00762613950505277,43.96473767924135,864.134089773409,4.0,17.838895300339058,13.10850439882698
17.862003804737885,41,54,1,0.009000000000000001,0.0032805119251632557,41.24946000733455,434.0649254351037,4.0,17.84044955253847,21.55425219941349
17.856214353304356,66,110,0,0.009000000000000001,0.000985584630744615,66.3637326551733,880.5007595217289,3.0,17.843418654379626,12.795698924731184
17.872003804737886,50,44,1,0.009000000000000001,0.0070171066433216845,50.802843912993225,354.9753699549591,4.0,17.848885525167994,23.118279569892472
17.866214353304358,75,87,0,0.009000000000000001,0.021117903707549415,75.40633283907722,700.2406464338255,3.0,17.849821391427525,16.392961876832846
17.87621435330436,21,75,0,0.009000000000000001,0.007286631763115788,16.5592223214581,604.2171726010982,3.0,17.85794455858295,18.269794721407624
17.882003804737888,73,102,1,0.009000000000000001,0.004406852222652279,73.00170354278856,823.3562771954845,4.0,17.867956883916772,14.04692082111437
17.89200380473789,71,80,1,0.009000000000000001,0.008000434186021822,71.07419599100444,645.3391116366663,4.0,17.874516023701723,17.487781036168133
17.896214353304362,108,92,0,0.009000000000000001,0.022304811056293363,110.52485762899225,741.9152871643921,3.0,17.88060340511277,15.610948191593351
17.90200380473789,91,123,1,0.009000000000000001,0.00040893962055967215,91.22259631276077,989.0253851698288,4.0,17.89124134139478,10.762463343108504
17.906214353304364,33,98,0,0.009000000000000001,0.00895746130659513,33.28669375047092,791.8436411598614,3.0,17.891541821535057,14.672531769305962
17.912003804737893,70,62,1,0.009000000000000001,0.004836663365302977,70.57247055314198,499.0018023668215,4.0,17.891700774434863,20.303030303030305
17.916214353304365,36,71,0,0.009000000000000001,0.0027106551971661274,36.82804834010267,569.1579293513688,3.0,17.897318947634766,18.89540566959922
17.922003804737894,37,88,1,0.009000000000000001,0.008813538710660053,37.94474109468533,710.7375354912139,4.0,17.90576724559811,16.236559139784944
17.926214353304367,60,94,0,0.009000000000000001,0.006687806086687532,60.723877740843,756.5569816818307,3.0,17.91091621058687,15.298142717497555
17.932003804737896,47,76,1,0.009000000000000001,0.005901030232149898,47.757102252506975,614.0428141324139,4.0,17.913890412753535,18.113391984359726
17.93621435330437,95,81,0,0.009019230393695829,0.03006410131231943,95.49789536173824,654.3862416466419,3.0,17.91888297500525,17.331378299120235
17.946235720408474,74,43,0,0.009000000000000001,0.010054062247174016,74.66744771158902,349.6525512936414,3.0,17.922961038101533,23.27468230694037
17.942003804737897,77,95,1,0.009000000000000001,0.007715242215072792,77.50846442366885,764.5373045371098,4.0,17.926862064757447,15.141739980449657
17.9520038047379,99,50,1,0.009000000000000001,0.015323465580557295,99.36953474239296,405.4276671479634,4.0,17.929823941590293,22.179863147605083
17.956235720408475,49,41,0,0.009000000000000001,0.002935547238851391,49.44987093523743,331.9541218516686,3.0,17.93264823262744,23.587487781036167
17.9620038047379,31,71,1,0.009000000000000001,0.02697824173739173,31.643444120048947,568.1411644947025,4.0,17.9431083990683,18.89540566959922
17.966235720408477,21,61,0,0.009000000000000001,0.001508509105379972,7.013978006818348,493.7700154539141,3.0,17.9457762873684,20.459433040078203
17.97623572040848,54,54,0,0.010676996697694773,0.035589988992315906,54.71532895180902,437.26839891687507,3.0,17.954681468209063,21.55425219941349
17.972003804737902,85,83,1,0.009000000000000001,0.013075623778295352,85.31466754263977,669.0786049654739,4.0,17.95498523191288,17.01857282502444
17.982003804737904,59,79,1,0.009000000000000001,0.026574114935976906,59.13549514189344,638.6578276079574,4.0,17.964359620964686,17.64418377321603
17.992003804737905,65,59,1,0.009000000000000001,0.006742255230389045,65.03797281560378,472.8757887269437,4.0,17.971231566223732,20.772238514174
17.998099050072586,55,38,0,0.009000000000000001,0.002319226985492502,55.08155909248211,305.3648228544577,3.0,17.974042354080407,24.05669599217986
18.008099050072587,60,40,0,0.009000000000000001,0.0024726823686743063,60.164838118536885,325.7049537505748,3.0,17.984355159554504,23.743890518084065
18.002003804737907,53,117,1,0.009000000000000001,0.022987174756009462,53.67035909684765,937.5769542312772,4.0,17.99030292497251,11.700879765395896
18.01200380473791,108,105,1,0.009000000000000001,0.02870159424084981,108.4338571852277,844.9611160431645,4.0,17.99842609212794,13.577712609970675
18.01809905007259,86,87,0,0.009000000000000001,0.0011431801916276622,86.0275099937537,700.4340503585106,3.0,18.001706088195757,16.392961876832846
18.02809905007259,46,63,0,0.009000000000000001,0.0071880910098806265,46.13927775581871,505.4421762456851,3.0,18.00795242250661,20.146627565982406
18.03200380473791,30,53,1,0.009000000000000001,0.00034899878772847934,30.78047550633997,428.0460481734593,4.0,18.01029314980145,21.71065493646139
18.038099050072592,41,91,0,0.009000000000000001,0.02684632343586216,41.30036035372086,731.9465612824608,3.0,18.02233169914395,15.76735092864125
18.042003804737913,59,75,1,0.009000000000000001,0.004542051910725283,59.793955155369474,602.7060167015521,4.0,18.023734010016504,18.269794721407624
18.048099050072594,55,67,0,0.009000000000000001,0.001208559448706629,55.336042909912116,541.6561999611845,3.0,18.028578033454803,19.521016617790814
18.068099050072597,85,49,0,0.014808047225934333,0.04936015741978111,85.82751150336031,392.0423839285871,3.0,18.045762784187943,22.33626588465298
18.062003804737916,40,93,1,0.009000000000000001,0.008532576598372877,40.73260716122983,746.1832285828284,4.0,18.04654925928337,15.454545454545453
18.072003804737918,39,104,1,0.009000000000000001,0.008135294184616691,39.85105830958393,835.5746141431916,4.0,18.058269689390897,13.734115347018573
18.08200380473792,89,79,1,0.009000000000000001,0.00566985268967653,89.2072527043517,638.9291488258177,4.0,18.0643596209647,17.64418377321603
18.08455243587919,26,73,0,0.009000000000000001,0.0032121338304690167,26.93518144519554,587.7147526858821,3.0,18.065969835683685,18.58260019550342
18.09200380473792,23,45,1,0.009000000000000001,0.010444142797455359,23.51361405852836,360.0559994296426,4.0,18.069041927905076,22.961876832844574
18.09455243587919,21,99,0,0.009000000000000001,0.023817473827119146,15.408191001014295,799.8228511267995,3.0,18.08003630684693,14.516129032258064
18.114552435879194,46,37,0,0.009000000000000001,0.01721477810865066,46.9830642854689,301.09557363403104,3.0,18.090339337149967,24.21309872922776
18.102003804737922,82,118,1,0.009000000000000001,0.0009533917512903049,82.75402529846616,946.25662288966,4.0,18.090459327709574,11.544477028347998
18.112003804737924,51,89,1,0.009000000000000001,0.01168860909361214,51.84371899573523,714.7380957311175,4.0,18.095923648335187,16.080156402737046
18.122003804737925,38,41,1,0.009000000000000001,0.01805280701015106,38.77217235214322,330.56265009910595,4.0,18.09841631695689,23.587487781036167
18.132003804737927,25,43,1,0.009000000000000001,0.002700165394949278,25.35463117959059,346.89376607709335,4.0,18.108729122430987,23.27468230694037
18.124552435879195,63,97,0,0.009000000000000001,0.010117046850671212,63.47682395178133,780.6129394448247,3.0,18.10972350137284,14.82893450635386
18.134552435879197,45,71,0,0.009000000000000001,0.0012158886145681301,45.24545123623396,568.6872181314857,3.0,18.115657030209597,18.89540566959922
18.14200380473793,76,58,1,0.009000000000000001,0.00028596346211614393,76.48500535686945,471.3215557458491,4.0,18.121075163486708,20.928641251221897
18.1545524358792,52,43,0,0.009000000000000001,0.013910176897280739,52.63485243150305,349.70536517327884,3.0,18.13127775357226,23.27468230694037
18.15200380473793,98,117,1,0.009000000000000001,0.021327226596499785,98.87551762181573,942.7995247659704,4.0,18.140302924972534,11.700879765395896
18.1645524358792,72,96,0,0.009000000000000001,0.0008357729556475979,72.2861781847026,768.0008527060398,3.0,18.1495670986358,14.985337243401759
18.174552435879203,55,69,0,0.009000000000000001,0.011352865116996829,55.96060238491033,553.3439935865055,3.0,18.155344224735508,19.208211143695017
18.172003804737933,64,87,1,0.009000000000000001,0.0072798281840711085,64.41118495184232,700.3282657212676,4.0,18.1556108428611,16.392961876832846
18.182003804737935,50,48,1,0.009000000000000001,0.023801486201298152,50.05464499283441,385.73699179520804,4.0,18.159511136116233,22.49266862170088
18.194552435879206,78,48,0,0.009000000000000001,0.012872567929071608,78.21452640292674,384.3908914825832,3.0,18.172059767257505,22.49266862170088
18.192003804737936,54,79,1,0.009000000000000001,0.007636471440068046,54.47939261006387,637.396442413007,4.0,18.17435962096472,17.64418377321603
18.202003804737938,83,61,1,0.009000000000000001,0.0007306616789239413,83.28242625630368,494.7005483142376,4.0,18.18154437169786,20.459433040078203
18.204552435879208,61,49,0,0.009000000000000001,0.02327424115981774,61.40042410285146,399.4959866554204,3.0,18.182216169994554,22.33626588465298
18.21200380473794,57,77,1,0.009000000000000001,0.003923119649596371,57.96338292025554,622.6081146887564,4.0,18.194046815490626,17.956989247311828
18.21455243587921,42,74,0,0.009000000000000001,0.00011775672614482026,42.12517903856335,595.4239820893473,3.0,18.196126238420753,18.426197458455523
18.22455243587921,108,41,0,0.009000000000000001,0.0034961521919037765,124.27463696732141,330.61735061626314,3.0,18.200964948098175,23.587487781036167
18.232003804737943,74,92,1,0.009000000000000001,0.006663930594939736,74.69376035776594,738.3814922636986,4.0,18.21639285654635,15.610948191593351
18.234552435879213,48,86,0,0.009000000000000001,0.0013125204388468148,48.344371773823866,691.0496775152977,3.0,18.218003071265333,16.549364613880744
18.242003804737944,69,48,1,0.009000000000000001,0.011057985943710283,69.55427470447873,388.39843080919826,4.0,18.219511136116243,22.49266862170088
18.252003804737946,68,60,1,0.009000000000000001,0.029146408343857195,68.4337600522148,485.3714252448232,4.0,18.23138796896082,20.6158357771261
18.244552435879214,80,111,0,0.009000000000000001,0.004203260161910579,80.53104020838347,891.9230540929348,3.0,18.23191313969153,12.639296187683286
18.254552435879216,90,75,0,0.009000000000000001,0.011792568641026974,90.89578536365137,600.9517541731036,3.0,18.236282641157807,18.269794721407624
18.264552435879217,37,106,0,0.009000000000000001,0.011176930411056149,37.347583069830776,852.2896119445553,3.0,18.251131126006296,13.421309872922777
18.27200380473795,52,91,1,0.009000000000000001,0.01401666765314154,52.886029352285874,732.4692362125005,4.0,18.256236453809308,15.76735092864125
18.28200380473795,24,46,1,0.009000000000000001,0.014695612731873182,24.912149284154935,372.7715631386727,4.0,18.259198330642153,22.805474095796676
18.27455243587922,33,107,0,0.009000000000000001,0.005913481289156753,33.72992305072971,858.8662383628467,3.0,18.261287528743345,13.264907135874878
18.28455243587922,21,88,0,0.009000000000000001,0.01728347434221873,16.336609712046638,707.5391226158797,3.0,18.268315876739436,16.236559139784944
18.294552435879222,43,90,0,0.009000000000000001,0.0046389818297258995,43.363516146325935,720.7519167601631,3.0,18.278628682213533,15.923753665689148
18.304552435879224,36,52,0,0.009000000000000001,0.01222767872369461,36.31713490225092,416.802141189127,3.0,18.282685378205713,21.867057673509287
18.302003804737954,73,77,1,0.009000000000000001,0.007304834303530148,73.0289603544881,623.2645370934131,4.0,18.28404681549064,17.956989247311828
18.314552435879225,95,49,0,0.009000000000000001,0.0056304801359786105,95.56853984677898,399.81590085733615,3.0,18.29221616999457,22.33626588465298
18.312003804737955,98,73,1,0.009000000000000001,0.0037751065886855863,98.37730837148852,587.6530334739307,4.0,18.29342120454245,18.58260019550342
18.33455243587923,49,93,0,0.009000000000000001,0.010379567580206073,49.676240745795916,745.8316222183203,3.0,18.319097890424683,15.454545454545453
18.34455243587923,56,64,0,0.009000000000000001,0.004164312671107416,56.38545793351576,517.8522465443755,3.0,18.324562211050296,19.990224828934508
18.34200380473796,52,115,1,0.009000000000000001,0.006597397024167971,52.907945051205985,920.7820776282714,4.0,18.32999011949847,12.013685239491693
18.35200380473796,50,79,1,0.009000000000000001,0.004753741554317399,50.61784657140623,633.2396915057432,4.0,18.334359620964744,17.64418377321603
18.35455243587923,42,90,0,0.009000000000000001,0.011304765231587015,42.86990744950438,724.0454746168832,3.0,18.338628682213542,15.923753665689148
18.364552435879233,105,49,0,0.009000000000000001,0.004534906865588917,105.39330838920813,398.38707730485254,3.0,18.34221616999458,22.33626588465298
18.362003804737963,65,104,1,0.010777120480347227,0.04789831324598767,65.81119573617663,839.3064619546359,4.0,18.348269689390943,13.734115347018573
18.374552435879234,48,39,0,0.009000000000000001,0.0066473408226892065,48.90969555236644,319.2757039086258,3.0,18.350652142624103,23.900293255131963
18.37397838304946,21,73,1,0.009000000000000001,0.002363915300927937,21.911189723376204,586.6926490837565,4.0,18.355395782853957,18.58260019550342
18.384552435879236,57,40,0,0.009000000000000001,0.007041173694707021,57.548917439160014,327.2972088024381,3.0,18.360808545361152,23.743890518084065
18.383978383049463,60,104,1,0.009000000000000001,0.015145097316501335,60.20611532419638,839.8573707032825,4.0,18.370244267702443,13.734115347018573
18.393978383049465,63,70,1,0.009000000000000001,0.0025890076060072664,63.92236225409117,565.9470036734101,4.0,18.374926574642817,19.05180840664712
18.394552435879238,69,71,0,0.009000000000000001,0.00031445044725836535,69.82220130233382,571.5907319628086,3.0,18.375657030209638,18.89540566959922
18.403978383049466,77,90,1,0.009000000000000001,0.006970258544615066,77.89073476936639,723.5498774064206,4.0,18.388054629383777,15.923753665689148
18.413978383049468,90,52,1,0.009000000000000001,0.008207317917536648,90.81698416407087,423.4883372995203,4.0,18.392111325375957,21.867057673509287
18.41455243587924,51,121,0,0.009000000000000001,0.0012345542349786532,51.48030518128109,969.1431802687234,3.0,18.403477167062036,11.0752688172043
18.42397838304947,21,84,1,0.009000000000000001,0.016752193619788795,-24.93258540167423,679.2322239587107,4.0,18.407116212961494,16.86217008797654
18.424552435879242,65,109,0,0.009000000000000001,0.0037682913549052627,65.749836968717,878.6951518190413,3.0,18.411600334217464,12.952101661779082
18.43397838304947,56,49,1,0.009000000000000001,0.0014050405863573357,56.425264922406704,394.8618114925278,4.0,18.411642117164817,22.33626588465298
18.434552435879244,81,62,0,0.012407968788000849,0.04135989596000283,81.69414601768455,501.88380647312204,3.0,18.414249405576214,20.303030303030305
18.443978383049473,72,47,1,0.009000000000000001,0.007306406097242573,72.20778730271618,378.82646054445445,4.0,18.421329311690723,22.649071358748778
18.448339067865913,23,67,0,0.009743020997878965,0.03247673665959655,23.048003537440323,538.270972978154,3.0,18.428818051248122,19.521016617790814
18.453978383049474,46,73,1,0.009000000000000001,0.02717909926526325,46.16155735816869,584.6455688194793,4.0,18.43539578285397,18.58260019550342
18.459164646752445,24,50,0,0.009000000000000001,0.0077959349689388025,24.32935128119295,407.901530224941,3.0,18.43698478360484,22.179863147605083
18.463978383049476,42,107,1,0.009000000000000001,0.004831528522947882,42.28899464819962,856.2640246785223,4.0,18.450713475913602,13.264907135874878
18.469164646752446,97,110,0,0.009000000000000001,0.008067896422915674,97.74755138201235,883.5549733563099,3.0,18.456368947827716,12.795698924731184
18.473978383049477,47,82,1,0.009000000000000001,0.006093885925002235,47.14663008722893,656.3793696312655,4.0,18.456803407487406,17.174975562072337
18.479164646752448,66,63,0,0.009000000000000001,0.005806069315450655,66.01085778546665,511.63327454604564,3.0,18.459018019186466,20.146627565982406
18.48397838304948,41,91,1,0.009000000000000001,0.0015952801548030724,41.82166140593305,728.1589729522099,4.0,18.468211032120838,15.76735092864125
18.48916464675245,29,122,0,0.009000000000000001,0.0030020670904213733,29.725083992277384,976.4921701064851,3.0,18.478245780672292,10.918866080156402
18.49916464675245,39,67,0,0.009000000000000001,0.008157868496541154,39.23905856762417,543.0939273213553,3.0,18.47964363013466,19.521016617790814
18.503978383049482,63,58,1,0.009000000000000001,0.029201725484106426,63.35984982327443,471.30091791659066,4.0,18.48304974179826,20.928641251221897
18.509164646752453,55,92,0,0.009000000000000001,0.008686145236225726,55.875288324881,738.3640249947447,3.0,18.49355369856086,15.610948191593351
18.519164646752454,33,72,0,0.009000000000000001,0.006711857709794751,33.40405125142076,581.2451604580269,3.0,18.500425643819902,18.73900293255132
18.523978383049485,52,47,1,0.009000000000000001,0.019613026658432425,52.442992030486096,377.01240478928054,4.0,18.501329311690736,22.649071358748778
18.513978383049484,75,122,1,0.009000000000000001,0.0014106289087706943,75.10020218521687,980.4374322364417,4.0,18.503059516969326,10.918866080156402
18.529164646752456,67,87,0,0.015273123791827383,0.050910412639424606,67.00468228800035,698.5641528275979,3.0,18.512771684875624,16.392961876832846
18.533978383049487,56,76,1,0.009000000000000001,0.02945571583456669,56.10522126798206,609.6756185237355,4.0,18.515864991065126,18.113391984359726
18.546134784298932,81,55,0,0.009000000000000001,0.009693236433199543,81.5871593075579,440.9184754757033,3.0,18.524736934836568,21.397849462365592
18.543978383049488,59,85,1,0.009000000000000001,0.0004716411506336734,59.39166540598981,680.7145448127823,4.0,18.52727261569856,16.705767350928642
18.55397838304949,108,113,1,0.009000000000000001,0.004133269728927252,116.44252413532931,908.1607670724742,4.0,18.541651892335903,12.32649071358749
18.56397838304949,46,75,1,0.009000000000000001,0.01084418232017791,46.7509532360864,603.8342079347265,4.0,18.545708588328083,18.269794721407624
18.573978383049493,21,41,1,0.009000000000000001,0.01711624878411772,16.720385911470743,332.9428385138632,4.0,18.550390895268457,23.587487781036167
18.576134784298937,66,113,0,0.009000000000000001,0.02401904017398643,66.381271153424,908.9784117533794,3.0,18.56380829358535,12.32649071358749
18.586134784298938,102,106,0,0.009000000000000001,0.0014001216907623094,102.45880080631888,853.3568559924195,3.0,18.572713474426017,13.421309872922777
18.593978383049496,68,117,1,0.009000000000000001,0.001778149123609272,68.68228781049241,940.0383098665385,4.0,18.5822775032841,11.700879765395896
18.60613478429894,80,50,0,0.009000000000000001,0.028831555463501638,80.95606633664318,404.15717858358096,3.0,18.583954921151335,22.179863147605083
18.59613478429894,44,114,0,0.009000000000000001,0.0013332662955202385,44.02835004743483,913.9634067127323,3.0,18.5839646963224,12.170087976539591
18.603978383049498,67,116,1,0.009000000000000001,0.0030827273132032706,67.67543304575803,932.7671456329225,4.0,18.592121100547054,11.857282502443795
18.616134784298943,59,113,0,0.009000000000000001,0.006211532794591166,59.67667628003621,904.4832657601816,3.0,18.603808293585356,12.32649071358749
18.6239783830495,61,76,1,0.009000000000000001,0.012742994675327362,61.7533966115895,611.1359845844538,4.0,18.60586499106514,18.113391984359726
18.626134784298944,69,70,0,0.009000000000000001,0.008885090469242499,69.37254954156003,562.7309355437212,3.0,18.607082975892297,19.05180840664712
18.633978383049502,73,37,1,0.009000000000000001,0.002961072990317938,73.61972930711948,300.2810808177379,4.0,18.609765284320275,24.21309872922776
18.636134784298946,75,71,0,0.009000000000000001,0.003365692190600759,75.3548959630929,570.5783547761196,3.0,18.617239378629346,18.89540566959922
18.643978383049504,35,44,1,0.009000000000000001,0.016393362936898716,35.190363199006356,355.4747242909502,4.0,18.62086010347961,23.118279569892472
18.646134784298948,42,80,0,0.009000000000000001,0.007159562656140621,42.59354452893429,644.6278360008273,3.0,18.62864700326278,17.487781036168133
18.653978383049505,52,68,1,0.009000000000000001,0.002125617551595538,52.317588567597994,548.4965810697593,4.0,18.634613769168762,19.364613880742915
18.65613478429895,88,104,0,0.009000000000000001,0.0086104296117355,88.65495023971867,835.1694562583024,3.0,18.64240066895193,13.734115347018573
18.663978383049507,21,121,1,0.009000000000000001,0.0038671033106284516,2.2783308021549686,974.741208451232,4.0,18.652903114232302,11.0752688172043
18.66613478429895,51,121,0,0.009000000000000001,0.008522107958446627,51.91445218599621,969.2330005283532,3.0,18.655059515481746,11.0752688172043
18.68397838304951,50,45,1,0.009000000000000001,0.0035875737699910732,50.81775881070293,366.18944134207175,4.0,18.661016506216665,22.961876832844574
18.67397838304951,58,114,1,0.009000000000000001,0.010260489065290672,58.65466641743527,912.5060898207792,4.0,18.66180829507297,12.170087976539591
18.676134784298952,87,115,0,0.009000000000000001,0.0022373687170445015,87.97934446100125,925.1631436367904,3.0,18.66412109905946,12.013685239491693
18.69397838304951,91,42,1,0.009000000000000001,0.01420408783409194,91.03918788579021,337.5035917251856,4.0,18.670547298005523,23.43108504398827
18.686134784298954,55,114,0,0.009000000000000001,0.000644932886875834,55.09308048755461,918.4253340902425,3.0,18.673964696322415,12.170087976539591
18.696134784298955,108,118,0,0.009000000000000001,0.005947853986684248,115.99786570284722,948.4678247110608,3.0,18.684590307270607,11.544477028347998
18.703978383049513,106,91,1,0.009000000000000001,0.0015140330208952713,106.79940098390641,735.7845773491797,4.0,18.688211032120872,15.76735092864125
18.706134784298957,64,79,0,0.009000000000000001,0.00019301169365585843,64.61478418557698,633.790427822472,3.0,18.68849060052574,17.64418377321603
18.71613478429896,82,49,0,0.009000000000000001,0.011638615981336585,82.84704872423524,394.1045905856853,3.0,18.693798518414305,22.33626588465298
18.72613478429896,86,68,0,0.009000000000000001,0.0035581187130977405,86.42773829393488,551.1008677919094,3.0,18.706770170418217,19.364613880742915
18.723978383049516,66,111,1,0.009000000000000001,0.029647212358605443,66.72493298520466,889.7248747849026,4.0,18.711339086861834,12.639296187683286
18.733978383049518,30,123,1,0.009000000000000001,0.01281478621303555,30.125595019939617,984.7858244706318,4.0,18.72321591970641,10.762463343108504
18.73613478429896,38,121,0,0.009000000000000001,0.016318737627865215,38.53560209579034,970.2136133266673,3.0,18.725059515481757,11.0752688172043
18.74397838304952,59,80,1,0.009000000000000001,0.001725933108303956,59.36439292106811,641.2274848247819,4.0,18.726490602013353,17.487781036168133
18.756134784298965,47,38,0,0.009000000000000001,0.011295498544367533,47.14527987779012,310.020694366942,3.0,18.732078088306785,24.05669599217986
18.746134784298963,43,124,0,0.009000000000000001,8.902797672285236e-05,43.584971956821676,998.4745989773847,3.0,18.7355287236929,10.606060606060606
18.773978383049524,83,40,1,0.009000000000000001,0.00041432297524226716,83.1970620124947,321.8494922371233,4.0,18.75023449253144,23.743890518084065
18.763978383049523,68,115,1,0.009000000000000001,0.0032117685556851956,68.14026189925163,921.4260672701816,4.0,18.75196469781003,12.013685239491693
18.766134784298966,80,110,0,0.009000000000000001,0.013389128784347004,80.55881051101626,883.9012179004731,3.0,18.753339085374236,12.795698924731184
18.776134784298968,70,104,0,0.009000000000000001,0.013489066035480942,70.11311546635397,838.2459474753487,3.0,18.762400668951948,13.734115347018573
18.78613478429897,45,104,0,0.009000000000000001,0.010745262473318811,45.74783610608067,836.2811529569103,3.0,18.77240066895195,13.734115347018573
18.79613478429897,41,80,0,0.009000000000000001,0.01870292674678805,41.59069184230376,641.3394667670476,3.0,18.778647003262805,17.487781036168133
18.806134784298973,65,73,0,0.009000000000000001,0.0008082979657432533,65.08360989538747,585.2801217227016,3.0,18.78755218410347,18.58260019550342
18.80397838304953,55,94,1,0.009000000000000001,0.00040084709247155815,55.538749534250485,758.4349862035014,4.0,18.78868024033203,15.298142717497555
18.81397838304953,22,99,1,0.009000000000000001,0.005847160539286126,22.60625433951568,792.0065108350709,4.0,18.79946225401727,14.516129032258064
18.823978383049532,108,54,1,0.009000000000000001,0.000704334428465315,128.00389468546254,435.65239101634836,4.0,18.802424130850117,21.55425219941349
18.826134784298976,46,120,0,0.009000000000000001,0.016514857100754805,46.83744787615225,963.3816181751296,3.0,18.814903112744723,11.231671554252198
18.836134784298977,60,63,0,0.009000000000000001,0.0007506463373245577,60.72457889304372,509.6959745677117,3.0,18.815988156732995,20.146627565982406
18.84613478429898,74,81,0,0.009000000000000001,0.0007997662473957208,74.60657861656178,650.4369876492924,3.0,18.82880340599986,17.331378299120235
18.853978383049537,21,57,1,0.009000000000000001,0.02850514882534567,7.572174358756584,463.8404425122494,4.0,18.83289333906127,21.085043988269796
18.863978383049538,66,60,1,0.009000000000000001,0.0005106279624170379,66.56469050740233,487.9500533382468,4.0,18.843362547272413,20.6158357771261
18.866134784298982,61,63,0,0.009000000000000001,0.005156259312160877,61.980304783756544,506.7033458335603,3.0,18.845988156733,20.146627565982406
18.87397838304954,76,72,1,0.009000000000000001,0.010619981811422067,76.28982244124985,577.3940837441904,4.0,18.855239380116988,18.73900293255132
18.876134784298984,80,118,0,0.009000000000000001,0.0026446609173255953,80.95006048249888,950.4596375422977,3.0,18.864590307270635,11.544477028347998
18.886134784298985,44,116,0,0.009000000000000001,0.005193664841775337,44.88227388675811,934.277701492748,3.0,18.87427750179654,11.857282502443795
18.893978383049543,52,78,1,0.009000000000000001,0.0071862134112402,52.09190878473298,629.5494979088951,4.0,18.876177796539277,17.80058651026393
18.896134784298987,23,93,0,0.009000000000000001,0.0038786446405724958,23.020966981659193,748.3332295230907,3.0,18.88068023884444,15.454545454545453
18.906134784298988,56,90,0,0.011587001903928968,0.038623339679763224,56.81959969099449,722.4451672303651,3.0,18.8902110306333,15.923753665689148
18.903978383049544,21,119,1,0.009000000000000001,0.01226363351345916,19.234326945049602,958.4479994302797,4.0,18.892590308758244,11.3880742913001
18.913978383049546,59,85,1,0.009000000000000001,0.003994650606714626,59.8846755281451,681.122932504418,4.0,18.89727261569862,16.705767350928642
18.919009230858908,39,115,0,0.009000000000000001,0.004428774286066842,39.487849320685996,922.061356185779,3.0,18.906995545619417,12.013685239491693
18.923978383049548,45,104,1,0.009000000000000001,0.0018445248697211332,45.749722646367964,832.3252243932467,4.0,18.910244267702527,13.734115347018573
18.92900923085891,68,76,0,0.009000000000000001,0.006993341822032346,68.04089100629922,614.5448194277494,3.0,18.91089583887455,18.113391984359726
18.93397838304955,69,77,1,0.009438727740626592,0.04194990106945152,69.09200718454748,617.6925946648381,4.0,18.916021393802236,17.956989247311828
18.944465858316914,76,111,1,0.009000000000000001,0.007778579209349946,76.6890536736415,894.7201224877207,4.0,18.93182656212923,12.639296187683286
18.949009230858913,64,99,0,0.009000000000000001,0.0027698176589151047,64.53821985213725,799.7668427546129,3.0,18.934493101826654,14.516129032258064
18.954465858316915,57,88,1,0.009000000000000001,0.006541860003869984,57.01146181346725,705.3908628245345,4.0,18.93822929917713,16.236559139784944
18.959009230858914,65,83,0,0.009000000000000001,0.01728980713981719,65.67796202102873,664.1189246175259,3.0,18.94199065803389,17.01857282502444
18.964465858316917,21,116,1,0.009000000000000001,0.0020958298010258863,3.8838611113615116,930.6354111868935,4.0,18.952608575814473,11.857282502443795
18.969009230858916,92,105,0,0.009000000000000001,0.0015417263496425092,92.87301067127474,842.7423052821949,3.0,18.955431518248947,13.577712609970675
18.97446585831692,41,90,1,0.009000000000000001,0.01121431524775562,41.25578535484358,722.9217567208143,4.0,18.95854210465123,15.923753665689148
18.98446585831692,66,44,1,0.009000000000000001,0.0012892562944110644,66.23719763806315,355.08837263677935,4.0,18.961347578747027,23.118279569892472
18.98900923085892,59,42,0,0.009000000000000001,0.009930575734759224,59.325987225768486,338.0324243760327,3.0,18.96557814581493,23.43108504398827
18.99446585831692,97,45,1,0.009000000000000001,0.0074931739125268714,97.39640713830448,362.455517640067,4.0,18.971503981484076,22.961876832844574
18.99900923085892,44,61,0,0.009000000000000001,0.013808899279180805,44.971439226682406,493.31869047462965,3.0,18.978549797818843,20.459433040078203
19.009009230858922,60,42,0,0.009000000000000001,0.012275024255933232,60.36909555293054,343.8827351353061,3.0,18.985578145814934,23.43108504398827
19.014465858316925,104,65,1,0.009788702913947081,0.04350534628420925,104.02084886055059,527.7927964778255,4.0,18.99463203622504,19.83382209188661
19.019009230858924,39,46,0,0.009000000000000001,0.018284555642147864,39.39720143100754,371.3246716462095,3.0,18.996203756763126,22.805474095796676
19.029009230858925,87,61,0,0.009000000000000001,0.00446652667564808,87.01410650496825,489.27530046916786,3.0,19.008549797818848,20.459433040078203
19.025342194887976,74,122,1,0.009000000000000001,0.0009953188493148787,74.36155218289005,983.1096039484756,4.0,19.01442332880782,10.918866080156402
19.039009230858927,84,115,0,0.009000000000000001,0.018496761371370293,84.65811684813058,924.3105013675143,3.0,19.026995545619435,12.013685239491693
19.04534219488798,37,84,1,0.009000000000000001,0.01662095982532317,37.289384838479265,675.6047330200342,4.0,19.028480024800004,16.86217008797654
19.05534219488798,67,59,1,0.009000000000000001,0.0032603099845736334,67.52736881778769,474.9312051458229,4.0,19.034569956373808,20.772238514174
19.04900923085893,44,117,0,0.009000000000000001,0.005688386725432964,44.070710952486905,936.9602006980745,3.0,19.037308351093532,11.700879765395896
19.05900923085893,58,71,0,0.009000000000000001,0.00473719410559516,58.42685743725588,571.3541638189529,3.0,19.04011382518933,18.89540566959922
19.065342194887982,75,97,1,0.009000000000000001,0.0006785148555687162,75.98482976135664,783.4307186706454,4.0,19.050513260381628,14.82893450635386
19.075342194887984,21,56,1,0.009000000000000001,0.008495851682072132,18.764700230975137,451.7699931503758,4.0,19.054100748162668,21.241446725317694
19.06900923085893,107,99,0,0.009000000000000001,0.010016086674053277,107.5606033536007,792.6999641440318,3.0,19.054493101826672,14.516129032258064
19.079009230858933,72,95,0,0.009000000000000001,4.3728164917464124e-05,72.53384834995224,766.4697895047445,3.0,19.063867490878483,15.141739980449657
19.085342194887986,31,122,1,0.009000000000000001,0.011074853073391695,31.132723328512007,979.4676194557094,4.0,19.07442332880783,10.918866080156402
19.089009230858935,40,104,0,0.010148378823121624,0.03382792941040541,40.406304333574994,832.726453175548,3.0,19.075275115511914,13.734115347018573
19.095342194887987,25,76,1,0.009000000000000001,0.0019323923332935976,25.041888641775273,612.6821052212654,4.0,19.077228802903626,18.113391984359726
19.10028520732907,34,46,0,0.009033921265130638,0.030113070883768793,34.670711589780296,373.75544557559954,3.0,19.07747973323327,22.805474095796676
19.10534219488799,104,109,1,0.009000000000000001,0.002932271247143336,104.7802692548465,877.5944129629934,4.0,19.09239009322621,12.952101661779082
19.110322897623657,85,93,0,0.009000000000000001,0.015224525761144808,85.4036290447278,750.9044550331412,3.0,19.09486835216911,15.454545454545453
19.12032289762366,69,81,0,0.009000000000000001,0.0004938565445154199,69.79020042034284,650.2808019971409,3.0,19.10299151932454,17.331378299120235
19.13032289762366,57,77,0,0.009000000000000001,0.005669183750725491,57.00058112740162,620.3897236115058,3.0,19.112365908376347,17.956989247311828
19.135342194887993,38,73,1,0.009000000000000001,0.0021844744740113094,38.236614575355375,591.042360692756,4.0,19.11675959469249,18.58260019550342
19.140322897623662,26,42,0,0.009000000000000001,0.002343090592525958,26.2904578303286,336.6485141312307,3.0,19.116891812579674,23.43108504398827
19.145342194887995,97,69,1,0.009000000000000001,0.006333275812147372,97.73535014845865,557.3959556892803,4.0,19.1261339837443,19.208211143695017
19.160322897623665,50,95,0,0.009000000000000001,0.01726982839782898,50.48010816427397,760.14743751909,3.0,19.145181157643215,15.141739980449657
19.165342194887998,29,77,1,0.009000000000000001,0.0033718652179813443,29.798044066441904,622.0718385903815,4.0,19.147385205640685,17.956989247311828
19.175342194888,56,57,1,0.009000000000000001,0.002149859502183439,56.192371596743705,459.2737138555243,4.0,19.15425715089973,21.085043988269796
19.170322897623667,71,114,0,0.009000000000000001,0.006391928577607432,71.58057717188619,916.1097165450395,3.0,19.158152809647127,12.170087976539591
19.180322897623668,83,63,0,0.009000000000000001,0.0024301554696629724,83.30259195304467,506.71103430028296,3.0,19.160176270057686,20.146627565982406
19.185342194888,65,48,1,0.009000000000000001,0.003279506543623965,65.2219088722311,389.18565018680033,4.0,19.1628495262663,22.49266862170088
19.19032289762367,98,94,0,0.009000000000000001,0.0014687824248068755,98.45407741456583,756.1478323340937,3.0,19.175024754906172,15.298142717497555
19.195342194888003,27,99,1,0.009000000000000001,0.01019605794180303,27.360739437139813,795.5634786908323,4.0,19.180826065855744,14.516129032258064
19.20032289762367,85,72,0,0.009000000000000001,0.013416937537854709,85.80422245604301,576.5916353280522,3.0,19.18158389469112,18.73900293255132
19.205342194888004,89,59,1,0.009000000000000001,0.00815144760452116,89.46719970844045,479.2148211430591,4.0,19.18456995637383,20.772238514174
19.220322897623674,38,42,0,0.009000000000000001,0.022092313952729918,38.916411922846315,340.66436645624486,3.0,19.196891812579686,23.43108504398827
19.215342194888006,62,75,1,0.009000000000000001,0.010521904997131024,62.3128617614399,606.0036735315243,4.0,19.197072400166597,18.269794721407624
19.225342194888007,35,90,1,0.009000000000000001,0.0031180207886286845,35.624921886762095,722.8034984176501,4.0,19.20941844122232,15.923753665689148
19.230322897623676,26,82,0,0.009000000000000001,0.0011823437635671136,26.09914167789593,661.1033318986297,3.0,19.213147922061605,17.174975562072337
19.240322897623678,23,39,0,0.009000000000000001,0.003114184672257246,23.392341834397065,313.52934164232073,3.0,19.216422604368546,23.900293255131963
19.24534219488801,48,69,1,0.009000000000000001,0.006528788973570614,48.42380219489432,557.0943908964964,4.0,19.226133983744315,19.208211143695017
19.25032289762368,32,73,0,0.009000000000000001,0.001328098233045887,32.788425717914805,589.5498724430447,3.0,19.231740297428175,18.58260019550342
19.26032289762368,78,89,0,0.009000000000000001,0.00678977219233992,78.69551308905604,716.5921724339771,3.0,19.244242741220944,16.080156402737046
19.265342194888014,25,94,1,0.009000000000000001,0.018116777906666114,25.26783375021438,755.5518245928313,4.0,19.250044052170516,15.298142717497555
19.275342194888015,84,40,1,0.009000000000000001,0.00952355441279677,84.53875854854218,326.8547029489908,4.0,19.25159830436993,23.743890518084065
19.270322897623682,21,78,0,0.009000000000000001,9.973390458152717e-05,2.1626839894366086,624.8666116174527,3.0,19.252522311113417,17.80058651026393
19.280322897623684,108,64,0,0.009931266663028914,0.03310422221009638,108.42979113199773,518.3047005418182,3.0,19.26033267279475,19.990224828934508
19.285342194888017,47,82,1,0.009000000000000001,0.020463718019452123,47.197638081180216,658.9249298557506,4.0,19.268167219325946,17.174975562072337
19.29135763836038,65,105,0,0.009000000000000001,0.014871821306709975,65.19160515764402,841.0450373132805,3.0,19.277779925750412,13.577712609970675
19.301357638360383,54,60,0,0.009000000000000001,0.007366729262027566,54.29531700744862,485.90798307102426,3.0,19.280741802583258,20.6158357771261
19.30534219488802,59,76,1,0.009000000000000001,0.020522300083002293,59.150638123828195,612.717667717975,4.0,19.28722880290366,18.113391984359726
19.311357638360384,64,63,0,0.009000000000000001,0.00017708232706465003,64.61363434068554,505.3160275463953,3.0,19.291211010794402,20.146627565982406
19.31534219488802,55,80,1,0.009000000000000001,0.0042002030243529906,55.59040140559668,647.4259398990653,4.0,19.297854413851855,17.487781036168133
19.325342194888023,33,96,1,0.009000000000000001,0.0051692199307599475,33.648274381924864,775.0620656788279,4.0,19.31035685764462,14.985337243401759
19.331357638360387,66,63,0,0.009000000000000001,1.3545426943478148e-05,66.13376768909686,509.8603692956651,3.0,19.311211010794405,20.146627565982406
19.335342194888025,62,108,1,0.009000000000000001,0.005462741105691282,62.42480371158711,865.2345549563363,4.0,19.3222336904892,13.10850439882698
19.34135763836039,76,77,0,0.009000000000000001,0.010397550865605175,76.08527753465613,620.5970313025,3.0,19.323400649113076,17.956989247311828
19.345342194888026,71,72,1,0.009000000000000001,0.0011581037363231031,71.2698935255614,578.103905062134,4.0,19.326603191955474,18.73900293255132
19.355342194888028,86,44,1,0.009000000000000001,0.00410750603934765,86.12675283166445,354.8367524334047,4.0,19.332223915318135,23.118279569892472
19.361357638360392,42,79,0,0.009000000000000001,0.0006795219063427087,42.16477764556839,638.8539487971411,3.0,19.343713454587174,17.64418377321603
19.36534219488803,65,111,1,0.009000000000000001,0.0007534313254465394,65.02708727352473,895.2223957103192,4.0,19.352702898700347,12.639296187683286
19.371357638360394,40,78,0,0.009000000000000001,0.013761238826067158,40.871932714027636,631.6668798785627,3.0,19.353557051850128,17.80058651026393
19.381357638360395,72,44,0,0.009000000000000001,0.0005958489006248408,72.89017999346744,352.9235284317256,3.0,19.358239358790502,23.118279569892472
19.385342194888032,107,48,1,0.009000000000000001,0.001336330090288986,107.78147119066097,390.8480760058279,4.0,19.36284952626633,22.49266862170088
19.391357638360397,61,57,0,0.009000000000000001,0.004552028996462769,61.23903304106899,457.7668876047361,3.0,19.37027259437213,21.085043988269796
19.395342194888034,57,66,1,0.009000000000000001,0.008137755710278992,57.22328441002398,528.8594701782865,4.0,19.375664775533195,19.67741935483871
19.4013576383604,68,105,0,0.009000000000000001,0.002179484245523082,68.13155041945768,846.9252990231136,3.0,19.38777992575043,13.577712609970675
19.4113576383604,36,50,0,0.009000000000000001,0.008634573226958268,36.13967778235711,402.87389671174674,3.0,19.389177775212794,22.179863147605083
19.405342194888036,74,118,1,0.009000000000000001,0.00933155453200115,74.58157505091305,951.3140203815218,4.0,19.393797717859687,11.544477028347998
19.415342194888037,66,109,1,0.009000000000000001,0.01813562432872746,66.08896126780351,874.4035075336948,4.0,19.40239009322626,12.952101661779082
19.42534219488804,38,58,1,0.009000000000000001,0.003358145321856739,38.465881740045205,467.44776162395317,4.0,19.404413553636818,20.928641251221897
19.4213576383604,28,96,0,0.009000000000000001,0.01666663345814654,28.84495475868887,771.891206875244,3.0,19.406372301117,14.985337243401759
19.431357638360403,97,67,0,0.009000000000000001,0.003009766945987171,97.87456338987634,541.6345459459474,3.0,19.411836621742612,19.521016617790814
19.43534219488804,56,81,1,0.009000000000000001,0.015463495017981055,56.211791495038,654.0664558146309,4.0,19.41801081658892,17.331378299120235
19.451357638360406,21,42,0,0.009000000000000001,0.012300476518437322,15.942929423015507,343.5422583152919,3.0,19.427926553316418,23.43108504398827
19.441357638360405,53,115,0,0.009000000000000001,0.02494785401962705,53.68850870926373,923.0987961772103,3.0,19.429343953120913,12.013685239491693
19.445342194888042,47,101,1,0.009000000000000001,0.008217733079230124,47.13403691709952,810.0306097549438,4.0,19.43113887132988,14.203323558162268
19.455342194888043,92,85,1,0.009000000000000001,0.0043826580230776875,92.57907277639917,683.331270457623,4.0,19.438636427537116,16.705767350928642
19.465342194888045,103,60,1,0.009000000000000001,0.010229946304174327,103.00009705256483,481.6144197476534,4.0,19.44472635911092,20.6158357771261
19.461357638360408,33,121,0,0.009000000000000001,0.0015935106340465577,33.86207721245269,970.5538847397393,3.0,19.450282369543203,11.0752688172043
19.475342194888047,52,81,1,0.009000000000000001,0.0008844741150431102,52.99019276144297,650.1385548659497,4.0,19.458010816588928,17.331378299120235
19.485342194888048,50,98,1,0.009000000000000001,0.01835352490411513,50.309871187703365,790.9053394618688,4.0,19.47066966311874,14.672531769305962
19.491357638360412,65,77,0,0.009000000000000001,0.01644886302350852,65.39101884933646,621.7654092818628,3.0,19.4734006491131,17.956989247311828
19.501357638360414,46,52,0,0.009000000000000001,0.007909301276058035,46.471195798610374,416.02484587410913,3.0,19.479490580686903,21.867057673509287
19.50534219488805,21,42,1,0.009000000000000001,0.0021303628278197466,18.787759923305188,342.8516607005004,4.0,19.481911109844063,23.43108504398827
19.511357638360415,58,55,0,0.009000000000000001,0.005897635674222761,58.007193516173444,446.4298257855495,3.0,19.48995978889805,21.397849462365592
19.521357638360417,70,58,0,0.009000000000000001,0.0005127121953612684,70.74868194604305,469.38399122193175,3.0,19.500428997109196,20.928641251221897
19.515342194888053,76,99,1,0.009000000000000001,0.008938349919684611,76.87356352178644,792.7556669241608,4.0,19.500826065855794,14.516129032258064
19.525342194888054,47,73,1,0.009000000000000001,0.02912743823626621,47.33555533399297,586.2490650296704,4.0,19.50675959469255,18.58260019550342
19.53135763836042,68,54,0,0.009704023064576364,0.03234674354858788,68.90625723153413,437.8479931173999,3.0,19.509803386161003,21.55425219941349
19.535342194888056,108,76,1,0.009000000000000001,0.01084620155085518,113.00205818771292,614.7192342054161,4.0,19.517228802903695,18.113391984359726
19.54213988620995,61,60,0,0.009074235954606154,0.030247453182020517,61.15107470355712,481.67924822326324,3.0,19.521524050432824,20.6158357771261
19.545342194888057,45,81,1,0.009000000000000001,0.0020903387071022875,45.73560353424949,655.5281912023667,4.0,19.52801081658894,17.331378299120235
19.552222370603957,67,89,0,0.009000000000000001,0.005744683429928096,67.96425271820438,715.4926547651502,3.0,19.53614221420122,16.080156402737046
19.55534219488806,74,95,1,0.009000000000000001,0.007520147749081377,74.47113848259028,764.6541367590108,4.0,19.54020045490761,15.141739980449657
19.56222237060396,63,54,0,0.009000000000000001,0.0007588970221384388,63.905865956313505,433.0753548486093,3.0,19.540668118404543,21.55425219941349
19.56534219488806,79,100,1,0.009000000000000001,0.0012034680179467095,79.0844846793965,804.4314034646005,4.0,19.55098246859285,14.359726295210166
19.575342194888062,57,84,1,0.009000000000000001,0.006937576795855878,57.39149480192034,679.6099829347554,4.0,19.558480024800087,16.86217008797654
19.57222237060396,60,116,0,0.009000000000000001,0.01573082436156245,60.993097262060346,935.5291556457336,3.0,19.560365088101516,11.857282502443795
19.592222370603963,73,51,0,0.009000000000000001,0.014159712237241735,73.73022668171811,413.1700053658733,3.0,19.570198910193405,22.023460410557185
19.585342194888064,50,102,1,0.009000000000000001,0.0016028706739959625,50.921362930142195,822.4196687983538,4.0,19.571295274066948,14.04692082111437
19.602222370603965,36,93,0,0.009000000000000001,0.006479828321383203,36.924279128267095,748.4306284842212,3.0,19.58676782514942,15.454545454545453
19.605342194888067,31,99,1,0.009000000000000001,0.024846239220862376,31.161883484627573,793.8476563542367,4.0,19.590826065855808,14.516129032258064
19.622222370603968,59,38,0,0.009000000000000001,0.008326053877086579,59.84756263745115,308.4721817432752,3.0,19.59816567461179,24.05669599217986
19.61534219488807,62,96,1,0.009000000000000001,0.011140689403916668,62.26270304674271,772.5909200910937,4.0,19.600356857644666,14.985337243401759
19.62534219488807,35,101,1,0.009000000000000001,0.005403373144728948,35.127242780829704,811.4753080698731,4.0,19.611138871329906,14.203323558162268
19.63222237060397,97,68,0,0.009000000000000001,9.079563850904285e-05,97.49412316681011,549.9205407790085,3.0,19.612857756723226,19.364613880742915
19.64222237060397,75,56,0,0.009000000000000001,0.026063161770524017,75.08700558818919,455.4531094853244,3.0,19.620980923878655,21.241446725317694
19.63534219488807,71,115,1,0.009000000000000001,0.007378565029000956,71.96651564369351,926.3333909087465,4.0,19.62332850964858,12.013685239491693
19.655342194888075,82,52,1,0.009000000000000001,0.0023497162037662495,82.52936678971582,423.67761992341366,4.0,19.633475137214564,21.867057673509287
19.645342194888073,78,124,1,0.009000000000000001,0.001250613638040742,78.08965529228276,993.1557742305517,4.0,19.63473613428201,10.606060606060606
19.662222370603974,56,40,0,0.009000000000000001,0.013051253056263971,56.3081753472392,320.4188345516851,3.0,19.63847848008589,23.743890518084065
19.652222370603972,29,111,0,0.009000000000000001,0.0038812136854655573,29.53451504122549,893.6294627210387,3.0,19.63958307441629,12.639296187683286
19.665342194888076,30,116,1,0.009000000000000001,0.008680448400777337,30.64466845417384,932.8244905181915,4.0,19.653484912385633,11.857282502443795
19.672222370603976,39,95,0,0.009000000000000001,0.006556397546358057,39.049687758250414,763.7038081907476,3.0,19.657080630623526,15.141739980449657
19.68534219488808,73,55,1,0.009000000000000001,0.004101516003039928,73.42409578866412,447.84578101156615,4.0,19.663944345425715,21.397849462365592
19.69222237060398,22,41,0,0.014996868227707053,0.049989560759023506,22.40760640886178,331.4379092969311,3.0,19.668634882822943,23.587487781036167
19.682222370603977,41,117,0,0.009000000000000001,0.0012613325343695842,41.80818665955183,943.6717172592348,3.0,19.67052149083858,11.700879765395896
19.69534219488808,25,76,1,0.009000000000000001,0.003756860156230283,25.551458016214063,613.885488711153,4.0,19.67722880290372,18.113391984359726
19.705342194888082,46,102,1,0.009000000000000001,0.0038645127242409537,46.095508011896186,821.0934776693282,4.0,19.691295274066967,14.04692082111437
19.708885557523654,27,103,0,0.009000000000000001,0.014313248803005746,27.741252711283515,827.9854813429159,3.0,19.694995039439586,13.890518084066471
19.715342194888084,86,87,1,0.009000000000000001,0.03548071515870006,86.38768860799395,696.1041514917337,4.0,19.698949233011252,16.392961876832846
19.718885557523656,21,120,0,0.009000000000000001,0.025062499928371725,21.521748796417214,965.6500161517839,3.0,19.707653885969403,11.231671554252198
19.728885557523657,88,59,0,0.009000000000000001,0.008606729434454638,88.60701254681081,475.7009682836102,3.0,19.708113319009485,20.772238514174
19.725342194888086,55,97,1,0.009000000000000001,0.0017106791533506652,55.470921606243984,783.435919456939,4.0,19.71051326038173,14.82893450635386
19.735342194888087,78,76,1,0.009000000000000001,0.00720383745362475,78.97730444496975,608.3041994592322,4.0,19.717228802903726,18.113391984359726
19.73888555752366,45,68,0,0.009000000000000001,0.008302828409517736,45.785603260197234,551.0049230674113,3.0,19.719520943642916,19.364613880742915
19.74534219488809,67,103,1,0.009000000000000001,0.023144312142180233,67.33435505214828,825.4683099971584,4.0,19.73145167680402,13.890518084066471
19.74888555752366,42,117,0,0.009000000000000001,0.010689498229877938,42.9580531430295,942.7673606728059,3.0,19.737184677758265,11.700879765395896
19.765342194888092,83,41,1,0.009000000000000001,0.011006678891189938,83.23069231538254,330.69279674764095,4.0,19.741754707107056,23.587487781036167
19.768885557523664,65,62,0,0.009000000000000001,0.0024955526889052513,65.13369283683556,497.73512078391866,3.0,19.748582527220634,20.303030303030305
19.775342194888093,46,39,1,0.009000000000000001,0.003954483028526002,46.7304975913509,316.71893392339996,4.0,19.751441901632962,23.900293255131963
19.778885557523665,55,88,0,0.00901487433760728,0.030049581125357598,55.454071896442805,707.1356050924355,3.0,19.76264899838388,16.236559139784944
19.785342194888095,63,66,1,0.009000000000000001,0.005978810735955457,63.68817649354052,532.883125784869,4.0,19.765664775533256,19.67741935483871
19.78890208456545,73,103,0,0.009000000000000001,0.005737906098150876,73.18153911603954,831.1433776301276,3.0,19.775011566481382,13.890518084066471
19.79890208456545,108,68,0,0.009000000000000001,0.003319768483987264,123.221329047599,547.1352741202116,3.0,19.77953747068471,19.364613880742915
19.805342194888098,47,55,1,0.009000000000000001,0.007227224824492772,47.704916489736675,440.10794787455677,4.0,19.783944345425734,21.397849462365592
19.808902084565453,93,79,0,0.009000000000000001,0.022452062273805206,93.86522162542138,633.4350133107691,3.0,19.791257900792235,17.64418377321603
19.8153421948881,42,50,1,0.009000000000000001,0.0038505887810498934,42.852093808725655,403.2171064863257,4.0,19.793162331740493,22.179863147605083
19.818902084565455,50,55,0,0.009000000000000001,0.006882389499473696,50.27015981726932,443.27607634009877,3.0,19.79750423510309,21.397849462365592
19.838902084565458,35,43,0,0.009000000000000001,0.002320276599131031,35.37072867011934,349.81079962140296,3.0,19.815627402258517,23.27468230694037
19.828902084565456,46,112,0,0.009000000000000001,0.008943587635739941,46.78269130330773,898.5211411339546,3.0,19.81641919111482,12.482893450635387
19.835342194888103,79,96,1,0.009000000000000001,0.013959780297071187,79.8649919576224,768.5697965689085,4.0,19.8203568576447,14.985337243401759
19.845342194888104,83,93,1,0.009000000000000001,0.006481583568687649,83.26153410268739,749.5947144549805,4.0,19.82988764943356,15.454545454545453
19.84890208456546,60,73,0,0.009000000000000001,0.0007150415706895463,60.26739751317018,586.5884502719128,3.0,19.830319484369955,18.58260019550342
19.855342194888106,91,81,1,0.009000000000000001,0.0003911673553863447,91.0998497225446,650.2508522690731,4.0,19.838010816588987,17.331378299120235
19.865342194888107,73,61,1,0.009000000000000001,0.004424092070617669,73.59420067170637,494.19871436068536,4.0,19.84488276184803,20.459433040078203
19.85890208456546,77,110,0,0.009000000000000001,0.01665366041661833,77.03139097213938,885.0781495373612,3.0,19.84610638564073,12.795698924731184
19.868902084565462,84,94,0,0.009000000000000001,0.004037531240628876,84.88913492975831,758.2554808061682,3.0,19.853603941847965,15.298142717497555
19.87534219488811,78,67,1,0.009000000000000001,0.010294651695317696,78.01662708309567,539.6338577226935,4.0,19.85582117827032,19.521016617790814
19.88534219488811,69,86,1,0.009000000000000001,0.01468686491865232,69.36369456032287,692.9490769325366,4.0,19.86879283027423,16.549364613880744
19.895342194888112,102,88,1,0.009000000000000001,0.02144184804228441,102.38520729725491,704.5139570086365,4.0,19.879105635748328,16.236559139784944
19.898902084565467,21,104,0,0.009000000000000001,0.00136813115846664,20.001353012402014,835.8827253611026,3.0,19.885167969218447,13.734115347018573
19.90890208456547,76,42,0,0.009000000000000001,1.1634823050432324e-07,76.56568320912655,338.2440940006806,3.0,19.88547099952148,23.43108504398827
19.905342194888114,108,121,1,0.009000000000000001,0.013835595247660256,126.8651985075198,975.2833351799227,4.0,19.89426692607091,11.0752688172043
19.930951476353066,35,37,0,0.009000000000000001,0.003626911761341702,35.281567898262075,301.031675460418,3.0,19.90673837762384,24.21309872922776
19.925342194888117,74,104,1,0.009000000000000001,0.0009833795676655569,74.48347300003161,837.6625648930666,4.0,19.911608079541097,13.734115347018573
19.93534219488812,32,110,1,0.009000000000000001,0.0137525410994508,32.99364264461617,886.488966633863,4.0,19.92254649596339,12.795698924731184
19.940951476353067,42,122,0,0.009000000000000001,0.013069095710746874,42.02324469707771,976.7918498594997,3.0,19.93003261027291,10.918866080156402
19.94534219488812,33,114,1,0.009000000000000001,0.0007510859633258703,33.75522512496786,916.773603849596,4.0,19.93317210691158,12.170087976539591
19.95095147635307,89,111,0,0.009000000000000001,0.00253981030444211,89.21696567403912,893.8977653633673,3.0,19.938312180165386,12.639296187683286
19.95534219488812,75,96,1,0.009000000000000001,0.0029660400801120508,75.90150119711807,774.6857510756524,4.0,19.94035685764472,14.985337243401759
19.96095147635307,79,64,0,0.009000000000000001,0.005492705793872256,79.69333005615294,512.0516339483005,3.0,19.940961251524136,19.990224828934508
19.970951476353072,80,53,0,0.009000000000000001,0.003934799193146354,80.72631982191817,427.12977742962187,3.0,19.94924082141661,21.71065493646139
19.965342194888123,63,97,1,0.009000000000000001,0.005351692268984365,63.391322978515454,782.6739462337906,4.0,19.95051326038177,14.82893450635386
19.975342194888125,77,68,1,0.009000000000000001,0.00421563448319192,77.73175880280877,548.7027502535232,4.0,19.95597758100738,19.364613880742915
19.985342194888126,90,40,1,0.009000000000000001,0.0005041034656919646,90.72797529292149,321.73981322460895,4.0,19.961598304370042,23.743890518084065
19.980951476353074,73,116,0,0.009000000000000001,0.004635302399667804,73.91143750374353,931.3581377244051,3.0,19.96909419385063,11.857282502443795
19.990951476353075,95,95,0,0.009000000000000001,0.01643478368729371,95.03356500091056,762.7099779731242,3.0,19.975809736372625,15.141739980449657
19.995342194888128,65,111,1,0.009000000000000001,0.008078428119174566,65.40620288388236,888.5495503573802,4.0,19.982702898700445,12.639296187683286
20.000951476353077,21,85,0,0.009000000000000001,0.0008170455545483112,18.717538777252358,681.1478713727056,3.0,19.98424570900215,16.705767350928642
20.00534219488813,97,69,1,0.009000000000000001,0.0003399796986847795,97.89814694570899,556.7264534981581,4.0,19.986133983744434,19.208211143695017
20.01095147635308,71,88,0,0.009000000000000001,0.012355351233568276,71.52731167231917,708.6409463598782,3.0,19.994714917213294,16.236559139784944
20.02095147635308,46,41,0,0.009123556533331542,0.03041185511110514,46.33479119644495,329.6956087448242,3.0,19.997363988572044,23.587487781036167
20.01534219488813,41,120,1,0.009000000000000001,0.0027058950775190648,41.62211235104985,967.8921490997508,4.0,20.00411052333388,11.231671554252198
20.025342194888132,57,118,1,0.009000000000000001,0.0025264368415363935,57.73396170873485,945.6154428385094,4.0,20.013797717859784,11.544477028347998
20.041088761390117,79,46,0,0.009000000000000001,0.014229802649098478,79.03043648383456,371.7611748465321,3.0,20.01828328729432,22.805474095796676
20.035342194888134,60,118,1,0.009000000000000001,0.005549397589335895,60.809354470113,951.5830049230652,4.0,20.023797717859786,11.544477028347998
20.045342194888136,67,102,1,0.009000000000000001,5.363345754302759e-05,67.26919864126326,823.7671643266301,4.0,20.03129527406702,14.04692082111437
20.055342194888137,76,84,1,0.009000000000000001,0.023335666338042058,76.8795134749822,679.6705921333071,4.0,20.03848002480016,16.86217008797654
20.05108876139012,21,119,0,0.009000000000000001,0.007212472435450759,4.579590449163227,953.0474037987705,3.0,20.03970068709882,11.3880742913001
20.06108876139012,63,98,0,0.009000000000000001,0.01757394680128082,63.76928652963482,788.0465673367457,3.0,20.046416229620814,14.672531769305962
20.085342194888142,65,44,1,0.009000000000000001,0.010944395155187756,65.47178792901747,355.0890036952566,4.0,20.06222391531825,23.118279569892472
20.081088761390124,58,112,0,0.009000000000000001,0.013055665773552832,58.21893651481462,903.1836326511417,3.0,20.06860586793949,12.482893450635387
20.091088761390125,47,67,0,0.009000000000000001,0.003203038769287745,47.136980510177,541.7393665714214,3.0,20.071567744772334,19.521016617790814
20.095342194888143,72,63,1,0.009000000000000001,0.009257229351685648,72.23944601376792,510.86190635573575,4.0,20.07519556732216,20.146627565982406
20.105342194888145,42,89,1,0.009000000000000001,0.006224855852693554,42.567376608548464,719.6013794193352,4.0,20.08926203848541,16.080156402737046
20.11108876139013,85,86,0,0.009000000000000001,0.019416796763724424,85.39696912665377,693.4509560817997,3.0,20.09453939677625,16.549364613880744
20.115342194888147,39,95,1,0.009000000000000001,0.0018786498604544336,39.14769412035767,763.6603019389274,4.0,20.100200454907696,15.141739980449657
20.12108876139013,82,80,0,0.009000000000000001,0.029391755305092016,82.50144293291436,647.3811270176531,3.0,20.103600980353963,17.487781036168133
20.13108876139013,70,101,0,0.009000000000000001,0.004788711656821708,70.90039601255612,814.110752452914,3.0,20.116885437831968,14.203323558162268
20.13534219488815,23,102,1,0.009000000000000001,0.0013718155816390767,23.16510410171665,823.8626745997278,4.0,20.121295274067034,14.04692082111437
20.151088761390135,58,58,0,0.009000000000000001,0.018263343161106418,58.55306420660132,464.4813834971669,3.0,20.130160120138914,20.928641251221897
20.155342194888153,71,45,1,0.009000000000000001,0.022239607267523834,71.09429914690091,361.402349203975,4.0,20.132380318055308,22.961876832844574
20.14534219488815,49,114,1,0.009000000000000001,0.003038588870877084,49.123608584890604,917.2021144767774,4.0,20.133172106911612,12.170087976539591
20.165342194888154,30,99,1,0.009000000000000001,0.004968193373559305,30.418174689228426,799.3252106508905,4.0,20.150826065855895,14.516129032258064
20.175342194888156,25,70,1,0.009000000000000001,0.010771147657250166,25.400516483740482,564.6174646040814,4.0,20.15629038648151,19.05180840664712
20.171088761390138,103,112,0,0.009000000000000001,0.007906063631889006,103.66135639919331,903.8483298044252,3.0,20.158605867939503,12.482893450635387
20.18108876139014,60,107,0,0.009000000000000001,0.001975435601599549,60.95847353315257,860.002437234577,3.0,20.167823854254266,13.264907135874878
20.185342194888158,79,100,1,0.009000000000000001,0.0010863937937254957,79.84087138515554,803.3159743035208,4.0,20.170982468592946,14.359726295210166
20.19534219488816,35,65,1,0.009000000000000001,0.00700955177368684,35.90760655125875,527.1067600445464,4.0,20.175508372796273,19.83382209188661
20.19108876139014,36,113,0,0.009000000000000001,0.0080454158739983,36.08659945999039,905.7070312362387,3.0,20.178762270676554,12.32649071358749
20.201088761390142,53,64,0,0.009000000000000001,0.00171112463876311,53.28304593201548,516.8515014463694,3.0,20.18109853656121,19.990224828934508
20.20534219488816,80,39,1,0.009000000000000001,0.004067889899433012,80.03399334343925,318.01968682305136,4.0,20.18144190163303,23.900293255131963
20.211088761390144,69,107,0,0.009000000000000001,0.0034255444052772085,69.03777636333899,857.6769780339606,3.0,20.19782385425427,13.264907135874878
20.231088761390147,61,62,0,0.009000000000000001,0.00848038762122536,61.673924372185176,501.34291033057474,3.0,20.210785731087118,20.303030303030305
20.24108876139015,44,68,0,0.009000000000000001,0.0036640296452946186,44.64565134134081,547.0709524166496,3.0,20.221724147509406,19.364613880742915
20.235342194888165,21,118,1,0.009000000000000001,0.021136549012898635,8.66126101365957,946.952904389862,4.0,20.223797717859817,11.544477028347998
20.245342194888167,56,88,1,0.009000000000000001,0.0002469338052851552,56.49750153328076,706.997426408361,4.0,20.229105635748382,16.236559139784944
20.25108876139015,89,72,0,0.009000000000000001,0.009709910051382612,89.2259636556288,583.1691699017088,3.0,20.232349758457598,18.73900293255132
20.25534219488817,51,94,1,0.009000000000000001,0.007961383375868712,51.286803271474085,756.5848041606391,4.0,20.24004405217067,15.298142717497555
20.26534219488817,25,37,1,0.009000000000000001,0.01298764173969264,25.60922199318989,300.50180109460587,4.0,20.241129096158943,24.21309872922776
20.261088761390152,39,106,0,0.009000000000000001,0.0007080150641358879,39.15741529794843,848.6318897388751,3.0,20.24766745151723,13.421309872922777
20.271088761390153,103,66,0,0.009000000000000001,0.0033653389295171384,103.52025484758661,532.7193100040984,3.0,20.251411342035315,19.67741935483871
20.27534219488817,48,60,1,0.009000000000000001,0.027622967482248142,48.264185050116595,484.4314119856938,4.0,20.254726359111046,20.6158357771261
20.285342194888173,45,48,1,0.009000000000000001,0.000385538775516863,45.22230100297905,386.13648651322745,4.0,20.26284952626647,22.49266862170088
20.295342194888175,42,46,1,0.009661522752564225,0.042940101122507665,42.782588072173645,374.8938828222363,4.0,20.272536720792377,22.805474095796676
20.291088761390156,93,92,0,0.009000000000000001,0.028904462491680324,93.2941778652623,742.597507546348,3.0,20.275477813198563,15.610948191593351
20.301088761390158,87,74,0,0.009000000000000001,0.002218845179287726,87.51897399748626,592.8337048715961,3.0,20.2826625639317,18.426197458455523
20.31108876139016,52,61,0,0.009000000000000001,0.01390060638098674,52.93764307695464,493.4233759260975,3.0,20.290629328350082,20.459433040078203
20.306077220168802,51,112,1,0.009000000000000001,0.01271038846448485,51.7299231423688,898.1980648228487,4.0,20.293594326718168,12.482893450635387
20.316077220168804,24,82,1,0.009000000000000001,0.0029699503647108937,24.422060614587053,661.1621149677964,4.0,20.298902244606733,17.174975562072337
20.32108876139016,47,123,0,0.009000000000000001,0.00565667184045981,47.32711205152907,986.2581186595296,3.0,20.310326298047052,10.762463343108504
20.326077220168806,50,119,1,0.009000000000000001,0.0029235129399663175,50.9775427220741,958.3761107720634,4.0,20.314689145877505,11.3880742913001
20.336077220168807,21,70,1,0.009000000000000001,0.023638645884099564,13.454270204595012,566.802817424315,4.0,20.31702541176216,19.05180840664712
20.331088761390163,28,122,0,0.009000000000000001,0.0006988885849612299,28.12044116483878,979.4735817868209,3.0,20.320169895310006,10.918866080156402
20.341088761390164,61,72,0,0.009000000000000001,0.001202525251555425,61.859369249693515,582.5207016531139,3.0,20.322349758457612,18.73900293255132
20.351088761390166,44,67,0,0.009000000000000001,0.013389718823677082,44.57382472923461,542.5669175669027,3.0,20.331567744772375,19.521016617790814
20.34607722016881,81,101,1,0.009000000000000001,0.005307771434917429,81.36024304383432,809.3055254944609,4.0,20.331873896610645,14.203323558162268
20.35607722016881,77,45,1,0.009000000000000001,0.006008214416246605,77.06861888211782,366.5395757827951,4.0,20.333115343335965,22.961876832844574
20.361088761390167,100,60,0,0.009000000000000001,0.005068541514341259,100.83650569009762,484.9933842110475,3.0,20.340472925613042,20.6158357771261
20.376077220168813,108,98,1,0.009000000000000001,0.002309271600320445,113.72047588250068,784.3047357125911,4.0,20.361404688399507,14.672531769305962
20.391088761390172,57,45,0,0.009000000000000001,0.009254253269426674,57.998777393416965,364.4468902577328,3.0,20.368126884557327,22.961876832844574
20.38108876139017,56,122,0,0.009000000000000001,0.010693138993831841,56.92699904940933,977.9761321899246,3.0,20.370169895310013,10.918866080156402
20.386077220168815,37,113,1,0.009000000000000001,0.004829986920726028,37.465100448747165,908.36934810731,4.0,20.373750729455228,12.32649071358749
20.396077220168817,42,78,1,0.009000000000000001,0.008400687394105783,42.54961103577685,625.2826279116155,4.0,20.37827663365855,17.80058651026393
20.401088761390174,64,92,0,0.009000000000000001,0.00913905047758824,64.45662215378543,736.5541448031863,3.0,20.38547781319858,15.610948191593351
20.41607722016882,35,38,1,0.009000000000000001,0.01784758753894771,35.04890211794595,309.54789208511676,4.0,20.39202052417664,24.05669599217986
20.411088761390175,88,90,0,0.009000000000000001,0.010455592808231318,88.55787353378803,727.0051919556399,3.0,20.395165007724486,15.923753665689148
20.421088761390177,84,61,0,0.009000000000000001,0.0037528619848408926,84.32821777305273,489.76737763484607,3.0,20.4006293283501,20.459433040078203
20.42607722016882,59,98,1,0.009000000000000001,0.0036128490595928576,59.608386903695454,788.5933300484547,4.0,20.411404688399514,14.672531769305962
20.43108876139018,54,88,0,0.009000000000000001,0.00910478363220359,54.84215147639812,711.3101097765814,3.0,20.414852202250394,16.236559139784944
20.446077220168824,21,57,1,0.009000000000000001,0.005285192100509374,14.598854664684012,461.94409924010534,4.0,20.424992176180556,21.085043988269796
20.44108876139018,66,97,0,0.009000000000000001,0.012077786855710813,66.64304278380692,776.0783198128809,3.0,20.426259826883825,14.82893450635386
20.45108876139018,61,59,0,0.009000000000000001,0.0052450491150394345,61.05071430513334,477.17107742572614,3.0,20.43031652287601,20.772238514174
20.456077220168826,24,122,1,0.009000000000000001,0.0014661212215811548,24.590126373743452,981.201297998836,4.0,20.44515835408867,10.918866080156402
20.461088761390183,53,121,0,0.009000000000000001,0.005982993733477004,53.8598127143258,970.3067105586721,3.0,20.450013492572978,11.0752688172043
20.471088761390185,50,96,0,0.009000000000000001,0.005092191109697121,50.750800139394826,770.7223486175202,3.0,20.456103424146782,14.985337243401759
20.481088761390186,70,46,0,0.011317690427056994,0.03772563475685665,70.0908594539414,371.32517061105574,3.0,20.45828328729439,22.805474095796676
20.47607722016883,62,85,1,0.009000000000000001,0.004429195894483672,62.11765809326277,680.5169024379045,4.0,20.4593714528179,16.705767350928642
20.48607722016883,83,71,1,0.009000000000000001,0.010606748686491814,83.37372287983749,570.9350083544209,4.0,20.46718181449923,18.89540566959922
20.493663972975806,39,102,0,0.009000000000000001,8.354746125244858e-05,39.254614298059664,823.8690447733619,3.0,20.47961705215469,14.04692082111437
20.496077220168832,108,115,1,0.009000000000000001,0.010419171184028233,111.833742255864,921.4723482350734,4.0,20.48406353492934,12.013685239491693
20.503663972975808,56,75,0,0.009000000000000001,0.02459808232896316,56.61773005733713,603.8146808961312,3.0,20.4853941782544,18.269794721407624
20.51366397297581,100,38,0,0.009000000000000001,0.0029936558249531926,100.25911032750255,306.3379131062597,3.0,20.48960727698363,24.05669599217986
20.506077220168834,21,109,1,0.009000000000000001,0.0011055245258666984,15.324373186668282,875.8535490357225,4.0,20.493125118507056,12.952101661779082
20.52366397297581,48,91,0,0.009000000000000001,0.00890267272289478,48.18129421606757,729.3041794211654,3.0,20.50789662204717,15.76735092864125
20.526077220168837,37,81,1,0.009000000000000001,0.0016310203838164475,37.75079779379199,652.4990520824884,4.0,20.508745841869718,17.331378299120235
20.533663972975813,79,45,0,0.009000000000000001,0.010152502413531678,79.38074399565143,363.9740404322435,3.0,20.510702096142968,22.961876832844574
20.543663972975814,36,114,0,0.009000000000000001,0.002222318875893984,36.642184479059196,914.2290326581374,3.0,20.531493884999275,12.170087976539591
20.553663972975816,43,59,0,0.009000000000000001,0.013421747086453294,43.233483945694694,473.2918391959205,3.0,20.532891734461643,20.772238514174
20.55607722016884,64,56,1,0.009000000000000001,0.002979959422719944,64.63219656796913,454.8033270774854,4.0,20.534835773443525,21.241446725317694
20.563663972975817,39,77,0,0.009000000000000001,0.000645665703233147,39.107589459655465,621.2583616177742,3.0,20.545706983728504,17.956989247311828
20.57366397297582,98,44,0,0.009000000000000001,0.013195088966992705,98.75944365386756,356.8044249753674,3.0,20.550545693405926,23.118279569892472
20.566077220168843,83,107,1,0.009000000000000001,0.0031350565295060508,83.15044217528865,862.1931622553722,4.0,20.55281231303297,13.264907135874878
20.576077220168845,49,80,1,0.009000000000000001,0.0004514963912146639,49.04406483675932,644.5513283012268,4.0,20.558589439132678,17.487781036168133
20.586077220168846,90,73,1,0.009000000000000001,0.021256997646218884,90.8264892666572,589.0378327124492,4.0,20.567494619973342,18.58260019550342
20.596077220168848,78,48,1,0.009000000000000001,0.007710952165494717,78.99970094624462,384.8854253513957,4.0,20.573584551547146,22.49266862170088
20.593750639497934,26,91,0,0.009000000000000001,0.016352189994881975,26.38993055206158,731.7485254967788,3.0,20.577983288569293,15.76735092864125
20.60607722016885,33,73,1,0.009000000000000001,0.0012076969494142404,33.149612092467684,587.6724256251323,4.0,20.587494619973345,18.58260019550342
20.603750639497935,64,102,0,0.009000000000000001,0.013582181862348355,64.96259471602599,816.5421753478178,3.0,20.58970371867682,14.04692082111437
20.613750639497937,55,118,0,0.009000000000000001,0.0073699254119671525,55.559022656140705,944.5366259243501,3.0,20.60220616246959,11.544477028347998
20.626077220168852,73,60,1,0.009000000000000001,0.02820049940134761,73.49816952314828,482.4664677934712,4.0,20.605461384391727,20.6158357771261
20.62375063949794,45,84,0,0.009000000000000001,0.008781497113730817,45.13066379947958,676.8323602789994,3.0,20.606888469409963,16.86217008797654
20.636077220168854,68,52,1,0.009000000000000001,0.01919682601189406,68.91369682615273,418.183524656799,4.0,20.614210162495343,21.867057673509287
20.63375063949794,79,95,0,0.009000000000000001,0.0031314144858586384,79.44828037287144,766.524133268785,3.0,20.61860889951749,15.141739980449657
20.64375063949794,53,77,0,0.009000000000000001,0.015482817930749604,53.52860099287534,618.0417961473586,3.0,20.62579365025063,17.956989247311828
20.646077220168856,71,104,1,0.009000000000000001,0.017248569528353002,71.88911556788369,838.4753914691107,4.0,20.632343104821835,13.734115347018573
20.656077220168857,30,48,1,0.009000000000000001,0.00908131583702163,30.588276498748165,385.32244845625127,4.0,20.633584551547155,22.49266862170088
20.663750639497945,35,94,0,0.009000000000000001,0.005843744199039752,35.58422621286228,754.5256272038172,3.0,20.648452496780447,15.298142717497555
20.66607722016886,39,88,1,0.009000000000000001,0.007128542289017165,39.83855914699666,709.6826128568925,4.0,20.649840661029074,16.236559139784944
20.673750639497946,48,39,0,0.009000000000000001,0.027532665471097385,48.502774623317904,315.33933014250624,3.0,20.649850346242815,23.900293255131963
20.67607722016886,21,93,1,0.009000000000000001,0.004452548083085067,6.5090816153700075,748.7042401244909,4.0,20.660622674714315,15.454545454545453
20.686077220168862,50,51,1,0.009000000000000001,0.02315257123057854,50.34281525941595,414.7441834328614,4.0,20.664053759758303,22.023460410557185
20.69375063949795,79,46,0,0.009000000000000001,0.00057815652847955,79.03606480303435,373.77525267546366,3.0,20.670945165402152,22.805474095796676
20.696077220168863,68,101,1,0.009000000000000001,0.0048031066051238015,68.25282751555049,810.209356642017,4.0,20.6818738966107,14.203323558162268
20.70375063949795,59,73,0,0.009000000000000001,0.014457927117388011,59.60314199405698,586.7697373631948,3.0,20.685168039302447,18.58260019550342
20.706077220168865,36,61,1,0.009000000000000001,0.02686965052433213,36.27853347679505,495.2103483826754,4.0,20.685617787128788,20.459433040078203
20.713750639497952,43,51,0,0.009000000000000001,0.01064714509120123,43.21828278515694,412.3238299898585,3.0,20.691727179087394,22.023460410557185
20.716077220168867,63,42,1,0.009000000000000001,0.029999653376498542,63.624789817323254,339.992903540331,4.0,20.69264613512488,23.43108504398827
20.723750639497954,48,53,0,0.009000000000000001,0.0007309980660067169,48.18340622415569,429.9526934308701,3.0,20.70203998456149,21.71065493646139
20.726077220168868,44,83,1,0.009000000000000001,0.022421881466178836,44.632349779694025,670.8663399490379,4.0,20.709058647343845,17.01857282502444
20.73607722016887,53,40,1,0.009000000000000001,0.011066898770099887,53.31098581872847,327.0140933566937,4.0,20.712333329650786,23.743890518084065
20.74607722016887,66,65,1,0.009000000000000001,0.021109829503091225,66.34249375348331,520.4532592212528,4.0,20.726243398076985,19.83382209188661
20.756077220168873,108,40,1,0.009000000000000001,0.0013808908649535548,117.40607837086841,321.6794223957571,4.0,20.73233332965079,23.743890518084065
20.75375063949796,62,84,0,0.009000000000000001,0.0037078382971596356,62.39053815651457,674.8876704157708,3.0,20.736888469409983,16.86217008797654
20.766077220168874,41,40,1,0.009000000000000001,0.0032143971483750465,41.5828606453846,322.95991199382723,4.0,20.74233332965079,23.743890518084065
20.76375063949796,21,68,0,0.009000000000000001,0.004414332379172578,20.165865948526495,547.6524111155052,3.0,20.744386025617217,19.364613880742915
20.773750639497962,43,117,0,0.009000000000000001,0.017634962509770875,43.96630434965351,939.6519107112815,3.0,20.762049759732566,11.700879765395896
20.786077220168877,70,50,1,0.009000000000000001,0.007261825348034335,70.10603976527534,407.62451847204267,4.0,20.76389735702127,22.179863147605083
20.783750639497963,84,66,0,0.009161038781538015,0.03053679593846005,84.13284542338943,528.7197794210285,3.0,20.764073220143125,19.67741935483871
20.776077220168876,35,116,1,0.009000000000000001,0.005453055999304858,35.04878537220529,934.0945729995141,4.0,20.764219937666432,11.857282502443795
20.79607722016888,79,99,1,0.009000000000000001,0.025475483400285586,79.45387008792012,796.4264926560833,4.0,20.78156109113662,14.516129032258064
20.79392957147745,76,114,0,0.009000000000000001,0.004376138071241865,76.98327416900369,913.4236031996181,3.0,20.78175948350091,12.170087976539591
20.80607722016888,81,55,1,0.009000000000000001,0.0022356841792780147,81.6169852570079,447.7046841952682,4.0,20.784679370706517,21.397849462365592
20.80392957147745,60,71,0,0.009000000000000001,0.0010821788581405426,60.216916476295374,574.9115202899914,3.0,20.78503416580785,18.89540566959922
20.813929571477452,26,112,0,0.009000000000000001,0.008060274314681736,26.383824213154483,901.1717398177083,3.0,20.801446678026817,12.482893450635387
20.816077220168882,52,105,1,0.009000000000000001,0.011656916299242462,52.35321018654625,847.401277915759,4.0,20.802499507558913,13.577712609970675
20.826077220168884,25,77,1,0.009000000000000001,0.015322570718345372,25.05330968450476,617.2832407681017,4.0,20.80812023092157,17.956989247311828
20.836077220168885,70,57,1,0.009000000000000001,0.015711307812546076,70.8352700775311,459.89809661589413,4.0,20.814992176180617,21.085043988269796
20.833929571477455,50,90,0,0.009000000000000001,0.01957325006805428,50.65436296727523,727.3827285107972,3.0,20.818005817811766,15.923753665689148
20.846077220168887,83,65,1,0.009000000000000001,0.0032022149071536483,83.7056424246074,520.3888087861147,4.0,20.826243398077,19.83382209188661
20.843929571477457,98,96,0,0.009000000000000001,0.001747884890733034,98.18171771770842,771.5517922324354,3.0,20.828944234234054,14.985337243401759
20.853929571477458,35,47,0,0.009000000000000001,0.0019754068939390216,35.111578334693604,382.285910105154,3.0,20.83128050011871,22.649071358748778
20.85607722016889,39,77,1,0.009000000000000001,0.0012420825443700604,39.10669546449232,618.7301248660215,4.0,20.838120230921575,17.956989247311828
20.86392957147746,77,37,0,0.009000000000000001,0.0018066431894304849,77.851576764011,301.39449465334917,3.0,20.839716472748233,24.21309872922776
20.86607722016889,43,46,1,0.009000000000000001,0.023907340026079107,43.68413496093063,373.13622172777065,4.0,20.843271746073093,22.805474095796676
20.87392957147746,62,51,0,0.009000000000000001,0.01268474411846264,62.69051872378841,412.9539607387686,3.0,20.851906111066903,22.023460410557185
20.883929571477463,101,39,0,0.009000000000000001,0.0008725250152402091,101.87134015820835,313.3902765061009,3.0,20.86002927822233,23.900293255131963
20.87607722016889,45,118,1,0.009000000000000001,0.012739230051471193,45.20722969962384,945.80068343406,4.0,20.864532743140543,11.544477028347998
20.886077220168893,66,69,1,0.009000000000000001,0.008404233491125812,66.85334134896954,554.6078647949789,4.0,20.866869009025198,19.208211143695017
20.896077220168895,80,40,1,0.009000000000000001,0.014127968027941125,80.66842890633075,327.79784530057304,4.0,20.87233332965081,23.743890518084065
20.893929571477464,53,68,0,0.009000000000000001,0.0018121997611506792,53.255528465481945,547.9899290520509,3.0,20.87456495759672,19.364613880742915
20.903929571477466,70,56,0,0.009000000000000001,0.0011131765141096672,70.19918678994108,455.6529133237192,3.0,20.88268812475215,21.241446725317694
20.906077220168896,34,76,1,0.009000000000000001,0.018288885261021615,34.084651975364096,613.7195929149229,4.0,20.887963828184535,18.113391984359726
20.913929571477468,25,42,0,0.009000000000000001,0.007323550010191644,25.97702557956547,340.412511457582,3.0,20.89049848643348,23.43108504398827
20.916077220168898,76,105,1,0.009000000000000001,0.010125068363887227,76.57513367416223,840.5681931252936,4.0,20.90249950755893,13.577712609970675
20.92392957147747,74,57,0,0.009000000000000001,0.004959909850233758,74.39662319605549,463.9423596484339,3.0,20.9028445274892,21.085043988269796
20.9260772201689,33,91,1,0.009000000000000001,0.0064095934147718895,33.906231870128025,732.408846843256,4.0,20.91030986924026,15.76735092864125
20.93392957147747,62,86,0,0.009000000000000001,0.00247889629472023,62.70121716019749,689.8149102204671,3.0,20.91738020686359,16.549364613880744
20.9360772201689,59,111,1,0.009000000000000001,0.00609405336346626,59.873385669382905,889.2660963201732,4.0,20.92343792398122,12.639296187683286
20.946077220168902,83,73,1,0.009000000000000001,0.016162211580651578,83.41710091158397,587.3533749438495,4.0,20.927494619973398,18.58260019550342
20.953929571477474,86,52,0,0.009000000000000001,0.007784981270198164,86.06224071174714,420.1857353938147,3.0,20.932062513803963,21.867057673509287
20.956077220168904,88,57,1,0.009000000000000001,0.0026147449984018235,88.7034350996089,459.34277507357467,4.0,20.934992176180636,21.085043988269796
20.963929571477475,85,73,0,0.009000000000000001,0.006933727101430839,85.32525243194502,588.3706665238714,3.0,20.94534697128197,18.58260019550342
20.973929571477477,73,47,0,0.009000000000000001,0.020442826532666186,73.17309225165495,380.7762495252422,3.0,20.951280500118727,22.649071358748778
20.966077220168906,51,108,1,0.009000000000000001,0.0074325453814914075,51.73629115752007,864.2677235725232,4.0,20.95296871577008,13.10850439882698
20.976077220168907,29,47,1,0.009000000000000001,0.004361472401217595,29.216893633753436,376.4956117577119,4.0,20.953428148810158,22.649071358748778
20.98392957147748,108,47,0,0.009000000000000001,0.009304857291327358,113.26083052708267,382.0427339761634,3.0,20.96128050011873,22.649071358748778
20.98607722016891,77,46,1,0.009000000000000001,0.01581746022142371,77.20989688790795,369.27803638609475,4.0,20.96327174607311,22.805474095796676
20.99392957147748,70,55,0,0.009000000000000001,0.004112919143687304,70.40375321876454,444.37647968530683,3.0,20.972531722015116,21.397849462365592
20.99607722016891,50,122,1,0.009000000000000001,0.003166048595697933,50.352696670632895,981.1317446599128,4.0,20.985158354088753,10.918866080156402
21.006077220168912,82,60,1,0.009000000000000001,0.038988271930828655,82.31376539546778,487.7932143174897,4.0,20.985461384391787,20.6158357771261
21.013929571477483,21,39,0,0.009000000000000001,0.0022855363873015354,-4.434913130819808,312.68682873201084,3.0,20.99002927822235,23.900293255131963
21.00392957147748,40,115,0,0.009000000000000001,0.004973491296616848,40.65437859000468,926.9723443331451,3.0,20.99191588623799,12.013685239491693
21.016077220168913,49,46,1,0.009000000000000001,0.0004184149554516402,49.63094845812542,370.52699077170337,4.0,20.993271746073116,22.805474095796676
21.023929571477485,66,43,0,0.009000000000000001,0.015738686344559244,66.2297654755253,348.3321344202198,3.0,21.000654889170544,23.27468230694037
21.026077220168915,103,40,1,0.009000000000000001,0.012293686289535914,103.38216773261537,321.82243637834483,4.0,21.00233332965083,23.743890518084065
21.036077220168917,83,72,1,0.009000000000000001,0.02041734978059086,83.36078285965475,578.344490012927,4.0,21.017338217236365,18.73900293255132
21.033929571477486,108,97,0,0.009000000000000001,0.006429390145675243,108.68709418247695,782.042140515513,3.0,21.01910063697113,14.82893450635386
21.046077220168918,74,58,1,0.009000000000000001,0.004099442156074044,74.97350263383784,464.13880474821894,4.0,21.025148578917698,20.928641251221897
21.05392957147749,89,109,0,0.009000000000000001,0.012853407259893986,89.86795382450538,874.971854030486,3.0,21.04097746981571,12.952101661779082
21.06607722016892,79,52,1,0.009000000000000001,0.02969169818073171,79.7335723689442,418.8309487449951,4.0,21.04421016249541,21.867057673509287
21.06392957147749,63,79,0,0.009000000000000001,0.018535891364679213,63.168502142821374,639.5662619856781,3.0,21.046285387704273,17.64418377321603
21.073929571477493,54,53,0,0.009000000000000001,0.004059077998369884,54.266091792383314,428.4095374824042,3.0,21.05221891654103,21.71065493646139
21.076077220168923,59,66,1,0.009000000000000001,0.033712456886437286,59.680011671124916,533.357486681594,4.0,21.056399800814084,19.67741935483871
21.086077220168924,51,87,1,0.009000000000000001,0.005962444766414683,51.77504271328168,699.4652052865523,4.0,21.069684258292092,16.392961876832846
21.083929571477494,94,114,0,0.009000000000000001,0.019308423771734563,94.32373527743708,917.791913740643,3.0,21.071759483500955,12.170087976539591
21.093929571477496,55,107,0,0.009000000000000001,0.006279396760045075,55.569968082112425,862.4763616238223,3.0,21.080664664341622,13.264907135874878
21.096077220168926,97,97,1,0.009000000000000001,0.005719728494302032,97.76639134158205,780.1133925605252,4.0,21.08124828566257,14.82893450635386
21.103929571477497,43,55,0,0.009000000000000001,0.02320484623499767,43.243307205801386,442.4309197483171,3.0,21.082531722015133,21.397849462365592
21.106077220168928,46,59,1,0.009000000000000001,0.01791387230732488,46.18133388182303,474.9712868676469,4.0,21.085304981654755,20.772238514174
21.1139295714775,53,84,0,0.009000000000000001,0.0006932179560363473,53.383147369899206,679.2326749872943,3.0,21.097067401389523,16.86217008797654
21.11607722016893,21,80,1,0.009000000000000001,0.009404003207007038,16.603729859276157,640.2402793318766,4.0,21.098589439132763,17.487781036168133
21.1239295714775,82,43,0,0.010332234361587634,0.03444078120529211,82.57670745174437,346.595309539956,3.0,21.10065488917056,23.27468230694037
21.12607722016893,88,49,1,0.009000000000000001,0.0037656012631655097,88.38226461767734,399.29107833188965,4.0,21.103740954284277,22.33626588465298
21.136077220168932,67,95,1,0.009000000000000001,0.0024054560588710793,67.54681973497577,762.5091751764061,4.0,21.120935480188482,15.141739980449657
21.145409831879267,44,124,0,0.009000000000000001,0.0056822918427952,44.08069627741159,998.0276477320652,3.0,21.134803771273205,10.606060606060606
21.15540983187927,34,68,0,0.009000000000000001,0.008188448455577072,34.13107652694744,545.3643740003133,3.0,21.136045217998525,19.364613880742915
21.16540983187927,43,43,0,0.009000000000000001,0.004660646352937562,43.47077600585004,348.09957440677266,3.0,21.14213514957233,23.27468230694037
21.156077220168935,108,122,1,0.009000000000000001,0.0005344913101444708,110.3695764972102,983.2548327307632,4.0,21.145158354088778,10.918866080156402
21.166077220168937,26,116,1,0.009000000000000001,0.007599375447367722,26.750174596364893,933.7252798632628,4.0,21.154219937666493,11.857282502443795
21.17607722016894,53,88,1,0.009000000000000001,0.000866900734969655,53.84633866722489,709.3297658361132,4.0,21.159840661029154,16.236559139784944
21.17540983187927,102,94,0,0.009000000000000001,0.004613598139707214,102.28053433901262,759.7106393051256,3.0,21.160111689161774,15.298142717497555
21.195409831879275,54,37,0,0.009000000000000001,0.0024547530863034297,54.98510027462366,303.7194329678422,3.0,21.171196733150047,24.21309872922776
21.18607722016894,27,123,1,0.009000000000000001,0.01694058614072841,27.91019741069188,991.7834806002307,4.0,21.17531475682583,10.762463343108504
21.19607722016894,29,80,1,0.009000000000000001,0.004924152993818688,29.594478889761746,646.3799196349942,4.0,21.178589439132775,17.487781036168133
21.206077220168943,70,104,1,0.009000000000000001,0.013559989197149652,70.52803110139824,839.2882509480506,4.0,21.192343104821923,13.734115347018573
21.216077220168945,36,62,1,0.009000000000000001,0.0069238429562819195,36.71078443796992,496.3242569432567,4.0,21.195774189865915,20.303030303030305
21.215409831879278,93,103,0,0.009000000000000001,0.007950008811622349,93.51832539795033,826.2228946770883,3.0,21.20151931379521,13.890518084066471
21.226077220168946,101,58,1,0.009000000000000001,0.013134268091253471,101.46124902289637,469.5284119156374,4.0,21.205148578917726,20.928641251221897
21.22540983187928,69,82,0,0.009000000000000001,0.01624562067851931,69.95155164251479,662.6056464832374,3.0,21.20823485631721,17.174975562072337
21.236077220168948,21,92,1,0.009000000000000001,0.001883919310590972,15.994458864309841,740.2336014465305,4.0,21.220466271977354,15.610948191593351
21.23540983187928,85,102,0,0.009000000000000001,0.0015120030768442409,85.78193361467184,819.577231039361,3.0,21.221362911058165,14.04692082111437
21.245409831879282,96,54,0,0.009000000000000001,0.0018618622226351216,96.62847161667989,436.4826399302025,3.0,21.223855579679867,21.55425219941349
21.24607722016895,66,94,1,0.009000000000000001,0.0012549369577136735,66.25132197770114,758.4587731971251,4.0,21.23077907745145,15.298142717497555
21.25607722016895,77,90,1,0.009000000000000001,0.00333093091564951,77.70302232313206,726.0001152217819,4.0,21.240153466503262,15.923753665689148
21.255409831879284,68,103,0,0.009000000000000001,0.022110047441814586,68.54406310140062,831.1007248147445,3.0,21.241519313795216,13.890518084066471
21.266077220168953,43,70,1,0.009000000000000001,0.03537179023406595,43.05890366255484,561.5239616738413,4.0,21.247025411762305,19.05180840664712
21.265409831879285,65,94,0,0.009000000000000001,0.009092041659771153,65.2319378559873,757.8929159195116,3.0,21.250111689161788,15.298142717497555
21.275409831879287,104,51,0,0.009000000000000001,0.021993782101996536,104.75100136375389,409.53370120252043,3.0,21.25338637146873,22.023460410557185
21.276077220168954,56,121,1,0.009000000000000001,0.011440091460496935,56.34484851614048,974.6723628317263,4.0,21.26500195135175,11.0752688172043
21.286077220168956,44,62,1,0.009000000000000001,0.007743157497530402,44.623592719013445,501.51565233439123,4.0,21.265774189865926,20.303030303030305
21.28540983187929,86,100,0,0.009000000000000001,0.0064230430581668965,86.63831030112806,801.4779783706692,3.0,21.271050105584077,14.359726295210166
21.296077220168957,83,70,1,0.009000000000000001,0.0012814133157086122,83.1849791533767,561.7570995226422,4.0,21.27702541176231,19.05180840664712
21.30607722016896,92,39,1,0.009000000000000001,0.03014738795888855,92.57579188623463,315.5419690914952,4.0,21.282176926913827,23.900293255131963
21.30540983187929,35,74,0,0.009000000000000001,0.0024196027699254995,35.806668549313244,597.3955900076609,3.0,21.286983634420835,18.426197458455523
21.315409831879293,27,44,0,0.009000000000000001,0.023842129567688886,27.06300959281426,353.88016856661187,3.0,21.2922915523094,23.118279569892472
21.31607722016896,54,59,1,0.009000000000000001,0.0036200893244129335,54.405673895108414,476.5769836986193,4.0,21.295304981654787,20.772238514174
21.325409831879295,60,70,0,0.009000000000000001,0.011912413448538467,60.745077546296564,567.9591351054714,3.0,21.306358023472647,19.05180840664712
21.326077220168962,73,109,1,0.009000000000000001,0.007640427394331647,73.15503188945496,876.6612249443765,4.0,21.313125118507184,12.952101661779082
21.345409831879298,74,60,0,0.009000000000000001,0.011788215082024154,74.32278671219943,484.84338928560317,3.0,21.324793996102173,20.6158357771261
21.346077220168965,39,106,1,0.009000000000000001,0.005146574191867484,39.34632505385851,848.3030647072064,4.0,21.332655910296044,13.421309872922777
21.3554098318793,25,61,0,0.009000000000000001,0.02798004659351054,25.871843402219206,488.65830360459086,3.0,21.334950398839222,20.459433040078203
21.366077220168968,35,69,1,0.009000000000000001,0.004721047421663407,35.603415307617546,554.2323866013576,4.0,21.346869009025273,19.208211143695017
21.3654098318793,86,98,0,0.009000000000000001,0.002118656182926957,86.52145751526982,786.2486712256094,3.0,21.350737300109994,14.672531769305962
21.37607722016897,44,54,1,0.009000000000000001,0.000536842214946285,44.90644910298295,436.35566185074873,4.0,21.354522967969555,21.55425219941349
21.375409831879303,23,95,0,0.009000000000000001,0.002468160635375204,23.377686749457702,763.378261355708,3.0,21.360268091898853,15.141739980449657
21.38607722016897,103,107,1,0.009000000000000001,0.016930016156799458,103.90391192465468,861.7925237061395,4.0,21.372812313033098,13.264907135874878
21.396077220168973,82,62,1,0.009000000000000001,0.006662942262892634,82.95894748165179,501.70649504418213,4.0,21.375774189865943,20.303030303030305
21.395409831879306,37,75,0,0.009000000000000001,0.0143066987412652,37.213816158581665,602.6423584823431,3.0,21.377140037157897,18.269794721407624
21.405409831879307,94,60,0,0.009000000000000001,0.00031644541461303807,94.43363951194425,481.7035144925344,3.0,21.384793996102182,20.6158357771261
21.406077220168974,26,101,1,0.009000000000000001,0.0026919786987434787,26.490916454999223,811.3602578184286,4.0,21.39187389661081,14.203323558162268
21.41540983187931,52,86,0,0.009000000000000001,0.00034256515227579784,52.016704359576984,690.1360187011056,3.0,21.39886046726543,16.549364613880744
21.416077220168976,49,119,1,0.009000000000000001,0.0004116084329900907,49.44720117754059,955.2879000780943,4.0,21.404689145877676,11.3880742913001
21.426077220168978,45,69,1,0.009000000000000001,0.007343030287706335,45.70984313097499,555.3726674154998,4.0,21.406869009025282,19.208211143695017
21.42540983187931,71,95,0,0.009000000000000001,0.0003975935168054596,71.79701090105542,766.7931739139606,3.0,21.41026809189886,15.141739980449657
21.43607722016898,21,55,1,0.009000000000000001,0.020666552984773295,20.767355549894496,445.0977657848149,4.0,21.414679370706615,21.397849462365592
21.435409831879312,76,124,0,0.009000000000000001,0.0039012439943233042,76.09778270280488,997.3103714491451,3.0,21.42480377127325,10.606060606060606
21.44607722016898,35,65,1,0.009000000000000001,0.004744885899180183,35.0301613950782,521.6790492118482,4.0,21.426243398077094,19.83382209188661
21.455409831879315,43,45,0,0.009000000000000001,0.002863612599209348,43.02495886473692,366.4425557751688,3.0,21.43244795504647,22.961876832844574
21.456077220168982,74,43,1,0.009000000000000001,0.01131044449284091,74.80951307364488,346.1245155223809,4.0,21.43280253786204,23.27468230694037
21.465409831879317,63,66,0,0.020417253659667848,0.06805751219889282,63.00876757836406,528.6474745981377,3.0,21.445732412524478,19.67741935483871
21.476077220168985,96,59,1,0.009000000000000001,0.027638153833136316,96.30073685526122,478.5610556949787,4.0,21.455304981654812,20.772238514174
21.486077220168987,32,42,1,0.009000000000000001,0.001358581843325942,32.84249744288808,340.9756200560351,4.0,21.462646135125,23.43108504398827
21.49809566927895,67,41,0,0.009000000000000001,0.0027640784639659712,67.57740640645181,328.2455788017898,3.0,21.474508181497914,23.587487781036167
21.488095669278948,68,124,0,0.009000000000000001,0.013790562676291121,68.84641989888488,998.3398081815096,3.0,21.477489608672887,10.606060606060606
21.49607722016899,52,104,1,0.009000000000000001,0.0036443857240944432,52.159714418184315,832.5315158708651,4.0,21.482343104821968,13.734115347018573
21.50607722016899,51,86,1,0.009000000000000001,0.00015964833420840075,51.76649895874409,690.4670880148042,4.0,21.48952785555511,16.549364613880744
21.50809566927895,89,87,0,0.009000000000000001,0.005296543060913828,89.15512936546524,696.3264838575496,3.0,21.49170270740212,16.392961876832846
21.51607722016899,108,64,1,0.009000000000000001,0.004771674371017538,128.6672776232084,519.3573861200947,4.0,21.496086995340058,19.990224828934508
21.518095669278953,45,94,0,0.009000000000000001,0.003750978791544164,45.65835274159281,758.0394038449037,3.0,21.502797526561455,15.298142717497555
21.528095669278954,92,40,0,0.009000000000000001,0.002639892183917549,92.03767794824266,327.25661168136594,3.0,21.50435177876087,23.743890518084065
21.536077220168995,53,85,1,0.009000000000000001,0.020500923778859023,53.17703734671988,685.9221734639699,4.0,21.519371452818067,16.705767350928642
21.538095669278956,75,91,0,0.009000000000000001,0.018147392606929002,75.11399708156819,733.6683400254124,3.0,21.522328318350315,15.76735092864125
21.546077220168996,78,48,1,0.009000000000000001,0.004455735206011498,78.08170490110045,388.0616354422359,4.0,21.523584551547295,22.49266862170088
21.548095669278958,83,88,0,0.009000000000000001,0.008287271860742521,83.20225110261472,710.855554591235,3.0,21.531859110139173,16.236559139784944
21.556077220168998,25,77,1,0.009000000000000001,0.008899693122366489,25.60022571886357,616.3083312565946,4.0,21.538120230921685,17.956989247311828
21.55809566927896,67,124,0,0.009000000000000001,0.00869765940983819,67.93376142301045,993.475409946036,3.0,21.547489608672898,10.606060606060606
21.56809566927896,102,71,0,0.009000000000000001,0.014135840281196996,102.45052279822609,572.4613301842519,3.0,21.54920026360936,18.89540566959922
21.566077220169,62,89,1,0.009000000000000001,0.015942907324636525,62.91185478589506,713.298272175524,4.0,21.549997063766263,16.080156402737046
21.578095669278962,48,89,0,0.009000000000000001,0.0025990539120417443,48.18855563529594,717.7963138214316,3.0,21.562015512876226,16.080156402737046
21.576077220169,103,106,1,0.009000000000000001,0.0010194117612026534,103.70092344296337,854.892384046526,4.0,21.56265591029608,13.421309872922777
21.586077220169003,70,50,1,0.009000000000000001,0.00991870190148079,70.35119551352919,406.8607151785486,4.0,21.563897357021396,22.179863147605083
21.588095669278964,55,83,0,0.009000000000000001,0.026336215041162344,55.04445635575567,669.3742263551865,3.0,21.57107709645394,17.01857282502444
21.596077220169004,21,96,1,0.009000000000000001,0.01238472005559095,18.130441154447134,768.5884449775504,4.0,21.5810918829256,14.985337243401759
21.598095669278965,73,124,0,0.009000000000000001,0.002377952381875633,73.45155357131844,996.9417766492185,3.0,21.587489608672904,10.606060606060606
21.606077220169006,37,89,1,0.009000000000000001,0.0024351950362619594,37.880325125321704,713.6103460819809,4.0,21.58999706376627,16.080156402737046
21.608095669278967,86,100,0,0.011908623936972937,0.03969541312324312,86.84298347634905,800.57011289859,3.0,21.593735942983756,14.359726295210166
21.616077220169007,29,112,1,0.009000000000000001,0.024442173441697936,29.551392555763847,901.8981432345852,4.0,21.603594326718373,12.482893450635387
21.631327473653382,88,70,0,0.009000000000000001,0.006065371787904519,88.54836102396101,561.1858328956685,3.0,21.612275665246734,19.05180840664712
21.62607722016901,102,123,1,0.009000000000000001,0.0029010460709960645,102.8783285742407,986.7206423805533,4.0,21.6153147568259,10.762463343108504
21.646077220169012,43,38,1,0.009000000000000001,0.01697602604565759,43.29551612157716,309.764313084338,4.0,21.622020524176833,24.05669599217986
21.661327473653387,85,51,0,0.009000000000000001,0.0032198123896143363,85.86363142869945,409.34459808063536,3.0,21.63930401324283,22.023460410557185
21.656077220169013,91,98,1,0.009000000000000001,0.010703713614170392,91.32965823036399,787.2219848923796,4.0,21.641404688399707,14.672531769305962
21.666077220169015,22,46,1,0.009000000000000001,0.00419272826189959,22.091869989905447,375.5737136775849,4.0,21.643271746073218,22.805474095796676
21.67132747365339,31,99,0,0.009000000000000001,0.010104374874923897,31.05599517426073,793.5974018993943,3.0,21.65681134462113,14.516129032258064
21.676077220169017,74,102,1,0.009000000000000001,0.000721899779484894,74.1601142665073,819.5407063847928,4.0,21.6620302993479,14.04692082111437
21.68132747365339,68,95,0,0.009000000000000001,0.006072851152877793,68.96383846564135,767.4324141222071,3.0,21.66618573367294,15.141739980449657
21.686077220169018,108,74,1,0.009000000000000001,0.007128102580016907,120.9693863443544,595.7120530216154,4.0,21.66765102271056,18.426197458455523
21.69132747365339,72,98,0,0.009000000000000001,0.0181625964092279,72.55389609605746,789.7476987354852,3.0,21.676654941884085,14.672531769305962
21.70607722016902,21,39,1,0.009000000000000001,0.005820966897077566,18.231172185252355,312.5705046251057,4.0,21.68217692691389,23.900293255131963
21.69607722016902,81,111,1,0.009000000000000001,0.0050764265850582425,81.49261289800737,893.1077218748458,4.0,21.683437923981337,12.639296187683286
21.711327473653395,36,72,0,0.009726444634524574,0.03242148211508191,36.473731768859764,581.3210399235111,3.0,21.692588470720843,18.73900293255132
21.726077220169024,60,54,1,0.009000000000000001,0.0007355633050057403,60.2662852876699,432.55261305430395,4.0,21.70452296796961,21.55425219941349
21.732134634358424,63,89,0,0.009000000000000001,0.0032436337969260847,63.62665049483538,714.9881263556772,3.0,21.716054477955687,16.080156402737046
21.742134634358425,78,42,0,0.009000000000000001,0.00438388164165674,78.36663452075425,336.39254638439525,3.0,21.718703549314437,23.43108504398827
21.736077220169026,68,93,1,0.009000000000000001,0.01475445377725653,68.92166467228914,751.0962187408716,4.0,21.72062267471448,15.454545454545453
21.746077220169028,85,109,1,0.009000000000000001,0.00028746705975884025,85.88233786076906,879.971181707056,4.0,21.73312511850725,12.952101661779082
21.75607722016903,81,56,1,0.009000000000000001,0.01552467999388228,81.08288575196255,450.39822449749863,4.0,21.734835773443713,21.241446725317694
21.752134634358427,40,90,0,0.009000000000000001,0.0003225852154060481,40.62155036472925,724.7928688780974,3.0,21.736210880692738,15.923753665689148
21.76607722016903,35,55,1,0.009000000000000001,0.000411659714355243,35.6550010564332,440.7955798132641,4.0,21.744679370706667,21.397849462365592
21.76213463435843,56,114,0,0.009000000000000001,0.0212840496823145,56.42387521526723,918.0403715631055,3.0,21.74996454638189,12.170087976539591
21.776077220169032,38,81,1,0.009000000000000001,0.001967802336100322,38.30610803609576,655.9772240483956,4.0,21.758745841869914,17.331378299120235
21.77213463435843,70,115,0,0.009000000000000001,0.010760059781094082,70.29097535852938,920.2654047192457,3.0,21.76012094911894,12.013685239491693
21.786077220169034,21,61,1,0.009000000000000001,0.006477033242927798,16.838065887412448,489.47222417570254,4.0,21.765617787128956,20.459433040078203
21.78213463435843,51,102,0,0.009000000000000001,0.0021896925700721093,51.813410338830785,816.1982600394741,3.0,21.768087713537316,14.04692082111437
21.792134634358433,66,78,0,0.009000000000000001,0.0033760024107706774,66.92769433937961,625.5066622684993,3.0,21.774334047848168,17.80058651026393
21.796077220169035,22,63,1,0.009000000000000001,0.00029604591921172485,22.706567893258978,509.0705101712848,4.0,21.775930592603054,20.146627565982406
21.802134634358435,61,42,0,0.009000000000000001,0.018798560713286727,61.79463043012725,343.67584801879406,3.0,21.778703549314447,23.43108504398827
21.806077220169037,97,102,1,0.009000000000000001,0.02016962961994405,97.5962190409418,822.7203154587119,4.0,21.79203029934792,14.04692082111437
21.812134634358436,68,119,0,0.009000000000000001,0.00408387950571034,68.23360821422244,956.5756620037259,3.0,21.800746560067136,11.3880742913001
21.81607722016904,33,98,1,0.009000000000000001,0.019502785150951846,33.55741528944543,787.3550052848907,4.0,21.80140468839973,14.672531769305962
21.822134634358438,67,71,0,0.009000000000000001,0.0008894431968732089,67.40280259995636,569.9183147593333,3.0,21.803239228688838,18.89540566959922
21.82607722016904,59,76,1,0.009000000000000001,0.0023076474388773584,59.640533432888866,608.8607683642017,4.0,21.80796382818468,18.113391984359726
21.83213463435844,44,78,0,0.009000000000000001,0.0007368409635684104,44.169545555538406,628.3750477333051,3.0,21.814334047848174,17.80058651026393
21.84213463435844,43,46,0,0.009000000000000001,0.0031274304839958235,43.083157108428225,370.6846747724328,3.0,21.819329160262644,22.805474095796676
21.83607722016904,56,116,1,0.009000000000000001,0.0006720959348940872,56.644825943742006,932.1682549345168,4.0,21.824219937666598,11.857282502443795
21.846077220169043,62,78,1,0.009000000000000001,0.01996797437275471,62.91789601294517,625.2079351074722,4.0,21.828276633658778,17.80058651026393
21.856077220169045,89,75,1,0.009000000000000001,0.013640171679085704,89.23025140738837,602.2635705501384,4.0,21.837807425447636,18.269794721407624
21.852134634358443,21,107,0,0.009000000000000001,0.001833113533939617,19.14688161407973,858.8052380464306,3.0,21.83886972722257,13.264907135874878
21.862134634358444,48,63,0,0.009000000000000001,0.0039490197205026825,48.89242352785173,509.5683615937438,3.0,21.841988006792462,20.146627565982406
21.866077220169046,71,77,1,0.009000000000000001,0.015408847307368388,71.51992786404091,623.7197719456035,4.0,21.848120230921733,17.956989247311828
21.872134634358446,50,68,0,0.009000000000000001,0.0026462460698817663,50.84342065940226,548.7238239317214,3.0,21.852770020477703,19.364613880742915
21.882134634358447,46,42,0,0.009000000000000001,0.011208401313491106,46.076552363933374,343.79538955361613,3.0,21.85870354931446,23.43108504398827
21.88607722016905,33,86,1,0.009000000000000001,0.017236020204702066,33.84375395950859,688.1423800248195,4.0,21.86952785555517,16.549364613880744
21.90213463435845,67,51,0,0.009000000000000001,0.019999571820367424,67.96956597994576,408.44771780040986,3.0,21.880111173947892,22.023460410557185
21.89607722016905,72,103,1,0.009000000000000001,0.0019820440020851104,72.07824543661212,827.0903351274296,4.0,21.882186702084983,13.890518084066471
21.906077220169053,59,40,1,0.009000000000000001,0.016668689722104512,59.168026326297436,322.9778491734681,4.0,21.88233332965097,23.743890518084065
21.916077220169054,85,41,1,0.009000000000000001,0.006308476565458076,85.02099821022023,334.49155750794,4.0,21.892489732388018,23.587487781036167
21.912134634358452,21,86,0,0.009000000000000001,0.0008636086383903963,13.965609587908979,694.3858551386979,3.0,21.895585269744572,16.549364613880744
21.922134634358454,56,49,0,0.009000000000000001,0.016286456581731286,56.39749868194789,396.0039417069202,3.0,21.8997983684738,22.33626588465298
21.926077220169056,71,85,1,0.009000000000000001,0.019135128543837844,71.11589034909171,683.8806557193382,4.0,21.909371452818128,16.705767350928642
21.932134634358455,32,92,0,0.009000000000000001,0.008691664415363629,32.023881833072046,736.7989398702878,3.0,21.91652368616686,15.610948191593351
21.94607722016906,36,51,1,0.009000000000000001,0.0005306927040623063,36.8503696216998,410.97531094994645,4.0,21.9240537597585,22.023460410557185
21.942134634358457,60,80,0,0.009000000000000001,0.0031971009457124446,60.43299956721838,641.4840229808087,3.0,21.92464685332229,17.487781036168133
21.95607722016906,51,77,1,0.009000000000000001,0.016750065286082787,51.23561720895037,617.3594239229101,4.0,21.938120230921747,17.956989247311828
21.96213463435846,50,74,0,0.009000000000000001,0.0005866643774561698,50.54875515735584,593.025092442831,3.0,21.943708436900003,18.426197458455523
21.966077220169062,47,104,1,0.009000000000000001,0.007279889426052441,47.922152272759654,834.527335729911,4.0,21.95234310482204,13.734115347018573
21.976077220169064,72,47,1,0.009000000000000001,0.0059299859142472565,72.4135212066573,379.1698175966757,4.0,21.953428148810314,22.649071358748778
21.97213463435846,73,95,0,0.009000000000000001,0.006132855799895035,73.00421014407162,767.0486360359267,3.0,21.95699289437801,15.141739980449657
21.986077220169065,90,75,1,0.009000000000000001,0.0016999556103040915,90.404333773611,605.9236078148396,4.0,21.967807425447656,18.269794721407624
21.982134634358463,99,112,0,0.009000000000000001,0.015008045438400286,99.38782893819777,903.5420815607322,3.0,21.96965174090783,12.482893450635387
21.992134634358464,89,124,0,0.009000000000000001,0.003766961760656641,89.37247676576948,992.6157916755395,3.0,21.981528573752403,10.606060606060606
22.002134634358466,63,70,0,0.009000000000000001,0.022029145338737805,63.28372391211104,560.0270838370637,3.0,21.98308282595182,19.05180840664712
22.006077220169068,97,57,1,0.009000000000000001,0.0018724600213676388,97.21513423818404,458.7859716278466,4.0,21.9849921761808,21.085043988269796
22.012134634358468,100,80,0,0.009000000000000001,0.00217119876648513,100.86471572035047,644.7983495273083,3.0,21.9946468533223,17.487781036168133
22.02213463435847,58,110,0,0.009000000000000001,0.006600622980074906,58.20613996439601,886.7612947572604,3.0,22.00933893543374,12.795698924731184
22.03213463435847,53,66,0,0.009000000000000001,0.004484829164564948,53.44506354223412,529.7631739748376,3.0,22.012457215003632,19.67741935483871
22.02607722016907,21,112,1,0.009000000000000001,0.010873942043616682,-4.216431576869681,896.7771185991769,4.0,22.013594326718437,12.482893450635387
22.036077220169073,70,66,1,0.009000000000000001,0.002983245118965476,70.73405173181402,533.2692183855094,4.0,22.016399800814234,19.67741935483871
22.046077220169074,59,45,1,0.009000000000000001,0.0090398265033395,59.80845109555909,363.13699014017106,4.0,22.02311534333623,22.961876832844574
22.042134634358472,85,104,0,0.009000000000000001,0.006051178257517129,85.30635971935824,833.7128710724079,3.0,22.028400519011452,13.734115347018573
22.052134634358474,66,88,0,0.009000000000000001,0.0013467722353981307,66.28680838419152,705.5201266633565,3.0,22.03589807521869,16.236559139784944
22.056077220169076,82,99,1,0.009000000000000001,0.009314424477681571,82.03275524831966,792.8730525401459,4.0,22.041561091136817,14.516129032258064
22.062134634358475,29,93,0,0.009000000000000001,0.006726084753145321,29.877414017840746,751.3216740037731,3.0,22.04668008890393,15.454545454545453
22.066077220169078,76,76,1,0.009000000000000001,0.00890937449955458,76.48960967126686,614.9389467598537,4.0,22.047963828184717,18.113391984359726
22.08213463435848,80,87,0,0.009000000000000001,0.0015224662762104572,80.73100378967189,699.6141917876334,3.0,22.065741672481646,16.392961876832846
22.08607722016908,74,84,1,0.009000000000000001,0.008754677213268582,74.42252113708143,676.8689308275032,4.0,22.069215050081105,16.86217008797654
22.09213463435848,38,53,0,0.009000000000000001,0.0020489894517069906,38.19239290220548,427.98644590817196,3.0,22.070423979422017,21.71065493646139
22.096077220169082,61,70,1,0.009000000000000001,0.006060208205992647,61.4646860053517,565.9719665818268,4.0,22.077025411762435,19.05180840664712
22.10213463435848,42,62,0,0.009000000000000001,0.01747040160103516,42.83884360880099,499.9952973626232,3.0,22.081831604055452,20.303030303030305
22.116077220169085,33,41,1,0.009000000000000001,0.004312020357097774,33.834358075541985,333.57041270589133,4.0,22.09248973238805,23.587487781036167
22.106077220169084,21,123,1,0.009000000000000001,0.00595086655520611,21.060832058578555,986.4537536948347,4.0,22.095314756825974,10.762463343108504
22.122134634358485,70,107,0,0.009000000000000001,0.004692810797548315,70.68207531248164,858.4125843437498,3.0,22.10886972722261,13.264907135874878
22.126077220169087,56,87,1,0.009000000000000001,0.014934765999637728,56.586037712645144,699.478222550385,4.0,22.109684258292255,16.392961876832846
22.13607722016909,65,59,1,0.009000000000000001,0.014300573680300216,65.58865468714981,477.5497320389629,4.0,22.115304981654916,20.772238514174
22.132134634358486,62,111,0,0.009000000000000001,0.004579023123486684,62.78815401783719,891.5845960472243,3.0,22.119495338170804,12.639296187683286
22.142134634358488,39,52,0,0.009000000000000001,0.015892745028918902,39.72243711814863,422.5861980912473,3.0,22.120267576684977,21.867057673509287
22.14607722016909,32,38,1,0.009000000000000001,0.0025885080586812016,32.757491490822915,308.0682098370897,4.0,22.12202052417691,24.05669599217986
22.15213463435849,43,113,0,0.009000000000000001,0.011170755334398083,43.62261613713852,911.8502413136296,3.0,22.139808143644903,12.32649071358749
22.166077220169093,51,48,1,0.009000000000000001,0.0036908397350042883,51.56311497003349,391.2267626916297,4.0,22.14358455154739,22.49266862170088
22.172134634358493,67,92,0,0.009000000000000001,6.536043140703691e-06,67.10843531354433,739.1302545634746,3.0,22.1565236861669,15.610948191593351
22.182134634358494,69,50,0,0.009000000000000001,0.013873579823197976,69.0052069717719,406.43399719714427,3.0,22.159954771210888,22.179863147605083
22.186077220169096,63,59,1,0.009000000000000001,0.03257088706220438,63.24127597949344,472.72319446716665,4.0,22.165304981654923,20.772238514174
22.192134634358496,42,80,0,0.009000000000000001,0.006130864938250955,42.85087179669911,640.2913396504468,3.0,22.17464685332233,17.487781036168133
22.196077220169098,60,73,1,0.009000000000000001,0.005980102313789227,60.82516373419044,589.7482406368122,4.0,22.177494619973594,18.58260019550342
22.202134634358497,53,41,0,0.009000000000000001,0.025350172797059273,53.71907837572255,328.04138333548616,3.0,22.17854714657746,23.587487781036167
22.2060772201691,57,55,1,0.009000000000000001,0.0031479083859719593,57.197664053242164,444.78597743162595,4.0,22.184679370706736,21.397849462365592
22.2121346343585,44,116,0,0.009000000000000001,0.0034455005340385896,44.25129708267737,935.9041863155627,3.0,22.200277351856055,11.857282502443795
22.2160772201691,30,97,1,0.009000000000000001,0.010613832045845761,30.187702326516153,782.3763570407768,4.0,22.201248285662746,14.82893450635386
22.236077220169104,75,47,1,0.009000000000000001,0.0012496918049263244,75.81444851648841,380.5076557796685,4.0,22.213428148810355,22.649071358748778
22.226077220169103,52,112,1,0.009000000000000001,0.008325754296013132,52.20279307219827,901.0704384506473,4.0,22.213594326718468,12.482893450635387
22.232134634358502,58,75,0,0.009000000000000001,0.01429517746903865,58.92616366169764,600.9896498847418,3.0,22.213864839637093,18.269794721407624
22.246077220169106,86,76,1,0.009000000000000001,0.011868559041320002,86.0358657637466,609.0831022158814,4.0,22.227963828184745,18.113391984359726
22.252134634358505,88,52,0,0.009000000000000001,0.014672827234727735,88.11989548273321,419.4958543187361,3.0,22.230267576684994,21.867057673509287
22.256077220169107,69,70,1,0.009000000000000001,0.02900145505746256,69.04881210787231,567.3860318240622,4.0,22.23702541176246,19.05180840664712
22.262134634358507,51,55,0,0.009000000000000001,0.0003093734889873721,51.231937127700704,443.1138607249911,3.0,22.240736784896143,21.397849462365592
22.26607722016911,37,66,1,0.009000000000000001,0.03142254438419255,37.29528416757694,530.9824267031935,4.0,22.24639980081427,19.67741935483871
22.27213463435851,108,117,0,0.009000000000000001,0.0041613920833230835,117.8411675857712,937.4240020500952,3.0,22.260433754593112,11.700879765395896
22.27607722016911,53,107,1,0.009000000000000001,0.03275073481048928,53.34712523179961,862.4792437784994,4.0,22.262812313033237,13.264907135874878
22.28213463435851,65,81,0,0.009000000000000001,0.0071305199255973775,65.31579895868147,650.8929512380105,3.0,22.26480325605939,17.331378299120235
22.286077220169112,71,59,1,0.012210988836736197,0.054271061496605315,71.6325787108418,476.86410151989764,4.0,22.26530498165494,20.772238514174
22.29213463435851,61,75,0,0.009000000000000001,0.0005154912692356863,61.3520708834909,606.7250292738411,3.0,22.273864839637103,18.269794721407624
22.299644985543264,21,38,1,0.009000000000000001,0.005740799375368406,15.02471818362131,310.68538775222083,4.0,22.275588289551084,24.05669599217986
22.302134634358513,47,51,0,0.009000000000000001,0.018274720079048134,47.7085024236448,412.47570929829163,3.0,22.280111173947954,22.023460410557185
22.312134634358515,22,41,0,0.009000000000000001,0.0002528874391132039,22.724830719148088,334.7300613371862,3.0,22.28854714657748,23.587487781036167
22.309644985543265,64,62,1,0.009000000000000001,0.002486270707170151,64.42599766624747,497.35581903923094,4.0,22.289341955240236,20.303030303030305
22.322134634358516,52,47,0,0.009000000000000001,0.012895244721100856,52.764063275499026,378.11509997007323,3.0,22.299485562999767,22.649071358748778
22.319644985543267,62,99,1,0.009000000000000001,0.0058626728212168334,62.55683920929073,793.4377929119353,4.0,22.305128856511008,14.516129032258064
22.332134634358518,40,70,0,0.009000000000000001,0.009373088225665996,40.44972496390947,565.8260660435222,3.0,22.31308282595187,19.05180840664712
22.32964498554327,57,94,1,0.009000000000000001,0.0008905033887088158,57.74701068063938,755.064715797952,4.0,22.31434684282577,15.298142717497555
22.34213463435852,46,71,0,0.009000000000000001,0.016166930485158285,46.88978308497502,574.465503833201,3.0,22.32323922868892,18.89540566959922
22.33964498554327,63,119,1,0.009000000000000001,0.010603241537084772,63.45035143460604,952.4937407787982,4.0,22.32825691125197,11.3880742913001
22.35213463435852,67,58,0,0.009000000000000001,0.013893777065919564,67.80033927015701,465.85332743465403,3.0,22.3312059931073,20.928641251221897
22.362134634358522,49,87,0,0.009000000000000001,0.011313208174510562,49.29017581872597,696.0470883886974,3.0,22.34574167248169,16.392961876832846
22.369644985543275,61,49,1,0.009000000000000001,0.01662328793459307,61.95237320032234,394.5266956763832,4.0,22.34730871965862,22.33626588465298
22.372134634358524,44,39,0,0.009000000000000001,0.026471157526284796,44.64019639734122,313.40883988587706,3.0,22.348234341103392,23.900293255131963
22.379644985543276,29,65,1,0.009000000000000001,0.006323374219932191,29.992474008976476,521.273421558627,4.0,22.35981116345139,19.83382209188661
22.382134634358525,56,83,0,0.009000000000000001,0.017536464518784253,56.01068436695638,667.3149463630025,3.0,22.365116061533502,17.01857282502444
22.392134634358527,43,40,0,0.009000000000000001,0.01492740140285175,43.13452761809667,321.07271054792324,3.0,22.368390743840443,23.743890518084065
22.389644985543278,65,64,1,0.009000000000000001,0.005525035968170129,65.05956187102058,516.526957050756,4.0,22.369654760714344,19.990224828934508
22.39964498554328,78,62,1,0.009000000000000001,0.003293872066536054,78.5899319455618,501.55386586525333,4.0,22.37934195524025,20.303030303030305
22.40213463435853,31,95,0,0.009770693087540793,0.03256897695846931,31.087361212125295,767.5075346905694,3.0,22.38699289437808,15.141739980449657
22.40964498554328,64,94,1,0.009000000000000001,0.0020521274249549097,64.29873627284321,756.1758564148988,4.0,22.394346842825783,15.298142717497555
22.412990960011353,76,96,0,0.009000000000000001,0.027061283654016367,76.68049668211737,774.9499778048464,3.0,22.39800562276795,14.985337243401759
22.419644985543282,33,59,1,0.009000000000000001,0.012468852020033179,33.166549728436124,476.5416815115316,4.0,22.39887274702911,20.772238514174
22.422990960011354,24,111,0,0.009000000000000001,0.0038206557546483152,24.90660624744379,893.6764645109411,3.0,22.410351663823672,12.639296187683286
22.432990960011356,67,61,0,0.009000000000000001,0.029405144851815085,67.95219952270418,494.2252758074678,3.0,22.41253152697128,20.459433040078203
22.429644985543284,87,118,1,0.009000000000000001,0.031217218904164908,87.92462063103183,946.3096557889506,4.0,22.418100508514936,11.544477028347998
22.439644985543286,56,74,1,0.009000000000000001,0.006112292044117772,56.080609079963835,597.0723126507573,4.0,22.42121878808483,18.426197458455523
22.449644985543287,88,74,1,0.009000000000000001,0.0017050715956002996,88.45990076981221,598.4842395443809,4.0,22.43121878808483,18.426197458455523
22.442990960011358,72,121,0,0.009000000000000001,0.0033075109256868384,72.80162042970149,974.3522243122266,3.0,22.431915691194153,11.0752688172043
22.45299096001136,83,91,0,0.009000000000000001,0.00010337746784078451,83.79020779661013,735.8826786648582,3.0,22.437223609082718,15.76735092864125
22.46299096001136,84,64,0,0.013848343396253914,0.04616114465417971,84.92106371436357,518.3156050346076,3.0,22.443000735182427,19.990224828934508
22.45964498554329,58,105,1,0.009000000000000001,0.007709291459377752,58.89452630101283,846.9493528766402,4.0,22.44606727293332,13.577712609970675
22.46964498554329,50,93,1,0.009000000000000001,0.011395782197163232,50.5548883230435,744.6098922047545,4.0,22.454190440088745,15.454545454545453
22.47837800822942,57,60,0,0.009000000000000001,0.004154728142540341,57.39376870290134,482.73396836439366,3.0,22.457762172452295,20.6158357771261
22.479644985543292,60,106,1,0.009000000000000001,0.024030180848313275,60.97354915428865,851.1441938867949,4.0,22.46622367567037,13.421309872922777
22.489644985543293,51,65,1,0.009000000000000001,0.007794360172656329,51.774945084482454,526.7268868062654,4.0,22.469811163451407,19.83382209188661
22.48837800822942,40,110,0,0.009000000000000001,0.004206600215727315,40.81563711897585,884.2002531789394,3.0,22.47558230930469,12.795698924731184
22.508378008229425,32,45,0,0.009000000000000001,0.0006380115113017134,32.28732617681122,364.65236967796494,3.0,22.48541613139658,22.961876832844574
22.498378008229423,48,118,0,0.009000000000000001,0.02740849983650983,48.7575876412712,950.0413934807758,3.0,22.486833531201075,11.544477028347998
22.509644985543297,84,96,1,0.009000000000000001,0.008815321767443516,84.02238430069605,771.9344816305006,4.0,22.494659648299894,14.985337243401759
22.519644985543298,34,82,1,0.009000000000000001,0.0163097392851105,34.464153202426715,659.5433687500557,4.0,22.502470009981227,17.174975562072337
22.518378008229426,33,122,0,0.009000000000000001,0.0017768152545606481,33.71037832777832,977.6534670155135,3.0,22.50745914214927,10.918866080156402
22.5296449855433,99,70,1,0.009000000000000001,0.01624782666674772,99.86625388552116,561.5552074610889,4.0,22.510593177136652,19.05180840664712
22.528378008229428,67,81,0,0.009000000000000001,0.0059188118508608865,67.1614043175913,651.0625722451165,3.0,22.51104662993031,17.331378299120235
22.5396449855433,66,73,1,0.009000000000000001,0.004912214749374129,66.10357503728905,589.2361351619584,4.0,22.521062385347797,18.58260019550342
22.53837800822943,108,103,0,0.009000000000000001,0.002832367884570469,109.81530101198011,825.8239958678299,3.0,22.52448749014536,13.890518084066471
22.54837800822943,51,88,0,0.009000000000000001,0.014018876376332716,51.06546037714562,704.5237788858618,3.0,22.532141449089647,16.236559139784944
22.549644985543303,43,96,1,0.009000000000000001,0.0052023540767098244,43.15798938886114,775.6862856008788,4.0,22.5346596482999,14.985337243401759
22.558378008229433,73,42,0,0.009000000000000001,0.023471617837584068,73.58606358586114,338.92386517632247,3.0,22.534946923185444,23.43108504398827
22.559644985543304,93,109,1,0.009000000000000001,0.0006945054687922772,93.73711322437984,879.748930520616,4.0,22.546692883881526,12.952101661779082
22.568378008229434,76,56,0,0.009000000000000001,6.901724421494768e-05,76.77632688031213,448.7130940368311,3.0,22.547136561504118,21.241446725317694
22.569644985543306,71,116,1,0.009000000000000001,0.0018696880581994255,71.62129858432421,928.1933350547216,4.0,22.557787703040862,11.857282502443795
22.579644985543307,59,84,1,0.009000000000000001,0.010675383974162391,59.04138927398726,679.4233415680415,4.0,22.562782815455332,16.86217008797654
22.578378008229436,21,114,0,0.009000000000000001,0.010892272479973313,19.022772418944314,919.2108217607296,3.0,22.566207920252896,12.170087976539591
22.588378008229437,22,117,0,0.009000000000000001,0.022591698060308953,22.71399495804463,936.42268483751,3.0,22.57667712846404,11.700879765395896
22.59837800822944,33,54,0,0.009000000000000001,0.0037669993602088277,33.494129339721965,433.42688315211484,3.0,22.576823756030024,21.55425219941349
22.58964498554331,84,116,1,0.009000000000000001,0.025137787919089504,84.86874602429064,929.9366803482702,4.0,22.577787703040865,11.857282502443795
22.59964498554331,42,71,1,0.009000000000000001,0.005944987124438186,42.876616365431076,571.4350299708249,4.0,22.58074957987371,18.89540566959922
22.60837800822944,82,67,0,0.009000000000000001,0.0020411629481893114,82.1752910060257,539.4753346045159,3.0,22.58885699161165,19.521016617790814
22.609644985543312,23,61,1,0.009000000000000001,0.003380871648921142,23.841292100558547,488.0057230330766,4.0,22.589185552503235,20.459433040078203
22.619644985543314,64,52,1,0.009000000000000001,0.019737342288170923,64.90838406746943,420.9740360195166,4.0,22.597777927869803,21.867057673509287
22.618378008229442,65,62,0,0.009000000000000001,0.005620445696539887,65.50353908243153,501.5617398731947,3.0,22.598074977926412,20.303030303030305
22.629644985543315,48,42,1,0.009000000000000001,0.004223659665038688,48.11289429885434,343.0801238943858,4.0,22.606213900499327,23.43108504398827
22.628378008229443,101,63,0,0.009000000000000001,0.0067888848964252685,101.10402510812565,509.9594488439159,3.0,22.60823138066346,20.146627565982406
22.638378008229445,30,47,0,0.009000000000000001,0.00906543281100516,30.98317447225955,381.6081521889877,3.0,22.615728936870696,22.649071358748778
22.639644985543317,69,56,1,0.009000000000000001,0.0031467463159516396,69.90396055636373,455.06900633165696,4.0,22.618403538818,21.241446725317694
22.64964498554332,66,78,1,0.009000000000000001,0.006227778900557308,66.90474256828122,629.2268335560445,4.0,22.631844399033053,17.80058651026393
22.648378008229447,54,116,0,0.009000000000000001,0.007911915955394044,54.2798838644743,931.6891233002724,3.0,22.636520725727003,11.857282502443795
22.65964498554332,61,96,1,0.009000000000000001,0.0206810845052591,61.91142455745352,769.5230403302414,4.0,22.644659648299918,14.985337243401759
22.66964498554332,98,38,1,0.009000000000000001,0.01879640668173544,98.41188157946539,306.67726781788144,4.0,22.645588289551142,24.05669599217986
22.658378008229448,80,119,0,0.009000000000000001,0.004215299899195753,80.45229323539245,952.0884400166367,3.0,22.646989933938148,11.3880742913001
22.66837800822945,90,87,0,0.009000000000000001,0.017202634301559865,90.03495412354235,696.6236812338241,3.0,22.651985046352618,16.392961876832846
22.679644985543323,65,84,1,0.009000000000000001,0.005156539799565167,65.76274794532469,679.9889620338522,4.0,22.662782815455348,16.86217008797654
22.689644985543325,69,67,1,0.009000000000000001,0.00754266544690837,69.76576142055916,543.4390683231064,4.0,22.670123968925534,19.521016617790814
22.698378008229454,64,78,0,0.009000000000000001,0.016143534760625182,64.25325084172044,624.7871887168212,3.0,22.68057742171919,17.80058651026393
22.699644985543326,37,99,1,0.009000000000000001,0.00735054208602718,37.158132640998716,799.9072024745218,4.0,22.685128856511067,14.516129032258064
22.709644985543328,103,51,1,0.009000000000000001,0.019749534427416105,103.47592516492242,408.27939372940284,4.0,22.68762152513277,22.023460410557185
22.708378008229456,38,123,0,0.009000000000000001,0.0012636750948930697,38.110701548306245,986.3977589425065,3.0,22.697615544886347,10.762463343108504
22.71964498554333,100,59,1,0.009000000000000001,0.006006537327822012,100.26695411389204,474.90722568055054,4.0,22.698872747029156,20.772238514174
22.718378008229458,63,102,0,0.009000000000000001,0.002416842317161991,63.57384182031293,817.2066739931229,3.0,22.70433108740834,14.04692082111437
22.72837800822946,43,95,0,0.009000000000000001,0.0003298140208855304,43.69341784963889,761.1023471089155,3.0,22.71323626824901,15.141739980449657
22.72964498554333,40,114,1,0.009000000000000001,0.010223484765181756,40.24295396462187,914.2424692120416,4.0,22.71747489756679,12.170087976539591
22.749644985543334,51,46,1,0.009000000000000001,0.031779183150838365,51.157202991215335,368.3950927707309,4.0,22.726839511447537,22.805474095796676
22.73837800822946,21,119,0,0.009000000000000001,0.007599108441883163,18.136062737321822,956.8210100559213,3.0,22.72698993393816,11.3880742913001
22.739644985543332,54,120,1,0.009000000000000001,0.005415109733027735,54.00733986079695,965.2658260374652,4.0,22.72841331398908,11.231671554252198
22.748378008229462,73,123,0,0.009000000000000001,0.01707824080405353,73.97386746153026,988.4970445595641,3.0,22.737615544886353,10.762463343108504
22.758378008229464,58,67,0,0.009000000000000001,0.003006603794543842,58.416609098620555,543.2631567196282,3.0,22.738856991611673,19.521016617790814
22.768378008229465,70,42,0,0.009000000000000001,0.000516612852135049,70.81573332803171,336.93568050172183,3.0,22.744946923185477,23.43108504398827
22.759644985543336,60,111,1,0.009000000000000001,0.00015112115351447397,60.25527044036835,893.8924085013577,4.0,22.747005689355653,12.639296187683286
22.769644985543337,27,90,1,0.009000000000000001,0.00020612598135984846,27.935930581561735,723.1422875809217,4.0,22.75372123187765,15.923753665689148
22.778378008229467,23,91,0,0.009000000000000001,0.01177692041957704,23.507008383122432,729.7792144276629,3.0,22.762610657300826,15.76735092864125
22.77964498554334,49,97,1,0.009000000000000001,0.0032438125643266986,49.866961785172805,780.7290041973363,4.0,22.764816051036984,14.82893450635386
22.78964498554334,76,56,1,0.009000000000000001,0.011215318438299642,76.95563425395495,455.04548420174797,4.0,22.768403538818024,21.241446725317694
22.799644985543342,21,108,1,0.009000000000000001,0.0003541911625144456,21.095801170167867,866.284424729596,4.0,22.786536481144516,13.10850439882698
22.809644985543343,43,77,1,0.009000000000000001,0.016112605146416124,43.25209708190645,619.9167665348378,4.0,22.79168799629603,17.956989247311828
22.818378008229473,34,44,0,0.009000000000000001,0.016384266843651192,34.12650840087086,359.2818393127148,3.0,22.79525972865958,23.118279569892472
22.819644985543345,88,74,1,0.009000000000000001,0.009327052797730452,88.03604163489834,597.5016898862382,4.0,22.80121878808489,18.426197458455523
22.829644985543347,68,60,1,0.009000000000000001,0.0032219992405713013,68.93459064092497,485.52444269838327,4.0,22.80902914976622,20.6158357771261
22.828378008229475,44,79,0,0.009000000000000001,0.0062865826231084275,44.719917719862906,637.4924692438893,3.0,22.810733824456257,17.64418377321603
22.838378008229476,46,108,0,0.009000000000000001,0.01838277093112653,46.666335649249724,865.8840172255836,3.0,22.82526950383065,13.10850439882698
22.848378008229478,28,71,0,0.009000000000000001,0.017351349921511567,28.767755355946097,569.2277531851378,3.0,22.829482602559878,18.89540566959922
22.85837800822948,69,47,0,0.009000000000000001,0.0061456527463641854,69.85829254982121,383.0506360191062,3.0,22.83572893687073,22.649071358748778
22.85964498554335,25,88,1,0.009000000000000001,0.0021934282100984324,25.82106212020949,708.7007871156108,4.0,22.843408426403567,16.236559139784944
22.869644985543353,49,76,1,0.009000000000000001,0.0046436092223846315,49.04632361183742,614.2382058149531,4.0,22.85153159355899,18.113391984359726
22.86837800822948,55,97,0,0.009000000000000001,0.027143111047419587,55.516718609735946,778.7065162847402,3.0,22.853549073723126,14.82893450635386
22.878378008229483,59,73,0,0.009000000000000001,0.007583731970333133,59.356035750982564,585.4236735019126,3.0,22.85979540803398,18.58260019550342
22.879644985543354,48,114,1,0.009000000000000001,0.007703939971907031,48.74088817622188,916.2953320115233,4.0,22.867474897566815,12.170087976539591
22.889644985543356,50,73,1,0.009000000000000001,0.005686731623474265,50.303725664764855,588.4655267427775,4.0,22.87106238534785,18.58260019550342
22.888378008229484,47,94,0,0.009000000000000001,0.0017580540745327075,47.667873195773474,759.4867224504599,3.0,22.873079865511986,15.298142717497555
22.898378008229486,101,43,0,0.010637030213289113,0.03545676737763038,101.36316816161047,347.91531679621175,3.0,22.875103325922545,23.27468230694037
22.899644985543357,108,86,1,0.009000000000000001,0.0003626173154424331,131.49731913123333,691.1886096682665,4.0,22.883095620929478,16.549364613880744
22.910196930688695,71,47,0,0.009000000000000001,0.005407128227430152,71.97805357118263,381.4509396151471,3.0,22.887547859329946,22.649071358748778
22.90964498554336,57,53,1,0.009000000000000001,0.01227689055565402,57.32897021747263,424.2372844937082,4.0,22.887934330606896,21.71065493646139
22.920196930688697,64,44,0,0.009000000000000001,0.00948803168308293,64.31594590890975,353.7621338200951,3.0,22.897078651118804,23.118279569892472
22.929644985543362,32,65,1,0.009000000000000001,0.0006195324542318763,32.96464500608262,527.8523366882948,4.0,22.909811163451476,19.83382209188661
22.939644985543364,67,50,1,0.009000000000000001,0.0015512004555868998,67.0402450062535,400.68412969321764,4.0,22.917465122395758,22.179863147605083
22.9401969306887,69,91,0,0.009000000000000001,0.005161862263788675,69.67920936588676,728.281714072255,3.0,22.92442957976006,15.76735092864125
22.9501969306887,70,59,0,0.009000000000000001,0.004675393802152782,70.26281475803478,478.7354616342709,3.0,22.92942469217453,20.772238514174
22.949644985543365,103,108,1,0.009000000000000001,9.284556819462378e-05,103.82393308178511,865.7099343169489,4.0,22.93653648114454,13.10850439882698
22.959644985543367,21,88,1,0.009000000000000001,0.001938207067194615,20.930451682030757,709.840156820525,4.0,22.943408426403582,16.236559139784944
22.960196930688703,34,96,0,0.009000000000000001,0.00111908930035361,34.337115469948195,773.0760475728515,3.0,22.9452115934453,14.985337243401759
22.96964498554337,85,45,1,0.009000000000000001,0.0037929109623270913,85.44692738129561,360.8576924845779,4.0,22.946683108710523,22.961876832844574
22.97964498554337,52,95,1,0.009000000000000001,0.0025225059163364737,52.793646769948054,760.7986483983102,4.0,22.96450324556292,15.141739980449657
22.98964498554337,28,38,1,0.009000000000000001,0.0030626170983213915,28.76993701458965,308.4489547104326,4.0,22.965588289551192,24.05669599217986
22.980196930688706,50,109,0,0.009000000000000001,0.005029555333827072,50.9509399407778,879.1115048160722,3.0,22.967244829026928,12.952101661779082
22.990196930688708,51,74,0,0.009000000000000001,0.0004281900463101456,51.60924023914681,593.4280131314849,3.0,22.97177073323025,18.426197458455523
23.00019693068871,63,57,0,0.009000000000000001,0.0018416764668961786,63.67444783042381,461.9664454637936,3.0,22.97911188670044,21.085043988269796
22.999644985543373,70,89,1,0.009000000000000001,0.0073175779753045095,70.64155081526536,712.6295621652728,4.0,22.983564829140636,16.080156402737046
23.009644985543375,62,87,1,0.009000000000000001,0.006370930995409068,62.431446797310045,701.3811381283926,4.0,22.993252023666543,16.392961876832846
23.01019693068871,84,101,0,0.009000000000000001,0.006980135766138083,84.43577394357004,812.0404517921811,3.0,22.995993607130547,14.203323558162268
23.019644985543376,47,58,1,0.009000000000000001,0.026297099706798367,47.67332874686545,466.0780545599961,4.0,22.998716344292156,20.928641251221897
23.020196930688712,68,119,0,0.009518698054782008,0.031728993515940024,68.48514871676824,954.0128799172431,3.0,23.008808856397412,11.3880742913001
23.029644985543378,82,81,1,0.009000000000000001,0.0030467037649123435,82.86623254066058,653.0947278006491,4.0,23.01231360724426,17.331378299120235
23.03077326186069,53,93,0,0.009000000000000001,0.024819575370836896,53.85766651992592,744.7900498033368,3.0,23.015318716406146,15.454545454545453
23.040773261860693,95,83,0,0.009000000000000001,0.009937676730375315,95.1469034944152,671.9058128456523,3.0,23.02375468903567,17.01857282502444
23.03964498554338,41,100,1,0.009000000000000001,0.013627710220237142,41.6796195188373,806.5064903079866,4.0,23.025285259248168,14.359726295210166
23.04964498554338,60,62,1,0.009000000000000001,0.016397431558489665,60.136456752952256,502.64850558380374,4.0,23.02934195524035,20.303030303030305
23.050773261860694,46,74,0,0.009000000000000001,0.011314601339820856,46.5218895510413,599.9205326941568,3.0,23.032347064402238,18.426197458455523
23.060773261860696,52,110,0,0.009000000000000001,0.013148911958206362,52.83367829736896,883.0508009019596,3.0,23.047977562935966,12.795698924731184
23.069644985543384,55,98,1,0.009000000000000001,0.007453503588919361,55.70258937477249,784.0538820695161,4.0,23.054972453774077,14.672531769305962
23.070773261860698,66,111,0,0.009000000000000001,0.007771736316917953,66.57665646413005,891.266136363157,3.0,23.058133965673015,12.639296187683286
23.0807732618607,77,59,0,0.009000000000000001,0.005644052250976836,77.57362817118369,475.8184872838809,3.0,23.060001023346526,20.772238514174
23.079644985543386,21,103,1,0.009000000000000001,0.021485747174841547,12.384079604473094,827.5662965367069,4.0,23.065754467459318,13.890518084066471
23.089644985543387,58,71,1,0.009000000000000001,0.002485463049379344,58.90795547087313,571.9718036042294,4.0,23.070749579873787,18.89540566959922
23.0907732618607,54,79,0,0.009000000000000001,0.018592612583419814,54.878586753428436,638.8144007565829,3.0,23.073129078087483,17.64418377321603
23.09964498554339,43,56,1,0.009000000000000001,0.0200788200396462,43.99100458107151,450.32115168585017,4.0,23.078403538818073,21.241446725317694
23.100773261860702,76,65,0,0.009000000000000001,0.007217430582178053,76.15063690788094,527.6478373933479,3.0,23.080939439768816,19.83382209188661
23.10964498554339,97,62,1,0.009000000000000001,0.004400074715236539,97.3512190923824,498.8729044592031,4.0,23.08934195524036,20.303030303030305
23.120773261860705,96,67,0,0.009000000000000001,6.39947644582873e-05,96.18320541392842,542.0642688872974,3.0,23.101252245242915,19.521016617790814
23.119644985543392,39,77,1,0.009000000000000001,0.0019369311409910528,39.32728672921084,617.9172291174347,4.0,23.10168799629608,17.956989247311828
23.129644985543393,80,123,1,0.009000000000000001,0.004875314630840894,80.28939319867374,987.4541650449415,4.0,23.118882522200284,10.762463343108504
23.14077326186071,92,60,0,0.009000000000000001,0.029328747524851977,92.32007337011677,486.1499154424831,3.0,23.120157426083583,20.6158357771261
23.139644985543395,100,74,1,0.009000000000000001,0.0049608849096838895,100.60403610059001,593.1312933378586,4.0,23.12121878808494,18.426197458455523
23.15077326186071,48,39,0,0.013916895717688765,0.04638965239229588,48.61570939431665,318.0387191350458,3.0,23.12687296860558,23.900293255131963
23.159644985543398,31,46,1,0.009000000000000001,0.007268001639366563,31.391367792403546,372.6875702776493,4.0,23.1368395114476,22.805474095796676
23.16623647932481,90,48,0,0.009000000000000001,0.009251518925039457,90.77672337877449,384.2713051523623,3.0,23.143743810703107,22.49266862170088
23.1696449855434,60,46,1,0.009000000000000001,0.0013190128266113254,60.38690153905571,370.71977254388094,4.0,23.146839511447602,22.805474095796676
23.17623647932481,86,53,0,0.009000000000000001,0.027892025055890328,86.10575623760994,426.828295335058,3.0,23.154525824388347,21.71065493646139
23.1796449855434,45,52,1,0.009000000000000001,0.00940860603060508,45.02196611910014,421.5005009060078,4.0,23.15777792786989,21.867057673509287
23.186236479324812,42,85,0,0.009000000000000001,0.009748562025540378,42.83947516727417,682.5209792096871,3.0,23.169530711973884,16.705767350928642
23.196236479324813,35,51,0,0.009000000000000001,0.005398999119392918,35.314163387852986,412.1579206835544,3.0,23.174213018914255,22.023460410557185
23.189644985543403,41,112,1,0.009000000000000001,0.031661720063895935,41.71100334269641,898.2322242062847,4.0,23.177162092092768,12.482893450635387
23.199644985543404,34,80,1,0.009000000000000001,0.0026200761663086936,34.130259332361916,644.3131716225766,4.0,23.182157204507238,17.487781036168133
23.206236479324815,95,116,0,0.009000000000000001,0.0018745841077108822,95.90645360221343,928.575252793452,3.0,23.19437919682237,11.857282502443795
23.209644985543406,44,96,1,0.009000000000000001,0.0001980537042368075,44.62356015605758,769.957606227757,4.0,23.194659648300004,14.985337243401759
23.219644985543408,73,48,1,0.009000000000000001,0.007405703940493546,73.73101722260137,389.02683245182084,4.0,23.197152316921706,22.49266862170088
23.216236479324817,48,71,0,0.009000000000000001,0.0008787829329960941,48.57627354272718,575.1727352915807,3.0,23.197341073655217,18.89540566959922
23.226236479324818,32,57,0,0.009000000000000001,0.0010563340146874667,32.81594275495449,463.6689831651449,3.0,23.20515143533655,21.085043988269796
23.22964498554341,74,52,1,0.009000000000000001,0.005084272091699736,74.30235232893999,419.10684880116185,4.0,23.2077779278699,21.867057673509287
23.23964498554341,69,73,1,0.009000000000000001,0.002939959637891087,69.41353621330958,587.9876522323259,4.0,23.221062385347906,18.58260019550342
23.23623647932482,68,110,0,0.009000000000000001,0.00023993304648808653,68.26453846291095,884.4630439860827,3.0,23.22344078040009,12.795698924731184
23.249644985543412,21,48,1,0.009000000000000001,0.029513863323548387,20.369245833030405,388.4590993629036,4.0,23.22715231692171,22.49266862170088
23.24623647932482,51,113,0,0.011029737763876264,0.036765792546254214,51.03211012165991,907.8866667628538,3.0,23.233909988611234,12.32649071358749
23.258491743506905,47,74,0,0.009000000000000001,0.026099774492099152,47.8254861457485,593.7391679647673,3.0,23.24006554604845,18.426197458455523
23.259644985543414,77,67,1,0.009000000000000001,0.03637887329380968,77.60035758453691,537.278948320975,4.0,23.240123968925623,19.521016617790814
23.268491743506907,62,71,0,0.009000000000000001,0.0005194874311459001,62.003547012476425,575.0265762252253,3.0,23.249596337837307,18.89540566959922
23.269644985543415,42,112,1,0.009000000000000001,0.0015441234204469686,42.62620346029743,900.5224296723679,4.0,23.25716209209278,12.482893450635387
23.279644985543417,79,78,1,0.009000000000000001,0.0036941417190813485,79.12331599336957,630.2294165736121,4.0,23.26184439903315,17.80058651026393
23.28849174350691,43,41,0,0.009000000000000001,0.00011366895662418233,43.75990072204767,328.18060210646246,3.0,23.264904255725874,23.587487781036167
23.28964498554342,105,101,1,0.009000000000000001,0.006848208858557952,105.72055400485004,812.5665398646013,4.0,23.275441661985255,14.203323558162268
23.29849174350691,84,72,0,0.009000000000000001,0.008875872005714682,84.11022981903577,578.3790901031383,3.0,23.27975274057436,18.73900293255132
23.308491743506913,21,99,0,0.010926034935989952,0.03642011645329984,18.388167492391965,796.6072052437823,3.0,23.293975614474654,14.516129032258064
23.30964498554342,67,100,1,0.009000000000000001,0.0015158287523375194,67.28650251080927,801.6423556914219,4.0,23.29528525924821,14.359726295210166
23.319644985543423,35,81,1,0.009000000000000001,0.005749760393278173,35.19034078650657,654.7390285024517,4.0,23.302313607244304,17.331378299120235
23.32063178232468,68,116,0,0.009000000000000001,0.003167566754287018,68.18286456531904,932.9703039852956,3.0,23.308774499822235,11.857282502443795
23.329644985543425,53,79,1,0.009000000000000001,0.00135299023903315,53.40852363451589,633.6343194173783,4.0,23.312000801770207,17.64418377321603
23.33063178232468,44,74,0,0.009000000000000001,0.004695588809727146,44.874754723257425,598.2848665665615,3.0,23.312205584866224,18.426197458455523
23.34063178232468,61,107,0,0.009000000000000001,0.017859575708045604,61.678302411375356,863.9541637543393,3.0,23.327366875188808,13.264907135874878
23.339644985543426,56,124,1,0.009000000000000001,0.014422947119642593,56.7648035497565,994.411178577785,4.0,23.329038924937365,10.606060606060606
23.350631782324683,75,118,0,0.009000000000000001,0.00254013357069355,75.25587832202305,951.2788941185279,3.0,23.339087305296335,11.544477028347998
23.360631782324685,46,76,0,0.009000000000000001,0.0010021922286375343,46.830020798044345,615.0410475983576,3.0,23.342518390340324,18.113391984359726
23.370631782324686,76,41,0,0.009000000000000001,0.004116657106188567,76.25662852047412,335.9056942868509,3.0,23.34704429454365,23.587487781036167
23.36964498554343,52,67,1,0.009000000000000001,0.018691474130251042,52.37303486610454,542.3862355515514,4.0,23.35012396892564,19.521016617790814
23.380631782324688,41,76,0,0.009000000000000001,0.006783282861896274,41.39917945383063,609.474924275804,3.0,23.362518390340327,18.113391984359726
23.389644985543434,99,67,1,0.009000000000000001,0.008605092112292661,99.51190098469095,539.5859149528223,4.0,23.370123968925643,19.521016617790814
23.399644985543436,84,66,1,0.009000000000000001,0.0008760108379834746,84.23893192096995,530.3040107635629,4.0,23.379967566188597,19.67741935483871
23.40063178232469,21,107,0,0.009000000000000001,0.008486224532681885,3.1139404784205027,863.8026305099904,3.0,23.387366875188818,13.264907135874878
23.409644985543437,28,60,1,0.009000000000000001,0.0049668321867070335,28.04116521092554,483.47908041175754,4.0,23.389029149766312,20.6158357771261
23.410631782324693,55,60,0,0.009000000000000001,0.014277871213455001,55.873249562129374,487.72205742143933,3.0,23.390015946547567,20.6158357771261
23.41964498554344,98,82,1,0.009000000000000001,0.00420138242638817,98.34974064471379,658.0753359643543,4.0,23.402470009981368,17.174975562072337
23.42964498554344,44,41,1,0.009000000000000001,0.02874669593495071,44.46294550444881,329.3162756871429,4.0,23.406057497762404,23.587487781036167
23.430631782324696,97,54,0,0.009000000000000001,0.011384885331551513,97.62710714871534,435.4047400695378,3.0,23.40907753012528,21.55425219941349
23.439644985543442,78,41,1,0.009000000000000001,0.006993027324199502,78.48053969113698,334.4109665349993,4.0,23.416057497762406,23.587487781036167
23.440631782324697,39,60,0,0.009000000000000001,0.010258391190380262,39.37199904479576,481.8796965582096,3.0,23.420015946547572,20.6158357771261
23.4506317823247,52,57,0,0.009000000000000001,0.021723124564704276,52.49961214378391,460.99562777426837,3.0,23.42954673833643,21.085043988269796
23.449644985543443,63,112,1,0.009000000000000001,0.008521419388626376,63.704261583416184,897.54094996957,4.0,23.43716209209281,12.482893450635387
23.4606317823247,74,58,0,0.009000000000000001,0.005298453101530028,74.6405560748268,468.37210962610413,3.0,23.43970314107348,20.928641251221897
23.459644985543445,65,95,1,0.009000000000000001,0.0027697655239572383,65.52133467709203,760.0383631480436,4.0,23.444503245562995,15.141739980449657
23.469644985543447,62,41,1,0.009000000000000001,0.005780865031255621,62.96333554820496,331.4167115309026,4.0,23.44605749776241,23.587487781036167
23.470631782324702,72,109,0,0.009000000000000001,0.01115912609817942,72.39641482554984,877.0453130745447,3.0,23.457679680662924,12.952101661779082
23.480631782324703,83,51,0,0.009000000000000001,0.0050582508434186945,83.351917087992,409.4218794962026,3.0,23.458608321914145,22.023460410557185
23.479644985543448,48,97,1,0.009000000000000001,0.025271523237919886,48.487038250612244,782.8747499301334,4.0,23.464816051037094,14.82893450635386
23.48964498554345,59,48,1,0.009000000000000001,0.006574659037823571,59.27393611858991,387.0417222096875,4.0,23.467152316921748,22.49266862170088
23.490631782324705,93,61,0,0.009000000000000001,0.013392235690718925,93.6342960543858,489.45075938723596,3.0,23.470172349284628,20.459433040078203
23.500631782324707,32,124,0,0.009000000000000001,0.0008471906250393826,32.59987627825463,994.8072568414343,3.0,23.490025721718645,10.606060606060606
23.510631782324708,74,88,0,0.009000000000000001,0.0016984156636460164,74.52536882443813,704.4649351757594,3.0,23.494395223184924,16.236559139784944
23.509644985543453,43,108,1,0.009000000000000001,0.007046982345650964,43.35501865290755,871.9714931018304,4.0,23.496536481144627,13.10850439882698
23.52063178232471,86,62,0,0.009000000000000001,0.020106735676349175,86.77039913714722,502.60766513364155,3.0,23.50032875202168,20.303030303030305
23.519644985543454,42,86,1,0.009000000000000001,0.019733448105128643,42.770282570178914,695.8902382584708,4.0,23.503095620929574,16.549364613880744
23.529644985543456,101,68,1,0.009000000000000001,0.010471987172679496,101.02097170447112,545.1656300289537,4.0,23.510280371662713,19.364613880742915
23.53063178232471,28,74,0,0.009000000000000001,0.006305127444514089,28.460499493074806,599.2405178631875,3.0,23.512205584866255,18.426197458455523
23.539644985543458,69,37,1,0.009000000000000001,0.024901021853001307,69.39210194027093,303.0517059696063,4.0,23.51543188681423,24.21309872922776
23.540631782324713,102,86,0,0.009000000000000001,0.004009025337516593,102.39973174299445,694.9622716791753,3.0,23.524082417710833,16.549364613880744
23.54964498554346,39,47,1,0.009000000000000001,0.025856260242917057,39.956217483299824,378.75289326666405,4.0,23.52699591418471,22.649071358748778
23.550631782324714,82,86,0,0.009000000000000001,0.019009575256026638,82.27308170413662,689.3334848410082,3.0,23.534082417710835,16.549364613880744
23.560631782324716,73,38,0,0.009000000000000001,0.01511933330383703,73.02788043049624,311.340278137627,3.0,23.536575086332537,24.05669599217986
23.570631782324718,75,59,0,0.009000000000000001,0.017058410255599656,75.92274549963628,477.1184386441772,3.0,23.549859543810545,20.772238514174
23.569644985543462,24,76,1,0.009000000000000001,0.00879769960591439,24.30336199858217,610.0398686293745,4.0,23.5515315935591,18.113391984359726
23.58063178232472,42,46,0,0.009000000000000001,0.02006655002942597,42.61808323059983,371.9898145102337,3.0,23.557826308228922,22.805474095796676
23.579644985543464,83,97,1,0.009000000000000001,0.00034773230485313374,83.88696958852876,782.791074403308,4.0,23.56481605103711,14.82893450635386
23.589644985543465,46,98,1,0.009000000000000001,0.012905146682082076,46.12271600109792,788.6818468584665,4.0,23.57497245377416,14.672531769305962
23.59063178232472,49,96,0,0.009000000000000001,0.0013462364191664372,49.1254591684629,773.5386246644231,3.0,23.57564644508132,14.985337243401759
23.600631782324722,81,90,0,0.009000000000000001,0.009019979306056842,81.4733643515313,722.2050840860629,3.0,23.584708028659033,15.923753665689148
23.599644985543467,53,110,1,0.009000000000000001,0.0037247485254207715,53.19405306860314,882.2497101296115,4.0,23.586849286618737,12.795698924731184
23.610631782324724,21,61,0,0.009000000000000001,0.011473797006401979,18.7093053543189,493.1458860663828,3.0,23.590172349284646,20.459433040078203
23.60964498554347,48,80,1,0.009000000000000001,0.03935844384035481,48.02517303057797,645.692910319093,4.0,23.592157204507302,17.487781036168133
23.620631782324725,103,57,0,0.009000000000000001,0.014635267886230008,103.86434359079271,458.39070100223034,3.0,23.599546738336457,21.085043988269796
23.61964498554347,50,88,1,0.009000000000000001,9.747709854461797e-05,50.03892958949676,705.0097440150648,4.0,23.603408426403686,16.236559139784944
23.630631782324727,74,102,0,0.009000000000000001,0.011788065028200193,74.84712288263381,822.9547869903203,3.0,23.61658486150361,14.04692082111437
23.64063178232473,28,42,0,0.009000000000000001,0.0024681385680010892,28.409519014221615,341.9603106029158,3.0,23.61720069728074,23.43108504398827
23.62964498554347,39,120,1,0.009000000000000001,0.0007806278530314335,39.84740015133006,960.3501090969171,4.0,23.61841331398922,11.231671554252198
23.639644985543473,61,103,1,0.009000000000000001,0.004542620577235486,61.2567095328783,828.8060907609068,4.0,23.625754467459405,13.890518084066471
23.65063178232473,85,41,0,0.009000000000000001,0.0014038193897663728,85.74928183182945,331.49777486479707,3.0,23.627044294543694,23.587487781036167
23.66063178232473,67,67,0,0.009000000000000001,0.013248277749529015,67.81048462641145,538.9230521650366,3.0,23.64111076570694,19.521016617790814
23.659644985543476,80,123,1,0.009000000000000001,0.010161200042577607,80.89078007379138,990.4898129380223,4.0,23.648882522200367,10.762463343108504
23.670631782324733,54,78,0,0.009000000000000001,0.006511004066337759,54.98349360836737,625.7358537576403,3.0,23.652831195814468,17.80058651026393
23.669644985543478,108,105,1,0.009000000000000001,0.01317853093460961,110.04985493021158,843.8624718747648,4.0,23.65606727293351,13.577712609970675
23.680631782324735,72,44,0,0.009000000000000001,0.00013776881677615843,72.80364184378867,357.11910400338684,3.0,23.657513502754842,23.118279569892472
23.68964498554348,21,87,1,0.009000000000000001,0.0058659781457300565,-5.423252402387419,699.5971178810189,4.0,23.67325202366665,16.392961876832846
23.700631782324738,53,52,0,0.009000000000000001,0.007943943957336257,53.455330028340946,422.2530301274307,3.0,23.678764724651227,21.867057673509287
23.699644985543483,62,109,1,0.009000000000000001,0.00748809877453243,62.57965723995405,879.6303000419765,4.0,23.686692883881705,12.952101661779082
23.71063178232474,65,41,0,0.009000000000000001,0.0035088037838894286,65.25865440082583,335.29174152154644,3.0,23.687044294543703,23.587487781036167
23.709644985543484,49,89,1,0.009000000000000001,0.0017138226729091059,49.6603775426833,716.0322137486171,4.0,23.693564829140747,16.080156402737046
23.719644985543486,58,57,1,0.009000000000000001,0.00900443329034818,58.65564787599189,459.1952101064705,4.0,23.698559941555217,21.085043988269796
23.72063178232474,61,87,0,0.009000000000000001,0.022107748568101184,61.85147486119503,703.8168409178459,3.0,23.70423882044791,16.392961876832846
23.730631782324743,41,45,0,0.009000000000000001,0.00829928572729136,41.44599706630845,362.91379621531246,3.0,23.707669905491898,22.961876832844574
23.729644985543487,66,95,1,0.009000000000000001,0.001879266895872117,66.07220368026701,767.3211995082645,4.0,23.714503245563037,15.141739980449657
23.740631782324744,60,67,0,0.009000000000000001,0.00918573349211753,60.01200156080711,538.6710000048909,3.0,23.721110765706953,19.521016617790814
23.73964498554349,43,115,1,0.009000000000000001,0.009401872358442571,43.26519166872446,925.4742084489059,4.0,23.727631300303997,12.013685239491693
23.750631782324746,34,100,0,0.009000000000000001,0.024921496157845495,34.37676358557653,800.3031834514252,3.0,23.736272056029534,14.359726295210166
23.760631782324747,53,83,0,0.009000000000000001,0.003472246269556979,53.290360697602964,667.8292151491253,3.0,23.743613209499724,17.01857282502444
23.759644985543492,84,118,1,0.009000000000000001,0.006205687796356122,84.08857706668806,950.4826826385245,4.0,23.748100508515144,11.544477028347998
23.77063178232475,62,96,0,0.009000000000000001,0.011967747244569955,62.670642433278616,773.4527475109069,3.0,23.755646445081346,14.985337243401759
23.769644985543493,52,113,1,0.009000000000000001,0.0036162031852717187,52.71639288343826,904.7550652219684,4.0,23.757318494829907,12.32649071358749
23.779644985543495,21,109,1,0.009000000000000001,0.0152107512603621,20.886404034091306,876.866143339062,4.0,23.766692883881717,12.952101661779082
23.78063178232475,63,120,0,0.009000000000000001,0.011382886346791264,63.65843440498046,962.1472508224606,3.0,23.769400110770498,11.231671554252198
23.789644985543497,73,86,1,0.009000000000000001,5.3384145837164064e-05,73.35141628887581,695.3734140204773,4.0,23.773095620929617,16.549364613880744
23.790631782324752,75,92,0,0.009000000000000001,0.0035072709252368097,75.66351377224989,743.5981198358703,3.0,23.77502083413316,15.610948191593351
23.800631782324754,32,38,0,0.009000000000000001,0.009000763550100639,32.69550104278238,311.3704102466176,3.0,23.776575086332574,24.05669599217986
23.799644985543498,86,112,1,0.009000000000000001,0.0041430924939163186,86.84115077065393,896.0391145197957,4.0,23.787162092092863,12.482893450635387
23.810631782324755,87,86,0,0.009000000000000001,0.013048178060225275,87.96077051614697,689.6048999515074,3.0,23.794082417710875,16.549364613880744
23.8096449855435,27,112,1,0.009000000000000001,0.009395475661331105,27.155516574594806,897.2210850527057,4.0,23.797162092092865,12.482893450635387
23.820631782324757,30,49,0,0.009000000000000001,0.004196617940023343,30.105746121250682,394.2033869728754,3.0,23.798295516440103,22.33626588465298
23.830631782324758,41,72,0,0.009000000000000001,0.0009917843930890066,41.75545322490993,581.4190518217686,3.0,23.811892779392206,18.73900293255132
23.839644985543504,71,43,1,0.009000000000000001,0.008962783334909538,71.65718019249593,346.72517839552984,4.0,23.816370303236564,23.27468230694037
23.85063178232476,28,38,0,0.009000000000000001,0.0012581112477879058,28.859768640426466,309.0282288526678,3.0,23.826575086332582,24.05669599217986
23.84063178232476,66,105,0,0.009000000000000001,0.013054121294104904,66.89120049895166,845.8746188070477,3.0,23.82705406971479,13.577712609970675
23.849644985543506,98,89,1,0.009000000000000001,0.0012380232990955454,98.60913319317348,717.5322042807667,4.0,23.83356482914077,16.080156402737046
23.859644985543508,56,86,1,0.009000000000000001,0.003215549238133067,56.831907531497464,688.0258186585588,4.0,23.843095620929628,16.549364613880744
23.870631782324764,74,44,0,0.009484060709321172,0.03161353569773724,74.60178609118142,359.53946984246875,3.0,23.84751350275487,23.118279569892472
23.881169627557345,108,70,0,0.009000000000000001,0.007960059427533637,126.38351074654241,565.9853552757762,3.0,23.862117819150697,19.05180840664712
23.87964498554351,88,94,1,0.009000000000000001,0.010321803963742358,88.23577050324076,754.0865297731248,4.0,23.864346842826013,15.298142717497555
23.891169627557346,26,45,0,0.009000000000000001,0.009342899525391647,26.66620389530142,366.47569265986357,3.0,23.8682077507245,22.961876832844574
23.889644985543512,41,85,1,0.009000000000000001,0.01014580136639517,41.47896751059912,687.3993905509476,4.0,23.872939218192585,16.705767350928642
23.901169627557348,45,45,0,0.009000000000000001,0.003782173888125585,45.71751747245463,367.6513840014266,3.0,23.878207750724503,22.961876832844574
23.899644985543514,37,119,1,0.009000000000000001,0.000114550271104334,37.58029903081099,959.8267971110589,4.0,23.888256911252213,11.3880742913001
23.909644985543515,95,88,1,0.009000000000000001,0.017036649200059623,95.54127097567996,711.3861286719185,4.0,23.89340842640373,16.236559139784944
23.91116962755735,59,84,0,0.009000000000000001,0.0019467387450789032,59.24370421384745,672.3102365535116,3.0,23.894307457469374,16.86217008797654
23.92116962755735,66,124,0,0.009000000000000001,0.02068450396125348,66.59380566591229,996.8982303434815,3.0,23.91056356695129,10.606060606060606
23.931169627557352,46,64,0,0.009000000000000001,0.008739845177801426,46.51329005531757,514.0207702131038,3.0,23.91117940272842,19.990224828934508
23.92964498554352,33,82,1,0.009000000000000001,0.003510699811864851,33.41153233064374,660.450646774738,4.0,23.912470009981448,17.174975562072337
23.93964498554352,102,75,1,0.009000000000000001,0.0018076727593032494,102.46409576161498,605.2338085808115,4.0,23.92137519082211,18.269794721407624
23.941169627557354,84,96,0,0.009000000000000001,0.0051534200895449215,84.35148927454588,770.7550838715545,3.0,23.92618429031395,14.985337243401759
23.94964498554352,64,67,1,0.009000000000000001,0.00994345730528254,64.78817583453332,538.4031561947832,4.0,23.93012396892573,19.521016617790814
23.951169627557356,40,92,0,0.009000000000000001,0.01146306874356436,40.98483858710145,742.6773795258559,3.0,23.935558679365762,15.610948191593351
23.959644985543523,58,88,1,0.009000000000000001,0.003583320587460106,58.4375870698727,705.6754584049868,4.0,23.94340842640374,16.236559139784944
23.961169627557357,50,88,0,0.009000000000000001,0.0013733962008519935,50.42162750829779,704.944755760531,3.0,23.944933068417573,16.236559139784944
23.969644985543525,108,69,1,0.009000000000000001,0.0033779792876469502,125.35076850538327,556.8704822718967,4.0,23.95043677439983,19.208211143695017
23.98116962755736,79,101,0,0.009000000000000001,0.006930651678526562,79.67347996058427,811.1744326706998,3.0,23.966966303999197,14.203323558162268
23.979644985543526,29,113,1,0.009000000000000001,0.0008762752381882723,29.807522129607904,910.0819764956885,4.0,23.96731849482994,12.32649071358749
23.989644985543528,81,64,1,0.009000000000000001,0.006635733970277074,81.09931977694896,513.903521529478,4.0,23.969654760714594,19.990224828934508
23.991169627557362,48,91,0,0.009000000000000001,0.009654093803239628,48.97082541211785,731.9741611000594,3.0,23.97540227662872,15.76735092864125
23.99964498554353,86,47,1,0.009000000000000001,0.007290623492839554,86.31702710340514,380.17300782844376,4.0,23.97699591418478,22.649071358748778
24.001169627557363,21,54,0,0.009000000000000001,0.01896848891656341,18.28532065091072,437.37200169431594,3.0,23.979615375357948,21.55425219941349
24.021169627557367,44,42,0,0.009000000000000001,0.000899598908963053,44.58732833917749,339.91883980253357,3.0,23.99773854251338,23.43108504398827
24.031169627557368,88,57,0,0.009000000000000001,0.0011147184905131152,88.33178107135106,463.61855442572096,3.0,24.0100845835691,21.085043988269796
24.024159941197368,38,110,1,0.009000000000000001,0.0042806452151937,38.307466993143926,883.2920135201304,4.0,24.011364242272638,12.795698924731184
24.03415994119737,93,100,1,0.009000000000000001,0.006056322583645979,93.50451276915557,803.6908892858044,4.0,24.01980021490216,14.359726295210166
24.04415994119737,71,56,1,0.009000000000000001,0.0011367634814963916,71.37701547629295,448.20174492337594,4.0,24.022918494472055,21.241446725317694
24.04116962755737,108,109,0,0.009000000000000001,0.01015487344158388,114.68164767670146,874.0472514389546,3.0,24.02821752589559,12.952101661779082
24.05116962755737,107,59,0,0.009000000000000001,0.00042468098446434206,107.30074249722718,476.618348948781,3.0,24.0303973890432,20.772238514174
24.054159941197373,76,65,1,0.009000000000000001,0.001569883803303308,76.70557000984918,521.4046441079371,4.0,24.034326119105486,19.83382209188661
24.064159941197374,52,40,1,0.009000000000000001,0.03732646866785225,52.84486609761975,321.01415800213545,4.0,24.04041605067929,23.743890518084065
24.061169627557373,59,91,0,0.009000000000000001,0.0036783831643820266,59.53275122214967,729.5465320925687,3.0,24.04540227662873,15.76735092864125
24.071169627557374,68,101,0,0.009000000000000001,0.022821482888279534,68.28180904670042,811.1552024300745,3.0,24.05696630399921,14.203323558162268
24.074159941197376,21,87,1,0.009000000000000001,0.0050621548275879835,20.342102632876703,699.924010803172,4.0,24.057766979320544,16.392961876832846
24.081169627557376,90,93,0,0.009000000000000001,0.0045385074468719915,90.87607485772634,748.6758696691304,3.0,24.06571508210283,15.454545454545453
24.084159941197377,92,85,1,0.009000000000000001,0.03060262528228985,92.07316328287651,682.9893497982305,4.0,24.06745417384645,16.705767350928642
24.09415994119738,61,65,1,0.009000000000000001,0.00041640051366197145,61.682123405005605,520.5057926328418,4.0,24.074326119105493,19.83382209188661
24.091169627557377,74,86,0,0.009000000000000001,0.006276995561461796,74.36973638383536,689.5252461441754,3.0,24.074620262943498,16.549364613880744
24.10415994119738,42,55,1,0.009000000000000001,0.00856959906253782,42.83403554837782,440.8210769797305,4.0,24.082762091735017,21.397849462365592
24.10116962755738,37,117,0,0.009000000000000001,0.004441356404862513,37.91427528536695,937.9374330550415,3.0,24.089468747791983,11.700879765395896
24.11116962755738,51,104,0,0.009000000000000001,0.00021156343339692691,51.01967337623559,836.569121355139,3.0,24.09743551221036,13.734115347018573
24.121169627557382,56,66,0,0.009000000000000001,0.012110224417773461,56.26642333147595,531.9465531154219,3.0,24.101492208202544,19.67741935483871
24.114159941197382,43,112,1,0.009000000000000001,0.025574631014662175,43.33975833875155,896.8663071712044,4.0,24.101677047746747,12.482893450635387
24.124159941197384,62,78,1,0.009000000000000001,0.014911369320584606,62.42946546803747,625.0322213566069,4.0,24.106359354687118,17.80058651026393
24.131169627557384,94,77,0,0.009000000000000001,0.011259718787702626,94.22147399099013,617.9285639156942,3.0,24.11321263831007,17.956989247311828
24.134159941197385,21,81,1,0.009000000000000001,0.002922231777598522,0.5126851409298467,653.5196323041368,4.0,24.116828562898267,17.331378299120235
24.144159941197387,48,82,1,0.009000000000000001,0.00030971243555645686,48.73444410154859,662.005253598714,4.0,24.126984965635316,17.174975562072337
24.141169627557385,46,119,0,0.009000000000000001,0.0053150417188266175,46.102911931964414,954.3109408418106,3.0,24.129781553266085,11.3880742913001
24.16116962755739,36,42,0,0.009000000000000001,0.004745567208171341,36.508458094052656,343.42573454014706,3.0,24.1377385425134,23.43108504398827
24.15415994119739,96,102,1,0.009000000000000001,0.00462033691280626,96.7594191875769,818.5459070124707,4.0,24.140113020376273,14.04692082111437
24.151169627557387,65,122,0,0.009000000000000001,0.0028885489312475477,65.23260221118156,978.5252685989252,3.0,24.14025076147723,10.918866080156402
24.16415994119739,78,55,1,0.009000000000000001,0.015333438175061475,78.89455171202843,443.1530370849571,4.0,24.142762091735026,21.397849462365592
24.17116962755739,29,95,0,0.009000000000000001,0.004144633722946607,29.98329448828257,760.6715526395444,3.0,24.15602788757694,15.141739980449657
24.17415994119739,82,78,1,0.009000000000000001,0.004124443754940073,82.34678180138243,628.8918044885725,4.0,24.156359354687126,17.80058651026393
24.184159941197393,41,49,1,0.009000000000000001,0.00401661836863425,41.33920502508347,396.762460749736,4.0,24.16182367531274,22.33626588465298
24.18116962755739,60,77,0,0.018289660645821482,0.0609655354860716,60.526651397167974,616.2176331870107,3.0,24.16321263831008,17.956989247311828
24.204159941197396,31,43,1,0.009000000000000001,0.0025603020386424954,31.475149104933585,349.71719735452865,4.0,24.180885258890456,23.27468230694037
24.194159941197395,87,123,1,0.009000000000000001,0.0050922765461288025,87.87861152777131,985.9401029476662,4.0,24.183397477854285,10.762463343108504
24.201491472719415,37,114,0,0.009000000000000001,0.004380842084368992,37.73318138254174,918.2915209983566,3.0,24.189321384742875,12.170087976539591
24.211491472719416,54,71,0,0.009000000000000001,0.005358454514010093,54.25495556378604,571.092087997389,3.0,24.192596067049816,18.89540566959922
24.221491472719418,107,42,0,0.009000000000000001,0.010778991140767758,107.82798300648071,343.0124030915513,3.0,24.19806038767543,23.43108504398827
24.2241599411974,50,45,1,0.009000000000000001,0.007199429536898081,50.64766458481067,360.37441991277547,4.0,24.201198064364554,22.961876832844574
24.2341599411974,76,70,1,0.009000000000000001,0.02757749161715658,76.48825702675671,564.7374446697534,4.0,24.215108132790753,19.05180840664712
24.23149147271942,41,119,0,0.009000000000000001,0.016805223110088113,41.296905611485634,958.3527670155818,3.0,24.22010339842812,11.3880742913001
24.24149147271942,108,88,0,0.009000000000000001,0.010463008633060919,118.66998606198015,707.2156531948307,3.0,24.225254913579636,16.236559139784944
24.244159941197402,44,100,1,0.009000000000000001,0.008589787707553833,44.67810195193106,801.3151767243278,4.0,24.22980021490219,14.359726295210166
24.251491472719422,46,67,0,0.009000000000000001,0.005132648948519577,46.98522389369606,536.6590865563829,3.0,24.23197045610163,19.521016617790814
24.254159941197404,85,62,1,0.009000000000000001,0.0014551010876492627,85.46607907581273,503.90562304385367,4.0,24.233856910894374,20.303030303030305
24.261491472719424,33,101,0,0.009000000000000001,0.0013561816562204486,33.17400830577179,814.0559735445529,3.0,24.24728814916126,14.203323558162268
24.271491472719426,51,42,0,0.009000000000000001,0.0023424359890036163,51.39110944682594,340.9957136991737,3.0,24.248060387675437,23.43108504398827
24.274159941197407,75,83,1,0.009000000000000001,0.028699528013755013,75.28008368869996,669.440546348214,4.0,24.257141368372384,17.01857282502444
24.281491472719427,83,87,0,0.009000000000000001,0.008037796526293843,83.90092743981427,703.8871286923772,3.0,24.265098510842595,16.392961876832846
24.28415994119741,21,79,1,0.009000000000000001,0.007765922529490361,12.450153106709266,632.958521647442,4.0,24.26651575742419,17.64418377321603
24.29149147271943,66,107,0,0.009000000000000001,0.004238544407727264,66.11992201619037,862.1083170684244,3.0,24.278226565583555,13.264907135874878
24.29415994119741,49,123,1,0.009000000000000001,0.009233343104017012,49.35816784275484,990.1941005194616,4.0,24.2833974778543,10.762463343108504
24.30149147271943,62,116,0,0.009000000000000001,0.007771352629046919,62.97401823222347,935.6129817951637,3.0,24.289634190216987,11.857282502443795
24.311491472719432,40,63,0,0.009000000000000001,0.005046988069287118,40.998975586377725,507.42806132986004,3.0,24.29134484515345,20.146627565982406
24.304159941197412,108,115,1,0.009000000000000001,0.027768306556227036,110.10590366100347,926.5467060553499,4.0,24.29214625595792,12.013685239491693
24.321491472719433,54,89,0,0.009000000000000001,0.0015486530162962843,54.67947408002239,716.9758769130707,3.0,24.305411316316697,16.080156402737046
24.324159941197415,97,120,1,0.009000000000000001,0.0053748803116380455,97.79876878338334,965.4144091531568,4.0,24.312928269643162,11.231671554252198
24.341491472719436,88,44,0,0.009000000000000001,0.014070425945370488,88.8594659436722,356.1307297684793,3.0,24.318373193149544,23.118279569892472
24.331491472719435,32,119,0,0.009000000000000001,0.0008405075142757005,32.41508135481905,957.698012317616,3.0,24.320103398428135,11.3880742913001
24.334159941197417,78,102,1,0.009000000000000001,0.002805294125581221,78.21122241541846,822.2916847670496,4.0,24.3201130203763,14.04692082111437
24.344159941197418,81,85,1,0.009000000000000001,0.007356697580522664,81.04049942100238,686.5555961216926,4.0,24.32745417384649,16.705767350928642
24.35415994119742,42,65,1,0.009000000000000001,0.010816779493612054,42.394964085663645,526.0307480045308,4.0,24.334326119105533,19.83382209188661
24.351491472719438,67,92,0,0.009000000000000001,0.006478657891939863,67.61152763305141,741.0651888031643,3.0,24.335880524527845,15.610948191593351
24.36415994119742,26,54,1,0.009000000000000001,0.006563793807009906,26.938166878448,438.86077789339095,4.0,24.342605688998006,21.55425219941349
24.36149147271944,43,119,0,0.009000000000000001,0.01764063990935424,43.038485675538254,958.616118691443,3.0,24.35010339842814,11.3880742913001
24.374159941197423,100,82,1,0.009000000000000001,0.03260752863129132,100.8032378495985,658.0272780298321,4.0,24.356984965635352,17.174975562072337
24.381491472719443,73,41,0,0.0106152036304853,0.035384012101617665,73.4298494762512,328.1998631445989,3.0,24.357903984938407,23.587487781036167
24.384159941197424,21,73,1,0.009000000000000001,0.013239596551789738,17.51413977658833,585.0150089269875,4.0,24.36557734100192,18.58260019550342
24.39328614341998,40,82,0,0.009000000000000001,0.005199047565400113,40.47527161521034,661.3983094383718,3.0,24.37611116785791,17.174975562072337
24.394159941197426,33,85,1,0.009000000000000001,0.0052627204754492375,33.91259391238546,680.9260811593675,4.0,24.3774541738465,16.705767350928642
24.403286143419983,64,79,0,0.009000000000000001,0.008690380011158258,64.48228931635776,636.8945658534659,3.0,24.385641959646765,17.64418377321603
24.41415994119743,59,48,1,0.009000000000000001,0.0018525052253409971,59.790360578457616,388.2950504070356,4.0,24.391667272575727,22.49266862170088
24.423286143419986,45,49,0,0.009000000000000001,0.0002231324792424268,45.84217685122185,392.5257604277102,3.0,24.400949877535332,22.33626588465298
24.413286143419985,71,120,0,0.009000000000000001,0.01659022332337045,71.34391334584112,965.3729746680863,3.0,24.402054471865732,11.231671554252198
24.42415994119743,99,72,1,0.009000000000000001,0.026977887900429886,99.34329320085831,581.2555692333547,4.0,24.40542093826488,18.73900293255132
24.433286143419988,80,93,0,0.009000000000000001,0.005795607422488072,80.26279747433803,750.7696056133295,3.0,24.417831597965442,15.454545454545453
24.434159941197432,85,93,1,0.009000000000000001,0.023966858155502466,85.88925721927237,746.5513427057658,4.0,24.418705395742887,15.454545454545453
24.444159941197434,69,109,1,0.009000000000000001,0.014660732048774511,69.69397395157726,874.3229031108206,4.0,24.431207839535656,12.952101661779082
24.44328614341999,63,116,0,0.009000000000000001,0.004795722145309514,63.15946960606283,931.6822932774724,3.0,24.431428860917546,11.857282502443795
24.454159941197435,57,52,1,0.009000000000000001,0.01923795726510119,57.23017588320515,420.535987198028,4.0,24.432292883523925,21.867057673509287
24.463286143419992,67,68,0,0.009000000000000001,0.005844315223719653,67.82018045155019,547.1720222568727,3.0,24.44392152953925,19.364613880742915
24.47415994119744,37,44,1,0.009000000000000001,0.00032404185572806416,37.61128531695377,353.269992286542,4.0,24.451041661627546,23.118279569892472
24.464159941197437,36,112,1,0.009000000000000001,0.003160310789345557,36.07423295207063,898.7857134730016,4.0,24.451677047746802,12.482893450635387
24.473286143419994,89,86,0,0.009000000000000001,0.016083553208767812,89.00034762176551,688.2809173518569,3.0,24.456736778806114,16.549364613880744
24.49415994119744,43,38,1,0.009000000000000001,0.008281118143945304,43.32524460635603,304.0394629050776,4.0,24.470103245205262,24.05669599217986
24.48415994119744,45,107,1,0.009000000000000001,0.003200880129460009,45.102390081538644,858.56023247731,4.0,24.470895034061567,13.264907135874878
24.493286143419997,73,121,0,0.009000000000000001,0.005346762491288785,73.76848872006128,970.5621019482963,3.0,24.482210874602792,11.0752688172043
24.50328614342,27,92,0,0.009000000000000001,0.0077895308416032925,27.742928916675737,737.9555525990936,3.0,24.487675195228405,15.610948191593351
24.51328614342,72,53,0,0.009000000000000001,0.008477157965038725,72.12783600187356,429.38687856291745,3.0,24.491575488483537,21.71065493646139
24.514159941197445,54,100,1,0.009000000000000001,0.012109879811721291,54.64632451702302,804.6252533364684,4.0,24.499800214902233,14.359726295210166
24.524159941197446,70,45,1,0.009000000000000001,0.013036861308166354,70.48158133355604,365.3011693053779,4.0,24.5011980643646,22.961876832844574
24.523286143420002,93,83,0,0.009000000000000001,0.0006143624202874656,93.60959507508679,666.3809596454057,3.0,24.50626757059498,17.01857282502444
24.543286143420005,30,53,0,0.009000000000000001,0.0008349653577071492,30.808180012917624,429.12133574191836,3.0,24.521575488483542,21.71065493646139
24.534159941197448,69,121,1,0.009000000000000001,0.013423847691855458,69.62897192359189,971.9416827494637,4.0,24.523084672380243,11.0752688172043
24.54415994119745,75,76,1,0.009000000000000001,0.011349049978365151,75.19604647958525,610.0559852141052,4.0,24.52604654921309,18.113391984359726
24.55415994119745,62,79,1,0.009000000000000001,0.00914526205343353,62.406155689083825,633.4368054460563,4.0,24.536515757424233,17.64418377321603
24.563286143420008,66,79,0,0.009000000000000001,0.0005250477068702344,66.86867421715253,638.3059994764276,3.0,24.54564195964679,17.64418377321603
24.564159941197452,60,97,1,0.009000000000000001,0.027007700859698565,60.05151077103701,780.8667089698068,4.0,24.549331006691098,14.82893450635386
24.574159941197454,40,88,1,0.009000000000000001,0.01569767965692863,40.4981812245406,708.1130532108955,4.0,24.55792338205767,16.236559139784944
24.58328614342001,42,43,0,0.009000000000000001,0.0015703597946105643,42.53586348345062,349.8089752145368,3.0,24.56001146111307,23.27468230694037
24.57328614342001,21,110,0,0.009000000000000001,0.004825363979743863,0.03615389108517775,887.4026256495267,3.0,24.56049044449528,12.795698924731184
24.584159941197456,52,66,1,0.009000000000000001,0.023959922699933443,52.2025244486346,530.5916601621101,4.0,24.564482521842617,19.67741935483871
24.603286143420014,73,41,0,0.009000000000000001,0.02104008967430954,73.12706629111896,334.08639387995083,3.0,24.57969865563898,23.587487781036167
24.594159941197457,58,117,1,0.009000000000000001,0.007697436389809298,58.40252283493304,937.5564513569642,4.0,24.58245906143206,11.700879765395896
24.60415994119746,80,60,1,0.009000000000000001,0.018744086668722914,80.95038882181099,486.46434900101667,4.0,24.583544105420334,20.6158357771261
24.613286143420016,61,41,0,0.009000000000000001,0.001031492786683796,61.65229755081246,330.846103099267,3.0,24.58969865563898,23.587487781036167
24.623286143420017,108,41,0,0.009000000000000001,0.002049069171110205,110.48815447348129,331.90961056406815,3.0,24.59969865563898,23.587487781036167
24.624159941197462,53,101,1,0.009000000000000001,0.005151875202534726,53.80107208043716,815.7717822807901,4.0,24.6099566176393,14.203323558162268
24.63328614342002,74,111,0,0.009000000000000001,0.029182323007342883,74.31352965882368,889.5157636552667,3.0,24.620646847232337,12.639296187683286
24.64328614342002,21,68,0,0.009000000000000001,0.0035184730456045976,20.69748198103988,550.6978015704011,3.0,24.623921529539277,19.364613880742915
24.644159941197465,100,69,1,0.009000000000000001,0.02630175705584561,100.4783072645325,557.0216701019045,4.0,24.62495173005377,19.208211143695017
24.654159941197467,52,46,1,0.009000000000000001,0.00019061398222096194,52.075927969417414,370.3712510842851,4.0,24.63135446710167,22.805474095796676
24.653286143420022,62,97,0,0.013670664276685854,0.04556888092228618,62.8704063040105,779.0199742477414,3.0,24.638457208913668,14.82893450635386
24.664159941197468,33,98,1,0.009000000000000001,0.00685614580936042,33.90574357741555,786.8419214243552,4.0,24.64948740942816,14.672531769305962
24.668475770394117,51,86,0,0.009000000000000001,0.029755506405797605,51.98930709986671,688.312262297648,3.0,24.651926405780237,16.549364613880744
24.67847577039412,35,37,0,0.009000000000000001,0.0007986395736312461,35.705439435911636,302.9312105395705,3.0,24.654262671664892,24.21309872922776
24.67415994119747,89,99,1,0.009000000000000001,0.011994350801597772,89.99418171715094,792.7551351294816,4.0,24.65964381216521,14.516129032258064
24.68415994119747,59,76,1,0.009000000000000001,0.006783016311027701,59.46074455981039,615.1856354476467,4.0,24.66604654921311,18.113391984359726
24.694159941197473,80,64,1,0.009000000000000001,0.002223698744426433,80.70902817359378,515.3585611494356,4.0,24.67416971636854,19.990224828934508
24.698475770394122,102,39,0,0.009000000000000001,0.005369009845903728,102.48402277553456,316.8035313914222,3.0,24.67457547713899,23.900293255131963
24.704159941197474,28,64,1,0.009000000000000001,0.0004325671909804202,28.18802476810354,512.9086781398256,4.0,24.68416971636854,19.990224828934508
24.708475770394124,62,101,0,0.009000000000000001,0.004085272008587852,62.64935133858473,810.0593989656219,3.0,24.69427244683596,14.203323558162268
24.714159941197476,76,66,1,0.009000000000000001,0.014732236541955351,76.89314226778218,529.0548282130177,4.0,24.694482521842637,19.67741935483871
24.718475770394125,72,71,0,0.009000000000000001,0.0037886759382407477,72.17810226799892,575.2029906458106,3.0,24.699580364724525,18.89540566959922
24.724159941197478,71,48,1,0.009000000000000001,0.002773303594742752,71.89196805936434,390.7943805930188,4.0,24.701667272575776,22.49266862170088
24.728475770394127,74,85,0,0.009000000000000001,0.0027039763784465123,74.89794132670617,682.8502131898338,3.0,24.7117700030432,16.705767350928642
24.73415994119748,45,81,1,0.009000000000000001,0.006046854163495379,45.68151948219949,654.8510812540361,4.0,24.71682856289836,17.331378299120235
24.74415994119748,87,41,1,0.009000000000000001,0.011627985924357884,87.59316790143913,331.3260037483667,4.0,24.720572453416445,23.587487781036167
24.73847577039413,84,118,0,0.009000000000000001,0.006445282174574712,84.96452555502606,945.7039985592871,3.0,24.72693129336578,11.544477028347998
24.74847577039413,38,105,0,0.009000000000000001,0.0007551582955861086,38.46020248398697,847.6980685489515,3.0,24.73489805778416,13.577712609970675
24.75847577039413,28,58,0,0.014684410547503478,0.04894803515834493,28.507620539333217,468.46936033000713,3.0,24.73754712914291,20.928641251221897
24.764159941197484,35,83,1,0.009000000000000001,0.0015784388116480853,35.812744041635895,665.3191233492348,4.0,24.74714136837246,17.01857282502444
24.774159941197485,33,70,1,0.009000000000000001,0.01089764978570977,33.19521667360932,566.7703595282699,4.0,24.755108132790838,19.05180840664712
24.77479178211358,48,72,0,0.009000000000000001,0.020739155114451954,48.094744499046136,579.5328061394558,3.0,24.75605277918103,18.73900293255132
24.784159941197487,29,84,1,0.009000000000000001,0.01271075432425459,29.96151378084614,678.8316390999171,4.0,24.76729777110951,16.86217008797654
24.79415994119749,36,44,1,0.009000000000000001,0.0002400212034845318,36.533322936987574,355.85238654380026,4.0,24.771041661627596,23.118279569892472
24.784791782113583,74,123,0,0.009000000000000001,0.005270784369116337,74.29545738167327,984.7544679685908,3.0,24.774029318770474,10.762463343108504
24.794791782113585,45,101,0,0.009000000000000001,0.00199539215290436,45.66183923656253,811.6092420433123,3.0,24.78058845855542,14.203323558162268
24.80415994119749,62,45,1,0.009000000000000001,0.005412325020125559,62.105160223626335,361.6885986503904,4.0,24.781198064364645,22.961876832844574
24.804791782113586,85,88,0,0.009000000000000001,0.005447461485452169,85.86964174687981,704.8518341815779,3.0,24.7885552229738,16.236559139784944
24.814791782113588,68,42,0,0.009000000000000001,0.017874394539026433,68.15337262499416,341.7321277412613,3.0,24.7913606970696,23.43108504398827
24.81415994119749,64,101,1,0.009000000000000001,0.018728698297157575,64.20926698895873,812.6105394257266,4.0,24.799956617639328,14.203323558162268
24.82479178211359,66,49,0,0.009000000000000001,0.011778196427258228,66.76806300040454,397.991163705234,3.0,24.802455516228935,22.33626588465298
24.824159941197493,51,56,1,0.009000000000000001,0.009440384787512662,51.266549051785844,455.0507355976969,4.0,24.802918494472177,21.241446725317694
24.834159941197495,89,85,1,0.009000000000000001,0.007174878027791533,89.17153424723116,684.1892289154316,4.0,24.817454173846567,16.705767350928642
24.83479178211359,21,82,0,0.009000000000000001,0.005375436732008639,6.958973057035678,663.7281730621053,3.0,24.81761680655152,17.174975562072337
24.844791782113592,86,49,0,0.01698761251081634,0.05662537503605446,86.49769462276919,394.6521195989983,3.0,24.82245551622894,22.33626588465298
24.844159941197496,74,116,1,0.009000000000000001,0.007728970704635993,74.85831547323723,931.571936167362,4.0,24.832302658695053,11.857282502443795
24.854159941197498,62,107,1,0.009000000000000001,0.020851943498666103,62.15483914605916,860.991767636039,4.0,24.840895034061624,13.264907135874878
24.863666907125612,35,51,0,0.009000000000000001,0.011253342985022865,35.97450687877361,411.11573436201667,3.0,24.841643446715054,22.023460410557185
24.8641599411975,53,80,1,0.009000000000000001,0.02872243011910058,53.48627855605208,646.5391619582094,4.0,24.846672160161333,17.487781036168133
24.8741599411975,48,81,1,0.009000000000000001,0.018742794481078257,48.865248732374205,653.6159980659127,4.0,24.856828562898382,17.331378299120235
24.883666907125615,92,79,0,0.009000000000000001,0.023756070749027778,92.8343635623315,638.6617779024531,3.0,24.866022723352398,17.64418377321603
24.884159941197503,50,101,1,0.009000000000000001,0.013784640555036367,50.103679357838224,812.2432665263707,4.0,24.86995661763934,14.203323558162268
24.893666907125617,31,68,0,0.009000000000000001,0.005419543566701733,31.950215316164968,550.4678745349152,3.0,24.874302293244874,19.364613880742915
24.894159941197504,45,68,1,0.009000000000000001,0.0018000505262800014,45.568788851718416,545.9491542584487,4.0,24.87479532731676,19.364613880742915
24.904159941197506,91,69,1,0.009000000000000001,0.003077028341639997,91.78758302018569,557.4930267999607,4.0,24.88495173005381,19.208211143695017
24.914159941197507,37,46,1,0.009000000000000001,0.008102729081584756,37.09081654021253,369.9523139380867,4.0,24.89135446710171,22.805474095796676
24.91366690712562,66,87,0,0.009000000000000001,0.008062526694871775,66.32512177387605,699.2008571119734,3.0,24.897273945248788,16.392961876832846
24.92366690712562,88,86,0,0.009000000000000001,0.0023585802995824004,88.9121865598489,694.7250447387817,3.0,24.90711754251174,16.549364613880744
24.92415994119751,94,100,1,0.009000000000000001,0.016348464590715702,94.80208901221805,807.7727211632828,4.0,24.909800214902297,14.359726295210166
24.93415994119751,29,114,1,0.009000000000000001,0.0023529321308957876,29.514435863338885,919.2724894673449,4.0,24.92198985322097,12.170087976539591
24.943666907125625,75,90,0,0.009000000000000001,0.008379208321549434,75.76673069578268,727.0755454253642,3.0,24.927743153459936,15.923753665689148
24.953666907125626,79,49,0,0.009000000000000001,0.006697777362601624,79.87358583293711,393.22748796726637,3.0,24.931330641240972,22.33626588465298
24.954159941197513,53,55,1,0.009000000000000001,0.014067754914042021,53.11667017599506,445.6171939132742,4.0,24.93276209173515,21.397849462365592
24.963666907125628,103,82,0,0.009000000000000001,0.0030290809273269027,103.42835804444655,659.5954986507134,3.0,24.946491931563557,17.174975562072337
24.97366690712563,24,38,0,0.009000000000000001,0.003399365668328845,24.618305306510166,304.52505045279736,3.0,24.94961021113345,24.05669599217986
24.964159941197515,74,104,1,0.009000000000000001,0.00412052922269507,74.30153900448877,836.049004901007,4.0,24.950425825850495,13.734115347018573
24.98366690712563,83,39,0,0.009000000000000001,0.006856537702197355,83.85431417091965,316.76238568933843,3.0,24.9597666138705,23.900293255131963
24.974159941197517,82,100,1,0.009000000000000001,0.005819656240653637,82.63323471856309,801.5333838495169,4.0,24.959800214902305,14.359726295210166
24.984159941197518,73,122,1,0.009000000000000001,0.00488564783202852,73.49373743419838,983.2097479191559,4.0,24.97324107511736,10.918866080156402
24.99415994119752,30,77,1,0.009000000000000001,0.0037193503394493915,30.63438754859974,622.6787145487777,4.0,24.976202951950206,17.956989247311828
24.993666907125633,38,119,0,0.009000000000000001,0.008790619322876683,38.20305162507431,959.0319662542457,3.0,24.982278832834332,11.3880742913001
25.00415994119752,88,104,1,0.009000000000000001,0.011208621033600208,88.92282575074681,833.2198945286611,4.0,24.9904258258505,13.734115347018573
25.013666907125636,58,73,0,0.009000000000000001,0.007996899071899204,58.5158379849436,585.1558669489826,3.0,24.99508430693013,18.58260019550342
25.023666907125637,59,39,0,0.009000000000000001,0.00736842092695799,59.084637949400424,315.7951581937431,3.0,24.999766613870506,23.900293255131963
25.014159941197523,63,124,1,0.009000000000000001,0.0006006555722592435,63.49557892631118,998.8948637466418,4.0,25.00355388059146,10.606060606060606
25.024159941197524,68,112,1,0.009000000000000001,0.013959506482348038,68.98658938684396,899.3995896327336,4.0,25.01167704774689,12.482893450635387
25.034159941197526,81,67,1,0.009000000000000001,0.0011921490708997403,81.62896273181539,543.4164848915209,4.0,25.014638924579735,19.521016617790814
25.03366690712564,61,87,0,0.009000000000000001,0.019780761658092706,61.19526698166798,703.9819576715345,3.0,25.017273945248807,16.392961876832846
25.044159941197528,72,51,1,0.009000000000000001,0.02090874194954541,72.75997430252627,413.8565527329304,4.0,25.02213648078697,22.023460410557185
25.04366690712564,90,75,0,0.009000000000000001,0.022132788596030045,90.07413401524984,600.7713543486036,3.0,25.02539711240423,18.269794721407624
25.05415994119753,70,97,1,0.009000000000000001,0.019265212146506,70.95839636876404,780.7374569180188,4.0,25.039331006691175,14.82893450635386
25.053666907125642,69,117,0,0.009000000000000001,0.013857342431683175,69.40009477476652,939.1290268228992,3.0,25.041966027360246,11.700879765395896
25.063666907125643,46,54,0,0.009000000000000001,0.008489194230948065,46.267342312957354,439.05120382818404,3.0,25.04211265492623,21.55425219941349
25.06415994119753,52,54,1,0.009000000000000001,0.007341414466193065,52.91934354926022,435.79576935637806,4.0,25.042605688998115,21.55425219941349
25.073666907125645,41,64,0,0.009000000000000001,0.0028350019881455187,41.03969275005417,514.4908145457255,3.0,25.05367668229671,19.990224828934508
25.074159941197532,88,81,1,0.009000000000000001,0.0033526671081439245,88.95809807530101,653.6148128053203,4.0,25.056828562898414,17.331378299120235
25.083666907125647,22,91,0,0.009000000000000001,0.00809981686407669,22.656719368370233,730.7945458745849,3.0,25.067899556197005,15.76735092864125
25.084159941197534,73,88,1,0.009000000000000001,0.0075785807425558715,73.62032307095072,706.9565900432024,4.0,25.06792338205775,16.236559139784944
25.093666907125648,104,45,0,0.009000000000000001,0.0008509495153710222,104.7059158165743,361.451765940712,3.0,25.070705030292803,22.961876832844574
25.094159941197535,74,54,1,0.009000000000000001,0.015177045005786278,74.28546652402085,434.2414208055697,4.0,25.07260568899812,21.55425219941349
25.10366690712565,24,62,0,0.009000000000000001,0.001885361800532905,24.260485970420923,498.2990824448041,3.0,25.08336387682262,20.303030303030305
25.104159941197537,79,73,1,0.009000000000000001,0.0005136121995053866,79.58932494137261,586.6135563391164,4.0,25.085577341002033,18.58260019550342
25.11415994119754,34,63,1,0.009000000000000001,0.020900089397971652,34.59436132184346,508.58585626358865,4.0,25.094013313631557,20.146627565982406
25.11366690712565,62,108,0,0.009000000000000001,0.005113471533605675,62.25898242694263,868.3062868072659,3.0,25.100558402726826,13.10850439882698
25.12415994119754,76,70,1,0.009000000000000001,0.00011942373789925335,76.12181957260495,563.1568627823053,4.0,25.105108132790892,19.05180840664712
25.133666907125654,88,39,0,0.009000000000000001,0.026993819649542953,88.3815774494609,314.0964942645029,3.0,25.109766613870523,23.900293255131963
25.123666907125653,92,107,0,0.009000000000000001,0.00013959112564237628,92.08609050155312,859.0590462496456,3.0,25.11040199998978,13.264907135874878
25.13415994119754,21,114,1,0.009000000000000001,0.00765444267298784,18.837121087327304,913.6186831845131,4.0,25.121989853221002,12.170087976539591
25.143666907125656,57,86,0,0.009000000000000001,0.001669802848111523,57.4234850228636,695.2134472534244,3.0,25.127117542511776,16.549364613880744
25.144159941197543,53,85,1,0.009000000000000001,0.024359456914089417,53.378028709531755,684.4008106690158,4.0,25.127454173846616,16.705767350928642
25.153666907125658,83,96,0,0.009000000000000001,0.010877530751021564,83.98605678426986,775.3466231469462,3.0,25.138681569882255,14.985337243401759
25.16366690712566,75,41,0,0.009000000000000001,0.026844372440547,75.58793675662176,334.4546401785331,3.0,25.140079419344623,23.587487781036167
25.164159941197546,41,38,1,0.009000000000000001,0.0026841193833176346,41.501102327033365,305.67573782034924,4.0,25.140103245205367,24.05669599217986
25.174159941197548,94,77,1,0.009000000000000001,9.295592901109092e-05,94.42579308083587,622.396205293579,4.0,25.156202951950235,17.956989247311828
25.17366690712566,51,116,0,0.009000000000000001,0.002627694552830484,51.26593455624872,928.1700022246005,3.0,25.161809624623217,11.857282502443795
25.18415994119755,72,63,1,0.009000000000000001,0.006700849949386035,72.32724081276365,510.64335121579313,4.0,25.164013313631568,20.146627565982406
25.183666907125662,48,112,0,0.009000000000000001,0.0029597168916602333,48.62724311617131,901.3782303528416,3.0,25.171184013675028,12.482893450635387
25.19415994119755,21,73,1,0.009000000000000001,0.0018288289215634271,17.601630734065218,585.0216170192127,4.0,25.175577341002047,18.58260019550342
25.203666907125665,79,64,0,0.009000000000000001,0.0027320915761273597,79.00311390728329,518.8186174358101,3.0,25.18367668229673,19.990224828934508
25.204159941197553,26,81,1,0.009000000000000001,0.002643215529351045,26.27323470588265,655.8841836512389,4.0,25.186828562898434,17.331378299120235
25.213666907125667,78,55,0,0.009000000000000001,0.005287904170316771,78.85948822312342,446.7831942011406,3.0,25.192269057663303,21.397849462365592
25.214159941197554,63,96,1,0.009000000000000001,0.0017123743114952023,63.897196443193124,769.6822966400495,4.0,25.19917460395415,14.985337243401759
25.224159941197556,58,43,1,0.009000000000000001,0.014021704598499083,58.03894338860213,349.6101904584115,4.0,25.200885258890615,23.27468230694037
25.22366690712567,73,64,0,0.011260064917040446,0.03753354972346815,73.43281133787413,512.3698805403932,3.0,25.203676682296734,19.990224828934508
25.234159941197557,36,60,1,0.009000000000000001,0.009117571380136085,36.27030435792436,485.08300855075174,4.0,25.213544105420432,20.6158357771261
25.236178090366824,64,104,0,0.009000000000000001,0.015227599422540893,64.50093082593509,836.1010507193195,3.0,25.222443975019804,13.734115347018573
25.246178090366826,57,48,0,0.009000000000000001,0.011765381070998154,57.712566694815585,391.5021265128301,3.0,25.223685421745124,22.49266862170088
25.25415994119756,60,72,1,0.009000000000000001,0.008746654114305464,60.79719751231554,581.1571880350662,4.0,25.23542093826501,18.73900293255132
25.256178090366827,70,101,0,0.009000000000000001,0.01113854440047533,70.0063080783556,810.5168603340444,3.0,25.241974766808664,14.203323558162268
25.264159941197562,42,111,1,0.009000000000000001,0.029774917123699732,42.489495271160024,890.9467100433625,4.0,25.25152064500988,12.639296187683286
25.27617809036683,24,93,0,0.009000000000000001,0.005576840791784313,24.93780147236022,751.6530030912647,3.0,25.260723544912285,15.454545454545453
25.274159941197563,82,110,1,0.009000000000000001,0.005663319210760246,82.61782308081924,880.0670004735158,4.0,25.261364242272833,12.795698924731184
25.284159941197565,74,62,1,0.009000000000000001,0.017309733637552897,74.26862704723106,503.45007851457177,4.0,25.263856910894535,20.303030303030305
25.286178090366832,47,61,0,0.009000000000000001,0.013673342168122134,47.96713747997236,488.41309969414044,3.0,25.265718657326754,20.459433040078203
25.294159941197567,37,63,1,0.009000000000000001,0.0035309944365453406,37.928953477498624,507.4436538164065,4.0,25.274013313631585,20.146627565982406
25.304159941197568,40,46,1,0.009000000000000001,0.012930526739355724,40.292167003311924,373.13767671548425,4.0,25.28135446710177,22.805474095796676
25.296178090366833,25,106,0,0.009000000000000001,0.002214345298510212,25.966561872745523,848.3710539970868,3.0,25.282756780493912,13.421309872922777
25.306178090366835,92,115,0,0.009000000000000001,0.023996764970437134,92.19436740896886,927.8967025550878,3.0,25.294164405127344,12.013685239491693
25.316178090366837,43,53,0,0.009000000000000001,0.018716095638991723,43.37388341524698,427.96937197745814,3.0,25.294467435430374,21.71065493646139
25.31415994119757,72,70,1,0.009000000000000001,0.002711739124867624,72.90041104735542,565.9303656258928,4.0,25.295108132790922,19.05180840664712
25.326178090366838,23,42,0,0.009390664249226556,0.031302214164088515,23.80349149550571,343.70192909444626,3.0,25.30274700532285,23.43108504398827
25.32415994119757,36,65,1,0.009000000000000001,0.006460848462734191,36.79484337686357,523.0880800997782,4.0,25.304326119105685,19.83382209188661
25.336612161754868,32,47,0,0.009000000000000001,0.006658699190636977,32.23251659658499,376.3095309486501,3.0,25.31396309039612,22.649071358748778
25.334159941197573,88,92,1,0.009000000000000001,0.005951905953383166,88.3575152851702,738.3713759341231,4.0,25.31854899300598,15.610948191593351
25.344159941197574,68,59,1,0.009000000000000001,0.0015826102676154536,68.16083062093772,479.37844672235076,4.0,25.3233877026834,20.772238514174
25.34661216175487,83,114,0,0.009000000000000001,0.0028573705978576884,83.76572288892439,912.8420552771275,3.0,25.33444207377833,12.170087976539591
25.364159941197578,90,39,1,0.009000000000000001,0.010881111077779797,90.93312004924428,313.7782507669896,4.0,25.340259647942446,23.900293255131963
25.354159941197576,52,113,1,0.009000000000000001,0.004783503632757327,52.937265298527606,909.8902956650819,4.0,25.34183345048399,12.32649071358749
25.35661216175487,45,112,0,0.009000000000000001,0.0036020447607473787,45.91282350978427,901.0886848712017,3.0,25.344129268304236,12.482893450635387
25.366612161754873,46,97,0,0.009000000000000001,0.01946526900796111,46.44043413523018,783.2259928305102,3.0,25.351783227248518,14.82893450635386
25.37415994119758,33,80,1,0.009000000000000001,0.013304535305101164,33.345903391438966,640.9112283613676,4.0,25.356672160161413,17.487781036168133
25.376612161754874,70,97,0,0.009000000000000001,0.029008597273257945,70.15709698696843,777.7783351370099,3.0,25.36178322724852,14.82893450635386
25.38415994119758,60,69,1,0.009000000000000001,0.016776211864717113,60.63772712170335,552.0994798972566,4.0,25.364951730053885,19.208211143695017
25.386612161754876,108,82,0,0.009000000000000001,0.004028936906992657,113.29641111799474,657.3992861099525,3.0,25.369437186192805,17.174975562072337
25.394159941197582,81,97,1,0.009000000000000001,0.006255545618000119,81.44620897515506,782.9272023193525,4.0,25.379331006691228,14.82893450635386
25.404159941197584,51,46,1,0.009000000000000001,0.021541459231558542,51.35335567495258,374.16913794083337,4.0,25.381354467101787,22.805474095796676
25.40661216175488,56,95,0,0.009000000000000001,0.016214904055788033,56.90641958116345,763.619617111504,3.0,25.39147042177443,15.141739980449657
25.414159941197585,74,62,1,0.009000000000000001,0.0011905505031465067,74.94075225449265,503.85632300479324,4.0,25.393856910894556,20.303030303030305
25.41661216175488,68,108,0,0.009000000000000001,0.01393621724626525,68.1756992738914,868.3623642465184,3.0,25.403503657356055,13.10850439882698
25.426612161754882,79,49,0,0.009000000000000001,0.029141467976536856,79.60483126877429,392.1808324053449,3.0,25.404275895870228,22.33626588465298
25.43415994119759,21,53,1,0.009000000000000001,0.004284440776097394,5.338497435621974,425.4257722377258,4.0,25.412449286261126,21.71065493646139
25.436612161754883,49,102,0,0.009000000000000001,0.012209185978626802,49.76955463976579,819.3844106597901,3.0,25.422565240933768,14.04692082111437
25.446612161754885,73,52,0,0.009000000000000001,0.01132344603221023,73.28072565054295,418.2009243592765,3.0,25.424745104081374,21.867057673509287
25.456612161754887,51,100,0,0.009000000000000001,0.0005512672895569121,51.182145916924426,802.2254934283385,3.0,25.442252435459675,14.359726295210166
25.464159941197593,69,118,1,0.009000000000000001,0.007270437526146615,69.55349219647212,950.3146200017608,4.0,25.452615464169245,11.544477028347998
25.474159941197595,99,78,1,0.009000000000000001,0.004747643123622711,99.66599288434142,624.5730640412246,4.0,25.45635935468733,17.80058651026393
25.47661216175489,85,85,0,0.009000000000000001,0.018105887882580392,85.19986001881364,684.2367421480501,3.0,25.459906394403962,16.705767350928642
25.484159941197596,23,51,1,0.009000000000000001,0.0009268816702237911,23.247825265003982,412.2163276608982,4.0,25.462136480787038,22.023460410557185
25.48661216175489,62,90,0,0.009000000000000001,0.0020972867496333557,62.18642079854693,723.0190875682239,3.0,25.470688408089202,15.923753665689148
25.494159941197598,78,84,1,0.009000000000000001,0.007864282647617519,78.9149233126431,672.6171843659374,4.0,25.477297771109622,16.86217008797654
25.5041599411976,82,54,1,0.009000000000000001,0.0007890430056425489,82.17276038314019,432.31209792254805,4.0,25.482605688998184,21.55425219941349
25.496612161754893,103,110,0,0.009000000000000001,0.006178511139964917,103.356832115024,880.0962886726045,3.0,25.483816462830163,12.795698924731184
25.506612161754894,45,110,0,0.009000000000000001,0.017693878838442364,45.76626877362648,887.1977033328482,3.0,25.493816462830164,12.795698924731184
25.5141599411976,95,100,1,0.009000000000000001,0.006338125427051332,95.50865288444443,804.226041534992,4.0,25.49980021490239,14.359726295210166
25.516612161754896,67,98,0,0.009000000000000001,0.011117369835024394,67.55295138130725,787.9169162030096,3.0,25.50193962998559,14.672531769305962
25.526612161754898,68,47,0,0.009000000000000001,0.0045095868563131015,68.67397257052751,378.8133265704361,3.0,25.503963090396148,22.649071358748778
25.524159941197603,21,90,1,0.009000000000000001,0.0075382275232451935,21.054038272259646,727.2757066508375,4.0,25.508236187531914,15.923753665689148
25.534159941197604,37,96,1,0.009000000000000001,0.027986649438637722,37.089704417065654,770.2213883342383,4.0,25.519174603954202,14.985337243401759
25.544159941197606,83,45,1,0.009000000000000001,0.000776868804209605,83.46108484450357,366.12369806076083,4.0,25.52119806436476,22.961876832844574
25.5366121617549,74,115,0,0.009000000000000001,0.005238737724897916,74.59749348737549,920.4662533720992,3.0,25.524598476515408,12.013685239491693
25.5466121617549,61,92,0,0.009000000000000001,0.00048346799252431925,61.745391057678894,741.9631843503637,3.0,25.531001213563307,15.610948191593351
25.556612161754902,64,59,0,0.009000000000000001,0.003154771432260022,64.49509319575724,474.15425211742394,3.0,25.53583992324073,20.772238514174
25.554159941197607,57,120,1,0.010121905047019856,0.044986244653421575,57.639927787380024,964.348575551795,4.0,25.542928269643355,11.231671554252198
25.576612161754905,42,38,0,0.009000000000000001,0.0014995590612084354,42.48804902829296,307.5007083867513,3.0,25.552555465762726,24.05669599217986
25.56540650236096,55,111,1,0.009000000000000001,0.0008150780118979592,55.535815336989685,891.2964169531037,4.0,25.55276720617328,12.639296187683286
25.585406502360964,29,67,1,0.009000000000000001,0.010057863492467635,29.99938721318282,542.1646625042421,4.0,25.565885485743173,19.521016617790814
25.586612161754907,58,68,0,0.009000000000000001,0.007858269643247578,58.537972013501204,550.0346337951314,3.0,25.567247547874164,19.364613880742915
25.595406502360966,68,78,1,0.009000000000000001,0.004276626601660884,68.92126172856103,628.3422381548075,4.0,25.5776059158507,17.80058651026393
25.59661216175491,65,83,0,0.009000000000000001,0.004217341611474601,65.31546474422198,664.3806861134009,3.0,25.579593588929885,17.01857282502444
25.60661216175491,60,81,0,0.009000000000000001,0.005810064924713721,60.36544849481878,655.4304867319981,3.0,25.58928078345579,17.331378299120235
25.605406502360967,59,121,1,0.009000000000000001,0.004066704520576659,59.208232732146,968.113386397092,4.0,25.594331233543762,11.0752688172043
25.61540650236097,47,120,1,0.009000000000000001,0.0012293088975395036,47.583288260586414,962.3851451021574,4.0,25.604174830806716,11.231671554252198
25.61661216175491,85,123,0,0.009000000000000001,0.0014893118562461444,85.14842715516376,987.9176786372701,3.0,25.605849698411802,10.762463343108504
25.62540650236097,93,109,1,0.009000000000000001,0.013218615258122209,93.36799640477211,878.7093538773975,4.0,25.612454400699193,12.952101661779082
25.635406502360972,91,81,1,0.009000000000000001,0.0011307896459521567,91.58129440910682,653.3280264958792,4.0,25.618075124061853,17.331378299120235
25.636612161754915,46,74,0,0.009000000000000001,0.005363924439354222,46.51722012407964,595.5345637164746,3.0,25.618185964296458,18.426197458455523
25.645406502360974,88,43,1,0.009000000000000001,0.01194323305057189,88.41165740425865,350.59019630794603,4.0,25.622131820054033,23.27468230694037
25.646612161754916,72,94,0,0.009000000000000001,0.015374146022517226,72.24546348407058,754.1229797265128,3.0,25.63131401903742,15.298142717497555
25.655406502360975,67,84,1,0.009000000000000001,0.01173446960108807,67.41246357089167,673.8194112693025,4.0,25.638544332273,16.86217008797654
25.656612161754918,48,77,0,0.009000000000000001,0.005429524990075902,48.365023767434565,620.620031608708,3.0,25.638655172507605,17.956989247311828
25.66661216175492,62,65,0,0.009000000000000001,0.0029658452486532407,62.023771853813614,524.5981799248905,3.0,25.646778339663033,19.83382209188661
25.665406502360977,87,115,1,0.009000000000000001,0.004766832708307243,87.69926967667257,923.6967622509853,4.0,25.653392817121485,12.013685239491693
25.67540650236098,23,109,1,0.009000000000000001,0.006855281315707297,23.385169720842008,877.3062148538442,4.0,25.6624544006992,12.952101661779082
25.686612161754923,54,42,0,0.009000000000000001,0.005713938673968528,54.51987995281338,338.3128948474901,3.0,25.663181076710934,23.43108504398827
25.68540650236098,56,67,1,0.009000000000000001,0.005144260673309911,56.63320719942316,536.0664255850894,4.0,25.66588548574319,19.521016617790814
25.67661216175492,99,124,0,0.009000000000000001,0.009064644576289329,99.62967788849487,997.0141164359261,3.0,25.66600610114886,10.606060606060606
25.696612161754924,74,74,0,0.009000000000000001,0.002284602931310627,74.87541858072723,593.0866003293789,3.0,25.678185964296468,18.426197458455523
25.69540650236098,47,102,1,0.009000000000000001,0.012656249124889893,47.39619526324175,819.9750511094061,4.0,25.681359581539866,14.04692082111437
25.706612161754926,71,52,0,0.009000000000000001,0.0024799342853180605,71.49164995711381,417.47021695222,3.0,25.684745104081415,21.867057673509287
25.705406502360983,42,85,1,0.009000000000000001,0.0005219261321536187,42.60230323620496,683.3283888999666,4.0,25.688700735010055,16.705767350928642
25.715406502360985,38,49,1,0.009000000000000001,0.0015608698114072362,38.50689876678465,393.7588535800003,4.0,25.69307023647633,22.33626588465298
25.716612161754927,76,43,0,0.009000000000000001,0.0012824661166591313,76.3098164438554,347.3233246306682,3.0,25.693337479447987,23.27468230694037
25.72661216175493,57,47,0,0.009000000000000001,0.012874601752812196,57.12140943296466,383.3984703972337,3.0,25.70396309039618,22.649071358748778
25.73661216175493,77,68,0,0.009000000000000001,0.0071824515780028455,77.76977093705369,544.1823352210411,3.0,25.717247547874187,19.364613880742915
25.746612161754932,94,47,0,0.009000000000000001,0.0046972354743230514,94.93393964374448,377.4225192112126,3.0,25.723963090396182,22.649071358748778
25.74540650236099,69,72,1,0.009000000000000001,0.007137845057348634,69.08405157402049,577.8215847574432,4.0,25.726667499428437,18.73900293255132
25.75540650236099,45,70,1,0.009000000000000001,0.0030506460731515427,45.85462572358937,562.8490354145041,4.0,25.736354693954343,19.05180840664712
25.756612161754934,79,124,0,0.009000000000000001,0.00036239002911491987,79.37908405469868,996.0312118800005,3.0,25.746006101148872,10.606060606060606
25.765406502360992,30,72,1,0.009000000000000001,0.006886703437784515,30.879118314050043,578.9514201627862,4.0,25.74666749942844,18.73900293255132
25.776612161754937,49,76,0,0.009000000000000001,0.0041740275374683375,49.10898035606199,610.9283848148566,3.0,25.758498769770576,18.113391984359726
25.775406502360994,42,105,1,0.009000000000000001,0.000193590946362298,42.29865684847267,840.7484922674197,4.0,25.761828789751025,13.577712609970675
25.785406502360996,62,105,1,0.009000000000000001,0.0018746865267562382,62.99296567273116,841.7552901765706,4.0,25.771828789751027,13.577712609970675
25.786612161754938,87,113,0,0.009000000000000001,0.011257371855851007,87.32197249573703,906.2249725320296,3.0,25.77428567104135,12.32649071358749
25.795406502360997,51,80,1,0.009000000000000001,0.01681090379616866,51.118481171875686,645.45642786242,4.0,25.77791872132483,17.487781036168133
25.79661216175494,60,105,0,0.009000000000000001,9.96013334727755e-05,60.67230996861334,844.6324145382395,3.0,25.78303444914497,13.577712609970675
25.805406502361,81,59,1,0.009000000000000001,0.0022987639699970207,81.36625275521283,472.3895138722213,4.0,25.784634263846826,20.772238514174
25.815406502361,85,46,1,0.009000000000000001,0.023372568294216637,85.37974270325228,373.0600206579803,4.0,25.792601028265203,22.805474095796676
25.816612161754943,67,59,0,0.009000000000000001,0.014047409020363848,67.11274654211125,474.0234192293144,3.0,25.79583992324077,20.772238514174
25.80661216175494,59,123,0,0.009000000000000001,0.006175455820133718,59.756022702173354,990.8271617718083,3.0,25.795849698411832,10.762463343108504
25.826612161754944,66,67,0,0.009000000000000001,0.0077304568708604195,66.92186756918548,541.9057101095691,3.0,25.807091145137154,19.521016617790814
25.83554742540106,79,54,1,0.009000000000000001,0.01281254102704289,79.3865623510028,433.3198979210322,4.0,25.813993173201645,21.55425219941349
25.825406502361,70,119,1,0.009126830736053283,0.040563692160236815,70.11167506157847,957.124921795883,4.0,25.8140184280697,11.3880742913001
25.836612161754946,46,72,0,0.009000000000000001,7.006751934724462e-05,46.49539141343441,582.4366783188998,3.0,25.817873158822394,18.73900293255132
25.84554742540106,55,102,1,0.009000000000000001,0.005836761731634939,55.81526111394827,819.1221138160461,4.0,25.831500504579946,14.04692082111437
25.846612161754948,47,109,0,0.009000000000000001,0.002675584793176685,47.390667128713304,879.2665857676719,3.0,25.83366006009317,12.952101661779082
25.855547425401063,43,66,1,0.009000000000000001,0.004884826815729374,43.749265298867186,531.2059228276939,4.0,25.835870006046225,19.67741935483871
25.85661216175495,84,64,0,0.009000000000000001,5.9811767151288565e-06,84.71718093912794,515.4734050182834,3.0,25.836621936926015,19.990224828934508
25.86661216175495,65,62,0,0.009000000000000001,0.002759711989406221,65.6493182531523,503.95275098642117,3.0,25.84630913145192,20.303030303030305
25.865547425401065,33,98,1,0.009000000000000001,0.009047469250168893,33.96290936936784,786.7479755123088,4.0,25.850874893631758,14.672531769305962
25.876612161754952,28,70,0,0.009000000000000001,0.005402454786595357,28.180949487498058,563.806816243032,3.0,25.857560353348305,19.05180840664712
25.875547425401066,51,95,1,0.009000000000000001,0.0011174145330929972,51.27451093073836,765.3654310061712,4.0,25.860405685420616,15.141739980449657
25.885547425401068,58,39,1,0.009000000000000001,0.003371256691788447,58.94386692139618,315.13889472325565,4.0,25.861647132145936,23.900293255131963
25.886612161754954,59,66,0,0.009000000000000001,0.020867072732955343,59.61797171994618,531.109165220923,3.0,25.866934742400115,19.67741935483871
25.896612161754955,81,120,0,0.009000000000000001,0.00112945547196431,81.98424767498616,967.3820155674665,3.0,25.885380490200703,11.231671554252198
25.906612161754957,34,65,0,0.009000000000000001,0.0006211686361217883,34.648128016662206,524.2809002981504,3.0,25.88677833966307,19.83382209188661
25.90554742540107,52,96,1,0.009000000000000001,0.0038811028511662776,52.3020866727706,770.5840579527962,4.0,25.89056208815767,14.985337243401759
25.915547425401073,37,83,1,0.009000000000000001,0.01525077502441641,37.09303169633393,671.5254216716996,4.0,25.89852885257605,17.01857282502444
25.92661216175496,38,43,0,0.009000000000000001,0.0013067588713908927,38.61079324699441,349.37494631506956,3.0,25.90333747944802,23.27468230694037
25.925547425401074,44,51,1,0.009000000000000001,0.008911942848352958,44.55755839127336,413.3269270366509,4.0,25.903523964990516,22.023460410557185
25.93661216175496,67,54,0,0.009000000000000001,0.02401626766714926,67.67118422201943,433.090136423094,3.0,25.915057909555546,21.55425219941349
25.945547425401077,75,54,1,0.009000000000000001,0.007328214722581981,75.53487753710475,436.8994529710661,4.0,25.923993173201662,21.55425219941349
25.946612161754963,40,121,0,0.009000000000000001,0.017217679620780683,40.686610261958855,968.8137340066472,3.0,25.93553689293776,11.0752688172043
25.96554742540108,39,40,1,0.009000000000000001,0.008215294840305342,39.34782597359482,327.47713714969996,4.0,25.941803534882997,23.743890518084065
25.95554742540108,62,109,1,0.009000000000000001,0.010263168650669474,62.188712864914265,872.081488291266,4.0,25.9425953237393,12.952101661779082
25.966612161754966,97,119,0,0.009000000000000001,0.0018489687702771165,97.6767944702392,954.3568622449484,3.0,25.955224087463666,11.3880742913001
25.975547425401082,38,102,1,0.009000000000000001,0.0036448281266660216,38.69146302054705,821.2225753023661,4.0,25.961500504579966,14.04692082111437
25.976612161754968,61,109,0,0.009000000000000001,0.023991195201548035,61.64728916226517,873.7374086833514,3.0,25.96366006009319,12.952101661779082
25.98661216175497,44,62,0,0.009000000000000001,0.021909663479207052,44.658466529276836,502.27796744474097,3.0,25.96630913145194,20.303030303030305
25.985547425401084,77,105,1,0.009000000000000001,0.00048683814892182763,77.08697920121436,847.8560939760137,4.0,25.971969712791115,13.577712609970675
25.995547425401085,36,98,1,0.009000000000000001,0.006075538936985335,36.742774763098005,788.6520369350542,4.0,25.98087489363178,14.672531769305962
26.006612161754973,71,52,0,0.009000000000000001,0.007864810288349035,71.71451562526333,417.29657751315455,3.0,25.984745104081462,21.867057673509287
26.005547425401087,51,88,1,0.009000000000000001,0.004909448437311557,51.94123819310086,705.9774741422,4.0,25.989310866261302,16.236559139784944
26.01554742540109,33,43,1,0.009000000000000001,0.02957536736731557,33.09116815586759,348.12566646207415,4.0,25.992272743094148,23.27468230694037
26.016612161754974,39,81,0,0.009000000000000001,0.003715108568727232,39.16646623979446,652.3415914243078,3.0,25.999280783455855,17.331378299120235
26.02554742540109,62,39,1,0.009000000000000001,0.007080458036090714,62.41087081085075,316.7828131635722,4.0,26.00164713214596,23.900293255131963
26.026612161754976,78,51,0,0.009000000000000001,0.01591797235781115,78.96908460102846,409.0412824061191,3.0,26.004588701344417,22.023460410557185
26.036612161754977,91,45,0,0.009000000000000001,0.007919632592061517,91.21264460630414,361.2125512599198,3.0,26.013650284922132,22.961876832844574
26.03554742540109,21,109,1,0.009000000000000001,0.0037545789384780567,10.376866701879592,873.9077032689034,4.0,26.022595323739313,12.952101661779082
26.04661216175498,47,61,0,0.009000000000000001,0.004737918784843434,47.915900114704826,491.7916696289803,3.0,26.0261527287149,20.459433040078203
26.055547425401095,50,110,1,0.009000000000000001,0.004830506666314334,50.23739480894666,884.8994969751923,4.0,26.042751726476364,12.795698924731184
26.06699759694921,73,49,0,0.009000000000000001,0.00434369423393203,73.37530305073167,398.83934447602945,3.0,26.044661331064557,22.33626588465298
26.05661216175498,57,120,0,0.009346891674807421,0.0311563055826914,57.72902897641707,967.5428254807827,3.0,26.045380490200728,11.231671554252198
26.076997596949212,56,47,0,0.009000000000000001,0.014418740655488278,56.78051576960502,376.07777756228444,3.0,26.054348525590463,22.649071358748778
26.075547425401098,31,85,1,0.009000000000000001,0.005567043414254957,31.659937992188752,686.4127206069559,4.0,26.05884165805017,16.705767350928642
26.086997596949214,91,67,0,0.011930897207346067,0.03976965735782022,91.55471581431608,539.8137579677923,3.0,26.067476580331423,19.521016617790814
26.0855474254011,65,108,1,0.009000000000000001,0.0026258845357435877,65.27139807880835,866.3241851682392,4.0,26.072438921002274,13.10850439882698
26.0955474254011,100,56,1,0.009000000000000001,0.015174638824335984,100.12711104175861,450.50333778902,4.0,26.074305978675785,21.241446725317694
26.10025414940182,46,54,0,0.009000000000000001,0.009879717054620768,46.42772908277649,434.4112593180257,3.0,26.078699897202405,21.55425219941349
26.110254149401822,66,108,0,0.009000000000000001,0.0015784869825637544,66.69580307396338,865.7877478513948,3.0,26.097145645002996,13.10850439882698
26.115547425401104,86,76,1,0.009000000000000001,2.6356257918490398e-05,86.80483589449771,615.6325571652037,4.0,26.097434033416743,18.113391984359726
26.120254149401823,80,66,0,0.009000000000000001,0.0007153567694042991,80.68360327725176,534.3523293234754,3.0,26.100576730046985,19.67741935483871
26.130254149401825,26,50,0,0.009000000000000001,0.003764449821263705,26.35420637481029,403.95474715057657,3.0,26.10807428625422,22.179863147605083
26.125547425401106,28,112,1,0.009000000000000001,0.004345326012892836,28.06057771531201,901.7658833665326,4.0,26.11306453195047,12.482893450635387
26.14554742540111,24,61,1,0.009000000000000001,0.006553005966367757,24.00317665769959,490.30250870814103,4.0,26.12508799236103,20.459433040078203
26.140254149401827,91,108,0,0.009000000000000001,0.00907497197112908,91.68442073276202,870.0687444683571,3.0,26.127145645003,13.10850439882698
26.150254149401828,53,58,0,0.009000000000000001,0.004814666707162234,53.325138472530284,466.2383136185688,3.0,26.129325508150608,20.928641251221897
26.15554742540111,59,100,1,0.009000000000000001,0.001859745076885884,59.85483555266195,802.9221248262168,4.0,26.1411876991059,14.359726295210166
26.16025414940183,51,93,0,0.009000000000000001,0.0035652865891681687,51.90748469301185,749.9565493544164,3.0,26.144799603947284,15.454545454545453
26.165547425401112,103,101,1,0.009000000000000001,0.014700631374075996,103.14561217385659,815.1547743562119,4.0,26.151344101842948,14.203323558162268
26.17025414940183,36,109,0,0.009000000000000001,0.009186572411940529,36.355334333103656,876.7983563159848,3.0,26.157302047740053,12.952101661779082
26.180254149401833,93,78,0,0.009000000000000001,0.00228266226282287,93.71861590123487,628.3285232627077,3.0,26.162453562891567,17.80058651026393
26.185547425401115,46,48,1,0.009000000000000001,0.017205479644690675,46.5409327382406,387.9628019057079,4.0,26.163054756779413,22.49266862170088
26.175547425401113,52,122,1,0.009000000000000001,0.0014881969709072671,52.40794692623845,976.3246173841757,4.0,26.164628559320956,10.918866080156402
26.195547425401116,47,102,1,0.009000000000000001,0.0014893927246285347,47.326533287382304,823.7132593200873,4.0,26.18150050458,14.04692082111437
26.200254149401836,79,97,0,0.009000000000000001,0.0002567541475277774,79.22594313091645,783.0328218866148,3.0,26.18542521489548,14.82893450635386
26.210254149401838,63,58,0,0.009000000000000001,0.0037994548862662907,63.427425418622,468.5626712512213,3.0,26.189325508150617,20.928641251221897
26.205547425401118,76,90,1,0.009000000000000001,0.006342261397464272,76.89517932308704,723.2288994536551,4.0,26.18962367173543,15.923753665689148
26.22554742540112,32,97,1,0.009000000000000001,0.0037364330547931712,32.846265356759105,781.5739880830963,4.0,26.210718490894767,14.82893450635386
26.235547425401123,81,64,1,0.009000000000000001,0.015724151376867234,81.29717673938721,514.7559981770709,4.0,26.21555720057219,19.990224828934508
26.240254149401842,53,79,0,0.009000000000000001,6.0654005923873424e-05,53.66309371213437,638.702153205018,3.0,26.222609965628624,17.64418377321603
26.245547425401124,55,46,1,0.009000000000000001,0.00036702758462702867,55.309395028970776,374.5372342992945,4.0,26.222741951305327,22.805474095796676
26.250254149401844,71,51,0,0.009000000000000001,0.0013153049077306842,71.35001002861189,413.1861872917908,3.0,26.228230688991285,22.023460410557185
26.260254149401845,54,55,0,0.010129425308193975,0.03376475102731325,54.87666873601395,444.0560638925952,3.0,26.23885629993948,21.397849462365592
26.255547425401126,73,104,1,0.009000000000000001,0.006769921218614268,73.11196094404202,837.9274569648936,4.0,26.241813310054106,13.734115347018573
26.27150906641095,84,85,0,0.009000000000000001,0.013531153564902079,84.08118634127857,687.7952788521916,3.0,26.254803299060022,16.705767350928642
26.265547425401127,38,124,1,0.009000000000000001,0.0025057553440994865,38.26031569385178,994.1711369821747,4.0,26.254941364795066,10.606060606060606
26.27554742540113,40,87,1,0.009000000000000001,0.0021990347320417656,40.52271495656966,702.8641518762868,4.0,26.259154463524297,16.392961876832846
26.28150906641095,62,54,0,0.009000000000000001,0.007647704065903582,62.92355293859659,436.82060025787996,3.0,26.259954814211536,21.55425219941349
26.295547425401132,30,53,1,0.00960906332912872,0.04270694812946098,30.503569522723545,426.2966754569593,4.0,26.27383677046467,21.71065493646139
26.301509066410954,74,67,0,0.009000000000000001,0.01426381868893206,74.29685400421235,537.1764376959652,3.0,26.281988049793163,19.521016617790814
26.306224162433498,35,74,1,0.009000000000000001,0.014525448514565028,35.594784346851725,594.9638588496985,4.0,26.28779796497504,18.426197458455523
26.3162241624335,47,78,1,0.009000000000000001,0.015790828842966613,47.87172258719287,625.3948625928365,4.0,26.298423575923234,17.80058651026393
26.321635253366683,96,59,0,0.009000000000000001,0.0005087854709076839,96.22698464178457,479.9438845324461,3.0,26.30086301485251,20.772238514174
26.3262241624335,22,71,1,0.009000000000000001,0.007711586696619891,22.889329944446104,574.9499524300934,4.0,26.3073287567639,18.89540566959922
26.331635253366684,77,117,0,0.009000000000000001,0.006255564488240273,77.85364024512702,943.4456217376077,3.0,26.31993437360129,11.700879765395896
26.341635253366686,40,67,0,0.009000000000000001,0.0055124860056226035,40.015074753469136,539.4928200783265,3.0,26.322114236748895,19.521016617790814
26.346224162433504,54,55,1,0.009000000000000001,0.007816701368479449,54.494983503245884,447.8106262023489,4.0,26.32482631297114,21.397849462365592
26.336224162433503,91,119,1,0.009000000000000001,0.011895465431841999,91.78044569149338,956.5208832664184,4.0,26.324836088142202,11.3880742913001
26.351635253366688,46,68,0,0.009775246873502643,0.03258415624500881,46.1788389010003,546.1549106393338,3.0,26.332270639485944,19.364613880742915
26.356224162433506,63,39,1,0.009000000000000001,0.006974195760970958,63.596810193306666,314.00820654014234,4.0,26.332323869178374,23.900293255131963
26.366224162433507,51,60,1,0.009000000000000001,0.0029149597448896946,51.72812913691156,485.1824003582292,4.0,26.345608326656382,20.6158357771261
26.36249663878169,21,87,0,0.009000000000000001,0.024029411851621444,-9.597450726599973,698.2688382972956,3.0,26.346103676904857,16.392961876832846
26.37249663878169,47,75,0,0.009000000000000001,0.014362184340838894,47.012991059163774,603.5860319242661,3.0,26.354226844060282,18.269794721407624
26.37622416243351,60,87,1,0.009000000000000001,0.0072161007165183364,60.296762283276784,701.2044735868719,4.0,26.359831200556677,16.392961876832846
26.382496638781692,85,69,0,0.009000000000000001,0.01886983363836401,85.60488212102496,554.2787461730671,3.0,26.363288427637997,19.208211143695017
26.38622416243351,34,118,1,0.009000000000000001,0.02600340303650956,34.67073068779839,951.2458239931475,4.0,26.374679685405162,11.544477028347998
26.396224162433512,103,55,1,0.009000000000000001,0.015365731355994472,103.17754161656767,440.0062447789233,4.0,26.374826312971148,21.397849462365592
26.402496638781695,73,111,0,0.009000000000000001,0.016352548810867347,73.71380130525073,891.5277542276498,3.0,26.389857342594013,12.639296187683286
26.406224162433514,75,106,1,0.009000000000000001,0.0014023076780777216,75.40102188459184,852.7715296549289,4.0,26.392802852560592,13.421309872922777
26.412496638781697,57,96,0,0.009000000000000001,0.005026149865845411,57.013744245445956,771.6293608488629,3.0,26.397511301538295,14.985337243401759
26.416224162433515,105,92,1,0.009000000000000001,0.013424882159118157,105.21602730167659,737.6480737002605,4.0,26.400613214241922,15.610948191593351
26.4224966387817,46,103,0,0.009000000000000001,0.00598474268823776,46.34334330539536,824.274205602279,3.0,26.40860612069763,13.890518084066471
26.426224162433517,35,109,1,0.009666844728956337,0.04296375435091705,35.96107522823045,879.7914953711919,4.0,26.41327206077174,12.952101661779082
26.4324966387817,32,103,0,0.009000000000000001,0.004415832292526428,32.74879930055592,824.5586056514699,3.0,26.418606120697632,13.890518084066471
26.4424966387817,71,55,0,0.009000000000000001,0.007889886328531671,71.70973068178047,442.8450719826204,3.0,26.421098789319338,21.397849462365592
26.436965101021247,62,105,1,0.009000000000000001,0.002901562805761459,62.087032848892065,844.1115037007428,4.0,26.423387388411278,13.577712609970675
26.44696510102125,79,77,1,0.009000000000000001,0.03149048874656172,79.12717909223821,622.2703229725284,4.0,26.429008111773935,17.956989247311828
26.45696510102125,99,68,1,0.009000000000000001,0.004532013667739117,99.19750839647858,547.1033256802854,4.0,26.437600487140507,19.364613880742915
26.47389497065012,38,116,0,0.009449087190511556,0.03149695730170519,38.78019648134956,928.5686513295134,3.0,26.462037688147678,11.857282502443795
26.476965101021253,87,106,1,0.009000000000000001,0.006811932743308146,87.21601201955399,854.148050528144,4.0,26.463543791148332,13.421309872922777
26.484393956417357,21,99,0,0.009000000000000001,0.0074454435454360405,-2.121999172900793,795.095238333967,3.0,26.469877827385098,14.516129032258064
26.486965101021255,96,95,1,0.009000000000000001,0.006456990177841899,96.93641700612999,762.885714385564,4.0,26.471823361040805,15.141739980449657
26.49439395641736,35,55,0,0.009000000000000001,0.0029058344736635163,35.13813635970105,444.18602511387314,3.0,26.472996106954994,21.397849462365592
26.50439395641736,56,40,0,0.009000000000000001,9.43860563902917e-06,56.482595143399706,327.4855361540622,3.0,26.480650065899276,23.743890518084065
26.496965101021257,64,115,1,0.009000000000000001,0.005265230544243653,64.98912904266457,926.7888978359532,4.0,26.484951415781765,12.013685239491693
26.506965101021258,79,108,1,0.009000000000000001,0.001774141004758921,79.70214909863302,867.7107624524485,4.0,26.493856596622432,13.10850439882698
26.51439395641736,78,110,0,0.011354033918763702,0.03784677972921234,78.06437556686538,887.369789159728,3.0,26.50159825749263,12.795698924731184
26.52700954966043,31,50,0,0.009000000000000001,0.007999764615179965,31.500830358277476,407.2011500587693,3.0,26.504829686512824,22.179863147605083
26.52696510102126,44,73,1,0.009000000000000001,0.0034819628958636896,44.71691756281063,584.7665039497946,4.0,26.508382500825757,18.58260019550342
26.536965101021263,68,69,1,0.009000000000000001,0.018836885472675383,68.35456355315306,557.3606322413759,4.0,26.517756889877568,19.208211143695017
26.537009549660432,96,104,0,0.009000000000000001,0.013023813827796611,96.44924046520305,838.822635999961,3.0,26.523275434313412,13.734115347018573
26.547009549660434,75,87,0,0.011116291126435435,0.03705430375478479,75.80142028613976,701.494296018697,3.0,26.5306165877836,16.392961876832846
26.546965101021264,108,122,1,0.009000000000000001,0.008942733543792283,113.23840783490078,981.0260725713864,4.0,26.536046234941107,10.918866080156402
26.556965101021266,61,87,1,0.009000000000000001,0.0005734898947040338,61.37643047951236,701.7730622511408,4.0,26.540572139144434,16.392961876832846
26.559360984245362,46,116,0,0.009000000000000001,0.004180050749021779,46.287017941985354,928.1781228251104,3.0,26.54750370174292,11.857282502443795
26.569360984245364,64,66,0,0.009000000000000001,0.0012713022257045768,64.71752514341915,529.4899865200728,3.0,26.549683564890525,19.67741935483871
26.566965101021268,40,86,1,0.009000000000000001,0.01987984442741611,40.235457195432545,692.3775466917396,4.0,26.550415736407388,16.549364613880744
26.57696510102127,59,51,1,0.009000000000000001,0.0040357772656950145,59.1269610321719,408.45924973655514,4.0,26.55494164061071,22.023460410557185
26.579360984245366,21,78,0,0.009000000000000001,0.01691436676998317,20.50577726299646,631.4049615625149,3.0,26.5615603977351,17.80058651026393
26.596965101021272,60,37,1,0.009000000000000001,0.01180815658656631,60.90055827823663,303.51785235571833,4.0,26.572752002292045,24.21309872922776
26.58696510102127,78,108,1,0.009000000000000001,0.018907040330833375,78.0647897058153,864.2115532221484,4.0,26.573856596622445,13.10850439882698
26.59936098424537,62,111,0,0.009000000000000001,0.020375297205938222,62.32728424226039,893.2833431383154,3.0,26.586721688057686,12.639296187683286
26.60936098424537,56,75,0,0.009000000000000001,0.0020067004893021866,56.53708937671824,601.2425726605403,3.0,26.59109118952396,18.269794721407624
26.616965101021275,39,55,1,0.009000000000000001,0.003056608857456584,39.9501532225962,446.9052740953848,4.0,26.59556725155891,21.397849462365592
26.619360984245372,67,93,0,0.009000000000000001,0.001809222658547063,67.54750733960172,744.7263426958248,3.0,26.603906438790826,15.454545454545453
26.629360984245373,104,56,0,0.009000000000000001,0.0021876187359537278,104.11441699107925,448.22210343669366,3.0,26.608119537520057,21.241446725317694
26.626965101021277,94,86,1,0.009000000000000001,0.009140415758797484,94.0891163526804,688.3647307917636,4.0,26.610415736407397,16.549364613880744
26.63696510102128,40,87,1,0.009000000000000001,0.005496989426100797,40.26394868753462,696.0260949572076,4.0,26.620572139144446,16.392961876832846
26.639360984245375,75,112,0,0.009000000000000001,0.000423829262133264,75.12357063426867,900.5544397981301,3.0,26.62687809079474,12.482893450635387
26.649360984245376,21,75,0,0.009000000000000001,0.010993949372336555,14.958750463614322,604.777426379826,3.0,26.631091189523968,18.269794721407624
26.64696510102128,77,107,1,0.009000000000000001,0.004548415324234035,77.30686850102046,862.7192961146774,4.0,26.633700193885407,13.264907135874878
26.666965101021283,83,46,1,0.009000000000000001,0.01262477790412558,83.43296815150761,370.168959187314,4.0,26.644159626925486,22.805474095796676
26.669561539491593,64,42,0,0.009000000000000001,0.002996254782146343,64.07627273397672,336.9786804553054,3.0,26.646130454447604,23.43108504398827
26.676965101021285,82,96,1,0.009000000000000001,0.012649994364951898,82.34098828649385,775.872687653979,4.0,26.661979763777882,14.985337243401759
26.679561539491594,51,84,0,0.009000000000000001,0.012949368975022342,51.19031025643986,672.7296355187282,3.0,26.66269936940362,16.86217008797654
26.686965101021286,35,86,1,0.009000000000000001,0.017773980350093442,35.616968083330384,690.8691342991553,4.0,26.670415736407406,16.549364613880744
26.689561539491596,43,90,0,0.009000000000000001,0.008310689689508557,43.08426789604841,720.4082378909952,3.0,26.673637785825907,15.923753665689148
26.699561539491597,94,122,0,0.009000000000000001,0.0018182807499576956,94.9926066135438,978.8732052436493,3.0,26.68864267341144,10.918866080156402
26.70696510102129,36,119,1,0.009000000000000001,0.018640100666705267,36.002512986045595,956.9277486560687,4.0,26.69557702672999,11.3880742913001
26.71696510102129,108,56,1,0.009000000000000001,0.0013070013873715065,112.6464627746417,448.4194953515603,4.0,26.695723654295975,21.241446725317694
26.7095615394916,24,118,0,0.009000000000000001,0.013005980199765297,24.091220302175955,945.8226299657705,3.0,26.69801706246325,11.544477028347998
26.7195615394916,29,95,0,0.009000000000000001,0.014363760038083515,29.412170820023455,766.6799563247591,3.0,26.70441979951115,15.141739980449657
26.729561539491602,69,90,0,0.009000000000000001,0.009765174049636921,69.1092073106935,721.7284193200865,3.0,26.713637785825913,15.923753665689148
26.726965101021293,21,113,1,0.009000000000000001,0.0002998712162703547,19.658518014084223,908.9341537232247,4.0,26.714638610307706,12.32649071358749
26.736965101021294,48,91,1,0.009000000000000001,0.009287196853002243,48.00384966236006,729.8635165829912,4.0,26.721197750092653,15.76735092864125
26.749561539491605,68,107,0,0.009000000000000001,0.0022009309080150054,68.5492010355471,863.6220781522637,3.0,26.73629663235573,13.264907135874878
26.746965101021296,57,124,1,0.009000000000000001,0.0075909618263835365,57.177637136204844,999.6536327959616,4.0,26.736359040415234,10.606060606060606
26.7669651010213,54,37,1,0.009000000000000001,0.017328852306544698,54.72729541880521,302.1851559494867,4.0,26.74275200229207,24.21309872922776
26.759561539491607,56,95,0,0.009000000000000001,0.0020552093908722245,56.95486286154734,760.8152076542433,3.0,26.744419799511157,15.141739980449657
26.756965101021297,39,115,1,0.009000000000000001,0.018032004130197392,39.048401727587354,925.4213379169811,4.0,26.744951415781806,12.013685239491693
26.769561539491608,40,61,0,0.009000000000000001,0.005757496857634068,40.17637972736361,493.72789236591603,3.0,26.74910210645153,20.459433040078203
26.7769651010213,52,47,1,0.009000000000000001,0.0036170202266350253,52.32056329557541,376.0251816425448,4.0,26.75431602966255,22.649071358748778
26.77956153949161,73,118,0,0.009000000000000001,0.00816832765791855,73.21890564280233,945.8515977225005,3.0,26.76801706246326,11.544477028347998
26.78956153949161,55,66,0,0.009000000000000001,0.006979021072718166,55.32776010340807,529.5187958127809,3.0,26.769884120136773,19.67741935483871
26.786965101021302,78,103,1,0.009000000000000001,0.006401626731526841,78.81734491800856,824.4520155636287,4.0,26.773074582937234,13.890518084066471
26.799561539491613,59,66,0,0.009000000000000001,0.013361048487108292,59.286200300270785,535.4263759892335,3.0,26.779884120136774,19.67741935483871
26.809561539491614,46,38,0,0.009000000000000001,0.025324497441644934,46.89333593427433,308.40211909087776,3.0,26.785504843499435,24.05669599217986
26.806965101021305,29,59,1,0.009000000000000001,0.00012254617454226488,29.666860102221335,477.45071127404117,4.0,26.786192862507132,20.772238514174
26.819561539491616,57,44,0,0.009000000000000001,0.008047826218231986,57.45313162633604,359.7821211139052,3.0,26.796443259921723,23.118279569892472
26.816965101021307,83,61,1,0.009000000000000001,0.004018024553580402,83.23260182089402,488.8572405246549,4.0,26.79650566798123,20.459433040078203
26.826965101021308,74,96,1,0.009000000000000001,0.007162856343991807,74.14807319705395,770.8995280503053,4.0,26.811979763777906,14.985337243401759
26.829561539491618,100,82,0,0.010776498780027769,0.03592166260009256,100.91162414227524,662.6073019632686,3.0,26.812386563929547,17.174975562072337
26.83696510102131,21,59,1,0.009000000000000001,0.0048960326778644085,-8.132167938796641,475.91538099950975,4.0,26.816192862507137,20.772238514174
26.84696510102131,90,103,1,0.009000000000000001,0.0018176235734560877,90.5679612991305,829.6934370780288,4.0,26.833074582937243,13.890518084066471
26.856965101021313,40,57,1,0.009000000000000001,0.01099328705285853,40.97127347826436,463.8197227148122,4.0,26.835880057033044,21.085043988269796
26.861535427024986,42,81,0,0.009000000000000001,0.01816908181471525,42.83848270470177,653.4380158750976,3.0,26.844204048725867,17.331378299120235
26.871535427024988,45,42,0,0.009000000000000001,0.0146424349774768,45.362381691073864,343.3625630052915,3.0,26.848104341981,23.43108504398827
26.876965101021316,108,86,1,0.009000000000000001,0.006768617758056344,125.12687466069593,695.8194562518757,4.0,26.860415736407436,16.549364613880744
26.88153542702499,88,60,0,0.009000000000000001,0.008599291123141336,88.26107339447006,483.68586354251136,3.0,26.860919591247864,20.6158357771261
26.886965101021318,67,49,1,0.009000000000000001,0.0125704295576178,67.13362253994039,395.12030508931593,4.0,26.864628835136664,22.33626588465298
26.89153542702499,54,40,0,0.009000000000000001,0.005476843323612204,54.898112928274365,327.94577279462584,3.0,26.867791536506907,23.743890518084065
26.901535427024992,100,66,0,0.009000000000000001,0.005961629738751385,100.42991390440558,532.6986845220556,3.0,26.881858007670154,19.67741935483871
26.90696510102132,57,53,1,0.009000000000000001,0.03146363759989714,57.86609781831691,430.3714568098423,4.0,26.885254446084858,21.71065493646139
26.89696510102132,48,122,1,0.009000000000000001,0.0006895144207056304,48.84423947694957,983.2557803550274,4.0,26.886046234941162,10.918866080156402
26.911535427024994,104,46,0,0.009000000000000001,0.0037911510973554193,104.2535686080468,374.63653325561853,3.0,26.888729952929197,22.805474095796676
26.916965101021322,43,110,1,0.009000000000000001,0.006642583058433701,43.47062024341744,881.1240700997112,4.0,26.904169402096592,12.795698924731184
26.921535427024995,65,122,0,0.009000000000000001,0.004569662988092903,65.21799781648113,976.3920084237301,3.0,26.91061656094484,10.918866080156402
26.926965101021324,26,90,1,0.009000000000000001,0.030080432383185928,26.02149568666023,722.3278959512188,4.0,26.911041347355635,15.923753665689148
26.931535427024997,52,113,0,0.010527128613605715,0.03509042871201905,52.16103626194638,905.5497695627757,3.0,26.91920893631141,12.32649071358749
26.936965101021325,91,117,1,0.009000000000000001,0.0037396833946404064,91.22437590371302,936.8765485824423,4.0,26.92526422125593,11.700879765395896
26.946965101021327,21,63,1,0.009000000000000001,0.020433060684178547,14.534827297778207,505.3727729080848,4.0,26.926818473455345,20.146627565982406
26.94323223659567,34,92,0,0.009000000000000001,0.00918273068755283,34.45868375194782,741.5392941208345,3.0,26.927621288404076,15.610948191593351
26.95323223659567,83,79,0,0.009000000000000001,0.0060816202895230065,83.88506933945757,637.4121378438527,3.0,26.935588052822453,17.64418377321603
26.95696510102133,75,108,1,0.009000000000000001,0.00033989136240469224,75.11130247261414,871.0745957177066,4.0,26.943856596622503,13.10850439882698
26.963232236595672,36,118,0,0.009000000000000001,0.014178946745737333,36.87399733127901,947.2492537900456,3.0,26.951687759567324,11.544477028347998
26.973232236595674,32,79,0,0.009000000000000001,0.0005786674154582667,32.28321648781,639.9440088893382,3.0,26.955588052822456,17.64418377321603
26.983232236595676,82,59,0,0.009000000000000001,0.024395601270985702,82.244805258047,474.82092546054866,3.0,26.962459998081503,20.772238514174
26.986965101021333,56,56,1,0.009000000000000001,0.022779786802978416,56.83253659123706,451.9982828263703,4.0,26.965723654296017,21.241446725317694
26.996965101021335,73,66,1,0.009000000000000001,0.004678313000090798,73.8025877037545,533.0384673619823,4.0,26.977287681666496,19.67741935483871
27.00323223659568,37,38,0,0.009000000000000001,0.008192051557654434,37.428953045141824,311.21970951858617,3.0,26.9791755406035,24.05669599217986
26.993232236595677,108,112,0,0.009000000000000001,0.004204906620785935,112.90149526309537,896.433891063285,3.0,26.980749343145042,12.482893450635387
27.01323223659568,60,70,0,0.009946588787342387,0.03315529595780795,60.830993730221905,563.8903171007892,3.0,26.994180428189033,19.05180840664712
27.006965101021336,47,113,1,0.009000000000000001,0.0019377155353756707,47.41563321003951,905.9906946268026,4.0,26.99463861030775,12.32649071358749
27.02696510102134,70,101,1,0.009000000000000001,0.014394794586245771,70.7043002574849,810.3236199806458,4.0,27.012761777463176,14.203323558162268
27.02428400191495,65,119,0,0.009000000000000001,0.009243558227107894,65.6476310745384,952.7966960941726,3.0,27.01289592762365,11.3880742913001
27.03696510102134,67,66,1,0.009000000000000001,0.026284546007959188,67.19453365445128,532.8596198746241,4.0,27.017287681666502,19.67741935483871
27.046965101021343,51,60,1,0.009000000000000001,0.006995867033564078,51.140945446260154,482.1479575550275,4.0,27.026349265244217,20.6158357771261
27.056965101021344,54,39,1,0.009000000000000001,0.0019485168543411683,54.23278067644205,319.9640173870538,4.0,27.033064807766213,23.900293255131963
27.054284001914954,94,116,0,0.009000000000000001,0.010460661964280917,94.23823152778718,929.4742428024417,3.0,27.04242671941251,11.857282502443795
27.064284001914956,50,55,0,0.009000000000000001,0.0097685133874033,50.49249384150428,441.25646377671984,3.0,27.042886152452592,21.397849462365592
27.074284001914958,41,104,0,0.009000000000000001,0.023949909692593023,41.579720477581546,832.2800471012379,3.0,27.060549886567937,13.734115347018573
27.076965101021347,78,123,1,0.009000000000000001,5.353446125505322e-05,78.42216184679903,989.4100962795214,4.0,27.066202637678238,10.762463343108504
27.08696510102135,67,67,1,0.009000000000000001,0.021023630728828364,67.18167508604259,541.3508500581756,4.0,27.067444084403558,19.521016617790814
27.08428400191496,38,103,0,0.009000000000000001,0.011282420533593478,38.05724854088059,829.5157615922383,3.0,27.07039348383089,13.890518084066471
27.09428400191496,46,57,0,0.009000000000000001,0.0064275438867334705,46.17732452583053,458.0526865054404,3.0,27.073198957926692,21.085043988269796
27.09696510102135,77,63,1,0.009000000000000001,0.02241007034929315,77.81866172752694,504.0618497058347,4.0,27.07681847345537,20.146627565982406
27.104284001914962,57,78,0,0.009000000000000001,0.00958733774388437,57.76841300185197,627.9898962137943,3.0,27.086483415404697,17.80058651026393
27.116965101021353,47,91,1,0.009000000000000001,0.014443176203210756,47.955561852808806,733.5459141554093,4.0,27.101197750092712,15.76735092864125
27.114284001914964,54,123,0,0.009000000000000001,0.001601198497211068,54.09890986198958,989.2581343135877,3.0,27.103521538571854,10.762463343108504
27.126965101021355,81,73,1,0.009000000000000001,0.002641399266631212,81.8348002824279,586.8933711828449,4.0,27.10838250082585,18.58260019550342
27.124284001914965,53,104,0,0.009000000000000001,0.0023458040929594244,53.03910144944706,838.342793211807,3.0,27.110549886567945,13.734115347018573
27.134284001914967,51,86,0,0.009000000000000001,0.0055426503251964025,51.320819433188184,695.7911578267766,3.0,27.117734637301087,16.549364613880744
27.146965101021358,63,65,1,0.009000000000000001,0.005935260746471874,63.57695281499994,521.7019854176513,4.0,27.127131278929472,19.83382209188661
27.14428400191497,58,108,0,0.009000000000000001,0.00021232989903297278,58.5896469053585,871.6586702411365,3.0,27.131175497516143,13.10850439882698
27.15696510102136,96,40,1,0.009000000000000001,0.0029861922249763613,96.77193047060513,326.42312187720336,4.0,27.133221210503276,23.743890518084065
27.16428400191497,55,110,0,0.009000000000000001,0.007729766321930504,55.053011825936615,880.696081999858,3.0,27.15148830299024,12.795698924731184
27.16696510102136,46,94,1,0.009000000000000001,0.00875137180844145,46.819421536876234,757.6809746793743,4.0,27.151666958303863,15.298142717497555
27.174284001914973,78,119,0,0.009000000000000001,0.0014351899382185629,78.24772500839659,954.7761427674591,3.0,27.162895927623673,11.3880742913001
27.176965101021363,49,103,1,0.009000000000000001,0.011432203720785399,49.88460390164898,826.5084245803662,4.0,27.163074582937295,13.890518084066471
27.184284001914975,64,69,0,0.009000000000000001,0.013920038996839228,64.00888801743253,554.3827523995989,3.0,27.16507579077128,19.208211143695017
27.186965101021364,72,64,1,0.009000000000000001,0.007003266843064493,72.21668049763142,512.604667513832,4.0,27.16697487619243,19.990224828934508
27.194284001914976,70,61,0,0.009000000000000001,0.027835473092118788,70.01748313761401,492.8967434164249,3.0,27.1738245688749,20.459433040078203
27.196965101021366,87,61,1,0.009160441351684485,0.040713072674153264,87.69345922892379,491.8953170343568,4.0,27.17650566798129,20.459433040078203
27.204284001914978,84,118,0,0.009000000000000001,0.004037254053615224,84.42447390567261,950.5824386944076,3.0,27.19273952488663,11.544477028347998
27.207143369189904,44,123,1,0.009000000000000001,0.002264702310704998,44.05482500409675,984.9461252702536,4.0,27.196380905846794,10.762463343108504
27.217143369189905,57,86,1,0.009000000000000001,0.008877848051106103,57.918666020604,689.8664641649227,4.0,27.200594004576025,16.549364613880744
27.22428400191498,56,62,0,0.009000000000000001,0.013414971234034583,56.122656392978676,497.935819942069,3.0,27.20398097161195,20.303030303030305
27.227143369189907,47,91,1,0.009000000000000001,0.010665215873018018,47.64499921200824,728.6179021882778,4.0,27.211376018261266,15.76735092864125
27.23714336918991,59,73,1,0.009000000000000001,0.012593934711224232,59.92141490266023,591.7243424368372,4.0,27.218560768994404,18.58260019550342
27.234284001914983,45,123,0,0.009000000000000001,0.0036311049971058562,45.0029659736268,988.0628156882906,3.0,27.223521538571873,10.762463343108504
27.24714336918991,42,51,1,0.009000000000000001,0.014159109219627458,42.92012307416866,412.9918913813018,4.0,27.22511990877935,22.023460410557185
27.244284001914984,89,75,0,0.009000000000000001,0.01029396199839801,89.09180852520794,604.1716743131467,3.0,27.226014207193575,18.269794721407624
27.254284001914986,48,53,0,0.009000000000000001,0.020366401070834077,48.16452346190043,426.4602789179122,3.0,27.232573346978523,21.71065493646139
27.25714336918991,43,111,1,0.009000000000000001,0.0046520676826397765,43.27092716737386,892.9084247723584,4.0,27.24450407300223,12.639296187683286
27.267143369189913,92,100,1,0.009000000000000001,0.01759749666245702,92.1306712901055,804.5714215324409,4.0,27.252783642894702,14.359726295210166
27.277143369189915,21,52,1,0.009000000000000001,0.0027602596904234456,17.75369998607978,417.69876012632295,4.0,27.255276311516404,21.867057673509287
27.27428400191499,33,90,0,0.009000000000000001,0.0050047131769903695,33.73524485879656,725.7479637365127,3.0,27.2583602482493,15.923753665689148
27.28428400191499,39,42,0,0.009000000000000001,0.005880189938133619,39.82542174072855,340.9205910658139,3.0,27.260852916871002,23.43108504398827
27.287143369189916,64,67,1,0.009000000000000001,0.03578984988004128,64.40335484907762,536.4291909925604,4.0,27.267622352572126,19.521016617790814
27.297143369189918,61,56,1,0.009000000000000001,0.012141298797955422,61.07525895331055,455.8225455788664,4.0,27.2759019224646,21.241446725317694
27.294284001914992,77,79,0,0.009000000000000001,0.003565740882720736,77.9987992956299,632.0160654079011,3.0,27.276639818141774,17.64418377321603
27.304284001914993,32,42,0,0.009000000000000001,0.0018394693964449017,32.20113608721589,340.17429058179147,3.0,27.280852916871005,23.43108504398827
27.31714336918992,63,40,1,0.009000000000000001,0.003050055301356148,63.18762080199036,325.0238761261053,4.0,27.293399478671837,23.743890518084065
27.327143369189923,38,52,1,0.009000000000000001,0.012188280033767516,38.07779696838473,420.18579518994386,4.0,27.305276311516412,21.867057673509287
27.324284001914997,100,74,0,0.009000000000000001,0.0016457152044913623,100.42436438699954,593.5342762935018,3.0,27.30585780445654,18.426197458455523
27.334284001914998,84,73,0,0.009000000000000001,0.012076381380094313,84.00052116222773,587.5120804437084,3.0,27.315701401719494,18.58260019550342
27.337143369189924,59,91,1,0.009000000000000001,0.001081806419369386,59.574079381958555,728.8149657931135,4.0,27.321376018261283,15.76735092864125
27.344284001915,53,69,0,0.009000000000000001,0.0070246503318406196,53.23674286351863,557.7750751765932,3.0,27.325075790771304,19.208211143695017
27.347143369189926,71,100,1,0.009000000000000001,0.0009894818931705748,71.02032401603672,802.9719226855723,4.0,27.332783642894714,14.359726295210166
27.354284001915,62,74,0,0.01159425066021157,0.03864750220070523,62.36396035259234,594.5155937980318,3.0,27.335857804456545,18.426197458455523
27.357143369189927,52,109,1,0.009000000000000001,0.0007576755318603586,52.930136628000106,874.7882731396259,4.0,27.34419126752815,12.952101661779082
27.36716650264857,66,88,0,0.009000000000000001,0.006970455797169078,66.14932406596748,707.4490917869565,3.0,27.350929943508785,16.236559139784944
27.36714336918993,67,97,1,0.009000000000000001,0.006793135510452984,67.63837290144491,777.283122423001,4.0,27.352314434683574,14.82893450635386
27.37714336918993,86,57,1,0.011331434681500378,0.050361931917779455,86.29406400658343,462.63488214681274,4.0,27.356058325201662,21.085043988269796
27.389733852169375,46,38,1,0.009000000000000001,0.00978021398092189,46.60164298066444,310.1294490520055,4.0,27.365677156177195,24.05669599217986
27.397166502648574,47,44,0,0.009000000000000001,0.011945713180879818,47.64123526494855,358.2561463456506,3.0,27.37404822307868,23.118279569892472
27.387166502648572,21,122,0,0.009000000000000001,0.006104398508926483,3.4239786096125044,976.6942980129224,3.0,27.376247636568415,10.918866080156402
27.399733852169376,58,94,1,0.009000000000000001,0.0012695713939732329,58.845661846976206,754.3642183769837,4.0,27.38443570945188,15.298142717497555
27.407166502648575,41,85,0,0.009000000000000001,0.0198747967623259,41.62056047859093,684.8020786143177,3.0,27.390460735297648,16.705767350928642
27.409733852169378,48,78,1,0.009000000000000001,0.008373942683799897,48.38046885870695,628.5120974520049,4.0,27.391933265659112,17.80058651026393
27.41973385216938,61,72,1,0.009000000000000001,0.025852506736742952,61.32614635888024,578.3143085174527,4.0,27.400994849236827,18.73900293255132
27.42716650264858,65,42,0,0.009000000000000001,0.0022814931377554224,65.35418940143747,338.22721224942836,3.0,27.40373541760459,23.43108504398827
27.417166502648577,59,114,0,0.009000000000000001,0.005398499144592433,59.17147680404854,914.4245834038375,3.0,27.404996414672038,12.170087976539591
27.42973385216938,76,82,1,0.009000000000000001,0.009806225271502066,76.27247797120782,663.4960576766899,4.0,27.41255887660731,17.174975562072337
27.43716650264858,90,82,0,0.010710123068135895,0.035700410227119644,90.29975747704681,658.8306708722399,3.0,27.41999152708651,17.174975562072337
27.449733852169384,40,42,1,0.009000000000000001,0.021954650592596183,40.76660951369786,337.1844369393008,4.0,27.426302767125396,23.43108504398827
27.449066639390953,87,64,0,0.009000000000000001,0.0034372607815508745,87.50827825691664,513.4321870695444,3.0,27.42907641456202,19.990224828934508
27.459066639390954,57,48,0,0.009000000000000001,0.0021403069541003957,57.64832527870341,390.349872851617,3.0,27.436573970769253,22.49266862170088
27.459733852169386,37,73,1,0.009000000000000001,0.01587587562283011,37.267127732171886,591.938665362894,4.0,27.44115125197388,18.58260019550342
27.469066639390956,56,57,0,0.009000000000000001,0.003536216078176968,56.33253319038337,459.237122585478,3.0,27.447981595402688,21.085043988269796
27.469733852169387,67,110,1,0.009000000000000001,0.0026021816706761126,67.47572104936953,883.7416203227258,4.0,27.456938153244657,12.795698924731184
27.479066639390958,96,66,0,0.009000000000000001,0.0018174372330358522,96.19793767644003,532.9106335572653,3.0,27.45938922003612,19.67741935483871
27.47973385216939,55,91,1,0.009000000000000001,0.00806385053190635,55.004829693977875,731.2775602910048,4.0,27.463966501240748,15.76735092864125
27.48973385216939,78,48,1,0.009000000000000001,0.006430732132952152,78.12583197577374,387.92889246421146,4.0,27.46724118354769,22.49266862170088
27.48906663939096,28,115,0,0.009000000000000001,0.028121510585578068,28.09955679972282,923.7980642554566,3.0,27.477052954151468,12.013685239491693
27.49906663939096,58,99,0,0.009000000000000001,0.006168444544634482,58.531477493303484,796.7699404531671,3.0,27.4845505103587,14.516129032258064
27.509066639390962,36,53,0,0.012351903150336964,0.041173010501123215,36.668342443136126,429.0109778650693,3.0,27.4873559844545,21.71065493646139
27.509733852169393,90,49,1,0.009000000000000001,0.0068945544391544366,90.13838820644541,397.94328405889587,4.0,27.48739758628474,22.33626588465298
27.519733852169395,21,58,1,0.009000000000000001,0.007197817556416922,-7.598659200414431,469.69316972104764,4.0,27.498805210918174,20.928641251221897
27.52279097622467,83,39,0,0.009000000000000001,0.0004015750682000012,83.57566758613063,315.2926983903413,3.0,27.498890682969538,23.900293255131963
27.529733852169397,106,101,1,0.009000000000000001,0.002037470714212306,106.21502705908665,809.3153403133203,4.0,27.515530528611233,14.203323558162268
27.53279097622467,57,90,0,0.009000000000000001,0.014893712778192283,57.652060509601355,724.127770625638,3.0,27.516867222558982,15.923753665689148
27.542790976224673,33,39,0,0.009000000000000001,0.005592315127740618,33.4093998980401,318.9746566353632,3.0,27.51889068296954,23.900293255131963
27.5497338521694,95,80,1,0.009000000000000001,0.0049085720784704965,95.62701822781679,646.3560484593114,4.0,27.532246071133233,17.487781036168133
27.552790976224674,56,84,0,0.009000000000000001,0.015301716719235331,56.16201545194943,674.8797311684588,3.0,27.5359288061367,16.86217008797654
27.562790976224676,82,71,0,0.009000000000000001,0.006481420613442204,82.47609880153172,572.4460330364072,3.0,27.543895570555076,18.89540566959922
27.5597338521694,28,114,1,0.009000000000000001,0.018913516404102527,28.445437182733116,912.2913890286985,4.0,27.547563764192862,12.170087976539591
27.569733852169403,68,63,1,0.009000000000000001,0.0018700496043546593,68.22172395675496,510.85802364359563,4.0,27.54958722460342,20.146627565982406
27.572790976224677,52,91,0,0.009000000000000001,0.02184131485513303,52.65201941146776,730.5488278102886,3.0,27.557023625296036,15.76735092864125
27.579733852169404,37,115,1,0.009000000000000001,0.00018745319583426335,37.064683567338164,922.0498685540686,4.0,27.567720166929913,12.013685239491693
27.58279097622468,77,121,0,0.009000000000000001,0.026160303669054814,77.6303550792719,973.440949258946,3.0,27.571715707407474,11.0752688172043
27.589733852169406,64,104,1,0.009000000000000001,0.002573478650812531,64.24526014632019,833.857442938039,4.0,27.575999736822386,13.734115347018573
27.59279097622468,21,121,0,0.009000000000000001,0.007112277339379046,18.19911472607575,971.210311233287,3.0,27.581715707407476,11.0752688172043
27.602790976224682,51,88,0,0.009000000000000001,0.001541007029611346,51.08940689725793,705.8807032334075,3.0,27.586554417084898,16.236559139784944
27.60973385216941,47,65,1,0.009000000000000001,0.007366138228805194,47.24708359279252,525.0237345634631,4.0,27.589900030077523,19.83382209188661
27.61973385216941,38,55,1,0.009000000000000001,0.001739129285094545,38.507891512593474,443.6279833766125,4.0,27.598336002707047,21.397849462365592
27.612790976224684,43,124,0,0.009000000000000001,0.0033205239306205244,43.78046469520034,999.1550550709582,3.0,27.602184915618622,10.606060606060606
27.622790976224685,22,88,0,0.009000000000000001,0.0005653469798623354,22.282126111699732,704.979272742472,3.0,27.6065544170849,16.236559139784944
27.629733852169412,65,66,1,0.009000000000000001,0.01553775426419893,65.40138924619055,531.8496702361849,4.0,27.610056432814574,19.67741935483871
27.632790976224687,55,82,0,0.009000000000000001,0.0008618134850617397,55.07451881866056,657.3220919425089,3.0,27.615616000662616,17.174975562072337
27.64279097622469,31,65,0,0.009000000000000001,0.0029947454226575405,31.844242583213443,521.5199916120913,3.0,27.622957154132802,19.83382209188661
27.639733852169414,61,87,1,0.009000000000000001,0.0012630692711487546,61.46790162842196,699.2711277572715,4.0,27.62334089029258,16.392961876832846
27.649733852169415,73,65,1,0.009000000000000001,0.02368235817420686,73.17186867362533,520.5395476253195,4.0,27.62990003007753,19.83382209188661
27.65279097622469,56,87,0,0.009000000000000001,0.0009098327664737925,56.167555500280805,699.5977553951332,3.0,27.636398014347858,16.392961876832846
27.659733852169417,90,45,1,0.009000000000000001,0.007806244986859507,90.53991705378672,363.8713889129788,4.0,27.636771975336572,22.961876832844574
27.66279097622469,70,38,0,0.009000000000000001,0.02403460029597596,70.32157649220764,304.32867584862765,3.0,27.638734280232512,24.05669599217986
27.672790976224693,52,60,0,0.009000000000000001,0.01664335432866857,52.30889880576855,480.3423991344704,3.0,27.652175140447568,20.6158357771261
27.66973385216942,103,106,1,0.009000000000000001,0.011361441524862848,103.4472626400999,853.2852331180916,4.0,27.656312542296497,13.421309872922777
27.67973385216942,69,60,1,0.009000000000000001,0.00215347684485507,69.58246578274021,483.2270083259166,4.0,27.659118016392295,20.6158357771261
27.682790976224695,60,98,0,0.009000000000000001,0.005977345955789542,60.594324914299264,785.0362377173374,3.0,27.668118444455388,14.672531769305962
27.68973385216942,80,78,1,0.009000000000000001,0.007186515193088296,80.71345875006513,631.6321076171041,4.0,27.671933265659156,17.80058651026393
27.692790976224696,107,72,0,0.009000000000000001,0.013211074682337152,107.72001584593431,583.9516816130663,3.0,27.674051973292144,18.73900293255132
27.699733852169423,50,88,1,0.009000000000000001,0.016073333490919474,50.26704206239012,706.4338323376476,4.0,27.68349729302964,16.236559139784944
27.709733852169425,83,61,1,0.009000000000000001,0.014832024400005278,83.37896086310232,492.2006208857151,4.0,27.689274419129347,20.459433040078203
27.7127909762247,108,57,0,0.009000000000000001,0.01919482755887859,120.27695032488342,459.0827374917636,3.0,27.69170593223643,21.085043988269796
27.719733852169426,48,56,1,0.009000000000000001,0.00789875743401312,48.196332228412075,449.80497922171196,4.0,27.69849240544411,21.241446725317694
27.7227909762247,59,98,0,0.009000000000000001,0.007847956275601017,59.02678522602636,786.4790931850331,3.0,27.708118444455394,14.672531769305962
27.732790976224702,90,52,0,0.009000000000000001,0.007239508357859228,90.87901944248469,419.32375810714944,3.0,27.71092391855119,21.867057673509287
27.729733852169428,32,122,1,0.009000000000000001,0.006453604179651486,32.568548619525615,976.8895126196262,4.0,27.71881498608927,10.918866080156402
27.742790976224704,45,67,0,0.009000000000000001,0.0048534602614303335,45.36036908355496,542.8712652643101,3.0,27.723269959606913,19.521016617790814
27.74973385216943,75,38,1,0.009327442590695916,0.041455300403092955,75.85010246259148,308.2355660568984,4.0,27.72567715617725,24.05669599217986
27.73973385216943,38,106,1,0.009000000000000001,0.0017444161185399942,38.62069762212901,851.1280862201767,4.0,27.726312542296508,13.421309872922777
27.752790976224706,57,106,0,0.009000000000000001,0.005652942966301169,57.964327808166175,855.8101151861739,3.0,27.739369666351784,13.421309872922777
27.760097677270203,56,81,1,0.009000000000000001,0.008864545213414744,56.463356765849085,650.977535016727,4.0,27.742766298971084,17.331378299120235
27.762790976224707,96,67,0,0.009000000000000001,0.00859175562493918,96.24265631832986,539.4486042602887,3.0,27.743269959606916,19.521016617790814
27.770097677270204,65,97,1,0.009000000000000001,0.020665976931374362,65.97208989003309,776.0767889032941,4.0,27.75526874276385,14.82893450635386
27.77279097622471,41,81,0,0.009000000000000001,0.01660619337729086,41.77184012624524,653.1520468383851,3.0,27.75545959792559,17.331378299120235
27.78279097622471,42,38,0,0.009000000000000001,0.0030225338149362374,42.69157063556507,306.36092446585144,3.0,27.75873428023253,24.05669599217986
27.780097677270206,46,119,1,0.009000000000000001,0.011058786756159258,46.31392337212584,959.6341464545259,4.0,27.768709602978905,11.3880742913001
27.790097677270207,59,72,1,0.009000000000000001,0.01732100182883928,59.1146651263463,578.5671393409334,4.0,27.771358674337655,18.73900293255132
27.792790976224712,21,122,0,0.009000000000000001,0.010449697088155182,-9.707145517850094,976.8779602328208,3.0,27.781872110144555,10.918866080156402
27.80009767727021,45,76,1,0.009000000000000001,0.0037127706805586027,45.97691928766845,615.9357076078682,4.0,27.781984285285848,18.113391984359726
27.81009767727021,68,45,1,0.009000000000000001,0.004848236004151432,68.56728233748642,362.0430823247065,4.0,27.787135800437365,22.961876832844574
27.802790976224713,74,113,0,0.009000000000000001,0.008467627661557925,74.19397222287327,904.4021044525691,3.0,27.790464485511126,12.32649071358749
27.812790976224715,85,88,0,0.009000000000000001,0.0015018383374780738,85.36839079075526,708.1740300959286,3.0,27.79655441708493,16.236559139784944
27.820097677270212,58,79,1,0.009000000000000001,0.025540107110971228,58.790401185623466,636.1656994297186,4.0,27.802453493496994,17.64418377321603
27.822790976224717,64,70,0,0.009000000000000001,0.012658984863540612,64.77107012013249,560.4304974685451,3.0,27.80373916781807,19.05180840664712
27.830097677270214,49,75,1,0.009000000000000001,0.009774808531634371,49.22083821709338,601.2953356615768,4.0,27.811827882548805,18.269794721407624
27.850097677270217,55,46,1,0.009000000000000001,0.025973498102221788,55.86009517446105,369.06016371296636,4.0,27.82729220317442,22.805474095796676
27.84279097622472,38,122,0,0.009000000000000001,0.002797076890024286,38.347429428668015,976.7139592745757,3.0,27.831872110144563,10.918866080156402
27.86009767727022,37,50,1,0.009000000000000001,0.00965200278256049,37.50837221197626,400.58412508321373,4.0,27.837917814122612,22.179863147605083
27.85279097622472,41,115,0,0.009520138940077316,0.03173379646692438,41.99133531499653,926.8890186117195,3.0,27.84077729098523,12.013685239491693
27.863368908380362,30,76,0,0.010199594690093731,0.0339986489669791,30.089663665573667,610.4073719852308,3.0,27.845255516396,18.113391984359726
27.874701791369354,106,61,0,0.009000000000000001,0.003871298003885736,106.82044325683032,491.43216076248586,3.0,27.854242358329277,20.459433040078203
27.88009767727022,108,68,1,0.009000000000000001,0.020722974898257224,108.59685457190034,551.3495453302058,4.0,27.86073306338948,19.364613880742915
27.884701791369356,66,42,0,0.009000000000000001,0.013336001120802155,66.50656883752879,336.1601499802487,3.0,27.861270706325367,23.43108504398827
27.894701791369357,22,65,0,0.009000000000000001,0.000505509308122376,22.237205757546754,520.9432507570066,3.0,27.87486796927747,19.83382209188661
27.890097677270223,55,124,1,0.009000000000000001,0.0004655353583430948,55.13944806074202,998.5405940886014,4.0,27.87949161666416,10.606060606060606
27.900097677270224,64,100,1,0.009000000000000001,0.0029919370652915452,64.18875380026763,806.9434389658591,4.0,27.885737950975013,14.359726295210166
27.91470179136936,28,87,0,0.009000000000000001,0.0021351247744299524,28.297792654480773,703.581492965798,3.0,27.898308829492528,16.392961876832846
27.924701791369362,21,58,0,0.012284372299830206,0.04094790766610069,9.031607584204096,469.12089350503413,3.0,27.90377315011814,20.928641251221897
27.93009767727023,62,84,1,0.009000000000000001,0.030669238051343466,62.40695334016893,672.4777936859026,4.0,27.913235507182254,16.86217008797654
27.93835109392473,78,45,0,0.009000000000000001,0.0114344892650929,78.23814583313931,362.00483774565083,3.0,27.915389217091885,22.961876832844574
27.94009767727023,54,57,1,0.009000000000000001,0.006498522343823936,54.865069699498804,456.44601997908796,4.0,27.919012633281962,21.085043988269796
27.94835109392473,96,43,0,0.009000000000000001,0.011297076030472879,96.70330066768526,344.86629772532285,3.0,27.92507641161779,23.27468230694037
27.950097677270232,65,59,1,0.009000000000000001,0.012228015911987371,65.5214497052016,477.27175412817553,4.0,27.92932543875606,20.772238514174
27.960097677270234,27,40,1,0.009000000000000001,0.03114997452122244,27.692622658075067,320.041835684957,4.0,27.93635378675215,23.743890518084065
27.958351093924733,40,111,0,0.009000000000000001,0.009066935563182683,40.21719461570996,889.1354052799419,3.0,27.94571179773705,12.639296187683286
27.970097677270235,48,57,1,0.009000000000000001,0.002228039591212119,48.13916282009507,462.91116930903746,4.0,27.949012633281967,21.085043988269796
27.968351093924735,76,111,0,0.009000000000000001,0.00030824021993599405,76.39824934807982,890.6690045608143,3.0,27.955711797737052,12.639296187683286
27.988351093924738,51,54,0,0.009000000000000001,0.0007544103152392309,51.81181006391974,439.36539395514797,3.0,27.966796841725323,21.55425219941349
27.978351093924736,49,120,0,0.009000000000000001,0.006167956781969939,49.38184825815432,967.3150173076608,3.0,27.967119422370484,11.231671554252198
27.980097677270237,24,113,1,0.009000000000000001,0.006759933332229633,24.432275012980902,910.7258662809772,4.0,27.96777118655665,12.32649071358749
27.99835109392474,79,48,0,0.009000000000000001,0.004274382809073824,79.54619756679818,387.95044468861977,3.0,27.975858425303038,22.49266862170088
28.00009767727024,63,106,1,0.009000000000000001,0.001820187438195593,63.86146090077749,850.4571701731886,4.0,27.98667636739732,13.421309872922777
28.00835109392474,108,58,0,0.009000000000000001,0.00342107260823604,112.45707995073971,467.1262397602169,3.0,27.98742245267352,20.928641251221897
28.018351093924743,99,56,0,0.009000000000000001,0.0024021704555933256,99.59480846977924,452.2170525520652,3.0,27.997109647199427,21.241446725317694
28.01009767727024,21,112,1,0.009000000000000001,0.0028775775332904384,16.52179631196026,901.1697402723997,4.0,27.997614783819607,12.482893450635387
28.020097677270243,35,86,1,0.009000000000000001,0.0013529804791387442,35.88057803760271,695.9514176693519,4.0,28.003548312656363,16.549364613880744
28.028351093924744,42,71,0,0.009000000000000001,0.004567776864231982,42.7564675257626,573.6421987888136,3.0,28.009455688255144,18.89540566959922
28.030097677270245,73,75,1,0.009000000000000001,0.0015322298795003514,73.32215278659808,604.2253577070774,4.0,28.011827882548836,18.269794721407624
28.038351093924746,32,81,0,0.01124672026610027,0.037489067553667564,32.70770938073856,654.1480601024757,3.0,28.021019715625627,17.331378299120235
28.040097677270246,66,118,1,0.009000000000000001,0.006696108660098795,66.73529680278449,949.1959855379336,4.0,28.0285532002419,11.544477028347998
28.05084744977597,38,112,0,0.009000000000000001,0.015038530172563102,38.57208966436609,900.8260572152006,3.0,28.038364556325334,12.482893450635387
28.06084744977597,93,64,0,0.009000000000000001,0.01863453677968022,93.47100931706822,518.983938266954,3.0,28.040857224947036,19.990224828934508
28.06009767727025,49,109,1,0.009000000000000001,0.0011303810762626207,49.81451470294413,874.7773694190612,4.0,28.04714557560847,12.952101661779082
28.07009767727025,40,92,1,0.009000000000000001,0.005718238014608822,40.603472202044685,743.6453276802754,4.0,28.054486729078658,15.610948191593351
28.07084744977597,34,98,0,0.009000000000000001,0.0006283921189922632,34.91485530430295,791.0956859220596,3.0,28.056174918006665,14.672531769305962
28.080847449775973,21,98,0,0.009000000000000001,9.876161699253505e-05,18.69178019304662,785.3642769631967,3.0,28.066174918006666,14.672531769305962
28.080097677270253,54,115,1,0.009000000000000001,0.021213587476723004,54.0276547442153,921.4274565897905,4.0,28.06808399203076,12.013685239491693
28.090097677270254,87,69,1,0.009000000000000001,0.03162105085820726,87.86898412219269,556.3771041989319,4.0,28.07088946612656,19.208211143695017
28.100847449775976,48,101,0,0.009000000000000001,0.01669331315894135,48.823314237147926,808.9129689098938,3.0,28.086644126217813,14.203323558162268
28.110097677270257,60,78,1,0.009000000000000001,0.004541701297634694,60.176389811153996,625.3489441562506,4.0,28.092297090759992,17.80058651026393
28.12009767727026,82,80,1,0.01349320046165855,0.059969779829593554,82.0995807811199,645.4502548508317,4.0,28.102609896234092,17.487781036168133
28.12084744977598,86,117,0,0.009000000000000001,0.002551000443984755,86.01410319685459,940.5689181430209,3.0,28.109146570010584,11.700879765395896
28.13084744977598,98,103,0,0.009000000000000001,0.0017003195424467848,98.49819008345375,826.2587145108531,3.0,28.116956931691913,13.890518084066471
28.140847449775983,55,66,0,0.009000000000000001,0.008399516810523486,55.18860938021092,533.6436179488585,3.0,28.121170030421144,19.67741935483871
28.13509012222766,92,105,1,0.009000000000000001,0.0019649949272713702,92.67857367160204,843.802228828797,4.0,28.12151240961769,13.577712609970675
28.14509012222766,61,99,1,0.009000000000000001,0.01553916951500949,61.36008705772012,795.6166487985382,4.0,28.1305739931954,14.516129032258064
28.160847449775986,67,41,0,0.009000000000000001,0.008423550598058523,67.78221110484472,335.81585451183315,3.0,28.13725996199495,23.587487781036167
28.150847449775984,21,115,0,0.009000000000000001,0.008658671471970726,17.591751239866795,922.3004275702662,3.0,28.138833764536493,12.013685239491693
28.155090122227662,52,122,1,0.009000000000000001,0.0029332171748547528,52.47051064656365,982.9234780123784,4.0,28.144171256147505,10.918866080156402
28.165090122227664,53,115,1,0.009000000000000001,0.02027410643131926,53.768342200927336,925.2653030469627,4.0,28.153076436988172,12.013685239491693
28.170847449775987,108,80,0,0.009000000000000001,0.0026508408376392212,114.6778336939746,644.4012106024579,3.0,28.15335966873982,17.487781036168133
28.18084744977599,60,65,0,0.009000000000000001,0.0037140473047581495,60.41893116606374,525.9668554134953,3.0,28.161013627684103,19.83382209188661
28.185090122227667,74,102,1,0.009000000000000001,0.000525639425721214,74.33528080395645,821.8521597469409,4.0,28.17104320140655,14.04692082111437
28.19084744977599,27,78,0,0.009000000000000001,0.0029855111800095205,27.741532411622075,624.7897922082666,3.0,28.173046863265725,17.80058651026393
28.200847449775992,45,105,0,0.009000000000000001,0.0014304421995402431,45.52884239634817,843.1140781287851,3.0,28.187269737166023,13.577712609970675
28.210847449775994,67,104,0,0.009000000000000001,0.01650037682215909,67.6298012182962,837.4352324000364,3.0,28.197113334428973,13.734115347018573
28.21509012222767,48,89,1,0.009000000000000001,0.0017298847613589213,48.645083889375464,713.4127604170094,4.0,28.199009965824935,16.080156402737046
28.225090122227673,42,50,1,0.009000000000000001,0.0094206653250733,42.928639680026954,407.78189082068036,4.0,28.202910259080067,22.179863147605083
28.220847449775995,84,88,0,0.009000000000000001,0.0012099982699549116,84.84309398824159,704.1473808537673,3.0,28.20461089063621,16.236559139784944
28.230847449775997,70,77,0,0.009000000000000001,0.01039609805981671,70.69354995065976,620.8544355984143,3.0,28.212890460528683,17.956989247311828
28.235090122227675,43,62,1,0.009000000000000001,0.01578508330651009,43.60240697333549,502.0664118728223,4.0,28.214787091924645,20.303030303030305
28.240847449776,62,44,0,0.009000000000000001,0.007522759764356404,62.32022690736557,357.01304902381145,3.0,28.217729170206105,23.118279569892472
28.250847449776,52,63,0,0.009000000000000001,0.005709553788599751,52.22561997714676,504.8585683671855,3.0,28.230700822210018,20.146627565982406
28.245090122227676,77,109,1,0.009000000000000001,0.027804251946921817,77.80340979546645,877.9700121856347,4.0,28.2321380205659,12.952101661779082
28.255090122227678,56,86,1,0.009000000000000001,0.01196656411397264,56.30303927935267,691.5113104537788,4.0,28.238540757613798,16.549364613880744
28.26509012222768,41,76,1,0.009000000000000001,0.0020753018671841894,41.104178095486105,613.7586074757571,4.0,28.24697673024332,18.113391984359726
28.260847449776,69,107,0,0.009000000000000001,0.00788398852541655,69.68248470891098,856.5080758499292,3.0,28.247582542640128,13.264907135874878
28.27509012222768,86,111,1,0.009000000000000001,0.009188587200568843,86.38725794481738,888.3147071471639,4.0,28.26245082604,12.639296187683286
28.280847449776005,61,78,0,0.009000000000000001,0.0015725689570984791,61.890665468792,627.0826972052519,3.0,28.26304686326574,17.80058651026393
28.295090122227684,53,44,1,0.009000000000000001,0.0010934239516482169,53.87380424010729,358.04900675680824,4.0,28.27197184265779,23.118279569892472
28.285090122227682,43,110,1,0.009000000000000001,0.00390984661810397,43.78665217567706,887.06000814472,4.0,28.272294423302952,12.795698924731184
28.290847449776006,85,94,0,0.009000000000000001,0.0011284603919401593,85.29410187375488,754.6892047298733,3.0,28.275549307058508,15.298142717497555
28.300847449776008,70,44,0,0.009000000000000001,0.020249502646966813,70.21426208310712,352.6951016561715,3.0,28.277729170206115,23.118279569892472
28.305090122227686,65,78,1,0.009000000000000001,0.01026595127394027,65.95823511577152,630.356156028706,4.0,28.28728953571742,17.80058651026393
28.315090122227687,26,81,1,0.009000000000000001,0.02384778282435903,26.6757540259862,650.5144343009388,4.0,28.29775874392857,17.331378299120235
28.32084744977601,50,71,0,0.009000000000000001,0.0029770441744109664,50.25018122713133,569.5406390032731,3.0,28.30195204410641,18.89540566959922
28.32509012222769,38,67,1,0.009000000000000001,0.006087071137994008,38.5803835408175,541.0996323520318,4.0,28.305569105609898,19.521016617790814
28.330847449776012,45,90,0,0.009000000000000001,0.028644020229109002,45.196058949065495,727.2632418471844,3.0,28.314923696110323,15.923753665689148
28.33509012222769,74,122,1,0.009000000000000001,0.011833251051132044,74.05291820012388,980.99962329724,4.0,28.324171256147533,10.918866080156402
28.345090122227692,70,100,1,0.009000000000000001,0.0031014064495017138,70.3336172174858,801.2654377429731,4.0,28.33073039593248,14.359726295210166
28.350847449776015,68,93,0,0.009000000000000001,0.003217200217866131,68.1212166434674,747.3754928962944,3.0,28.33539290432147,15.454545454545453
28.360847449776017,67,39,0,0.009000000000000001,0.0041697404302297745,67.70103626842985,317.2510832454259,3.0,28.336947156520885,23.900293255131963
28.355090122227693,53,124,1,0.009000000000000001,0.0050130151491361375,53.456149434602,995.6411719375521,4.0,28.344484061621632,10.606060606060606
28.365090122227695,108,120,1,0.009000000000000001,0.0130527540074813,108.24644111607728,966.7439103040272,4.0,28.353858450673442,11.231671554252198
28.375090122227697,21,69,1,0.009000000000000001,0.0180162527350968,20.74370474399467,559.2241228153655,4.0,28.355881911084,19.208211143695017
28.37084744977602,56,100,0,0.009000000000000001,0.011929965572421174,56.05053672905582,807.7284735151147,3.0,28.356487723480807,14.359726295210166
28.38084744977602,91,48,0,0.009000000000000001,0.018101999184618193,91.92916045579345,389.84494863028635,3.0,28.35835478115432,22.49266862170088
28.400847449776023,47,69,0,0.009000000000000001,0.024283588771318344,47.00378398929021,553.6054430001434,3.0,28.381639238632328,19.208211143695017
28.3950901222277,70,117,1,0.009000000000000001,0.007033142914544344,70.92158768483418,938.0178024183875,4.0,28.383389242462304,11.700879765395896
28.4050901222277,60,69,1,0.009000000000000001,0.0017639449060147694,60.58176582301145,558.2177650891224,4.0,28.385881911084006,19.208211143695017
28.410847449776025,58,98,0,0.009000000000000001,0.017509456695605757,58.28047474052044,791.0493710256162,3.0,28.396174918006718,14.672531769305962
28.415090122227703,88,83,1,0.009000000000000001,0.005515715438592526,88.0862599528341,666.8263689073108,4.0,28.39807154940268,17.01857282502444
28.420847449776026,57,78,0,0.009000000000000001,0.006149714248845542,57.49683572693456,628.3174578025184,3.0,28.40304686326576,17.80058651026393
28.425090122227704,46,112,1,0.009000000000000001,0.00848865327823129,46.87718025802296,897.1094912915479,4.0,28.41260722877707,12.482893450635387
28.430847449776028,44,93,0,0.009000000000000001,0.026388348148913995,44.76643463360148,748.7602725075117,3.0,28.415392904321482,15.454545454545453
28.435090122227706,69,75,1,0.009000000000000001,0.016395268452591316,69.69544236133117,604.8052902314248,4.0,28.416820327506297,18.269794721407624
28.445090122227707,43,41,1,0.009000000000000001,0.0034905959029518834,43.33039331126952,335.01317463153043,4.0,28.42150263444667,23.587487781036167
28.44084744977603,42,122,0,0.009000000000000001,0.0037346208665024316,42.071056303217404,980.7977649548158,3.0,28.429928583695872,10.918866080156402
28.45084744977603,61,79,0,0.009000000000000001,0.0044638070377562965,61.046054361349825,634.5071484391951,3.0,28.433203266002813,17.64418377321603
28.45509012222771,29,98,1,0.009000000000000001,0.0066796602458574555,29.133994800961233,786.2702107178702,4.0,28.440417590458402,14.672531769305962
28.460847449776033,86,100,0,0.009000000000000001,0.004389453292684805,86.99608944277685,800.725617370395,3.0,28.44648772348082,14.359726295210166
28.470847449776034,90,65,0,0.009000000000000001,0.003121704530352204,90.3706924773997,520.9679368148462,3.0,28.451013627684148,19.83382209188661
28.475090122227712,64,65,1,0.009000000000000001,0.0005071181787710195,64.11383510168413,525.2926446409242,4.0,28.455256300135826,19.83382209188661
28.485090122227714,74,38,1,0.009000000000000001,0.002829969442607008,74.0903502312071,306.30396498513267,4.0,28.461033426235534,24.05669599217986
28.480847449776036,52,89,0,0.009000000000000001,0.001338185551045303,52.27237520497796,718.3776348664213,3.0,28.4647672933733,16.080156402737046
28.495090122227715,67,52,1,0.009000000000000001,0.002684958664909686,67.46436178507659,416.5819120156609,4.0,28.473223064554205,21.867057673509287
28.490847449776037,62,115,0,0.009000000000000001,0.02037884213244392,62.6112890329298,923.5825038027434,3.0,28.478833764536546,12.013685239491693
28.50084744977604,40,96,0,0.009000000000000001,0.005960890027945429,40.73612663439085,769.5355178101249,3.0,28.485862112532637,14.985337243401759
28.505090122227717,35,89,1,0.009000000000000001,0.0075211158606379586,35.89178805761224,713.0814956411295,4.0,28.48900996582498,16.080156402737046
28.51084744977604,58,58,0,0.009000000000000001,0.017218198001833353,58.14678135676921,471.2585382232991,3.0,28.48991880852482,20.928641251221897
28.51509012222772,84,75,1,0.009000000000000001,0.0035388127607511657,84.64910045226625,602.2129766899944,4.0,28.49682032750631,18.269794721407624
28.52509012222772,44,82,1,0.009000000000000001,0.006033030045917112,44.8602961462214,659.0178217567016,4.0,28.50791514666565,17.174975562072337
28.53509012222772,45,86,1,0.009000000000000001,0.012483826733239223,45.40816086796207,689.240134634023,4.0,28.51854075761384,16.549364613880744
28.530847449776044,22,117,0,0.009000000000000001,0.0010745021326639204,22.111795154328256,937.7843509743703,3.0,28.519146570010648,11.700879765395896
28.540847449776045,54,67,0,0.009000000000000001,0.017176218782347263,54.899967247412036,539.6765863071017,3.0,28.521326433158254,19.521016617790814
28.545090122227723,51,76,1,0.009000000000000001,0.003959767006223074,51.26612246814051,609.7439195676261,4.0,28.526976730243362,18.113391984359726
28.550847449776047,88,45,0,0.009000000000000001,0.007907078851523114,88.29476158168002,363.94726990648905,3.0,28.5278855729432,22.961876832844574
28.555090122227725,108,85,1,0.009000000000000001,0.010411362655603568,117.20296887952478,680.9400014795394,4.0,28.538384354876797,16.705767350928642
28.56084744977605,29,53,0,0.009000000000000001,0.014132403630308566,29.430782382589214,431.7625398383319,3.0,28.539136794839585,21.71065493646139
28.57084744977605,68,42,0,0.009000000000000001,0.0020364569051917435,68.04051109925045,339.9016712863538,3.0,28.54741636473206,23.43108504398827
28.565090122227726,57,99,1,0.009000000000000001,0.0134629076963468,57.20628241293358,794.155632398134,4.0,28.550573993195467,14.516129032258064
28.575090122227728,78,75,1,0.009000000000000001,0.007639772210559306,78.78489452644442,602.589901451718,4.0,28.55682032750632,18.269794721407624
28.58084744977605,62,109,0,0.009000000000000001,0.008862428486980283,62.29766001279752,873.6469797702366,3.0,28.567895348114273,12.952101661779082
28.590847449776053,45,68,0,0.009000000000000001,0.0039562204622885,45.76020264888158,544.7300791654055,3.0,28.57148283589531,19.364613880742915
28.59509012222773,63,74,1,0.009000000000000001,0.008735996940049099,63.082825613911034,599.488399438937,4.0,28.576663924769274,18.426197458455523
28.600847449776055,77,88,0,0.009000000000000001,0.009071984360990505,77.92974825231727,706.5291993389615,3.0,28.58461089063627,16.236559139784944
28.610847449776056,93,96,0,0.009000000000000001,0.013535721366789988,93.56618411102653,772.6615862934262,3.0,28.595862112532654,14.985337243401759
28.620847449776058,39,48,0,0.009000000000000001,0.0023052319928093482,39.137943474818,390.89990939251675,3.0,28.598354781154356,22.49266862170088
28.615090122227734,36,91,1,0.009000000000000001,0.008270309087817864,36.85328951046081,728.7426549679583,4.0,28.599322771299093,15.76735092864125
28.625090122227736,58,104,1,0.009000000000000001,0.013392318608948668,58.77318567656067,837.0948107375538,4.0,28.611356006880715,13.734115347018573
28.64084744977606,32,46,0,0.009868907688212409,0.03289635896070803,32.486392638773175,373.9552418142515,3.0,28.618041975680264,22.805474095796676
28.63084744977606,51,112,0,0.009000000000000001,0.011276161011866513,51.7688360122403,901.0200748877487,3.0,28.618364556325425,12.482893450635387
28.635090122227737,73,113,1,0.009000000000000001,0.023578144209077095,73.22824085657135,905.8005835578803,4.0,28.62276363151415,12.32649071358749
28.64509012222774,57,51,1,0.009000000000000001,0.00351689635584329,57.35684218121544,411.4981261446209,4.0,28.62306666181718,22.023460410557185
28.651812902762963,71,88,0,0.009000000000000001,0.01675850035864825,71.17855964377976,705.1295334519995,3.0,28.63557634362318,16.236559139784944
28.65509012222774,94,88,1,0.009000000000000001,0.005716189821276595,94.63920024311491,708.3703626294237,4.0,28.638853563087956,16.236559139784944
28.665090122227742,21,82,1,0.009000000000000001,0.013862422999949955,15.121744918846012,656.9229637439271,4.0,28.64791514666567,17.174975562072337
28.661812902762964,76,110,0,0.009000000000000001,0.00963081077175991,76.97246844120228,884.1207769992676,3.0,28.649017203838234,12.795698924731184
28.671812902762966,83,102,0,0.009000000000000001,0.000578557332799298,83.5004504541536,823.2644457225533,3.0,28.65776598194185,14.04692082111437
28.681812902762967,81,64,0,0.009000000000000001,0.01902821255098704,81.56682815036753,519.9134446858804,3.0,28.661822677934033,19.990224828934508
28.675090122227743,49,122,1,0.009000000000000001,0.001107334137930475,49.707278383265574,979.9082222146144,4.0,28.664171256147586,10.918866080156402
28.69181290276297,27,40,0,0.009508191013805747,0.031693970046019156,27.159285790703464,323.39650070485266,3.0,28.668069012244885,23.743890518084065
28.685090122227745,79,121,1,0.009000000000000001,0.0012540462861306038,79.38541748052116,970.7758205627523,4.0,28.67401485341054,11.0752688172043
28.695090122227747,78,75,1,0.009000000000000001,0.0009542317375866997,78.91035005990527,603.8497572711863,4.0,28.676820327506338,18.269794721407624
28.702377559444976,72,52,0,0.009000000000000001,0.008670074603329945,72.49170827458157,423.1231983930635,3.0,28.680510501771465,21.867057673509287
28.705090122227748,71,89,1,0.009000000000000001,0.026383666188049163,71.07272450592224,713.2093502289197,4.0,28.68900996582501,16.080156402737046
28.712377559444977,40,80,0,0.009000000000000001,0.002683805666415673,40.36972776749743,646.0595677320307,3.0,28.69488977840881,17.487781036168133
28.71509012222775,48,68,1,0.009000000000000001,0.00994271558520428,48.55186276028744,547.986004929338,4.0,28.695725508347007,19.364613880742915
28.742377559444982,30,51,0,0.009000000000000001,0.0015854396621277056,30.323511927679874,409.7323000561475,3.0,28.720354099034424,22.023460410557185
28.73237755944498,51,117,0,0.009000000000000001,0.00694387013503127,51.03768731961166,938.24957866724,3.0,28.720676679679585,11.700879765395896
28.745090122227754,89,85,1,0.009000000000000001,0.006391912663175847,89.14819228266728,687.6852577515544,4.0,28.728384354876827,16.705767350928642
28.752377559444984,76,89,0,0.009000000000000001,0.011502090453818122,76.21223994431486,715.5792339361133,3.0,28.736297403042247,16.080156402737046
28.765090122227758,54,49,1,0.009000000000000001,0.01622907281101897,54.69839397789343,397.6687463917685,4.0,28.742753856343104,22.33626588465298
28.755090122227756,47,115,1,0.009000000000000001,0.007545437952068759,47.36100127246647,926.955861281343,4.0,28.743076436988265,12.013685239491693
28.772377559444987,21,63,0,0.0124223212367755,0.04140773745591833,15.374080177289763,504.5742697175715,3.0,28.752230931879005,20.146627565982406
28.77509012222776,29,59,1,0.009000000000000001,0.01499544905128331,29.611415529292174,477.8148043668939,4.0,28.754317883713586,20.772238514174
28.78618013859696,80,59,0,0.009000000000000001,0.003492982733782499,80.84423681086811,476.62592098462164,3.0,28.76540790008279,20.772238514174
28.78509012222776,102,98,1,0.009000000000000001,0.019641774697440162,102.09180587639395,790.1317815058371,4.0,28.770417590458454,14.672531769305962
28.795090122227762,41,78,1,0.009000000000000001,0.007934978431129334,41.08748114938426,631.7438326378344,4.0,28.777289535717497,17.80058651026393
28.805090122227764,65,55,1,0.009000000000000001,0.0021529976041376416,65.06736511384703,445.8685753061778,4.0,28.7836922727654,21.397849462365592
28.815090122227765,55,55,1,0.009000000000000001,0.010826522177413556,55.507167141396565,445.4244911085333,4.0,28.7936922727654,21.397849462365592
28.806180138596964,67,116,0,0.009000000000000001,0.022615941357266682,67.03859916624755,934.8898629067706,3.0,28.79432285609452,11.857282502443795
28.816180138596966,42,122,0,0.009000000000000001,0.0018482401140114894,42.17340373131098,977.8288720694785,3.0,28.80526127251681,10.918866080156402
28.826180138596968,63,63,0,0.009000000000000001,0.006030932642193319,63.620924910611286,511.11080891148606,3.0,28.806033511030986,20.146627565982406
28.825090122227767,79,113,1,0.009000000000000001,0.010462483387612482,79.19825518871801,909.8309324452224,4.0,28.81276363151418,12.32649071358749
28.83618013859697,69,64,0,0.009000000000000001,0.0020862757587292685,69.12736421763707,512.6145323575696,3.0,28.816189913768035,19.990224828934508
28.83509012222777,62,103,1,0.009000000000000001,0.013795920761841936,62.59165240046473,826.3133710584336,4.0,28.8211996041437,13.890518084066471
28.84618013859697,92,49,0,0.009000000000000001,0.0009763202338712916,92.60598887082787,398.96848795143814,3.0,28.823843872712317,22.33626588465298
28.84509012222777,86,67,1,0.009000000000000001,0.0015089796157442285,86.1441434236006,543.792230754234,4.0,28.82556910560998,19.521016617790814
28.856180138596972,51,93,0,0.009000000000000001,0.0013963044916895553,51.49970986714318,750.4002646621316,3.0,28.840725593142427,15.454545454545453
28.85509012222777,78,114,1,0.009000000000000001,0.004935575201754784,78.74589554916656,912.007592155522,4.0,28.842920034251232,12.170087976539591
28.865090122227773,60,52,1,0.009000000000000001,0.0014447735862885944,60.49349929031586,420.95275631772427,4.0,28.843223064554262,21.867057673509287
28.876180138596975,29,97,0,0.009000000000000001,0.01130487746446207,29.730915555544577,777.8698067239316,3.0,28.86135120409062,14.82893450635386
28.875090122227775,79,116,1,0.009000000000000001,0.0044260724036694395,79.85045716232017,931.9432334351815,4.0,28.86323283972533,11.857282502443795
28.886180138596977,83,87,0,0.009000000000000001,0.00990836532714697,83.34282342498581,698.6480809630032,3.0,28.869787176720145,16.392961876832846
28.885090122227776,23,94,1,0.009000000000000001,0.032778708508755215,23.807655056812123,757.5220667746585,4.0,28.86979197951028,15.298142717497555
28.895090122227778,25,83,1,0.009000000000000001,0.01821142151638323,25.01300668764361,667.2818884654341,4.0,28.878071549402755,17.01857282502444
28.89618013859698,57,124,0,0.009000000000000001,0.017861216418966364,57.34714567181563,994.1370400728597,3.0,28.885574077990917,10.606060606060606
28.90509012222778,63,102,1,0.009000000000000001,0.008098666352538501,63.023073957087334,819.7202949494896,4.0,28.891043201406664,14.04692082111437
28.90618013859698,86,123,0,0.009000000000000001,0.0017866768528615343,86.17163339778335,985.9688131507949,3.0,28.89541767525387,10.762463343108504
28.91618013859698,88,97,0,0.012721734127930833,0.04240578042643611,88.79701161073639,780.6750282068906,3.0,28.901351204090627,14.82893450635386
28.91509012222778,26,121,1,0.009000000000000001,0.0024831135735364765,26.018084891114917,971.6077170188154,4.0,28.904014853410576,11.0752688172043
28.925090122227783,27,103,1,0.009000000000000001,0.005868879974128296,27.088459773453053,828.5657771087025,4.0,28.911199604143714,13.890518084066471
28.930315398739125,55,105,0,0.009000000000000001,0.00279204498156098,55.63459395567908,846.4895129201401,3.0,28.916737686129157,13.577712609970675
28.935090122227784,71,115,1,0.009000000000000001,0.01389545164758847,71.87400270084481,926.0120253230536,4.0,28.923076436988293,12.013685239491693
28.95031539873913,21,64,0,0.009000000000000001,0.009959707625687814,18.663759435125137,517.2596223756841,3.0,28.930325173910195,19.990224828934508
28.955090122227787,70,109,1,0.009000000000000001,0.0024138164551910997,70.63898223857821,878.8643175588776,4.0,28.94213802056601,12.952101661779082
28.96509012222779,64,87,1,0.009000000000000001,0.018606359175501474,64.37054476937584,698.3990993179877,4.0,28.948697160350957,16.392961876832846
28.97031539873913,63,102,0,0.009000000000000001,0.028260040009194944,63.172475268357275,816.2020089989855,3.0,28.956268477918016,14.04692082111437
28.980315398739133,57,43,0,0.009000000000000001,0.002914724477772956,57.2467890210101,347.09922904506016,3.0,28.957040716432193,23.27468230694037
28.985090122227792,76,86,1,0.009000000000000001,0.005907969440748102,76.98207497965346,695.372819772138,4.0,28.968540757613912,16.549364613880744
28.995090122227793,108,49,1,0.009000000000000001,0.0063583170604017795,110.86176929349482,397.4314619305909,4.0,28.97275385634314,22.33626588465298
28.990315398739135,65,100,0,0.009000000000000001,0.00311971031263285,65.58891138576602,804.7382626285103,3.0,28.975955672443924,14.359726295210166
29.005090122227795,28,58,1,0.009000000000000001,3.393599733996213e-05,28.20201553386088,471.70306555055004,4.0,28.984161480976574,20.928641251221897
29.000315398739136,77,100,0,0.009000000000000001,0.0029726430388876835,77.29853003611721,803.5717089023742,3.0,28.985955672443925,14.359726295210166
29.010315398739138,94,50,0,0.009000000000000001,0.00028524488794425847,94.79648447456039,402.26759587892417,3.0,28.988135535591532,22.179863147605083
29.015090122227797,44,53,1,0.009000000000000001,0.012193776254169236,44.65425513901149,427.05557313504687,4.0,28.993379467291334,21.71065493646139
29.02031539873914,25,58,0,0.009000000000000001,0.017316257412276725,25.77306314973177,464.5219091683431,3.0,28.99938675748792,20.928641251221897
29.03031539873914,99,46,0,0.009000000000000001,0.010563609211055279,99.09451741544581,375.2153868402357,3.0,29.007509924643344,22.805474095796676
29.025090122227798,45,105,1,0.009000000000000001,0.00014080377869303364,45.19601757654797,840.2638279347642,4.0,29.01151240961783,13.577712609970675
29.0350901222278,31,62,1,0.009000000000000001,0.02079717829805954,31.1618202798372,499.6945978586158,4.0,29.01478709192477,20.303030303030305
29.040315398739143,21,117,0,0.009000000000000001,0.00017057454652931803,21.41052464570234,936.6950991662109,3.0,29.028614518973747,11.700879765395896
29.0450901222278,70,121,1,0.009000000000000001,0.006461237139199827,70.55883368167466,968.0421661363106,4.0,29.034014853410596,11.0752688172043
29.055090122227803,49,63,1,0.009000000000000001,0.002841567893275778,49.58322566954371,508.49314385201524,4.0,29.03494349466182,20.146627565982406
29.050315398739144,43,95,0,0.009000000000000001,0.003142040359331152,43.5279156735642,764.001851344266,3.0,29.035173658758694,15.141739980449657
29.060315398739146,39,117,0,0.010095924630091237,0.03365308210030412,39.7583628370311,941.0700437335207,3.0,29.04861451897375,11.700879765395896
29.075090122227806,79,43,1,0.009000000000000001,0.01602896210750223,79.54720158596416,347.8438600137363,4.0,29.051815439920865,23.27468230694037
29.08153309277258,67,51,0,0.010002290557601282,0.033340968525337605,67.6702235950801,414.61027051541964,3.0,29.059509632362023,22.023460410557185
29.07153309277258,50,123,0,0.009000000000000001,0.006989148216013418,50.532655357727485,984.2067289428086,3.0,29.06077062942947,10.762463343108504
29.085090122227808,37,54,1,0.009000000000000001,0.031032853280847084,37.739755566963375,435.110489783989,4.0,29.063535870028392,21.55425219941349
29.09509012222781,102,69,1,0.009000000000000001,0.021433792936157877,102.28008557128506,559.4974599264488,4.0,29.075881911084114,19.208211143695017
29.092646748947693,53,108,0,0.009000000000000001,0.0035585117590467247,53.16579291623955,871.1690525906447,3.0,29.079538244548868,13.10850439882698
29.102646748947695,48,45,0,0.009000000000000001,0.004753227220355633,48.02963550735284,361.8778770027309,3.0,29.07968487211485,22.961876832844574
29.10509012222781,55,76,1,0.009000000000000001,0.0020379229795487825,55.88920021285951,610.1531530534141,4.0,29.08697673024345,18.113391984359726
29.112646748947697,60,73,0,0.009000000000000001,0.004188931492316493,60.673890577151774,591.3126624843104,3.0,29.094064148752192,18.58260019550342
29.125090122227814,89,47,1,0.009000000000000001,0.010852594925086558,89.9632329461462,381.32654250832366,4.0,29.102441050869064,22.649071358748778
29.1326467489477,51,42,0,0.009000000000000001,0.017195263050378627,51.87157622163367,339.63789016429064,3.0,29.10921566390371,23.43108504398827
29.122646748947698,62,123,0,0.009000000000000001,0.0018216778481419554,62.50147053908178,990.3237580985864,3.0,29.11188428560459,10.762463343108504
29.145090122227817,56,40,1,0.009000000000000001,0.03594096037015371,56.871329256495635,326.2892488181327,4.0,29.121346231709733,23.743890518084065
29.135090122227815,66,104,1,0.009000000000000001,0.008097226251099626,66.47202693569473,833.450157407808,4.0,29.121356006880795,13.734115347018573
29.15509012222782,78,57,1,0.009000000000000001,0.003356590126304882,78.68705675141177,461.762245494198,4.0,29.13400507823955,21.085043988269796
29.162646748947704,59,101,0,0.009000000000000001,0.012330019206786896,59.720151458668425,812.3109161005506,3.0,29.14844342538954,14.203323558162268
29.172646748947706,92,43,0,0.009000000000000001,0.0019111656684213847,92.73796649916042,349.48762572905633,3.0,29.149372066640765,23.27468230694037
29.16509012222782,33,115,1,0.009000000000000001,0.007113181684884459,33.06588050897035,921.472680475499,4.0,29.15307643698833,12.013685239491693
29.17509012222782,21,77,1,0.009000000000000001,0.011833793798219644,21.083757801868018,619.0150698059393,4.0,29.15713313298051,17.956989247311828
29.182646748947707,26,84,0,0.009000000000000001,0.004486965463877523,26.908720689954563,674.3596263968348,3.0,29.165784578859732,16.86217008797654
29.185090122227823,27,92,1,0.009000000000000001,0.001948494332300926,27.845945911535857,743.8005371911917,4.0,29.16947917403623,15.610948191593351
29.195090122227825,70,90,1,0.009000000000000001,0.004527970261252812,70.46767155619287,727.3592148645121,4.0,29.179166368562136,15.923753665689148
29.205090122227826,74,55,1,0.009000000000000001,0.004528747263428067,74.37694991362412,446.95228217143904,4.0,29.183692272765462,21.397849462365592
29.215090122227828,22,54,1,0.009000000000000001,0.014967874218063735,22.997569807084858,436.62223052800437,4.0,29.193535870028413,21.55425219941349
29.21124415098933,57,89,0,0.009000000000000001,0.015915524286430595,57.398284971005204,716.790361134076,3.0,29.195163994586594,16.080156402737046
29.22124415098933,101,92,0,0.009000000000000001,0.021767936901048703,101.51724956840266,741.0130764331791,3.0,29.20563320279774,15.610948191593351
29.231244150989333,24,50,0,0.009000000000000001,0.00540225155449243,24.551643292453726,401.01843058123706,3.0,29.209064287841727,22.179863147605083
29.22509012222783,58,105,1,0.009000000000000001,0.0018080379457959634,58.1729466463462,844.0128373439165,4.0,29.21151240961786,13.577712609970675
29.23509012222783,21,88,1,0.009000000000000001,0.0026005028467536574,-2.413800468703947,705.7276294597987,4.0,29.218853563088047,16.236559139784944
29.241244150989335,42,101,0,0.009000000000000001,0.0009822978531124464,42.40163775632751,815.2247802982458,3.0,29.22704082743117,14.203323558162268
29.245090122227833,94,113,1,0.009000000000000001,0.02096831069871949,94.31826696797015,907.4231730572114,4.0,29.232763631514246,12.32649071358749
29.251244150989336,43,81,0,0.009000000000000001,0.003856861768094852,43.92471940617932,654.2312846882855,3.0,29.233912772690218,17.331378299120235
29.27124415098934,84,38,0,0.009000000000000001,0.0015534023502232128,84.87637400410642,306.0333018142462,3.0,29.24718745499716,24.05669599217986
29.261244150989338,53,104,0,0.009000000000000001,0.001773472276656689,53.62507627726709,833.6528495950209,3.0,29.247510035642318,13.734115347018573
29.275090122227837,33,103,1,0.009000000000000001,0.001673254416726118,33.92659493093888,825.3667864877243,4.0,29.26119960414377,13.890518084066471
29.28124415098934,31,82,0,0.009000000000000001,0.0002017508788060096,31.890811838945528,662.6107442359638,3.0,29.26406917542727,17.174975562072337
29.28509012222784,72,99,1,0.009000000000000001,0.004141339944551263,72.0393523742606,796.9268033670176,4.0,29.27057399319558,14.516129032258064
29.291244150989343,108,74,0,0.009000000000000001,7.491128991723805e-05,114.57458492825282,595.880633760198,3.0,29.272817953530886,18.426197458455523
29.29509012222784,99,57,1,0.009000000000000001,0.0004904907653575863,99.146762338934,458.8093614320459,4.0,29.274005078239572,21.085043988269796
29.301244150989344,100,57,0,0.009000000000000001,0.012660899436457512,100.0171762305268,463.11327507778435,3.0,29.280159107001076,21.085043988269796
29.305090122227842,42,92,1,0.009000000000000001,0.01586146499588779,42.40792994130322,741.5458131734524,4.0,29.28947917403625,15.610948191593351
29.311244150989346,50,88,0,0.009000000000000001,0.016774063328595237,50.12469182068894,711.9018683174165,3.0,29.29500759184956,16.236559139784944
29.315090122227843,53,89,1,0.009000000000000001,0.008856688350873297,53.69022725100081,718.1445106844972,4.0,29.299009965825107,16.080156402737046
29.321244150989347,75,110,0,0.009000000000000001,0.0023668874899555976,75.35768162360479,880.9577152487103,3.0,29.308448452064617,12.795698924731184
29.325090122227845,21,98,1,0.009000000000000001,0.006395345942486962,7.34183040573005,788.8193267583921,4.0,29.31041759045854,14.672531769305962
29.33124415098935,28,60,0,0.009000000000000001,0.005372171396421202,28.41874218417027,480.81030038931453,3.0,29.310628315212224,20.6158357771261
29.335090122227847,45,38,1,0.009000000000000001,0.005686258902085973,45.4491362368981,304.06263819005875,4.0,29.311033426235667,24.05669599217986
29.345090122227848,44,103,1,0.009000000000000001,0.0035804404581495377,44.85601545854476,824.2423483349637,4.0,29.33119960414378,13.890518084066471
29.351244150989352,106,92,0,0.009000000000000001,0.002284783409540003,106.75786380323464,738.7618410453908,3.0,29.33563320279776,15.610948191593351
29.35509012222785,80,99,1,0.009000000000000001,0.015806692710136704,80.45218035172573,794.7356973031417,4.0,29.34057399319559,14.516129032258064
29.36509012222785,60,44,1,0.009000000000000001,0.012816944575347884,60.11785340552528,359.5305349142498,4.0,29.34197184265796,23.118279569892472
29.361244150989354,59,80,0,0.009000000000000001,0.004443242031000813,59.82903330699992,640.1199243327292,3.0,29.343756369953187,17.487781036168133
29.375090122227853,87,67,1,0.009000000000000001,0.0024844998359003743,87.57667351195904,537.2553539559184,4.0,29.355569105610062,19.521016617790814
29.371244150989355,64,117,0,0.009000000000000001,0.008343692995187888,64.27617803446644,941.7292021831227,3.0,29.35954327122396,11.700879765395896
29.385090122227854,45,48,1,0.009000000000000001,0.017111038852106755,45.03458267282063,391.4887776238191,4.0,29.362597453606153,22.49266862170088
29.381244150989357,101,88,0,0.009000000000000001,0.016135368007096595,101.96582193740481,710.3648491465332,3.0,29.365007591849572,16.236559139784944
29.39124415098936,50,54,0,0.009000000000000001,0.0067799662937266456,50.622434054203474,434.6210409490454,3.0,29.369689898789943,21.55425219941349
29.395090122227856,36,68,1,0.009000000000000001,0.0019040190314858476,36.04550613725348,544.0919675900849,4.0,29.375725508347113,19.364613880742915
29.40124415098936,66,66,0,0.009000000000000001,0.006235022135159871,66.76605091503149,534.7847694474428,3.0,29.38156673163452,19.67741935483871
29.405090122227858,21,45,1,0.009000000000000001,0.014424289663879042,18.347577351366567,367.8659748387003,4.0,29.382128245395013,22.961876832844574
29.41124415098936,55,84,0,0.009126209259646453,0.03042069753215484,55.8543161959919,673.1387030662979,3.0,29.394381980901386,16.86217008797654
29.41509012222786,53,70,1,0.009000000000000001,0.004326570090134334,53.84029111914485,560.6804662247494,4.0,29.39603831382121,19.05180840664712
29.42138438350008,34,70,0,0.009000000000000001,0.009984350052052565,34.200848934580364,563.0748533055587,3.0,29.402332575093432,19.05180840664712
29.42509012222786,47,89,1,0.009000000000000001,0.014978579367142265,47.858329430583254,717.1487684817137,4.0,29.409009965825124,16.080156402737046
29.43138438350008,62,92,0,0.009000000000000001,0.0010441220131407042,62.989123248572504,736.0678309283672,3.0,29.415773435308488,15.610948191593351
29.441384383500083,43,51,0,0.009000000000000001,0.005921698082161454,43.40676923572268,415.19624090053446,3.0,29.419360923089524,22.023460410557185
29.435090122227862,48,110,1,0.009000000000000001,0.010338523246861608,48.61327220413251,883.2466198371836,4.0,29.422294423303132,12.795698924731184
29.445090122227864,67,88,1,0.009000000000000001,0.012228831640237605,67.67547923510827,704.1392076374592,4.0,29.42885356308808,16.236559139784944
29.455090122227865,37,75,1,0.009000000000000001,0.022048717556605143,37.09384560859416,600.8217667529667,4.0,29.436820327506457,18.269794721407624
29.461384383500086,73,44,0,0.009000000000000001,0.012393299493894106,73.40703678610834,358.94910782396886,3.0,29.438266103930193,23.118279569892472
29.451384383500084,76,118,0,0.009000000000000001,0.005214354274792677,76.50154444785929,948.6097682528668,3.0,29.439839906471736,11.544477028347998
29.465090122227867,75,42,1,0.009000000000000001,0.006813033305476767,75.38131978832689,338.6523387252839,4.0,29.44165903718388,23.43108504398827
29.471384383500087,21,95,0,0.012515471468348555,0.04171823822782852,-2.933259708982618,766.4851132864433,3.0,29.456242643519637,15.141739980449657
29.47509012222787,69,81,1,0.009000000000000001,0.030930698009606163,69.3666834494291,654.3617252636161,4.0,29.45775874392875,17.331378299120235
29.49509012222787,22,48,1,0.009000000000000001,0.019094409695671225,22.71247095912142,385.136023476066,4.0,29.47259745360617,22.49266862170088
29.48509012222787,42,118,1,0.009000000000000001,0.00025966479746254424,42.38135877027021,947.3232331050532,4.0,29.473545645199522,11.544477028347998
29.495290462909367,64,94,0,0.009000000000000001,0.0019211130585570827,64.87065720744266,753.6212226386499,3.0,29.47999232019187,15.298142717497555
29.505090122227873,63,59,1,0.009000000000000001,0.004516019505566217,63.33699545072127,478.79979673226336,4.0,29.4843178837137,20.772238514174
29.505290462909368,82,96,0,0.009000000000000001,0.0028163964810765984,82.35047030389379,771.3938102380029,3.0,29.490305125665966,14.985337243401759
29.515090122227875,61,115,1,0.009000000000000001,0.00706619933898276,61.81504268136968,922.9517391230686,4.0,29.503076436988383,12.013685239491693
29.51529046290937,77,115,0,0.009000000000000001,0.00953212685863501,77.5658377481368,924.7283657664082,3.0,29.50327677766988,12.013685239491693
29.525090122227876,71,79,1,0.009000000000000001,0.010523362465302378,71.29437392408062,632.6725686110403,4.0,29.50744593845466,17.64418377321603
29.52529046290937,31,123,0,0.009000000000000001,0.0008189001647048279,31.822220841384606,991.6097734457951,3.0,29.514527999566262,10.762463343108504
29.535090122227878,86,63,1,0.009000000000000001,0.019283187285323702,86.29078762821479,504.1037387030357,4.0,29.514943494661896,20.146627565982406
29.535290462909373,41,101,0,0.009000000000000001,0.004932964606407559,41.0718736523673,812.8288894682792,3.0,29.52108713935121,14.203323558162268
29.545290462909374,43,62,0,0.009000000000000001,0.011543105249436946,43.81576911427379,496.89919448712385,3.0,29.524987432606345,20.303030303030305
29.54509012222788,57,112,1,0.009000000000000001,0.0013789871409098683,57.95795602437549,898.7201250540569,4.0,29.532607228777245,12.482893450635387
29.555290462909376,42,58,0,0.009000000000000001,0.00529545210803004,42.14673443218598,464.02754595536874,3.0,29.534361821658155,20.928641251221897
29.55509012222788,60,70,1,0.009000000000000001,0.008853134308203175,60.035108515530965,562.4751843521705,4.0,29.536038313821233,19.05180840664712
29.565290462909378,29,38,0,0.009000000000000001,0.00019847140688670828,29.48613162782219,304.9642689420597,3.0,29.5412337669172,24.05669599217986
29.575090122227884,102,49,1,0.009000000000000001,0.0032932414755506025,102.39497391690148,394.1017579850138,4.0,29.55275385634323,22.33626588465298
29.57529046290938,30,109,0,0.009000000000000001,0.01140217991239729,30.06497651927632,877.8079270240402,3.0,29.5623383612476,12.952101661779082
29.585090122227886,71,90,1,0.009000000000000001,0.016823683793952993,71.53635034128948,724.2767198970812,4.0,29.569166368562197,15.923753665689148
29.58529046290938,70,91,0,0.009000000000000001,0.001585366345000549,70.40334795941693,731.4035238479013,3.0,29.56952311198074,15.76735092864125
29.595090122227887,41,81,1,0.009000000000000001,0.029865235466042365,41.89124750365097,654.5508407258477,4.0,29.57775874392877,17.331378299120235
29.595290462909382,47,91,0,0.009000000000000001,0.0004589793620499067,47.79450592138365,735.7828933235971,3.0,29.57952311198074,15.76735092864125
29.605290462909384,90,108,0,0.009000000000000001,0.0036949639261205764,90.8492466963425,867.6546348708274,3.0,29.592181958510558,13.10850439882698
29.60509012222789,52,122,1,0.009000000000000001,0.0008971769581573246,52.584149559108305,978.6685663268048,4.0,29.59417125614773,10.918866080156402
29.61509012222789,63,69,1,0.009000000000000001,0.0003945309673973471,63.884147353022435,558.0344567488021,4.0,29.595881911084195,19.208211143695017
29.615290462909385,44,120,0,0.009000000000000001,0.005114201785450442,44.986064695487045,963.0070552044483,3.0,29.604058791355133,11.231671554252198
29.625090122227892,99,91,1,0.009000000000000001,0.0006810986628152086,99.22519676754634,735.5168469215255,4.0,29.60932277129925,15.76735092864125
29.63529046290939,97,45,0,0.009000000000000001,0.023833748858765224,97.35137732352658,361.1917655097587,3.0,29.612328586076544,22.961876832844574
29.625290462909387,57,116,0,0.009000000000000001,0.005216552496383981,57.78467054878143,928.2726285654588,3.0,29.613433180406943,11.857282502443795
29.64529046290939,71,55,0,0.009000000000000001,0.027566103598609698,71.7619110780359,440.6379377798657,3.0,29.623892613447026,21.397849462365592
29.645090122227895,53,85,1,0.009000000000000001,0.005973378718722709,53.91448388524315,680.6337191430589,4.0,29.628384354876967,16.705767350928642
29.655090122227897,55,44,1,0.009000000000000001,0.001056181912714316,55.656339215656274,356.5454497120405,4.0,29.631971842658004,23.118279569892472
29.65529046290939,73,111,0,0.009000000000000001,0.01635367234301898,73.14373852606062,895.0929142795258,3.0,29.64265116672171,12.639296187683286
29.665290462909393,63,87,0,0.009000000000000001,0.0034129431239945185,63.033907906406824,703.0547297856167,3.0,29.64889750103256,16.392961876832846
29.665090122227898,74,90,1,0.009000000000000001,0.0048986545373217285,74.96179137588067,720.1417829648065,4.0,29.64916636856221,15.923753665689148
29.675290462909395,31,38,0,0.009000000000000001,0.010360603487607947,31.73733581251745,311.87839052082654,3.0,29.651233766917215,24.05669599217986
29.6750901222279,52,62,1,0.009000000000000001,0.007208322433002203,52.383619982483346,499.17842719043927,4.0,29.65478709192487,20.303030303030305
29.695090122227903,90,50,1,0.009000000000000001,0.019343785768172656,90.54618087924919,407.0209809535987,4.0,29.672910259080297,22.179863147605083
29.685290462909396,60,119,0,0.009684262463437452,0.03228087487812484,60.90303177228046,952.5868187446806,3.0,29.673902388618096,11.3880742913001
29.696050754535438,53,109,0,0.009000000000000001,0.010964561131275943,53.435976436800836,875.8602279362991,3.0,29.68309865287366,12.952101661779082
29.705090122227904,22,56,1,0.009000000000000001,0.0006845950131680698,22.10303733316971,451.15674281409457,4.0,29.68384867550259,21.241446725317694
29.70605075453544,21,81,0,0.009000000000000001,0.00013370187395304688,11.207982343918857,649.2775609545552,3.0,29.68871937623632,17.331378299120235
29.715090122227906,63,89,1,0.009000000000000001,0.0013679822911021036,63.62778588608659,712.1316244955067,4.0,29.69900996582517,16.080156402737046
29.71605075453544,108,97,0,0.009000000000000001,0.000749532981636098,110.69639302765809,779.1047527485152,3.0,29.701221820029087,14.82893450635386
29.726050754535443,57,50,0,0.009000000000000001,0.006996088419178135,57.88502781583933,404.56714535850244,3.0,29.703870891387837,22.179863147605083
29.736050754535444,98,52,0,0.009000000000000001,0.010448543531271235,98.1241750644871,420.67045347361636,3.0,29.714183696861934,21.867057673509287
29.73509012222791,42,73,1,0.009000000000000001,0.009384298156405574,42.22646931991062,590.1645805731268,4.0,29.716507522032405,18.58260019550342
29.756050754535448,68,43,0,0.009000000000000001,0.0073056967521512965,68.5853464673338,351.0289163101585,3.0,29.732776072228507,23.27468230694037
29.746050754535446,33,121,0,0.009000000000000001,0.020588123020419104,33.982308362298504,973.6366402368448,3.0,29.73497548571824,11.0752688172043
29.765090122227914,73,44,1,0.009000000000000001,0.019593240220778643,73.83119167297224,353.70916034974414,4.0,29.74197184265802,23.118279569892472
29.755090122227912,32,115,1,0.009000000000000001,5.737358753414059e-05,32.80395609907055,923.0805954168666,4.0,29.74307643698842,12.013685239491693
29.76605075453545,78,109,0,0.009000000000000001,0.009857289822107594,78.44001581496755,872.4754514963334,3.0,29.75309865287367,12.952101661779082
29.775090122227915,108,61,1,0.009000000000000001,0.001124840561704064,119.12536637117422,492.43583623756854,4.0,29.754630689187838,20.459433040078203
29.77605075453545,45,81,0,0.011582187342411638,0.038607291141372124,45.0144412739141,651.3086717171526,3.0,29.758719376236332,17.331378299120235
29.785090122227917,57,89,1,0.009000000000000001,0.012615938546928518,57.38624411668003,716.4412146432101,4.0,29.76900996582518,16.080156402737046
29.788919851582573,46,85,0,0.009000000000000001,0.0060689036768307655,46.70223054638424,682.8408596551869,3.0,29.772214084231646,16.705767350928642
29.798919851582575,69,45,0,0.009000000000000001,0.007902036044492414,69.17113210551923,362.63118596727105,3.0,29.77595797474973,22.961876832844574
29.808919851582576,74,48,0,0.009000000000000001,0.0054125748713471375,74.03239876603013,390.23180955144926,3.0,29.786427182960875,22.49266862170088
29.80509012222792,48,113,1,0.009000000000000001,0.008605661962046776,48.82313196818221,911.0641112863013,4.0,29.792763631514333,12.32649071358749
29.818919851582578,51,46,0,0.009000000000000001,0.01272954256690394,51.11458579520749,370.81593372917223,3.0,29.79611437748678,22.805474095796676
29.81509012222792,30,105,1,0.009000000000000001,0.019923321762375563,30.47927817787153,842.6022544100163,4.0,29.801512409617953,13.577712609970675
29.82891985158258,88,57,0,0.009000000000000001,0.00975875818212531,88.4220819847552,463.5833141777545,3.0,29.80783480759431,21.085043988269796
29.83891985158258,45,58,0,0.009000000000000001,0.010194365611778085,45.840535421937304,464.97777420311945,3.0,29.81799121033136,20.928641251221897
29.835090122227925,61,95,1,0.009000000000000001,0.023478475810660298,61.180750507458306,763.1725425022712,4.0,29.819948382247475,15.141739980449657
29.845090122227926,55,65,1,0.009000000000000001,0.0037257453963645375,55.369104249605584,524.0076924729444,4.0,29.82525630013604,19.83382209188661
29.848919851582583,66,48,0,0.009000000000000001,0.0125057635177767,66.26824336738822,388.97734360691675,3.0,29.82642718296088,22.49266862170088
29.858919851582584,84,51,0,0.009000000000000001,0.005578156560250175,84.55682336035167,412.60220543956854,3.0,29.836896391172026,22.023460410557185
29.855090122227928,50,118,1,0.009000000000000001,0.004147489424353085,50.39380461726786,950.381446883928,4.0,29.84354564519958,11.544477028347998
29.87509012222793,42,44,1,0.009000000000000001,0.0018816583390550152,42.71657759615262,356.5927611502778,4.0,29.85197184265804,23.118279569892472
29.86509012222793,63,124,1,0.009000000000000001,0.0025169870176122034,63.91665659172401,999.7712436694645,4.0,29.854484061621868,10.606060606060606
29.88891985158259,61,71,0,0.009000000000000001,0.0072055510309062334,61.20892552015192,575.9333462199356,3.0,29.87002444591299,18.89540566959922
29.885090122227933,76,112,1,0.009000000000000001,0.020789082786950096,76.96842007098253,901.1258814336244,4.0,29.872607228777298,12.482893450635387
29.89891985158259,75,80,0,0.009000000000000001,0.018852120239358592,75.25272479598955,645.0878973206624,3.0,29.881432070546424,17.487781036168133
29.895090122227934,72,112,1,0.009000000000000001,0.005167940535437542,72.12265468999378,897.0692795716242,4.0,29.8826072287773,12.482893450635387
29.905090122227936,102,83,1,0.009000000000000001,0.0037841815109264537,102.99550416873927,666.5706799992896,4.0,29.888071549402913,17.01857282502444
29.915090122227937,79,52,1,0.009000000000000001,0.006643116907283852,79.05471680331011,416.11454726377485,4.0,29.893223064554427,21.867057673509287
29.908919851582592,89,110,0,0.009000000000000001,0.0063847437323723034,89.00836826004726,882.3590791816365,3.0,29.896124152657862,12.795698924731184
29.918919851582594,59,66,0,0.009000000000000001,0.005167095542509634,59.1896452464563,533.3099019093675,3.0,29.899242432227755,19.67741935483871
29.92509012222794,52,87,1,0.009000000000000001,0.0016194102536441848,52.888626666654716,703.836674725926,4.0,29.908697160351107,16.392961876832846
29.928919851582595,23,106,0,0.009000000000000001,0.006771321564776776,23.87275053579976,855.7685593009135,3.0,29.915498541709674,13.421309872922777
29.938919851582597,70,66,0,0.009000000000000001,0.006664716878250678,70.04755249960574,533.8318838939717,3.0,29.919242432227758,19.67741935483871
29.93509012222794,49,120,1,0.009000000000000001,0.010714667746624686,49.360360742751624,962.5946900851206,4.0,29.923858450673688,11.231671554252198
29.945090122227942,30,95,1,0.009000000000000001,0.002831821094105922,30.268439565017218,767.8524914821758,4.0,29.929948382247492,15.141739980449657
29.9489198515826,38,77,0,0.009000000000000001,0.001129682623868175,38.771926246559524,622.4709541584953,3.0,29.930962862335285,17.956989247311828
29.9589198515826,47,40,0,0.009000000000000001,0.003668519016038897,47.50573973566913,324.6114751898359,3.0,29.935175961064516,23.743890518084065
29.955090122227944,76,101,1,0.009000000000000001,0.01347648404251943,76.95289673401439,815.6597146531534,4.0,29.94088679866978,14.203323558162268
29.965090122227945,57,87,1,0.009000000000000001,0.006123501356750105,57.99013355083436,698.5346412432658,4.0,29.948697160351113,16.392961876832846
29.9689198515826,108,68,0,0.009000000000000001,0.0039029853022980532,111.58927832958743,549.5912448238221,3.0,29.94955523770186,19.364613880742915
29.975090122227947,83,68,1,0.009000000000000001,0.01179649181511564,83.27618075615781,549.8220635962808,4.0,29.955725508347204,19.364613880742915
29.98509012222795,65,56,1,0.009000000000000001,0.003565117287673459,65.66635594009705,449.687222646685,4.0,29.963848675502632,21.241446725317694
29.978919851582603,104,121,0,0.009000000000000001,0.005929449070426362,104.00362985224754,975.8625427643365,3.0,29.967844582765398,11.0752688172043
29.988919851582605,39,77,0,0.009000000000000001,0.00473768270190911,39.34838223881195,620.435228892894,3.0,29.97096286233529,17.956989247311828
29.998919851582606,40,55,0,0.009000000000000001,0.014251189713947635,40.53658478578265,444.19172893193127,3.0,29.977522002120242,21.397849462365592
29.99509012222795,87,91,1,0.009000000000000001,0.0003851524883893587,87.50836567318655,730.2499732544202,4.0,29.97932277129931,15.76735092864125
