Condition,Mean_Error_ms,Std_Error_ms,Min_Error_ms,Max_Error_ms,Median_Error_ms
No_Correction,17.67582304219595,4.425648732331863,12.55184389860986,27.569771774984986,16.457779271382034
Theoretical_Only,1.2729022997607975,0.4560437059966943,0.7055756478244746,2.296053735722836,1.2091496988692052
Calibrated_Only,0.37046094772735383,0.22520911528901463,0.00016617689480025177,1.1305549296807271,0.37903938668737425
Calibrated_Plus_Filter,2.240865044295793,2.4089652853783248,0.00167185417332405,10.13349650881068,0.5675612424845822
