Metric,Distorted,Corrected,Δ (Corr - Dist),% Change
Mean Absolute Error (ms),16.402920742435146,16.044146966888785,-0.3587737755463607,-2.187255435662721
SD of Absolute Error (ms),4.243773735628811,2.870464530603511,-1.3733092050253002,-32.36056610406948
Mean Relative Distortion (ms),0.08286764665061407,0.033214323964835354,-0.04965332268577871,-59.91882802600473
SD of Relative Distortion (ms),3.02450790277526,1.8849784507223224,-1.1395294520529378,-37.67652420439425
Mean |Absolute Error| (ms),16.402920742435146,16.044146966888785,-0.3587737755463607,-2.187255435662721
Mean |Relative Distortion| (ms),2.494127391122782,1.4499955283556945,-1.0441318627670875,-41.863613963080304
