Fragment,Num_Notes,Velocity_Min,Velocity_Max,Velocity_Range,Max_Deviation_Overall,Mean_Deviation,Std_Deviation,Max_Lin_Pow,Max_Lin_Log,Max_Pow_Log,Mean_Lin_Pow,Mean_Lin_Log,Mean_Pow_Log
Fragment_4_Tremolo,24,200,850,650,14.768236027569596,11.85504293433654,2.936441886678236,4.999957000713778,11.392034956160398,14.768236027569596,4.265761706874181,7.589281227462358,11.85504293433654
Fragment_1_Arpeggio_Crescendo,16,150,900,750,14.748662490905744,11.45066350564029,3.509788989292488,4.997472597510438,11.544258159002062,14.748662490905744,3.9812561333704144,7.469407372269876,11.45066350564029
Fragment_2_Chord_Cluster,10,100,1000,900,14.74866249090574,9.339024639955124,5.090849900459349,4.850319484696552,11.491685418830713,14.74866249090574,2.8828823663749406,6.456142273580186,9.339024639955124
Fragment_5_Micropolyphonic,10,50,1000,950,13.125315026784264,7.353305158747529,5.206620020698161,2.115564881622962,11.361388752404864,13.125315026784264,1.3011201791828018,6.052184979564727,7.353305158747529
Fragment_3_Hocketing,20,80,980,900,12.55739092498888,7.039801571411519,5.6609272324658715,1.4417182896986134,11.115672635290267,12.55739092498888,1.1235235717309362,5.916277999680583,7.039801571411519
