Model,RMSE_ms,Best_Model,Parameters
Linear,1.4292867288592688,False,[ 2.61038279e+01 -1.58391715e-02]
Power-law (c=0.5),0.6920381415560677,True,[31.67815307 -0.64154132]
Power-law (c=2.0),2.511293424986484,False,[ 2.26977069e+01 -1.34539644e-05]
Logarithmic,1.5234920389699655,False,[46.03092914 -4.72203504]
