onset_time,pitch,velocity,voice_id,duration,base_ioi,raw_pitch,raw_velocity,tempo_ratio,trigger_time,compensation_ms
0.0,50,68,0,0.05625,0.0625,63.017185047887956,550.0,1.0,-0.019364613880742915,19.364613880742915
0.0,64,68,1,0.05625,0.0625,64.44226104114409,550.0,1.0,-0.019364613880742915,19.364613880742915
0.0625,40,68,0,0.05625,0.0625,52.37775555387863,550.0,1.0,0.04313538611925709,19.364613880742915
0.0625,64,68,1,0.05625,0.0625,64.34322991174308,550.0,1.0,0.04313538611925709,19.364613880742915
0.125,57,68,0,0.05625,0.0625,69.16932459792702,550.0,1.0,0.10563538611925709,19.364613880742915
0.125,60,68,1,0.05625,0.0625,61.53315836802494,550.0,1.0,0.10563538611925709,19.364613880742915
0.1875,45,68,0,0.05625,0.0625,57.99902786501304,550.0,1.0,0.16813538611925707,19.364613880742915
0.1875,60,68,1,0.05625,0.0625,60.96785042748448,550.0,1.0,0.16813538611925707,19.364613880742915
0.25,43,68,0,0.05625,0.0625,55.388232106463924,550.0,1.0,0.23063538611925707,19.364613880742915
0.25,64,68,1,0.05625,0.0625,65.22321429350426,550.0,1.0,0.23063538611925707,19.364613880742915
0.3125,52,68,0,0.05625,0.0625,65.67784281796952,550.0,1.0,0.2931353861192571,19.364613880742915
0.3125,72,68,1,0.05625,0.0625,72.11862059261568,550.0,1.0,0.2931353861192571,19.364613880742915
0.375,52,68,0,0.05625,0.0625,65.50136584779146,550.0,1.0,0.3556353861192571,19.364613880742915
0.375,64,68,1,0.05625,0.0625,64.0936496844397,550.0,1.0,0.3556353861192571,19.364613880742915
0.4375,43,68,0,0.05625,0.0625,55.92624957172897,550.0,1.0,0.4181353861192571,19.364613880742915
0.4375,52,68,1,0.05625,0.0625,53.84301547580677,550.0,1.0,0.4181353861192571,19.364613880742915
0.5,48,68,0,0.05625,0.0625,60.100456781532344,550.0,1.0,0.4806353861192571,19.364613880742915
0.5,45,68,1,0.05625,0.0625,46.6542998904313,550.0,1.0,0.4806353861192571,19.364613880742915
0.5625,33,68,0,0.05625,0.0625,45.646816293213405,550.0,1.0,0.543135386119257,19.364613880742915
0.5625,72,68,1,0.05625,0.0625,72.35357931177968,550.0,1.0,0.543135386119257,19.364613880742915
0.625,55,68,0,0.05625,0.0625,67.36022863820683,550.0,1.0,0.605635386119257,19.364613880742915
0.625,48,68,1,0.05625,0.0625,48.89376720338949,550.0,1.0,0.605635386119257,19.364613880742915
0.6875,55,68,0,0.05625,0.0625,66.34845454299314,550.0,1.0,0.668135386119257,19.364613880742915
0.6875,67,68,1,0.05625,0.0625,67.74645571138889,550.0,1.0,0.668135386119257,19.364613880742915
0.75,55,68,0,0.05625,0.0625,66.10127441991955,550.0,1.0,0.730635386119257,19.364613880742915
0.75,64,68,1,0.05625,0.0625,65.1035866843384,550.0,1.0,0.730635386119257,19.364613880742915
0.8125,24,68,0,0.05625,0.0625,47.063969150752186,550.0,1.0,0.793135386119257,19.364613880742915
0.8125,57,68,1,0.05625,0.0625,57.56921098209678,550.0,1.0,0.793135386119257,19.364613880742915
0.875,45,68,0,0.05625,0.0625,57.86190485882818,550.0,1.0,0.855635386119257,19.364613880742915
0.875,64,68,1,0.05625,0.0625,64.49639823361024,550.0,1.0,0.855635386119257,19.364613880742915
0.9375,48,68,0,0.05625,0.0625,60.013557533974314,550.0,1.0,0.918135386119257,19.364613880742915
0.9375,55,68,1,0.05625,0.0625,54.557783861407266,550.0,1.0,0.918135386119257,19.364613880742915
1.0,50,68,0,0.05625,0.0625,62.594901834049224,550.0,1.0,0.980635386119257,19.364613880742915
1.0,67,68,1,0.05625,0.0625,67.53159968067155,550.0,1.0,0.980635386119257,19.364613880742915
1.0625,48,68,0,0.05625,0.0625,61.850188422272225,550.0,1.0,1.0431353861192572,19.364613880742915
1.0625,55,68,1,0.05625,0.0625,56.644248943152284,550.0,1.0,1.0431353861192572,19.364613880742915
1.125,55,68,0,0.05625,0.0625,68.45541242962807,550.0,1.0,1.1056353861192572,19.364613880742915
1.125,64,68,1,0.05625,0.0625,64.48580947785987,550.0,1.0,1.1056353861192572,19.364613880742915
1.1875,38,68,0,0.05625,0.0625,50.09980445933286,550.0,1.0,1.1681353861192572,19.364613880742915
1.1875,67,68,1,0.05625,0.0625,66.29880365262346,550.0,1.0,1.1681353861192572,19.364613880742915
1.25,45,68,0,0.05625,0.0625,58.703063522373235,550.0,1.0,1.2306353861192572,19.364613880742915
1.25,48,68,1,0.05625,0.0625,59.22093818453235,550.0,1.0,1.2306353861192572,19.364613880742915
1.3125,43,68,0,0.05625,0.0625,55.801796197510825,550.0,1.0,1.2931353861192572,19.364613880742915
1.3125,74,68,1,0.05625,0.0625,75.14091922457625,550.0,1.0,1.2931353861192572,19.364613880742915
1.375,48,68,0,0.05625,0.0625,61.237896809410294,550.0,1.0,1.3556353861192572,19.364613880742915
1.375,62,68,1,0.05625,0.0625,63.175314727984606,550.0,1.0,1.3556353861192572,19.364613880742915
1.4375,50,68,0,0.05625,0.0625,63.54200903012315,550.0,1.0,1.4181353861192572,19.364613880742915
1.4375,64,68,1,0.05625,0.0625,65.0982071466557,550.0,1.0,1.4181353861192572,19.364613880742915
1.5,55,68,0,0.05625,0.0625,68.43616994675287,550.0,1.0,1.4806353861192572,19.364613880742915
1.5625,43,68,0,0.05625,0.0625,56.99644617788224,550.0,1.0,1.5431353861192572,19.364613880742915
1.5625,48,68,1,0.05625,0.0625,59.63714741445805,550.0,1.0,1.5431353861192572,19.364613880742915
1.625,52,68,0,0.05625,0.0625,64.32354614478324,550.0,1.0,1.6056353861192572,19.364613880742915
1.625,67,68,1,0.05625,0.0625,68.68990245188517,550.0,1.0,1.6056353861192572,19.364613880742915
1.6875,36,68,0,0.05625,0.0625,48.37102574982274,550.0,1.0,1.6681353861192572,19.364613880742915
1.6875,55,68,1,0.05625,0.0625,54.8490641653331,550.0,1.0,1.6681353861192572,19.364613880742915
1.75,45,68,0,0.05625,0.0625,58.82810534285441,550.0,1.0,1.7306353861192572,19.364613880742915
1.8125,55,68,0,0.05625,0.0625,66.77740280045536,550.0,1.0,1.7931353861192572,19.364613880742915
1.8125,57,68,1,0.05625,0.0625,57.865584381227215,550.0,1.0,1.7931353861192572,19.364613880742915
1.875,45,68,0,0.05625,0.0625,57.453822539520054,550.0,1.0,1.8556353861192572,19.364613880742915
1.875,55,68,1,0.05625,0.0625,54.32499614409358,550.0,1.0,1.8556353861192572,19.364613880742915
1.9375,50,68,0,0.05625,0.0625,62.15960098312942,550.0,1.0,1.9181353861192572,19.364613880742915
1.9375,62,68,1,0.05625,0.0625,62.138866757753654,550.0,1.0,1.9181353861192572,19.364613880742915
2.0,55,68,0,0.05625,0.0625,66.70450286651342,550.0,1.0,1.9806353861192572,19.364613880742915
2.0,62,68,1,0.05625,0.0625,63.4354164793776,550.0,1.0,1.9806353861192572,19.364613880742915
2.0625,55,68,0,0.05625,0.0625,66.69400483601706,550.0,1.0,2.043135386119257,19.364613880742915
2.125,52,68,0,0.05625,0.0625,65.52779066678296,550.0,1.0,2.105635386119257,19.364613880742915
2.125,57,68,1,0.05625,0.0625,57.95069515365837,550.0,1.0,2.105635386119257,19.364613880742915
2.1875,36,68,0,0.05625,0.0625,59.21861392097488,550.0,1.0,2.168135386119257,19.364613880742915
2.1875,55,68,1,0.05625,0.0625,54.13632728789414,550.0,1.0,2.168135386119257,19.364613880742915
2.25,48,68,0,0.05625,0.0625,60.79816290411658,550.0,1.0,2.230635386119257,19.364613880742915
2.25,55,68,1,0.05625,0.0625,54.49812288011686,550.0,1.0,2.230635386119257,19.364613880742915
2.3125,45,68,0,0.05625,0.0625,57.93411324410691,550.0,1.0,2.293135386119257,19.364613880742915
2.3125,60,68,1,0.05625,0.0625,61.44630711509603,550.0,1.0,2.293135386119257,19.364613880742915
2.375,52,68,0,0.05625,0.0625,65.3867181631753,550.0,1.0,2.355635386119257,19.364613880742915
2.375,64,68,1,0.05625,0.0625,64.02416528984509,550.0,1.0,2.355635386119257,19.364613880742915
2.4375,62,68,0,0.05625,0.0625,75.3021472989634,550.0,1.0,2.418135386119257,19.364613880742915
2.4375,60,68,1,0.05625,0.0625,61.193563832147674,550.0,1.0,2.418135386119257,19.364613880742915
2.5,48,68,0,0.05625,0.0625,60.487677362158315,550.0,1.0,2.480635386119257,19.364613880742915
2.5,67,68,1,0.05625,0.0625,66.09586140869838,550.0,1.0,2.480635386119257,19.364613880742915
2.5625,43,68,0,0.05625,0.0625,56.374746045024274,550.0,1.0,2.543135386119257,19.364613880742915
2.5625,67,68,1,0.05625,0.0625,66.32408052859718,550.0,1.0,2.543135386119257,19.364613880742915
2.625,48,68,0,0.05625,0.0625,60.23130839477807,550.0,1.0,2.605635386119257,19.364613880742915
2.6875,33,68,0,0.05625,0.0625,46.720143355583815,550.0,1.0,2.668135386119257,19.364613880742915
2.6875,55,68,1,0.05625,0.0625,56.47614128919412,550.0,1.0,2.668135386119257,19.364613880742915
2.75,48,68,0,0.05625,0.0625,61.5858700783907,550.0,1.0,2.730635386119257,19.364613880742915
2.75,52,68,1,0.05625,0.0625,53.995823269804134,550.0,1.0,2.730635386119257,19.364613880742915
2.8125,43,68,0,0.05625,0.0625,54.25819657958593,550.0,1.0,2.793135386119257,19.364613880742915
2.8125,52,68,1,0.05625,0.0625,52.06994199939333,550.0,1.0,2.793135386119257,19.364613880742915
2.875,36,68,0,0.05625,0.0625,59.124513067127374,550.0,1.0,2.855635386119257,19.364613880742915
2.875,60,68,1,0.05625,0.0625,60.89397295380029,550.0,1.0,2.855635386119257,19.364613880742915
2.9375,48,68,0,0.05625,0.0625,60.117050824635,550.0,1.0,2.918135386119257,19.364613880742915
2.9375,57,68,1,0.05625,0.0625,58.572678515952155,550.0,1.0,2.918135386119257,19.364613880742915
3.0,52,68,0,0.05625,0.0625,64.83464948734806,550.0,1.0,2.980635386119257,19.364613880742915
3.0,72,68,1,0.05625,0.0625,73.59162808699874,550.0,1.0,2.980635386119257,19.364613880742915
3.0625,48,68,0,0.05625,0.0625,61.37771891820444,550.0,1.0,3.043135386119257,19.364613880742915
3.0625,60,68,1,0.05625,0.0625,60.78254997925651,550.0,1.0,3.043135386119257,19.364613880742915
3.125,52,68,0,0.05625,0.0625,65.3824562875609,550.0,1.0,3.105635386119257,19.364613880742915
3.125,50,68,1,0.05625,0.0625,50.97963686449428,550.0,1.0,3.105635386119257,19.364613880742915
3.1875,38,68,0,0.05625,0.0625,50.74681550691644,550.0,1.0,3.168135386119257,19.364613880742915
3.1875,69,68,1,0.05625,0.0625,69.10711009774235,550.0,1.0,3.168135386119257,19.364613880742915
3.25,38,68,0,0.05625,0.0625,51.0273709983946,550.0,1.0,3.230635386119257,19.364613880742915
3.25,45,68,1,0.05625,0.0625,46.253727759080896,550.0,1.0,3.230635386119257,19.364613880742915
3.3125,36,68,0,0.05625,0.0625,59.35412352032695,550.0,1.0,3.293135386119257,19.364613880742915
3.3125,50,68,1,0.05625,0.0625,51.375791913870366,550.0,1.0,3.293135386119257,19.364613880742915
3.375,43,68,0,0.05625,0.0625,56.491248325204126,550.0,1.0,3.355635386119257,19.364613880742915
3.375,62,68,1,0.05625,0.0625,62.32681316356255,550.0,1.0,3.355635386119257,19.364613880742915
3.4375,36,68,0,0.05625,0.0625,59.07443514643594,550.0,1.0,3.418135386119257,19.364613880742915
3.4375,48,68,1,0.05625,0.0625,59.905586484450595,550.0,1.0,3.418135386119257,19.364613880742915
3.5,50,68,0,0.05625,0.0625,62.26573012607512,550.0,1.0,3.480635386119257,19.364613880742915
3.5,67,68,1,0.05625,0.0625,68.14332850269574,550.0,1.0,3.480635386119257,19.364613880742915
3.5625,36,68,0,0.05625,0.0625,59.772716638219904,550.0,1.0,3.543135386119257,19.364613880742915
3.5625,50,68,1,0.05625,0.0625,50.72277370327432,550.0,1.0,3.543135386119257,19.364613880742915
3.625,50,68,0,0.05625,0.0625,63.62072515880061,550.0,1.0,3.605635386119257,19.364613880742915
3.625,52,68,1,0.05625,0.0625,52.34864805333139,550.0,1.0,3.605635386119257,19.364613880742915
3.6875,57,68,0,0.05625,0.0625,69.89221634960357,550.0,1.0,3.668135386119257,19.364613880742915
3.6875,55,68,1,0.05625,0.0625,56.212076971857606,550.0,1.0,3.668135386119257,19.364613880742915
3.75,40,68,0,0.05625,0.0625,53.76488746388918,550.0,1.0,3.730635386119257,19.364613880742915
3.75,57,68,1,0.05625,0.0625,57.347169001393986,550.0,1.0,3.730635386119257,19.364613880742915
3.8125,36,68,0,0.05625,0.0625,59.54979278653374,550.0,1.0,3.793135386119257,19.364613880742915
3.8125,50,68,1,0.05625,0.0625,50.87491370599666,550.0,1.0,3.793135386119257,19.364613880742915
3.875,48,68,0,0.05625,0.0625,61.97100067338262,550.0,1.0,3.855635386119257,19.364613880742915
3.875,60,68,1,0.05625,0.0625,61.34012664022991,550.0,1.0,3.855635386119257,19.364613880742915
3.9375,45,68,0,0.05625,0.0625,58.66560791612237,550.0,1.0,3.918135386119257,19.364613880742915
3.9375,55,68,1,0.05625,0.0625,56.20552957543088,550.0,1.0,3.918135386119257,19.364613880742915
4.0,55,68,0,0.05625,0.0625,66.61632468835519,550.0,1.0,3.980635386119257,19.364613880742915
4.0,50,68,1,0.05625,0.0625,50.57205495381986,550.0,1.0,3.980635386119257,19.364613880742915
4.0625,31,68,0,0.05625,0.0625,44.637096743601305,550.0,1.0,4.043135386119257,19.364613880742915
4.0625,55,68,1,0.05625,0.0625,54.26188406206803,550.0,1.0,4.043135386119257,19.364613880742915
4.125,60,68,0,0.05625,0.0625,72.99586317336832,550.0,1.0,4.105635386119257,19.364613880742915
4.125,67,68,1,0.05625,0.0625,67.067850047106,550.0,1.0,4.105635386119257,19.364613880742915
4.1875,40,68,0,0.05625,0.0625,52.68715975025431,550.0,1.0,4.168135386119257,19.364613880742915
4.1875,57,68,1,0.05625,0.0625,57.23808310069731,550.0,1.0,4.168135386119257,19.364613880742915
4.25,48,68,0,0.05625,0.0625,61.35605367537729,550.0,1.0,4.230635386119257,19.364613880742915
4.25,57,68,1,0.05625,0.0625,58.96872378723803,550.0,1.0,4.230635386119257,19.364613880742915
4.3125,52,68,0,0.05625,0.0625,64.51021199562949,550.0,1.0,4.293135386119257,19.364613880742915
4.3125,64,68,1,0.05625,0.0625,65.6906079620664,550.0,1.0,4.293135386119257,19.364613880742915
4.375,43,68,0,0.05625,0.0625,54.97321464471554,550.0,1.0,4.355635386119257,19.364613880742915
4.375,60,68,1,0.05625,0.0625,61.8456118253777,550.0,1.0,4.355635386119257,19.364613880742915
4.4375,50,68,0,0.05625,0.0625,62.95718231783711,550.0,1.0,4.418135386119257,19.364613880742915
4.4375,52,68,1,0.05625,0.0625,53.27015079955176,550.0,1.0,4.418135386119257,19.364613880742915
4.5,52,68,0,0.05625,0.0625,64.50706064295791,550.0,1.0,4.480635386119257,19.364613880742915
4.5,57,68,1,0.05625,0.0625,57.95480704102252,550.0,1.0,4.480635386119257,19.364613880742915
4.5625,50,68,0,0.05625,0.0625,63.35045099452038,550.0,1.0,4.543135386119257,19.364613880742915
4.5625,55,68,1,0.05625,0.0625,56.032044238584305,550.0,1.0,4.543135386119257,19.364613880742915
4.625,43,68,0,0.05625,0.0625,54.071972393406554,550.0,1.0,4.605635386119257,19.364613880742915
4.625,60,68,1,0.05625,0.0625,61.00478960925881,550.0,1.0,4.605635386119257,19.364613880742915
4.6875,60,68,0,0.05625,0.0625,72.8501948849792,550.0,1.0,4.668135386119257,19.364613880742915
4.6875,55,68,1,0.05625,0.0625,56.34268575308935,550.0,1.0,4.668135386119257,19.364613880742915
4.75,48,68,0,0.05625,0.0625,61.45256026797373,550.0,1.0,4.730635386119257,19.364613880742915
4.75,67,68,1,0.05625,0.0625,66.76885237250953,550.0,1.0,4.730635386119257,19.364613880742915
4.8125,40,68,0,0.05625,0.0625,52.6229817007939,550.0,1.0,4.793135386119257,19.364613880742915
4.8125,55,68,1,0.05625,0.0625,54.93447161934154,550.0,1.0,4.793135386119257,19.364613880742915
4.875,52,68,0,0.05625,0.0625,64.04466845317843,550.0,1.0,4.855635386119257,19.364613880742915
4.875,55,68,1,0.05625,0.0625,56.64238498605779,550.0,1.0,4.855635386119257,19.364613880742915
4.9375,48,68,0,0.05625,0.0625,60.25288119483755,550.0,1.0,4.918135386119257,19.364613880742915
4.9375,60,68,1,0.05625,0.0625,60.46001945197036,550.0,1.0,4.918135386119257,19.364613880742915
5.0,50,68,0,0.05625,0.0625,62.97211088032574,550.0,1.0,4.980635386119257,19.364613880742915
5.0,72,68,1,0.05625,0.0625,72.22886033457397,550.0,1.0,4.980635386119257,19.364613880742915
5.0625,24,68,0,0.05625,0.0625,37.1934933720017,550.0,1.0,5.043135386119257,19.364613880742915
5.0625,64,68,1,0.05625,0.0625,65.04297397208073,550.0,1.0,5.043135386119257,19.364613880742915
5.125,55,68,0,0.05625,0.0625,68.45507593900932,550.0,1.0,5.105635386119257,19.364613880742915
5.125,62,68,1,0.05625,0.0625,63.28372572458875,550.0,1.0,5.105635386119257,19.364613880742915
5.1875,48,68,0,0.05625,0.0625,60.97683553410902,550.0,1.0,5.168135386119257,19.364613880742915
5.1875,55,68,1,0.05625,0.0625,56.502935806249,550.0,1.0,5.168135386119257,19.364613880742915
5.25,48,68,0,0.05625,0.0625,61.05298907476735,550.0,1.0,5.230635386119257,19.364613880742915
5.25,67,68,1,0.05625,0.0625,66.68124579517007,550.0,1.0,5.230635386119257,19.364613880742915
5.3125,45,68,0,0.05625,0.0625,57.24738757839048,550.0,1.0,5.293135386119257,19.364613880742915
5.3125,72,68,1,0.05625,0.0625,73.48982497787757,550.0,1.0,5.293135386119257,19.364613880742915
5.375,52,68,0,0.05625,0.0625,64.91115990881543,550.0,1.0,5.355635386119257,19.364613880742915
5.375,69,68,1,0.05625,0.0625,69.34353588214589,550.0,1.0,5.355635386119257,19.364613880742915
5.4375,55,68,0,0.05625,0.0625,66.30348698822334,550.0,1.0,5.418135386119257,19.364613880742915
5.4375,67,68,1,0.05625,0.0625,66.49859493000014,550.0,1.0,5.418135386119257,19.364613880742915
5.5,48,68,0,0.05625,0.0625,61.73334943249154,550.0,1.0,5.480635386119257,19.364613880742915
5.5,64,68,1,0.05625,0.0625,64.79478144591486,550.0,1.0,5.480635386119257,19.364613880742915
5.5625,55,68,0,0.05625,0.0625,68.90871163805701,550.0,1.0,5.543135386119257,19.364613880742915
5.625,48,68,0,0.05625,0.0625,60.510990803255226,550.0,1.0,5.605635386119257,19.364613880742915
5.625,62,68,1,0.05625,0.0625,62.81770490667987,550.0,1.0,5.605635386119257,19.364613880742915
5.6875,45,68,0,0.05625,0.0625,57.44022668354226,550.0,1.0,5.668135386119257,19.364613880742915
5.6875,64,68,1,0.05625,0.0625,64.40941988049244,550.0,1.0,5.668135386119257,19.364613880742915
5.75,40,68,0,0.05625,0.0625,53.4217564244358,550.0,1.0,5.730635386119257,19.364613880742915
5.75,57,68,1,0.05625,0.0625,58.22946478542728,550.0,1.0,5.730635386119257,19.364613880742915
5.8125,43,68,0,0.05625,0.0625,56.257803447930954,550.0,1.0,5.793135386119257,19.364613880742915
5.8125,72,68,1,0.05625,0.0625,72.31701324809785,550.0,1.0,5.793135386119257,19.364613880742915
5.875,52,68,0,0.05625,0.0625,65.22620112990619,550.0,1.0,5.855635386119257,19.364613880742915
5.875,62,68,1,0.05625,0.0625,62.631705732526235,550.0,1.0,5.855635386119257,19.364613880742915
5.9375,36,68,0,0.05625,0.0625,59.47553886830934,550.0,1.0,5.918135386119257,19.364613880742915
5.9375,64,68,1,0.05625,0.0625,65.70089571950795,550.0,1.0,5.918135386119257,19.364613880742915
6.0,45,68,0,0.05625,0.0625,57.79349750877028,550.0,1.0,5.980635386119257,19.364613880742915
6.0,60,68,1,0.05625,0.0625,61.448724654410924,550.0,1.0,5.980635386119257,19.364613880742915
6.0625,50,68,0,0.05625,0.0625,63.38104412990332,550.0,1.0,6.043135386119257,19.364613880742915
6.0625,45,68,1,0.05625,0.0625,46.69684548030608,550.0,1.0,6.043135386119257,19.364613880742915
6.125,40,68,0,0.05625,0.0625,53.15847178572715,550.0,1.0,6.105635386119257,19.364613880742915
6.125,57,68,1,0.05625,0.0625,57.51752811541007,550.0,1.0,6.105635386119257,19.364613880742915
6.1875,43,68,0,0.05625,0.0625,56.723959621588385,550.0,1.0,6.168135386119257,19.364613880742915
6.1875,48,68,1,0.05625,0.0625,59.442515392230405,550.0,1.0,6.168135386119257,19.364613880742915
6.25,48,68,0,0.05625,0.0625,61.8637143023556,550.0,1.0,6.230635386119257,19.364613880742915
6.25,67,68,1,0.05625,0.0625,67.20886926167854,550.0,1.0,6.230635386119257,19.364613880742915
6.3125,50,68,0,0.05625,0.0625,63.625815656662866,550.0,1.0,6.293135386119257,19.364613880742915
6.3125,60,68,1,0.05625,0.0625,61.58151498340951,550.0,1.0,6.293135386119257,19.364613880742915
6.375,50,68,0,0.05625,0.0625,63.2229872583117,550.0,1.0,6.355635386119257,19.364613880742915
6.375,60,68,1,0.05625,0.0625,60.775499554121865,550.0,1.0,6.355635386119257,19.364613880742915
6.4375,48,68,0,0.05625,0.0625,61.82589238260388,550.0,1.0,6.418135386119257,19.364613880742915
6.4375,60,68,1,0.05625,0.0625,61.9134971874691,550.0,1.0,6.418135386119257,19.364613880742915
6.5,50,68,0,0.05625,0.0625,63.0994439215984,550.0,1.0,6.480635386119257,19.364613880742915
6.5,57,68,1,0.05625,0.0625,58.99456552418143,550.0,1.0,6.480635386119257,19.364613880742915
6.5625,55,68,0,0.05625,0.0625,68.72628167952733,550.0,1.0,6.543135386119257,19.364613880742915
6.625,43,68,0,0.05625,0.0625,55.00092618479749,550.0,1.0,6.605635386119257,19.364613880742915
6.625,52,68,1,0.05625,0.0625,52.01502129247211,550.0,1.0,6.605635386119257,19.364613880742915
6.6875,45,68,0,0.05625,0.0625,57.00468693544009,550.0,1.0,6.668135386119257,19.364613880742915
6.6875,60,68,1,0.05625,0.0625,61.59651337697568,550.0,1.0,6.668135386119257,19.364613880742915
6.75,55,68,0,0.05625,0.0625,67.83727587280751,550.0,1.0,6.730635386119257,19.364613880742915
6.75,62,68,1,0.05625,0.0625,63.71886925197188,550.0,1.0,6.730635386119257,19.364613880742915
6.8125,38,68,0,0.05625,0.0625,51.800907039078126,550.0,1.0,6.793135386119257,19.364613880742915
6.8125,76,68,1,0.05625,0.0625,77.68860211103723,550.0,1.0,6.793135386119257,19.364613880742915
6.875,52,68,0,0.05625,0.0625,65.60304322735567,550.0,1.0,6.855635386119257,19.364613880742915
6.875,62,68,1,0.05625,0.0625,62.55568279666929,550.0,1.0,6.855635386119257,19.364613880742915
6.9375,36,68,0,0.05625,0.0625,49.05142192621101,550.0,1.0,6.918135386119257,19.364613880742915
6.9375,64,68,1,0.05625,0.0625,64.27832428291715,550.0,1.0,6.918135386119257,19.364613880742915
7.0,45,68,0,0.05625,0.0625,57.11510333992784,550.0,1.0,6.980635386119257,19.364613880742915
7.0,57,68,1,0.05625,0.0625,58.235048136599644,550.0,1.0,6.980635386119257,19.364613880742915
7.0625,52,68,0,0.05625,0.0625,64.79464835788201,550.0,1.0,7.043135386119257,19.364613880742915
7.0625,62,68,1,0.05625,0.0625,63.20309056098798,550.0,1.0,7.043135386119257,19.364613880742915
7.125,45,68,0,0.05625,0.0625,58.694829656951995,550.0,1.0,7.105635386119257,19.364613880742915
7.125,64,68,1,0.05625,0.0625,65.52361510778,550.0,1.0,7.105635386119257,19.364613880742915
7.1875,45,68,0,0.05625,0.0625,58.834077365339304,550.0,1.0,7.168135386119257,19.364613880742915
7.1875,52,68,1,0.05625,0.0625,53.269581699422645,550.0,1.0,7.168135386119257,19.364613880742915
7.25,52,68,0,0.05625,0.0625,64.35619842804132,550.0,1.0,7.230635386119257,19.364613880742915
7.25,50,68,1,0.05625,0.0625,51.090853904044245,550.0,1.0,7.230635386119257,19.364613880742915
7.3125,36,68,0,0.05625,0.0625,48.361606461493665,550.0,1.0,7.293135386119257,19.364613880742915
7.3125,67,68,1,0.05625,0.0625,67.38510233991825,550.0,1.0,7.293135386119257,19.364613880742915
7.375,48,68,0,0.05625,0.0625,60.30125846608455,550.0,1.0,7.355635386119257,19.364613880742915
7.375,67,68,1,0.05625,0.0625,67.56444227839509,550.0,1.0,7.355635386119257,19.364613880742915
7.4375,50,68,0,0.05625,0.0625,62.52700293969411,550.0,1.0,7.418135386119257,19.364613880742915
7.4375,62,68,1,0.05625,0.0625,62.50477726990036,550.0,1.0,7.418135386119257,19.364613880742915
7.5,45,68,0,0.05625,0.0625,58.41003485196258,550.0,1.0,7.480635386119257,19.364613880742915
7.5,55,68,1,0.05625,0.0625,54.36129860990995,550.0,1.0,7.480635386119257,19.364613880742915
7.5625,43,68,0,0.05625,0.0625,56.0466774528191,550.0,1.0,7.543135386119257,19.364613880742915
7.5625,60,68,1,0.05625,0.0625,61.888511742631934,550.0,1.0,7.543135386119257,19.364613880742915
7.625,43,68,0,0.05625,0.0625,55.62954242272426,550.0,1.0,7.605635386119257,19.364613880742915
7.625,60,68,1,0.05625,0.0625,71.92832679764803,550.0,1.0,7.605635386119257,19.364613880742915
7.6875,50,68,0,0.05625,0.0625,62.79204866778187,550.0,1.0,7.668135386119257,19.364613880742915
7.6875,48,68,1,0.05625,0.0625,49.04144688338396,550.0,1.0,7.668135386119257,19.364613880742915
7.75,36,68,0,0.05625,0.0625,49.100718245675274,550.0,1.0,7.730635386119257,19.364613880742915
7.75,50,68,1,0.05625,0.0625,50.994658907243355,550.0,1.0,7.730635386119257,19.364613880742915
7.8125,50,68,0,0.05625,0.0625,62.51974783448746,550.0,1.0,7.793135386119257,19.364613880742915
7.8125,60,68,1,0.05625,0.0625,60.81139959249262,550.0,1.0,7.793135386119257,19.364613880742915
7.875,43,68,0,0.05625,0.0625,56.932326377116816,550.0,1.0,7.855635386119257,19.364613880742915
7.875,60,68,1,0.05625,0.0625,60.024063025891174,550.0,1.0,7.855635386119257,19.364613880742915
7.9375,45,68,0,0.05625,0.0625,58.08629572501709,550.0,1.0,7.918135386119257,19.364613880742915
7.9375,50,68,1,0.05625,0.0625,51.87843676113029,550.0,1.0,7.918135386119257,19.364613880742915
8.0,64,64,1,0.055693069306930694,0.0625,64.38759414706652,515.2766804586474,1.01,7.980009775171066,19.990224828934508
8.0,43,67,0,0.05625,0.0625,54.631405302910146,536.6176375431916,1.0,7.980478983382209,19.521016617790814
8.061881188118813,67,65,1,0.055693069306930694,0.0625,68.84024171144324,522.0527967622564,1.01,8.042047366026926,19.83382209188661
8.0625,43,62,0,0.05625,0.0625,56.77412660427543,496.34679446446364,1.0,8.04219696969697,20.303030303030305
8.123762376237625,62,66,1,0.055693069306930694,0.0625,62.00023227189367,533.6275955545109,1.01,8.104084956882787,19.67741935483871
8.125,57,65,0,0.05625,0.0625,69.78816431669716,526.1636456177794,1.0,8.105166177908114,19.83382209188661
8.185643564356438,55,64,1,0.055693069306930694,0.0625,54.95377999806816,518.0247899706652,1.01,8.165653339527504,19.990224828934508
8.1875,50,68,0,0.05625,0.0625,62.003284025477505,545.995621365049,1.0,8.168135386119257,19.364613880742915
8.24752475247525,50,64,1,0.055693069306930694,0.0625,50.921728984897975,515.8073997936724,1.01,8.227534527646316,19.990224828934508
8.25,48,69,0,0.05625,0.0625,61.91405138940401,552.2962193153836,1.0,8.230791788856305,19.208211143695017
8.309405940594063,55,63,1,0.055693069306930694,0.0625,56.44572892023617,504.9424666344396,1.01,8.289259313028081,20.146627565982406
8.3125,50,72,0,0.05625,0.0625,62.324335024284494,576.8103947665553,1.0,8.293760997067448,18.73900293255132
8.371287128712876,64,64,1,0.055693069306930694,0.0625,64.4359585376241,512.639185094495,1.01,8.351296903883942,19.990224828934508
8.375,43,66,0,0.05625,0.0625,56.89118243659003,531.630233673328,1.0,8.355322580645161,19.67741935483871
8.433168316831688,50,64,1,0.055693069306930694,0.0625,51.87563610185053,512.1302843444779,1.01,8.413178092002754,19.990224828934508
8.4375,48,62,0,0.05625,0.0625,60.150768706512345,500.1931149386716,1.0,8.41719696969697,20.303030303030305
8.4950495049505,74,62,1,0.055693069306930694,0.0625,74.96063028604836,496.5484768697191,1.01,8.474746474647471,20.303030303030305
8.5,45,62,0,0.05625,0.0625,57.960416450700706,498.3201341897688,1.0,8.47969696969697,20.303030303030305
8.556930693069313,60,59,1,0.055693069306930694,0.0625,60.5126383714448,479.8176663770408,1.01,8.536158454555139,20.772238514174
8.5625,48,68,0,0.05625,0.0625,61.135275004061434,549.505381880295,1.0,8.543135386119257,19.364613880742915
8.618811881188126,62,65,1,0.055693069306930694,0.0625,62.64608616848106,526.1335590204596,1.01,8.59897805909624,19.83382209188661
8.625,48,67,0,0.05625,0.0625,60.150429349666524,536.613309335901,1.0,8.60547898338221,19.521016617790814
8.680693069306939,62,65,1,0.055693069306930694,0.0625,63.06210108499008,520.8874291292572,1.01,8.660859247215052,19.83382209188661
8.6875,50,63,0,0.05625,0.0625,62.264123481578494,511.73219098696956,1.0,8.667353372434018,20.146627565982406
8.742574257425751,57,65,1,0.055693069306930694,0.0625,58.83237129984679,520.5240002540443,1.01,8.722740435333865,19.83382209188661
8.75,43,63,0,0.05625,0.0625,56.86090501453644,508.7669019942166,1.0,8.729853372434018,20.146627565982406
8.804455445544564,72,55,1,0.055693069306930694,0.0625,73.147452992018,444.0435005982991,1.01,8.783057596082198,21.397849462365592
8.8125,31,70,0,0.05625,0.0625,44.65597455271158,566.2308994983382,1.0,8.793448191593352,19.05180840664712
8.866336633663376,62,61,1,0.055693069306930694,0.0625,62.712413977844825,491.32949453228093,1.01,8.845877200623299,20.459433040078203
8.875,48,63,0,0.05625,0.0625,60.403741049326754,511.4667794822112,1.0,8.854853372434018,20.146627565982406
8.928217821782189,48,60,1,0.055693069306930694,0.0625,59.14448505394061,487.6779002587162,1.01,8.907601986005062,20.6158357771261
8.9375,38,71,0,0.05625,0.0625,51.900156559352254,573.6393889736725,1.0,8.9186045943304,18.89540566959922
8.990099009901002,67,67,1,0.055693069306930694,0.0625,67.9993760684234,537.1344626038931,1.01,8.97057799328321,19.521016617790814
9.0,45,64,0,0.05625,0.0625,57.731144268356005,516.8571663079869,1.0,8.980009775171066,19.990224828934508
9.051980198019814,60,68,1,0.055693069306930694,0.0625,61.90110994660772,546.1559565250489,1.01,9.032615584139071,19.364613880742915
9.0625,50,68,0,0.05625,0.0625,62.472023610809934,544.6832612129612,1.0,9.043135386119257,19.364613880742915
9.113861386138627,57,67,1,0.055693069306930694,0.0625,58.95224834192493,540.6856959636381,1.01,9.094340369520836,19.521016617790814
9.125,43,68,0,0.05625,0.0625,55.62374513644155,551.7160999364239,1.0,9.105635386119257,19.364613880742915
9.17574257425744,72,64,1,0.055693069306930694,0.0625,72.70137538041527,516.4515434471796,1.01,9.155752349428505,19.990224828934508
9.1875,48,70,0,0.05625,0.0625,60.2040318308418,560.2954737258682,1.0,9.168448191593352,19.05180840664712
9.237623762376252,67,60,1,0.055693069306930694,0.0625,66.11283148110894,484.5834134140669,1.01,9.217007926599125,20.6158357771261
9.25,36,63,0,0.05625,0.0625,59.67654598688786,509.07970131078673,1.0,9.229853372434018,20.146627565982406
9.299504950495065,69,64,1,0.055693069306930694,0.0625,69.41103321149721,519.3532634913091,1.01,9.27951472566613,19.990224828934508
9.3125,38,63,0,0.05625,0.0625,50.05860902764121,510.4210659453952,1.0,9.292353372434018,20.146627565982406
9.361386138613877,64,61,1,0.055693069306930694,0.0625,64.54951341484467,495.6449484377583,1.01,9.3409267055738,20.459433040078203
9.375,50,67,0,0.05625,0.0625,63.37309728611177,541.3333719809447,1.0,9.35547898338221,19.521016617790814
9.42326732673269,45,60,1,0.055693069306930694,0.0625,45.59223638214499,486.2169944202448,1.01,9.402651490955563,20.6158357771261
9.485148514851502,57,61,1,0.055693069306930694,0.0625,58.02965282613187,491.14346393080535,1.01,9.464689081811425,20.459433040078203
9.5,36,64,0,0.05625,0.0625,48.85031916419222,517.1669557677567,1.0,9.480009775171066,19.990224828934508
9.547029702970315,64,65,1,0.055693069306930694,0.0625,64.293286139643,521.901502797747,1.01,9.527195880878429,19.83382209188661
9.5625,57,67,0,0.05625,0.0625,69.1595760144292,537.7827533965201,1.0,9.54297898338221,19.521016617790814
9.608910891089128,55,63,1,0.055693069306930694,0.0625,55.79650636502891,511.3491045264184,1.01,9.588764263523146,20.146627565982406
9.625,48,58,0,0.05625,0.0625,61.089900130088246,467.44882156623925,1.0,9.604071358748778,20.928641251221897
9.67079207920794,57,65,1,0.055693069306930694,0.0625,58.59332162723509,526.0074388242077,1.01,9.650958257116054,19.83382209188661
9.6875,48,62,0,0.05625,0.0625,61.84692046299653,503.7226144927966,1.0,9.66719696969697,20.303030303030305
9.732673267326753,55,74,1,0.055693069306930694,0.0625,54.58879845740374,599.2876805411713,1.01,9.714247069868298,18.426197458455523
9.75,48,68,0,0.05625,0.0625,61.098255244710366,549.4845348772932,1.0,9.730635386119257,19.364613880742915
9.794554455445565,57,64,1,0.055693069306930694,0.0625,57.86403346775317,515.6347491948247,1.01,9.774564230616631,19.990224828934508
9.8125,36,63,0,0.05625,0.0625,59.83776702679828,511.37342652147674,1.0,9.792353372434018,20.146627565982406
9.856435643564378,64,69,1,0.055693069306930694,0.0625,65.71755972916282,558.6566421536195,1.01,9.837227432420683,19.208211143695017
9.875,52,64,0,0.05625,0.0625,65.91643435099755,518.1626110040106,1.0,9.855009775171066,19.990224828934508
9.91831683168319,62,64,1,0.055693069306930694,0.0625,62.119668403273494,517.7389630568105,1.01,9.898326606854257,19.990224828934508
9.9375,43,61,0,0.05625,0.0625,55.321386607454684,489.31678885914573,1.0,9.917040566959923,20.459433040078203
9.980198019802003,48,71,1,0.055693069306930694,0.0625,59.608655004653414,575.6817059934571,1.01,9.961302614132403,18.89540566959922
10.0,55,68,0,0.05625,0.0625,66.37435500957281,548.6667379788237,1.0,9.980635386119257,19.364613880742915
10.0625,52,65,0,0.05625,0.0625,64.56858093564827,524.0011288658236,1.0,10.042666177908114,19.83382209188661
10.103960396039628,55,62,1,0.055693069306930694,0.0625,56.473625348439676,501.8788802124337,1.01,10.083657365736599,20.303030303030305
10.125,43,63,0,0.05625,0.0625,54.83495482577399,509.73967654362355,1.0,10.104853372434018,20.146627565982406
10.165841584158441,72,65,1,0.055693069306930694,0.0625,73.58457574146216,520.6091656219265,1.01,10.146007762066555,19.83382209188661
10.1875,60,65,0,0.05625,0.0625,72.2161898117836,524.6776978435938,1.0,10.167666177908114,19.83382209188661
10.227722772277254,55,63,1,0.055693069306930694,0.0625,54.45593565153705,509.32334841031496,1.01,10.207576144711272,20.146627565982406
10.25,52,63,0,0.05625,0.0625,64.86177620539496,507.3098131474226,1.0,10.229853372434018,20.146627565982406
10.3125,48,66,0,0.05625,0.0625,61.162705570071566,528.2347771223921,1.0,10.292822580645161,19.67741935483871
10.351485148514879,60,63,1,0.055693069306930694,0.0625,60.00375896343437,506.07904804546087,1.01,10.331338520948897,20.146627565982406
10.375,48,64,0,0.05625,0.0625,60.434639087236846,518.8905155537224,1.0,10.355009775171066,19.990224828934508
10.413366336633691,50,65,1,0.055693069306930694,0.0625,50.248250967620486,524.6461109604421,1.01,10.393532514541805,19.83382209188661
10.4375,45,66,0,0.05625,0.0625,58.906873403535215,528.0091969461961,1.0,10.417822580645161,19.67741935483871
10.475247524752504,55,65,1,0.055693069306930694,0.0625,54.61984419852219,520.3205734753301,1.01,10.455413702660618,19.83382209188661
10.537128712871317,55,67,1,0.055693069306930694,0.0625,56.52006150108475,540.2636603098751,1.01,10.517607696253526,19.521016617790814
10.5625,48,66,0,0.05625,0.0625,60.840930350245856,533.033115553067,1.0,10.542822580645161,19.67741935483871
10.59900990099013,52,68,1,0.055693069306930694,0.0625,53.77060983532118,544.5504430703921,1.01,10.579645287109386,19.364613880742915
10.625,48,67,0,0.05625,0.0625,61.69301803722879,536.9697503282148,1.0,10.60547898338221,19.521016617790814
10.6875,50,64,0,0.05625,0.0625,63.744539388811035,514.7710554174374,1.0,10.667509775171066,19.990224828934508
10.722772277227755,67,68,1,0.055693069306930694,0.0625,66.64931504450492,549.4381554408577,1.01,10.703407663347011,19.364613880742915
10.75,40,64,0,0.05625,0.0625,53.143240502687426,518.5461849234285,1.0,10.730009775171066,19.990224828934508
10.784653465346567,62,62,1,0.055693069306930694,0.0625,63.946373142810614,496.3753890299454,1.01,10.764350435043538,20.303030303030305
10.8125,43,66,0,0.05625,0.0625,54.59014150677604,532.4530167514474,1.0,10.792822580645161,19.67741935483871
10.84653465346538,60,67,1,0.055693069306930694,0.0625,60.13348311522858,537.9801971510911,1.01,10.827013636847589,19.521016617790814
10.875,50,61,0,0.05625,0.0625,62.72339578494629,490.5782692749824,1.0,10.854540566959923,20.459433040078203
10.908415841584192,57,64,1,0.055693069306930694,0.0625,57.57955031889058,518.3359369936167,1.01,10.888425616755258,19.990224828934508
10.9375,45,70,0,0.05625,0.0625,57.26191289617907,564.9570986541561,1.0,10.918448191593352,19.05180840664712
10.970297029703005,72,65,1,0.055693069306930694,0.0625,72.69432354876048,522.3366408408363,1.01,10.950463207611119,19.83382209188661
11.0,45,63,0,0.05625,0.0625,57.69499794643822,506.2527883198752,1.0,10.979853372434018,20.146627565982406
11.032178217821818,62,61,1,0.055693069306930694,0.0625,62.58934025247197,494.52971470279556,1.01,11.01171878478174,20.459433040078203
11.0625,38,64,0,0.05625,0.0625,51.43700222751379,518.7584038115539,1.0,11.042509775171066,19.990224828934508
11.09405940594063,48,63,1,0.055693069306930694,0.0625,59.5002252858408,504.1806327814072,1.01,11.073912778374648,20.146627565982406
11.125,52,72,0,0.05625,0.0625,65.25470691909065,582.9340234231507,1.0,11.106260997067448,18.73900293255132
11.155940594059443,57,69,1,0.055693069306930694,0.0625,58.446797224729416,553.2084953802562,1.01,11.136732382915747,19.208211143695017
11.1875,55,66,0,0.05625,0.0625,68.21077277999694,528.1101377721811,1.0,11.167822580645161,19.67741935483871
11.217821782178255,48,61,1,0.055693069306930694,0.0625,59.77260854354044,491.2025504886375,1.01,11.197362349138178,20.459433040078203
11.25,55,69,0,0.05625,0.0625,66.42009831708756,552.3602065396122,1.0,11.230791788856305,19.208211143695017
11.3125,50,64,0,0.05625,0.0625,62.18081718483049,514.057751211293,1.0,11.292509775171066,19.990224828934508
11.34158415841588,62,67,1,0.055693069306930694,0.0625,63.125509202276625,537.6051580634497,1.01,11.32206314179809,19.521016617790814
11.403465346534693,57,63,1,0.055693069306930694,0.0625,58.87748645701895,506.9972122947353,1.01,11.383318718968711,20.146627565982406
11.4375,40,60,0,0.05625,0.0625,52.610553821506116,481.95792848868757,1.0,11.416884164222873,20.6158357771261
11.465346534653506,60,56,1,0.055693069306930694,0.0625,60.27950087300701,448.93321206162915,1.01,11.444105087928188,21.241446725317694
11.5,50,60,0,0.05625,0.0625,63.89031799174067,487.5971055052723,1.0,11.479384164222873,20.6158357771261
11.527227722772318,48,55,1,0.055693069306930694,0.0625,49.806584733018425,446.74987779271504,1.01,11.505829873309953,21.397849462365592
11.5625,43,65,0,0.05625,0.0625,56.08779728130712,523.06105336877,1.0,11.542666177908114,19.83382209188661
11.589108910891131,57,61,1,0.055693069306930694,0.0625,58.31850349907258,495.3214504386741,1.01,11.568649477851054,20.459433040078203
11.625,38,65,0,0.05625,0.0625,50.80592680465844,526.3215115751697,1.0,11.605166177908114,19.83382209188661
11.650990099009944,48,63,1,0.055693069306930694,0.0625,59.72948263467632,508.26189397487644,1.01,11.630843471443962,20.146627565982406
11.6875,43,58,0,0.05625,0.0625,54.25981330753592,468.268207630245,1.0,11.666571358748778,20.928641251221897
11.712871287128756,60,66,1,0.055693069306930694,0.0625,61.47571519944471,529.8569167986564,1.01,11.693193867773918,19.67741935483871
11.75,48,60,0,0.05625,0.0625,71.47097085854043,480.6186188022331,1.0,11.729384164222873,20.6158357771261
11.774752475247569,64,61,1,0.055693069306930694,0.0625,65.36351093730102,492.76355161716566,1.01,11.754293042207491,20.459433040078203
11.8125,50,62,0,0.05625,0.0625,63.557615528868,499.5435608352661,1.0,11.79219696969697,20.303030303030305
11.836633663366381,48,57,1,0.055693069306930694,0.0625,59.73282871513195,460.16993069784604,1.01,11.815548619378111,21.085043988269796
11.875,57,64,0,0.05625,0.0625,70.06555357283715,516.8604527545671,1.0,11.855009775171066,19.990224828934508
11.898514851485194,60,62,1,0.055693069306930694,0.0625,60.692251237243404,502.3214293298135,1.01,11.878211821182164,20.303030303030305
11.9375,48,63,0,0.05625,0.0625,71.84254593030337,509.99948719751796,1.0,11.917353372434018,20.146627565982406
11.960396039604007,52,61,1,0.055693069306930694,0.0625,53.69612650480327,488.91467800866025,1.01,11.93993660656393,20.459433040078203
12.0,48,63,0,0.05625,0.0625,61.23817109644718,505.09765186405275,1.0,11.979853372434018,20.146627565982406
12.02227722772282,72,62,1,0.055693069306930694,0.0625,73.05399063781708,500.23728748180235,1.01,12.00197419741979,20.303030303030305
12.0625,55,58,0,0.05625,0.0625,66.6094285807095,467.8058860743232,1.0,12.041571358748778,20.928641251221897
12.125,43,61,0,0.05625,0.0625,55.16248207601338,493.56664802056196,1.0,12.104540566959923,20.459433040078203
12.146039603960444,55,59,1,0.055693069306930694,0.0625,55.254595267661266,475.88315580387945,1.01,12.12526736544627,20.772238514174
12.1875,50,61,0,0.05625,0.0625,62.52091048264112,491.4992339561115,1.0,12.167040566959923,20.459433040078203
12.207920792079257,64,64,1,0.055693069306930694,0.0625,64.53423437474872,516.1446280773669,1.01,12.187930567250323,19.990224828934508
12.25,50,66,0,0.05625,0.0625,62.1280423818384,535.8683322656814,1.0,12.230322580645161,19.67741935483871
12.26980198019807,57,69,1,0.055693069306930694,0.0625,58.97190509106231,552.3151062797542,1.01,12.250593769054374,19.208211143695017
12.3125,40,65,0,0.05625,0.0625,52.82866563844656,521.4479262077697,1.0,12.292666177908114,19.83382209188661
12.331683168316882,55,62,1,0.055693069306930694,0.0625,56.07425662620851,498.64709106063106,1.01,12.311380138013853,20.303030303030305
12.375,48,61,0,0.05625,0.0625,60.396726083339374,489.174529803464,1.0,12.354540566959923,20.459433040078203
12.393564356435695,60,63,1,0.055693069306930694,0.0625,60.41880665174596,507.3558750006678,1.01,12.373417728869713,20.146627565982406
12.4375,45,72,0,0.05625,0.0625,58.474653661009114,577.9653450874404,1.0,12.418760997067448,18.73900293255132
12.455445544554507,57,69,1,0.055693069306930694,0.0625,57.81621194448362,559.3610952024827,1.01,12.436237333410812,19.208211143695017
12.5,45,61,0,0.05625,0.0625,58.54955332046825,492.28507839469233,1.0,12.479540566959923,20.459433040078203
12.51732673267332,48,65,1,0.055693069306930694,0.0625,48.33323207785764,526.4612777968498,1.01,12.497492910581434,19.83382209188661
12.5625,50,60,0,0.05625,0.0625,62.27736958382605,481.89809564841136,1.0,12.541884164222873,20.6158357771261
12.579207920792133,55,65,1,0.055693069306930694,0.0625,55.70743469877841,527.7915242103691,1.01,12.559374098700246,19.83382209188661
12.625,45,63,0,0.05625,0.0625,58.74897655874074,506.0974180234761,1.0,12.604853372434018,20.146627565982406
12.641089108910945,62,66,1,0.055693069306930694,0.0625,63.005116331909036,534.7669932953968,1.01,12.621411689556107,19.67741935483871
12.6875,55,70,0,0.05625,0.0625,66.33225502262944,561.6594214489515,1.0,12.668448191593352,19.05180840664712
12.702970297029758,62,60,1,0.055693069306930694,0.0625,63.27789137717625,485.7393923097593,1.01,12.68235446125263,20.6158357771261
12.75,55,66,0,0.05625,0.0625,66.9613679137545,533.1640378910317,1.0,12.730322580645161,19.67741935483871
12.76485148514857,48,69,1,0.055693069306930694,0.0625,59.26467926883811,557.9792475391348,1.01,12.745643274004875,19.208211143695017
12.8125,40,69,0,0.05625,0.0625,53.84574565836009,557.3682981144353,1.0,12.793291788856305,19.208211143695017
12.826732673267383,55,65,1,0.055693069306930694,0.0625,54.05292783884761,525.7274596153057,1.01,12.806898851175497,19.83382209188661
12.875,50,62,0,0.05625,0.0625,63.21872331309204,501.0580366486444,1.0,12.85469696969697,20.303030303030305
12.888613861386196,67,64,1,0.055693069306930694,0.0625,66.40995602717003,517.077355288069,1.01,12.868623636557261,19.990224828934508
12.9375,43,64,0,0.05625,0.0625,55.49278689863514,512.7855238972497,1.0,12.917509775171066,19.990224828934508
12.950495049505008,45,56,1,0.055693069306930694,0.0625,46.43457931315575,454.09234780034524,1.01,12.92925360277969,21.241446725317694
13.0,50,66,0,0.05625,0.0625,63.74783558995109,530.5840168032522,1.0,12.980322580645161,19.67741935483871
13.01237623762382,67,72,1,0.055693069306930694,0.0625,67.18251434277067,580.3552605743854,1.01,12.993637234691269,18.73900293255132
13.0625,36,61,0,0.05625,0.0625,48.38043076843465,492.69628462914574,1.0,13.042040566959923,20.459433040078203
13.074257425742633,60,63,1,0.055693069306930694,0.0625,61.9328687810196,505.31015079274295,1.01,13.054110798176652,20.146627565982406
13.125,43,64,0,0.05625,0.0625,55.20942109863002,516.7562522055921,1.0,13.105009775171066,19.990224828934508
13.136138613861446,55,60,1,0.055693069306930694,0.0625,56.713285793496595,487.782368202288,1.01,13.115522778084319,20.6158357771261
13.1875,48,65,0,0.05625,0.0625,61.75858455713387,527.1204929352828,1.0,13.167666177908114,19.83382209188661
13.198019801980259,74,63,1,0.055693069306930694,0.0625,74.102493160285,511.0351462804485,1.01,13.177873174414277,20.146627565982406
13.25,45,63,0,0.05625,0.0625,58.33700035607431,510.626734685308,1.0,13.229853372434018,20.146627565982406
13.259900990099071,67,67,1,0.055693069306930694,0.0625,68.61502928432807,538.8046144320317,1.01,13.24037997348128,19.521016617790814
13.3125,50,64,0,0.05625,0.0625,62.8704623520794,518.214041058868,1.0,13.292509775171066,19.990224828934508
13.321782178217884,48,58,1,0.055693069306930694,0.0625,59.57881117032776,464.68404373901393,1.01,13.300853536966661,20.928641251221897
13.375,43,66,0,0.05625,0.0625,56.991905194254166,530.48700314883,1.0,13.355322580645161,19.67741935483871
13.383663366336696,60,72,1,0.055693069306930694,0.0625,60.70382427325749,580.19683380933,1.01,13.364924363404144,18.73900293255132
13.4375,40,63,0,0.05625,0.0625,53.42419937808888,510.8008454839117,1.0,13.417353372434018,20.146627565982406
13.445544554455509,55,68,1,0.055693069306930694,0.0625,55.149756163174985,550.4799352036974,1.01,13.426179940574766,19.364613880742915
13.5,55,60,0,0.05625,0.0625,68.99952729276332,482.5090968161694,1.0,13.479384164222873,20.6158357771261
13.507425742574322,48,66,1,0.055693069306930694,0.0625,49.808043820838336,528.7709961445852,1.01,13.487748323219483,19.67741935483871
13.5625,38,70,0,0.05625,0.0625,50.01504711113451,566.7219295194707,1.0,13.543448191593352,19.05180840664712
13.569306930693134,67,64,1,0.055693069306930694,0.0625,68.55700572221654,512.7023822861676,1.01,13.5493167058642,19.990224828934508
13.625,43,64,0,0.05625,0.0625,56.20251907215047,514.891344630115,1.0,13.605009775171066,19.990224828934508
13.631188118811947,57,63,1,0.055693069306930694,0.0625,58.521449175178965,509.83212153274485,1.01,13.611041491245965,20.146627565982406
13.6875,57,62,0,0.05625,0.0625,70.70481157411012,503.77600577050373,1.0,13.66719696969697,20.303030303030305
13.69306930693076,62,70,1,0.055693069306930694,0.0625,62.03914249874312,561.9111618742461,1.01,13.674017498524112,19.05180840664712
13.75,43,67,0,0.05625,0.0625,55.62157869589386,537.9988625794598,1.0,13.73047898338221,19.521016617790814
13.754950495049572,55,65,1,0.055693069306930694,0.0625,54.36919648823579,523.354614334047,1.01,13.735116672957686,19.83382209188661
13.8125,45,66,0,0.05625,0.0625,58.609925599074316,529.9457955505646,1.0,13.792822580645161,19.67741935483871
13.816831683168385,62,71,1,0.055693069306930694,0.0625,62.76203600943365,568.413552915272,1.01,13.797936277498785,18.89540566959922
13.875,45,62,0,0.05625,0.0625,57.5464666870347,496.54551735780666,1.0,13.85469696969697,20.303030303030305
13.878712871287197,57,71,1,0.055693069306930694,0.0625,58.096738745551335,569.1688694357028,1.01,13.859817465617597,18.89540566959922
13.9375,48,66,0,0.05625,0.0625,61.70391940369815,528.3828407359821,1.0,13.917822580645161,19.67741935483871
13.94059405940601,60,65,1,0.055693069306930694,0.0625,60.85821818985662,525.1611209907301,1.01,13.920760237314123,19.83382209188661
14.0,40,62,0,0.05625,0.0625,52.19439555088787,498.28153249733487,1.0,13.97969696969697,20.303030303030305
14.002475247524822,50,63,1,0.055693069306930694,0.0625,51.26389021258046,507.3620295177994,1.01,13.98232861995884,20.146627565982406
14.0625,36,66,0,0.05625,0.0625,48.89741883171882,528.1498235312207,1.0,14.042822580645161,19.67741935483871
14.064356435643635,64,59,1,0.055693069306930694,0.0625,65.63609695133717,475.8230034420151,1.01,14.04358419712946,20.772238514174
14.125,48,63,0,0.05625,0.0625,60.634316908474176,509.1073028068823,1.0,14.104853372434018,20.146627565982406
14.126237623762448,64,62,1,0.055693069306930694,0.0625,64.84934226675945,500.9018496173286,1.01,14.105934593459418,20.303030303030305
14.1875,43,65,0,0.05625,0.0625,56.23534893895348,520.778251405724,1.0,14.167666177908114,19.83382209188661
14.18811881188126,48,63,1,0.055693069306930694,0.0625,59.89863577168078,508.36555777191194,1.01,14.167972184315278,20.146627565982406
14.25,43,69,0,0.05625,0.0625,56.337264955230985,553.1676088839148,1.0,14.230791788856305,19.208211143695017
14.250000000000073,64,69,1,0.055693069306930694,0.0625,65.69384585891382,554.024714957277,1.01,14.230791788856378,19.208211143695017
14.311881188118885,60,62,1,0.055693069306930694,0.0625,71.08243324836613,498.834404653115,1.01,14.291578157815856,20.303030303030305
14.3125,40,59,0,0.05625,0.0625,52.268700205890255,479.80896880075255,1.0,14.291727761485825,20.772238514174
14.373762376237698,50,62,1,0.055693069306930694,0.0625,51.77081322505322,500.85369827340077,1.01,14.353459345934668,20.303030303030305
14.375,60,59,0,0.05625,0.0625,73.28118660308341,475.3177089600697,1.0,14.354227761485825,20.772238514174
14.43564356435651,64,68,1,0.055693069306930694,0.0625,64.48502269264569,546.4342156909664,1.01,14.416278950475768,19.364613880742915
14.4375,40,66,0,0.05625,0.0625,52.63390037999383,532.5717947402189,1.0,14.417822580645161,19.67741935483871
14.497524752475323,55,60,1,0.055693069306930694,0.0625,55.81949561607019,480.4010229242506,1.01,14.476908916698196,20.6158357771261
14.5,50,67,0,0.05625,0.0625,62.64579376911678,541.5273079776484,1.0,14.48047898338221,19.521016617790814
14.559405940594136,55,65,1,0.055693069306930694,0.0625,54.760239331541875,524.881066335877,1.01,14.53957211850225,19.83382209188661
14.5625,48,64,0,0.05625,0.0625,61.67503897395139,512.7168618669891,1.0,14.542509775171066,19.990224828934508
14.621287128712948,64,62,1,0.055693069306930694,0.0625,64.28646394381258,502.77758743706164,1.01,14.600984098409919,20.303030303030305
14.625,43,62,0,0.05625,0.0625,56.791883950389334,499.0561306309344,1.0,14.60469696969697,20.303030303030305
14.683168316831761,64,67,1,0.055693069306930694,0.0625,64.75959756667234,538.5013785901166,1.01,14.66364730021397,19.521016617790814
14.6875,55,63,0,0.05625,0.0625,68.86131302937008,511.40723758192735,1.0,14.667353372434018,20.146627565982406
14.745049504950574,67,62,1,0.055693069306930694,0.0625,66.219947737864,498.6428944812294,1.01,14.724746474647544,20.303030303030305
14.75,50,72,0,0.05625,0.0625,63.20044534418065,578.5330970962018,1.0,14.731260997067448,18.73900293255132
14.806930693069386,55,61,1,0.055693069306930694,0.0625,55.29156617504479,491.09608651688285,1.01,14.786471260029309,20.459433040078203
14.8125,45,65,0,0.05625,0.0625,58.218448245804744,521.1035877589213,1.0,14.792666177908114,19.83382209188661
14.868811881188199,62,67,1,0.055693069306930694,0.0625,62.93848130064836,539.687146189141,1.01,14.849290864570408,19.521016617790814
14.875,50,59,0,0.05625,0.0625,62.853456040070405,477.6894772695799,1.0,14.854227761485825,20.772238514174
14.930693069307011,64,57,1,0.055693069306930694,0.0625,64.80962225217829,463.8344916619941,1.01,14.909608025318741,21.085043988269796
14.9375,50,66,0,0.05625,0.0625,62.88000832445104,535.464385923817,1.0,14.917822580645161,19.67741935483871
14.992574257425824,55,66,1,0.055693069306930694,0.0625,56.43980760819666,528.1649189721533,1.01,14.972896838070985,19.67741935483871
15.0,40,59,0,0.05625,0.0625,52.61386278155134,478.59479814784487,1.0,14.979227761485825,20.772238514174
15.054455445544637,64,66,1,0.055693069306930694,0.0625,65.96189281774878,529.8259699354718,1.01,15.034778026189798,19.67741935483871
15.0625,43,63,0,0.05625,0.0625,56.826668766635756,507.60162782743384,1.0,15.042353372434018,20.146627565982406
15.11633663366345,64,61,1,0.055693069306930694,0.0625,64.74120832321128,495.9428485671994,1.01,15.095877200623372,20.459433040078203
15.125,36,64,0,0.05625,0.0625,48.99637332526368,519.1131729174075,1.0,15.105009775171066,19.990224828934508
15.178217821782262,48,58,1,0.055693069306930694,0.0625,49.8738688100412,471.39429355485504,1.01,15.15728918053104,20.928641251221897
15.1875,43,65,0,0.05625,0.0625,55.097344745453896,522.9964622950788,1.0,15.167666177908114,19.83382209188661
15.240099009901074,60,58,1,0.055693069306930694,0.0625,60.297996099793686,469.60513423312847,1.01,15.219170368649852,20.928641251221897
15.25,43,56,0,0.05625,0.0625,55.43664667756964,453.21647137067237,1.0,15.228758553274682,21.241446725317694
15.301980198019887,67,61,1,0.055693069306930694,0.0625,68.93371089285904,494.65085734593913,1.01,15.28152076497981,20.459433040078203
15.3125,52,68,0,0.05625,0.0625,64.64457057998051,547.5092884920771,1.0,15.293135386119257,19.364613880742915
15.3638613861387,64,64,1,0.055693069306930694,0.0625,65.20964439072034,518.507730823954,1.01,15.343871161309766,19.990224828934508
15.375,43,59,0,0.05625,0.0625,56.391102461367964,474.3346132953049,1.0,15.354227761485825,20.772238514174
15.425742574257512,62,61,1,0.055693069306930694,0.0625,63.419179227205184,495.78972611221315,1.01,15.405283141217435,20.459433040078203
15.4375,36,64,0,0.05625,0.0625,59.908615752783604,512.5983757954335,1.0,15.417509775171066,19.990224828934508
15.487623762376325,64,62,1,0.055693069306930694,0.0625,65.38650076370921,503.2548214459589,1.01,15.467320732073295,20.303030303030305
15.5,45,65,0,0.05625,0.0625,58.94189135028941,523.5734194779502,1.0,15.480166177908114,19.83382209188661
15.549504950495137,55,69,1,0.055693069306930694,0.0625,55.97339230449603,555.330013791632,1.01,15.530296739351442,19.208211143695017
15.5625,33,61,0,0.05625,0.0625,46.7201248885117,489.9173434894925,1.0,15.542040566959923,20.459433040078203
15.61138613861395,55,63,1,0.055693069306930694,0.0625,54.59148330369642,511.5568327605099,1.01,15.591239511047968,20.146627565982406
15.625,50,68,0,0.05625,0.0625,63.35069451560831,544.6455192699676,1.0,15.605635386119257,19.364613880742915
15.673267326732763,60,60,1,0.055693069306930694,0.0625,71.00772513897023,487.6750134964919,1.01,15.652651490955636,20.6158357771261
15.6875,36,64,0,0.05625,0.0625,59.04805216426968,518.6388876412212,1.0,15.667509775171066,19.990224828934508
15.735148514851575,50,63,1,0.055693069306930694,0.0625,51.17899720965818,511.1456675852615,1.01,15.715001887285593,20.146627565982406
15.75,43,71,0,0.05625,0.0625,55.49124527660953,571.9094655851902,1.0,15.7311045943304,18.89540566959922
15.797029702970388,69,63,1,0.055693069306930694,0.0625,70.42467723560169,508.67687366206866,1.01,15.776883075404406,20.146627565982406
15.8125,48,69,0,0.05625,0.0625,61.46513443522594,552.7822317187251,1.0,15.793291788856305,19.208211143695017
15.8589108910892,60,61,1,0.055693069306930694,0.0625,60.171250721097664,492.33285238225693,1.01,15.838451458049123,20.459433040078203
15.875,45,64,0,0.05625,0.0625,57.73714222936687,519.0802340518965,1.0,15.855009775171066,19.990224828934508
15.920792079208013,50,68,1,0.055693069306930694,0.0625,50.93275234102387,545.9058402241615,1.01,15.90142746532727,19.364613880742915
15.9375,45,63,0,0.05625,0.0625,58.71890015602767,505.56069281928177,1.0,15.917353372434018,20.146627565982406
15.982673267326826,57,57,1,0.055693069306930694,0.0625,58.69180302023159,456.7047992303959,1.01,15.961588223338556,21.085043988269796
16.04455445544564,55,65,1,0.055693069306930694,0.0625,56.63306252293538,521.5712779300067,1.01,16.024720633353752,19.83382209188661
16.0625,40,65,0,0.05625,0.0625,52.527869867257564,521.22530274298,1.0,16.042666177908114,19.83382209188661
16.10643564356445,48,65,1,0.055693069306930694,0.0625,48.83716153927193,521.6565705452806,1.01,16.086601821472563,19.83382209188661
16.125,50,67,0,0.05625,0.0625,62.31691645229085,537.1777657312973,1.0,16.10547898338221,19.521016617790814
16.16831683168326,62,64,1,0.055693069306930694,0.0625,62.77422971768745,518.4982243085849,1.01,16.148326606854326,19.990224828934508
16.1875,55,63,0,0.05625,0.0625,67.06854551509215,507.2298392043822,1.0,16.167353372434018,20.146627565982406
16.25,52,65,0,0.05625,0.0625,64.83640859423161,520.3084437146598,1.0,16.230166177908114,19.83382209188661
16.29207920792088,50,65,1,0.055693069306930694,0.0625,51.223931430684644,527.5887548764999,1.01,16.272245385828995,19.83382209188661
16.3125,48,60,0,0.05625,0.0625,61.43734893289534,485.9587532029513,1.0,16.291884164222875,20.6158357771261
16.353960396039692,55,67,1,0.055693069306930694,0.0625,56.876726252528286,539.1211039530748,1.01,16.3344393794219,19.521016617790814
16.375,40,64,0,0.05625,0.0625,53.91026597611804,516.186086317727,1.0,16.355009775171066,19.990224828934508
16.415841584158503,36,58,1,0.055693069306930694,0.0625,47.90717206736847,468.34445806566066,1.01,16.394912942907283,20.928641251221897
16.4375,48,72,0,0.05625,0.0625,60.18524478976719,583.1223209988791,1.0,16.418760997067448,18.73900293255132
16.477722772277314,55,68,1,0.055693069306930694,0.0625,56.86243811968492,546.2869198946241,1.01,16.45835815839657,19.364613880742915
16.5,57,62,0,0.05625,0.0625,70.03209051816779,501.2731110162738,1.0,16.47969696969697,20.303030303030305
16.539603960396125,55,67,1,0.055693069306930694,0.0625,56.808917974119424,540.5080846779164,1.01,16.520082943778334,19.521016617790814
16.5625,45,60,0,0.05625,0.0625,57.43587710681615,485.8881538537263,1.0,16.541884164222875,20.6158357771261
16.601485148514936,62,69,1,0.055693069306930694,0.0625,62.35343613202891,552.1689629342785,1.01,16.58227693737124,19.208211143695017
16.625,43,60,0,0.05625,0.0625,54.21978216321997,487.081658127429,1.0,16.604384164222875,20.6158357771261
16.663366336633747,60,65,1,0.055693069306930694,0.0625,60.23411226926866,524.8067279317492,1.01,16.64353251454186,19.83382209188661
16.6875,36,60,0,0.05625,0.0625,59.54362105836096,480.4198274004744,1.0,16.666884164222875,20.6158357771261
16.725247524752557,67,69,1,0.055693069306930694,0.0625,68.35511880780865,558.4630986935013,1.01,16.706039313608862,19.208211143695017
16.75,43,65,0,0.05625,0.0625,56.415405146386746,524.948636711001,1.0,16.730166177908114,19.83382209188661
16.787128712871368,50,65,1,0.055693069306930694,0.0625,51.523681800715664,526.6156749396158,1.01,16.767294890779482,19.83382209188661
16.8125,43,61,0,0.05625,0.0625,55.957850957283505,493.98790661311693,1.0,16.792040566959923,20.459433040078203
16.84900990099018,60,71,1,0.055693069306930694,0.0625,61.053165842279014,569.7840050507378,1.01,16.83011449532058,18.89540566959922
16.875,40,69,0,0.05625,0.0625,53.583598907451744,556.2204460973702,1.0,16.855791788856305,19.208211143695017
16.91089108910899,52,62,1,0.055693069306930694,0.0625,53.77376547664857,497.5328590406951,1.01,16.89058805880596,20.303030303030305
16.9375,57,62,0,0.05625,0.0625,70.95671688311035,501.26231562094864,1.0,16.91719696969697,20.303030303030305
16.9727722772278,64,65,1,0.055693069306930694,0.0625,64.89477849834698,520.1986130591204,1.01,16.952938455135914,19.83382209188661
17.0,45,60,0,0.05625,0.0625,58.64226685448987,484.19307453176964,1.0,16.979384164222875,20.6158357771261
17.03465346534661,60,65,1,0.055693069306930694,0.0625,61.22688192671061,520.8704965967021,1.01,17.014819643254725,19.83382209188661
17.0625,52,65,0,0.05625,0.0625,64.20854971157235,526.0023964465719,1.0,17.042666177908114,19.83382209188661
17.096534653465422,36,59,1,0.055693069306930694,0.0625,47.908974273055925,472.4147574926714,1.01,17.07576241495125,20.772238514174
17.125,55,63,0,0.05625,0.0625,66.98406309901921,505.3293382517887,1.0,17.104853372434018,20.146627565982406
17.158415841584233,64,65,1,0.055693069306930694,0.0625,64.85279779209702,527.1406818542149,1.01,17.138582019492347,19.83382209188661
17.1875,55,68,0,0.05625,0.0625,68.75660967824614,546.7487535258042,1.0,17.168135386119257,19.364613880742915
17.220297029703044,60,62,1,0.055693069306930694,0.0625,60.56213055467757,497.4901840053462,1.01,17.199993999400014,20.303030303030305
17.25,52,66,0,0.05625,0.0625,65.36042375968088,535.4243414016775,1.0,17.23032258064516,19.67741935483871
17.282178217821855,62,62,1,0.055693069306930694,0.0625,63.07266152657454,497.2386127743536,1.01,17.261875187518825,20.303030303030305
17.3125,36,67,0,0.05625,0.0625,59.679681968577064,542.3185853849468,1.0,17.29297898338221,19.521016617790814
17.344059405940666,57,65,1,0.055693069306930694,0.0625,57.762297473380855,520.8140462599736,1.01,17.32422558384878,19.83382209188661
17.375,36,65,0,0.05625,0.0625,48.96607869735599,522.6970471981818,1.0,17.355166177908114,19.83382209188661
17.405940594059476,55,65,1,0.055693069306930694,0.0625,56.112863283282344,521.4243834408301,1.01,17.38610677196759,19.83382209188661
17.4375,50,63,0,0.05625,0.0625,62.06553319606528,508.6855172316533,1.0,17.417353372434018,20.146627565982406
17.467821782178287,60,64,1,0.055693069306930694,0.0625,61.4498392745685,513.1442370780493,1.01,17.447831557349353,19.990224828934508
17.5,36,68,0,0.05625,0.0625,59.998586250869764,551.5034108133766,1.0,17.480635386119257,19.364613880742915
17.529702970297098,55,68,1,0.055693069306930694,0.0625,55.90831676643389,549.0939448235193,1.01,17.510338356416355,19.364613880742915
17.5625,45,67,0,0.05625,0.0625,58.9203256818079,543.9362948926349,1.0,17.54297898338221,19.521016617790814
17.59158415841591,52,56,1,0.055693069306930694,0.0625,53.03397072848833,454.6324131313567,1.01,17.570342711690593,21.241446725317694
17.625,50,60,0,0.05625,0.0625,63.53615560421119,485.4072021458746,1.0,17.604384164222875,20.6158357771261
17.65346534653472,60,64,1,0.055693069306930694,0.0625,60.34417080404291,513.4198738393917,1.01,17.633475121705786,19.990224828934508
17.6875,57,59,0,0.05625,0.0625,70.50593400978435,476.8306649657727,1.0,17.666727761485827,20.772238514174
17.71534653465353,55,67,1,0.055693069306930694,0.0625,56.119249097950004,540.8411602635059,1.01,17.69582551803574,19.521016617790814
17.75,60,59,0,0.05625,0.0625,72.97753288843212,479.0404803647901,1.0,17.729227761485827,20.772238514174
17.77722772277234,57,55,1,0.055693069306930694,0.0625,58.91566965554862,444.07426067867976,1.01,17.755829873309978,21.397849462365592
17.8125,48,67,0,0.05625,0.0625,60.461752719310624,538.3945503527393,1.0,17.79297898338221,19.521016617790814
17.839108910891152,45,65,1,0.055693069306930694,0.0625,46.579287829019655,520.7107029206918,1.01,17.819275088799266,19.83382209188661
17.875,57,65,0,0.05625,0.0625,69.53066512828318,526.6388972510387,1.0,17.855166177908114,19.83382209188661
17.900990099009963,60,62,1,0.055693069306930694,0.0625,61.809176231267756,496.23542311967867,1.01,17.880687068706933,20.303030303030305
17.9375,38,68,0,0.05625,0.0625,50.20229050632567,544.0566464264945,1.0,17.918135386119257,19.364613880742915
17.962871287128774,57,63,1,0.055693069306930694,0.0625,57.66428813754794,507.4814627444122,1.01,17.942724659562792,20.146627565982406
18.0,45,69,0,0.05625,0.0625,57.28341303767463,553.5656491640759,1.0,17.980791788856305,19.208211143695017
18.024752475247585,57,66,1,0.055693069306930694,0.0625,57.918678770631495,529.46076770451,1.01,18.005075055892746,19.67741935483871
18.086633663366396,60,69,1,0.055693069306930694,0.0625,60.14076573849608,553.2448020208692,1.01,18.0674254522227,19.208211143695017
18.125,38,64,0,0.05625,0.0625,51.22023761205316,512.007463220734,1.0,18.105009775171066,19.990224828934508
18.148514851485206,62,64,1,0.055693069306930694,0.0625,62.195004033964636,512.6837206681565,1.01,18.128524626656272,19.990224828934508
18.1875,52,64,0,0.05625,0.0625,64.98697321737114,516.9155711594495,1.0,18.167509775171066,19.990224828934508
18.210396039604017,60,63,1,0.055693069306930694,0.0625,71.78566701101798,506.2515629576564,1.01,18.190249412038035,20.146627565982406
18.25,43,65,0,0.05625,0.0625,56.246626420746324,527.2075796378515,1.0,18.230166177908114,19.83382209188661
18.272277227722828,69,59,1,0.055693069306930694,0.0625,70.05693429865147,477.8227878283541,1.01,18.251504989208655,20.772238514174
18.3125,40,65,0,0.05625,0.0625,53.61244378386215,525.7350973846961,1.0,18.292666177908114,19.83382209188661
18.33415841584164,60,71,1,0.055693069306930694,0.0625,60.04649371578673,574.900366486461,1.01,18.31526301017204,18.89540566959922
18.375,40,70,0,0.05625,0.0625,53.90206066188218,564.1298973851502,1.0,18.355948191593352,19.05180840664712
18.39603960396045,64,66,1,0.055693069306930694,0.0625,64.14626658288243,535.1977871378452,1.01,18.37636218460561,19.67741935483871
18.4375,52,64,0,0.05625,0.0625,64.60099149787455,515.0032126816927,1.0,18.417509775171066,19.990224828934508
18.45792079207926,69,73,1,0.055693069306930694,0.0625,70.43621677220963,586.8701581221765,1.01,18.439338191883756,18.58260019550342
18.5,52,60,0,0.05625,0.0625,64.89351229880461,484.3166958745642,1.0,18.479384164222875,20.6158357771261
18.51980198019807,57,65,1,0.055693069306930694,0.0625,57.6540132341394,522.037317585695,1.01,18.499968158106185,19.83382209188661
18.5625,43,64,0,0.05625,0.0625,56.57691351219031,519.3520646006004,1.0,18.542509775171066,19.990224828934508
18.581683168316882,57,65,1,0.055693069306930694,0.0625,58.17176249515164,527.4991370825536,1.01,18.561849346224996,19.83382209188661
18.625,40,61,0,0.05625,0.0625,52.92677381452937,488.32160984425195,1.0,18.604540566959923,20.459433040078203
18.643564356435693,57,61,1,0.055693069306930694,0.0625,57.41255702051325,490.1019451086859,1.01,18.623104923395616,20.459433040078203
18.6875,55,71,0,0.05625,0.0625,66.53667621753635,571.2896828493962,1.0,18.6686045943304,18.89540566959922
18.75,48,65,0,0.05625,0.0625,60.189196492400754,523.7152604931472,1.0,18.730166177908114,19.83382209188661
18.767326732673315,55,75,1,0.055693069306930694,0.0625,54.54362471669093,601.3108618522231,1.01,18.749056937951906,18.269794721407624
18.8125,48,63,0,0.05625,0.0625,61.85235236289904,510.9552326816036,1.0,18.792353372434018,20.146627565982406
18.829207920792125,60,61,1,0.055693069306930694,0.0625,60.198086268859534,492.8280773514681,1.01,18.808748487752048,20.459433040078203
18.875,50,68,0,0.05625,0.0625,62.65238407219079,548.4957370341334,1.0,18.855635386119257,19.364613880742915
18.891089108910936,48,59,1,0.055693069306930694,0.0625,59.41100988815684,477.6578324961055,1.01,18.870316870396763,20.772238514174
18.9375,50,57,0,0.05625,0.0625,63.33983066950095,460.92211377844484,1.0,18.91641495601173,21.085043988269796
18.952970297029747,57,68,1,0.055693069306930694,0.0625,58.2125614380331,545.7655128579715,1.01,18.933605683149004,19.364613880742915
19.0,50,63,0,0.05625,0.0625,63.21798417764982,509.36732681998717,1.0,18.979853372434018,20.146627565982406
19.014851485148558,67,64,1,0.055693069306930694,0.0625,66.33228216995246,513.413637819261,1.01,18.994861260319624,19.990224828934508
19.0625,45,60,0,0.05625,0.0625,57.139260916407075,486.4906484219269,1.0,19.041884164222875,20.6158357771261
19.07673267326737,60,70,1,0.055693069306930694,0.0625,61.84953208051682,566.9900024179852,1.01,19.05768086486072,19.05180840664712
19.125,43,68,0,0.05625,0.0625,54.95509515148098,551.6725649189759,1.0,19.105635386119257,19.364613880742915
19.13861386138618,74,60,1,0.055693069306930694,0.0625,75.64518268324272,481.3924547954777,1.01,19.117998025609054,20.6158357771261
19.1875,38,67,0,0.05625,0.0625,51.650936250259285,536.1920571202838,1.0,19.16797898338221,19.521016617790814
19.20049504950499,67,63,1,0.055693069306930694,0.0625,67.54243239504254,509.1910617233554,1.01,19.18034842193901,20.146627565982406
19.25,50,68,0,0.05625,0.0625,62.220744002389566,546.2257867999165,1.0,19.230635386119257,19.364613880742915
19.2623762376238,60,63,1,0.055693069306930694,0.0625,71.98348496646373,507.05578780512457,1.01,19.24222961005782,20.146627565982406
19.3125,36,64,0,0.05625,0.0625,49.91885207922716,515.2004903147515,1.0,19.292509775171066,19.990224828934508
19.324257425742612,67,69,1,0.055693069306930694,0.0625,68.97179007190013,557.2253492599143,1.01,19.305049214598917,19.208211143695017
19.375,43,62,0,0.05625,0.0625,55.88266728853144,498.53887340106115,1.0,19.35469696969697,20.303030303030305
19.386138613861423,67,60,1,0.055693069306930694,0.0625,66.84231136133072,487.2977285919729,1.01,19.365522778084298,20.6158357771261
19.4375,57,69,0,0.05625,0.0625,70.87653715597843,558.4851167406009,1.0,19.418291788856305,19.208211143695017
19.448019801980234,60,61,1,0.055693069306930694,0.0625,60.3294583084514,493.2823102831837,1.01,19.427560368940156,20.459433040078203
19.5,45,66,0,0.05625,0.0625,57.103630935563466,531.8140038134749,1.0,19.48032258064516,19.67741935483871
19.509900990099045,67,67,1,0.055693069306930694,0.0625,66.39738825597007,543.3615629946769,1.01,19.490379973481254,19.521016617790814
19.5625,50,64,0,0.05625,0.0625,62.7247399077491,516.0985770342521,1.0,19.542509775171066,19.990224828934508
19.571782178217855,52,62,1,0.055693069306930694,0.0625,52.06382683466904,496.7047292177337,1.01,19.551479147914826,20.303030303030305
19.625,45,62,0,0.05625,0.0625,57.480107736438,500.7682067767554,1.0,19.60469696969697,20.303030303030305
19.633663366336666,55,66,1,0.055693069306930694,0.0625,54.19687950375528,532.9697995188067,1.01,19.613985946981828,19.67741935483871
19.6875,48,61,0,0.05625,0.0625,61.10057123017889,494.7955294211996,1.0,19.667040566959923,20.459433040078203
19.695544554455477,57,64,1,0.055693069306930694,0.0625,57.32737679891047,519.2372885918363,1.01,19.675554329626543,19.990224828934508
19.75,52,64,0,0.05625,0.0625,65.53598917455972,513.8541600375561,1.0,19.730009775171066,19.990224828934508
19.757425742574288,55,67,1,0.055693069306930694,0.0625,55.278713263617476,539.5271337859958,1.01,19.737904725956497,19.521016617790814
19.8125,36,64,0,0.05625,0.0625,59.314730660271756,512.7367994480584,1.0,19.792509775171066,19.990224828934508
19.8193069306931,62,67,1,0.055693069306930694,0.0625,62.93338637241554,537.0388571172764,1.01,19.799785914075308,19.521016617790814
19.875,43,67,0,0.05625,0.0625,54.22411024040224,543.936126589589,1.0,19.85547898338221,19.521016617790814
19.88118811881191,52,63,1,0.055693069306930694,0.0625,52.891821885320525,506.9726651004687,1.01,19.861041491245928,20.146627565982406
19.9375,45,67,0,0.05625,0.0625,58.149786958994255,540.3093283799727,1.0,19.91797898338221,19.521016617790814
19.94306930693072,64,57,1,0.055693069306930694,0.0625,65.34609369324122,462.74430747337516,1.01,19.921984262942452,21.085043988269796
20.0,45,66,0,0.05625,0.0625,57.80362218284456,534.6163040382354,1.0,19.98032258064516,19.67741935483871
20.00495049504953,62,62,1,0.055693069306930694,0.0625,62.86383183178545,503.2989705229489,1.01,19.9846474647465,20.303030303030305
20.0625,52,56,0,0.05625,0.0625,64.90025829224199,453.9830669276764,1.0,20.041258553274684,21.241446725317694
20.066831683168342,60,57,1,0.055693069306930694,0.0625,61.89195363414062,460.31370336366126,1.01,20.045746639180074,21.085043988269796
20.125,31,66,0,0.05625,0.0625,43.38520066061328,534.2702451434953,1.0,20.10532258064516,19.67741935483871
20.128712871287153,64,66,1,0.055693069306930694,0.0625,65.62901443129984,528.9720621350635,1.01,20.109035451932314,19.67741935483871
20.1875,36,60,0,0.05625,0.0625,49.792731870513705,486.6976980500188,1.0,20.166884164222875,20.6158357771261
20.190594059405964,48,65,1,0.055693069306930694,0.0625,59.174196058566416,521.1446253768926,1.01,20.170760237314077,19.83382209188661
20.25,40,56,0,0.05625,0.0625,53.610198428682075,451.7258019236001,1.0,20.228758553274684,21.241446725317694
20.252475247524774,64,66,1,0.055693069306930694,0.0625,64.38686769598736,530.4348516043354,1.01,20.232797828169936,19.67741935483871
20.3125,57,60,0,0.05625,0.0625,69.93796613034584,485.5210369397705,1.0,20.291884164222875,20.6158357771261
20.314356435643585,55,68,1,0.055693069306930694,0.0625,54.66161086627219,546.5522393945016,1.01,20.294991821762842,19.364613880742915
20.375,48,68,0,0.05625,0.0625,61.20659602302489,549.6689134926095,1.0,20.355635386119257,19.364613880742915
20.376237623762396,52,65,1,0.055693069306930694,0.0625,53.164174826903796,520.6458303867964,1.01,20.35640380167051,19.83382209188661
20.4375,36,63,0,0.05625,0.0625,49.848727658925085,505.8285737336871,1.0,20.417353372434018,20.146627565982406
20.438118811881207,69,68,1,0.055693069306930694,0.0625,70.0586303818576,546.5186672242182,1.01,20.418754198000464,19.364613880742915
20.500000000000018,57,62,1,0.055693069306930694,0.0625,58.924190350370736,497.8023644116095,1.01,20.479696969696988,20.303030303030305
20.5,45,65,0,0.05625,0.0625,58.791383373595245,526.3338124098522,1.0,20.480166177908114,19.83382209188661
20.56188118811883,67,65,1,0.055693069306930694,0.0625,68.92008432845947,521.8364956110325,1.01,20.542047366026942,19.83382209188661
20.5625,57,67,0,0.05625,0.0625,70.31502267171774,537.0019132543969,1.0,20.54297898338221,19.521016617790814
20.62376237623764,48,61,1,0.055693069306930694,0.0625,59.59140426609675,492.0369441964755,1.01,20.603302943197562,20.459433040078203
20.625,43,70,0,0.05625,0.0625,55.89646557782153,566.1632182348002,1.0,20.605948191593352,19.05180840664712
20.68564356435645,67,74,1,0.055693069306930694,0.0625,68.26955663169691,592.5442173755175,1.01,20.667217366897994,18.426197458455523
20.6875,48,63,0,0.05625,0.0625,61.9818495097277,506.53453958943913,1.0,20.667353372434018,20.146627565982406
20.74752475247526,62,60,1,0.055693069306930694,0.0625,62.20709059672496,482.35978508715243,1.01,20.726908916698136,20.6158357771261
20.75,48,66,0,0.05625,0.0625,71.32224365000039,528.0460146389131,1.0,20.73032258064516,19.67741935483871
20.809405940594072,74,67,1,0.055693069306930694,0.0625,75.28904918118027,540.0587292665941,1.01,20.78988492397628,19.521016617790814
20.8125,38,71,0,0.05625,0.0625,50.6417596036785,575.5243050691661,1.0,20.7936045943304,18.89540566959922
20.871287128712883,60,63,1,0.055693069306930694,0.0625,61.48990575845159,506.0948697729092,1.01,20.8511405011469,20.146627565982406
20.875,57,66,0,0.05625,0.0625,70.88492483629416,530.6017316784494,1.0,20.85532258064516,19.67741935483871
20.933168316831694,57,64,1,0.055693069306930694,0.0625,58.80981522679392,512.9250807942811,1.01,20.91317809200276,19.990224828934508
20.9375,50,68,0,0.05625,0.0625,62.15352973505403,551.7131630332683,1.0,20.918135386119257,19.364613880742915
20.995049504950504,57,70,1,0.055693069306930694,0.0625,58.4919671725051,564.7459984800548,1.01,20.975997696543857,19.05180840664712
21.0,55,55,0,0.05625,0.0625,67.67154382379307,442.1603719101435,1.0,20.978602150537636,21.397849462365592
21.056930693069315,52,59,1,0.055693069306930694,0.0625,53.62449659659936,476.8290573864548,1.01,21.036158454555142,20.772238514174
21.0625,43,68,0,0.05625,0.0625,55.425629605397816,544.1303812491697,1.0,21.043135386119257,19.364613880742915
21.118811881188126,55,67,1,0.055693069306930694,0.0625,55.70996408718796,536.5700370958673,1.01,21.099290864570335,19.521016617790814
21.180693069306937,60,60,1,0.055693069306930694,0.0625,60.017267496984296,485.9398039345987,1.01,21.16007723352981,20.6158357771261
21.1875,40,70,0,0.05625,0.0625,53.12015829767236,563.4480737555193,1.0,21.168448191593352,19.05180840664712
21.242574257425748,60,57,1,0.055693069306930694,0.0625,60.38733658634109,456.38675100506185,1.01,21.22148921343748,21.085043988269796
21.25,45,61,0,0.05625,0.0625,58.21853260981992,488.89544008177177,1.0,21.229540566959923,20.459433040078203
21.30445544554456,45,64,1,0.055693069306930694,0.0625,45.96932111049179,516.651962869025,1.01,21.284465220715624,19.990224828934508
21.3125,48,66,0,0.05625,0.0625,61.28928938484643,535.0526739697219,1.0,21.29282258064516,19.67741935483871
21.36633663366337,55,63,1,0.055693069306930694,0.0625,56.936489285120615,507.4322391331652,1.01,21.346190006097387,20.146627565982406
21.375,57,57,0,0.05625,0.0625,70.32534350087336,463.06868115248494,1.0,21.35391495601173,21.085043988269796
21.42821782178218,48,72,1,0.055693069306930694,0.0625,48.59023556111701,580.6298267605198,1.01,21.409478818849628,18.73900293255132
21.4375,55,67,0,0.05625,0.0625,68.31412847216818,536.595532779169,1.0,21.41797898338221,19.521016617790814
21.49009900990099,64,61,1,0.055693069306930694,0.0625,64.17521975525382,494.26330065211937,1.01,21.469639576860914,20.459433040078203
21.5,45,67,0,0.05625,0.0625,58.71768130555736,536.3700998527916,1.0,21.48047898338221,19.521016617790814
21.551980198019802,60,70,1,0.055693069306930694,0.0625,71.99734800495062,567.788388605326,1.01,21.532928389613154,19.05180840664712
21.5625,48,65,0,0.05625,0.0625,61.67863436142829,526.5721062904115,1.0,21.542666177908114,19.83382209188661
21.613861386138613,74,60,1,0.055693069306930694,0.0625,74.69416835458613,483.6960407151598,1.01,21.593245550361488,20.6158357771261
21.625,52,71,0,0.05625,0.0625,65.96705876651828,572.2915728364254,1.0,21.6061045943304,18.89540566959922
21.675742574257423,69,64,1,0.055693069306930694,0.0625,69.33126820911353,515.1790401040212,1.01,21.65575234942849,19.990224828934508
21.6875,36,68,0,0.05625,0.0625,59.20189644947296,548.6209500140544,1.0,21.668135386119257,19.364613880742915
21.737623762376234,60,66,1,0.055693069306930694,0.0625,61.28699602961085,531.5853025634208,1.01,21.717946343021396,19.67741935483871
21.75,52,62,0,0.05625,0.0625,64.55712607503929,502.6199002835292,1.0,21.72969696969697,20.303030303030305
21.799504950495045,62,62,1,0.055693069306930694,0.0625,62.44370881723144,500.44242648536726,1.01,21.779201920192016,20.303030303030305
21.8125,43,71,0,0.05625,0.0625,55.124355484697226,569.8450638623129,1.0,21.7936045943304,18.89540566959922
21.861386138613856,50,70,1,0.055693069306930694,0.0625,50.47897210928415,565.5015498073586,1.01,21.84233433020721,19.05180840664712
21.875,64,64,0,0.05625,0.0625,76.30522689572939,518.8326302791266,1.0,21.855009775171066,19.990224828934508
21.923267326732667,57,65,1,0.055693069306930694,0.0625,58.533640920953665,524.9176121611019,1.01,21.90343350464078,19.83382209188661
21.9375,45,58,0,0.05625,0.0625,57.71898107367519,464.1229403969741,1.0,21.91657135874878,20.928641251221897
21.985148514851478,69,62,1,0.055693069306930694,0.0625,69.57778791312663,502.0224855295178,1.01,21.964845484548448,20.303030303030305
22.0,64,64,0,0.05625,0.0625,76.97279435605896,515.91308888931,1.0,21.980009775171066,19.990224828934508
22.04702970297029,55,64,1,0.055693069306930694,0.0625,55.134916407217865,517.8922878951784,1.01,22.027039478141354,19.990224828934508
22.0625,48,65,0,0.05625,0.0625,60.663995775814186,523.4629667705397,1.0,22.042666177908114,19.83382209188661
22.125,48,70,0,0.05625,0.0625,61.65549097251865,564.6322999588438,1.0,22.105948191593352,19.05180840664712
22.1875,57,67,0,0.05625,0.0625,69.30779824890006,541.129248945043,1.0,22.16797898338221,19.521016617790814
22.23267326732672,52,63,1,0.055693069306930694,0.0625,53.41727270330106,507.26209768943636,1.01,22.21252663976074,20.146627565982406
22.25,57,66,0,0.05625,0.0625,69.3846488054827,530.6086654761028,1.0,22.23032258064516,19.67741935483871
22.29455445544553,64,66,1,0.055693069306930694,0.0625,64.88269235666695,535.4536114226206,1.01,22.274877036090693,19.67741935483871
22.3125,40,66,0,0.05625,0.0625,53.05264983316518,530.8962928300891,1.0,22.29282258064516,19.67741935483871
22.356435643564343,76,61,1,0.055693069306930694,0.0625,76.49856078346987,488.09351604413433,1.01,22.335976210524265,20.459433040078203
22.375,36,64,0,0.05625,0.0625,48.395026352605896,514.062677208525,1.0,22.355009775171066,19.990224828934508
22.418316831683153,60,63,1,0.055693069306930694,0.0625,61.17575436117658,510.99318694027886,1.01,22.39817020411717,20.146627565982406
22.4375,50,62,0,0.05625,0.0625,62.77039738911538,503.7830263687693,1.0,22.41719696969697,20.303030303030305
22.480198019801964,55,69,1,0.055693069306930694,0.0625,54.539718811653614,553.6131428965705,1.01,22.46098980865827,19.208211143695017
22.5,48,72,0,0.05625,0.0625,61.89203619187773,582.395327105011,1.0,22.481260997067448,18.73900293255132
22.542079207920775,60,69,1,0.055693069306930694,0.0625,60.76999541449685,556.0776389362269,1.01,22.52287099677708,19.208211143695017
22.5625,36,63,0,0.05625,0.0625,48.2084293122493,504.66501950138286,1.0,22.542353372434018,20.146627565982406
22.603960396039586,57,66,1,0.055693069306930694,0.0625,57.37658301646922,533.0259527602504,1.01,22.584282976684747,19.67741935483871
22.625,43,68,0,0.05625,0.0625,56.28201517827367,551.8820939999592,1.0,22.605635386119257,19.364613880742915
22.665841584158397,62,58,1,0.055693069306930694,0.0625,63.82317387685732,471.6579499631595,1.01,22.644912942907176,20.928641251221897
22.6875,48,65,0,0.05625,0.0625,60.11555270180019,520.6839519906812,1.0,22.667666177908114,19.83382209188661
22.727722772277207,57,66,1,0.055693069306930694,0.0625,57.40320060897755,531.5525908488283,1.01,22.70804535292237,19.67741935483871
22.75,36,68,0,0.05625,0.0625,49.24933449654441,544.3726900204751,1.0,22.730635386119257,19.364613880742915
22.8125,43,60,0,0.05625,0.0625,55.994312278616945,482.4918754459382,1.0,22.791884164222875,20.6158357771261
22.85148514851483,50,65,1,0.055693069306930694,0.0625,51.55702107153392,521.5171225598665,1.01,22.831651326422943,19.83382209188661
22.91336633663364,76,67,1,0.055693069306930694,0.0625,76.16338696007806,537.3421786673441,1.01,22.89384532001585,19.521016617790814
22.9375,38,66,0,0.05625,0.0625,51.80227026343964,529.7382941777577,1.0,22.91782258064516,19.67741935483871
22.97524752475245,52,64,1,0.055693069306930694,0.0625,52.78970782798479,514.7491890650203,1.01,22.955257299923517,19.990224828934508
23.03712871287126,48,66,1,0.055693069306930694,0.0625,59.427289041496756,535.0589595509375,1.01,23.017451293516423,19.67741935483871
23.0625,50,63,0,0.05625,0.0625,62.093208344850545,509.41114929574536,1.0,23.042353372434018,20.146627565982406
23.099009900990072,62,61,1,0.055693069306930694,0.0625,62.28983653762174,493.69968517974536,1.01,23.078550467949995,20.459433040078203
23.125,43,71,0,0.05625,0.0625,54.20462310116051,570.2855627672939,1.0,23.1061045943304,18.89540566959922
23.160891089108883,50,67,1,0.055693069306930694,0.0625,50.27160192095396,536.3443266634525,1.01,23.141370072491092,19.521016617790814
23.1875,52,62,0,0.05625,0.0625,64.35837444945133,498.88847168219775,1.0,23.16719696969697,20.303030303030305
23.222772277227694,64,62,1,0.055693069306930694,0.0625,65.7123767182018,501.3552063857628,1.01,23.202469246924665,20.303030303030305
23.25,48,69,0,0.05625,0.0625,60.653310391743304,555.8516841905343,1.0,23.230791788856305,19.208211143695017
23.3125,45,64,0,0.05625,0.0625,58.221059930997704,518.4350412511047,1.0,23.292509775171066,19.990224828934508
23.346534653465316,60,68,1,0.055693069306930694,0.0625,61.215184781639294,544.5730582331391,1.01,23.327170039584573,19.364613880742915
23.375,50,63,0,0.05625,0.0625,62.26357504799881,507.7506771366834,1.0,23.354853372434018,20.146627565982406
23.408415841584127,55,69,1,0.055693069306930694,0.0625,55.6886085383399,555.4545545222435,1.01,23.38920763044043,19.208211143695017
23.4375,36,61,0,0.05625,0.0625,48.413250126110796,492.9007581315968,1.0,23.417040566959923,20.459433040078203
23.470297029702937,50,59,1,0.055693069306930694,0.0625,50.32819961976103,476.86455777048326,1.01,23.449524791188765,20.772238514174
23.5,55,61,0,0.05625,0.0625,66.7458885836116,490.5736936981305,1.0,23.479540566959923,20.459433040078203
23.53217821782175,69,62,1,0.055693069306930694,0.0625,70.9274480178492,501.6706903914321,1.01,23.51187518751872,20.303030303030305
23.5625,50,67,0,0.05625,0.0625,62.25330490498802,539.9794552093181,1.0,23.54297898338221,19.521016617790814
23.59405940594056,55,62,1,0.055693069306930694,0.0625,55.57357780961859,503.52619727432307,1.01,23.57375637563753,20.303030303030305
23.65594059405937,64,61,1,0.055693069306930694,0.0625,64.52224601625254,493.21466009003956,1.01,23.635481161019293,20.459433040078203
23.6875,50,59,0,0.05625,0.0625,62.33269698717329,474.554600283537,1.0,23.666727761485827,20.772238514174
23.71782178217818,67,67,1,0.055693069306930694,0.0625,67.7384691743188,536.1935642956084,1.01,23.69830076556039,19.521016617790814
23.75,36,63,0,0.05625,0.0625,59.51832776168175,511.0882575472787,1.0,23.729853372434018,20.146627565982406
23.77970297029699,55,66,1,0.055693069306930694,0.0625,56.96326173383709,531.4559453147509,1.01,23.760025550942153,19.67741935483871
23.8125,43,64,0,0.05625,0.0625,55.34454795665113,512.6237397884327,1.0,23.792509775171066,19.990224828934508
23.841584158415802,57,63,1,0.055693069306930694,0.0625,58.64957857400091,509.26488901318976,1.01,23.82143753084982,20.146627565982406
23.875,36,63,0,0.05625,0.0625,59.18112677043435,508.9206814027161,1.0,23.854853372434018,20.146627565982406
23.903465346534613,67,72,1,0.055693069306930694,0.0625,66.14467725654694,577.8962624211074,1.01,23.88472634360206,18.73900293255132
23.9375,31,72,0,0.05625,0.0625,43.212772579343806,583.475521867737,1.0,23.918760997067448,18.73900293255132
23.965346534653424,48,61,1,0.055693069306930694,0.0625,59.24938837067281,488.6821858361884,1.01,23.944887101613347,20.459433040078203
24.0,62,67,0,0.05625,0.0625,74.75113442202766,542.2042227609683,1.0,23.98047898338221,19.521016617790814
24.06188118811881,64,65,1,0.055693069306930694,0.0625,64.2986634480962,524.3006367453921,1.01,24.042047366026924,19.83382209188661
24.0625,45,69,0,0.05625,0.0625,58.20050686513892,552.9213270740742,1.0,24.043291788856305,19.208211143695017
24.12376237623762,62,68,1,0.055693069306930694,0.0625,62.21301776416017,549.8360276373356,1.01,24.10439776235688,19.364613880742915
24.125,52,61,0,0.05625,0.0625,65.60056455344727,495.4153013521466,1.0,24.104540566959923,20.459433040078203
24.185643564356432,64,67,1,0.055693069306930694,0.0625,64.49067178116877,538.8465361893864,1.01,24.16612254773864,19.521016617790814
24.1875,52,67,0,0.05625,0.0625,64.03070897725308,539.1429575044548,1.0,24.16797898338221,19.521016617790814
24.247524752475243,48,64,1,0.055693069306930694,0.0625,59.6749123544575,515.0473585655644,1.01,24.22753452764631,19.990224828934508
24.25,36,67,0,0.05625,0.0625,59.183175892762144,537.1807307498419,1.0,24.23047898338221,19.521016617790814
24.309405940594054,57,64,1,0.055693069306930694,0.0625,58.79425359618936,517.2369176742009,1.01,24.28941571576512,19.990224828934508
24.3125,50,72,0,0.05625,0.0625,62.18371557323588,583.1735117903177,1.0,24.293760997067448,18.73900293255132
24.371287128712865,52,66,1,0.055693069306930694,0.0625,52.03722880274991,534.6198212218345,1.01,24.351609709358026,19.67741935483871
24.375,36,59,0,0.05625,0.0625,48.66641946780975,472.96849792056116,1.0,24.354227761485827,20.772238514174
24.433168316831676,64,68,1,0.055693069306930694,0.0625,64.51793396167488,546.6815932514626,1.01,24.413803702950933,19.364613880742915
24.4375,55,63,0,0.05625,0.0625,66.66047329770744,508.31295382964237,1.0,24.417353372434018,20.146627565982406
24.495049504950487,67,61,1,0.055693069306930694,0.0625,66.44841629129895,490.37370271749313,1.01,24.47459007191041,20.459433040078203
24.5,62,61,0,0.05625,0.0625,75.8635565766978,494.44763771723325,1.0,24.479540566959923,20.459433040078203
24.556930693069297,55,66,1,0.055693069306930694,0.0625,54.256432749717476,531.1141838013807,1.01,24.53725327371446,19.67741935483871
24.5625,48,60,0,0.05625,0.0625,61.12058470982704,482.76586099823453,1.0,24.541884164222875,20.6158357771261
24.61881188118811,57,63,1,0.055693069306930694,0.0625,58.86011553043872,508.06363484014804,1.01,24.598665253622126,20.146627565982406
24.625,50,76,0,0.05625,0.0625,63.93188843777478,613.7690544689409,1.0,24.60688660801564,18.113391984359726
24.68069306930692,64,71,1,0.055693069306930694,0.0625,64.91164312789486,570.3462900523964,1.01,24.66179766363732,18.89540566959922
24.6875,52,72,0,0.05625,0.0625,64.18796736172904,582.8603358315437,1.0,24.668760997067448,18.73900293255132
24.74257425742573,64,66,1,0.055693069306930694,0.0625,64.21440185736886,531.4798817868167,1.01,24.72289683807089,19.67741935483871
24.75,55,62,0,0.05625,0.0625,66.705353311638,500.1780755173409,1.0,24.72969696969697,20.303030303030305
24.80445544554454,52,60,1,0.055693069306930694,0.0625,52.96676601049869,486.7174086438027,1.01,24.783839609767416,20.6158357771261
24.8125,24,70,0,0.05625,0.0625,47.33442888129304,565.3076500342256,1.0,24.793448191593352,19.05180840664712
24.86633663366335,50,69,1,0.055693069306930694,0.0625,51.07260339864421,555.3585966346521,1.01,24.847128422519656,19.208211143695017
24.928217821782162,55,67,1,0.055693069306930694,0.0625,56.61566497074144,540.4022830740973,1.01,24.90869680516437,19.521016617790814
24.9375,38,67,0,0.05625,0.0625,51.14329818342269,542.1834392460834,1.0,24.91797898338221,19.521016617790814
24.990099009900973,67,67,1,0.055693069306930694,0.0625,68.01538352295559,540.1118237962141,1.01,24.970577993283182,19.521016617790814
25.0,57,72,0,0.05625,0.0625,69.0174209688553,583.5500038105538,1.0,24.981260997067448,18.73900293255132
25.051980198019784,50,69,1,0.055693069306930694,0.0625,50.145785891657134,555.6624103271511,1.01,25.03277198687609,19.208211143695017
25.113861386138595,57,60,1,0.055693069306930694,0.0625,57.95317333012921,482.28372595313374,1.01,25.09324555036147,20.6158357771261
25.125,45,66,0,0.05625,0.0625,58.951900546057495,535.2022987069032,1.0,25.10532258064516,19.67741935483871
25.175742574257406,62,66,1,0.055693069306930694,0.0625,62.59277620250157,532.9275207738626,1.01,25.156065154902567,19.67741935483871
25.1875,36,63,0,0.05625,0.0625,59.817028482558904,504.8311558943408,1.0,25.167353372434018,20.146627565982406
25.237623762376217,67,62,1,0.055693069306930694,0.0625,67.95442023512048,497.33328168796874,1.01,25.217320732073187,20.303030303030305
25.25,36,62,0,0.05625,0.0625,59.991594311037005,497.15852677804077,1.0,25.22969696969697,20.303030303030305
25.299504950495027,62,61,1,0.055693069306930694,0.0625,62.51925066677713,492.740433440138,1.01,25.27904551745495,20.459433040078203
25.3125,43,65,0,0.05625,0.0625,56.87798673576112,526.6337160180656,1.0,25.292666177908114,19.83382209188661
25.361386138613838,69,63,1,0.055693069306930694,0.0625,69.59845263089656,509.12527752095536,1.01,25.341239511047856,20.146627565982406
25.375,36,59,0,0.05625,0.0625,59.90216879286463,472.92959101119243,1.0,25.354227761485827,20.772238514174
25.42326732673265,55,60,1,0.055693069306930694,0.0625,56.01951160777038,486.5731116385574,1.01,25.402651490955524,20.6158357771261
25.4375,45,76,0,0.05625,0.0625,57.644255053205434,613.2890605122088,1.0,25.41938660801564,18.113391984359726
25.48514851485146,48,65,1,0.055693069306930694,0.0625,48.04812784507625,521.7651682641019,1.01,25.465314692759573,19.83382209188661
25.5,43,68,0,0.05625,0.0625,56.0114727737175,549.3315529452344,1.0,25.480635386119257,19.364613880742915
25.54702970297027,55,63,1,0.055693069306930694,0.0625,55.935690907014475,511.75504222108424,1.01,25.52688307540429,20.146627565982406
25.5625,48,61,0,0.05625,0.0625,60.981163476803104,490.55124239334236,1.0,25.542040566959923,20.459433040078203
25.60891089108908,62,63,1,0.055693069306930694,0.0625,62.794707484084576,507.44060404864865,1.01,25.5887642635231,20.146627565982406
25.625,45,70,0,0.05625,0.0625,57.69535330007344,564.8550140000311,1.0,25.605948191593352,19.05180840664712
25.670792079207892,60,61,1,0.055693069306930694,0.0625,60.263387290669414,495.7371163892476,1.01,25.650332646167815,20.459433040078203
25.6875,48,62,0,0.05625,0.0625,61.16293726917581,496.97353174490326,1.0,25.66719696969697,20.303030303030305
25.75,45,66,0,0.05625,0.0625,57.81851126991971,531.1722849188556,1.0,25.73032258064516,19.67741935483871
25.794554455445514,52,72,1,0.055693069306930694,0.0625,53.986028846402355,579.4273147883735,1.01,25.775815452512962,18.73900293255132
25.8125,48,70,0,0.05625,0.0625,61.95790046362742,563.1866379673314,1.0,25.793448191593352,19.05180840664712
25.856435643564325,69,66,1,0.055693069306930694,0.0625,69.29624302829652,528.0806233667074,1.01,25.836758224209486,19.67741935483871
25.875,48,72,0,0.05625,0.0625,61.83050843739528,583.1164870488734,1.0,25.856260997067448,18.73900293255132
25.918316831683136,60,60,1,0.055693069306930694,0.0625,61.84038918837306,484.8537665116422,1.01,25.89770099590601,20.6158357771261
25.9375,43,67,0,0.05625,0.0625,55.816769715278404,543.3505846081978,1.0,25.91797898338221,19.521016617790814
25.980198019801946,52,65,1,0.055693069306930694,0.0625,52.57301555887939,527.1063308632888,1.01,25.96036419771006,19.83382209188661
26.0,43,65,0,0.05625,0.0625,55.629879558457134,521.4072972026659,1.0,25.980166177908114,19.83382209188661
26.042079207920757,55,62,1,0.055693069306930694,0.0625,55.163655860147344,501.14608717408385,1.01,26.021776177617728,20.303030303030305
26.0625,43,66,0,0.05625,0.0625,55.23775863283585,529.3221866378537,1.0,26.04282258064516,19.67741935483871
26.103960396039568,62,58,1,0.055693069306930694,0.0625,63.89618513053785,469.8974930367059,1.01,26.083031754788347,20.928641251221897
26.125,45,70,0,0.05625,0.0625,58.19206295358386,567.6180770233035,1.0,26.105948191593352,19.05180840664712
26.16584158415838,69,66,1,0.055693069306930694,0.0625,69.31929115117507,532.1569439914416,1.01,26.14616416480354,19.67741935483871
26.1875,40,70,0,0.05625,0.0625,53.51166856066471,561.2096097510788,1.0,26.168448191593352,19.05180840664712
26.22772277227719,60,61,1,0.055693069306930694,0.0625,71.08552438471749,491.91970786513025,1.01,26.207263339237112,20.459433040078203
26.25,52,67,0,0.05625,0.0625,64.21105886557967,536.6720136563381,1.0,26.23047898338221,19.521016617790814
26.289603960396,57,68,1,0.055693069306930694,0.0625,57.54427367995871,544.8685420425162,1.01,26.270239346515257,19.364613880742915
26.3125,45,65,0,0.05625,0.0625,57.24601539918947,522.7996051332557,1.0,26.292666177908114,19.83382209188661
26.35148514851481,55,72,1,0.055693069306930694,0.0625,55.095584917254236,581.0710918063755,1.01,26.33274614558226,18.73900293255132
26.375,45,62,0,0.05625,0.0625,58.144353895874,502.40385254918596,1.0,26.35469696969697,20.303030303030305
26.413366336633622,60,62,1,0.055693069306930694,0.0625,60.28462030877223,500.41434805682803,1.01,26.393063306330593,20.303030303030305
26.4375,48,62,0,0.05625,0.0625,60.792112257819646,500.37049302330746,1.0,26.41719696969697,20.303030303030305
26.475247524752433,55,61,1,0.055693069306930694,0.0625,55.64925100719798,493.81379705143786,1.01,26.454788091712356,20.459433040078203
26.537128712871244,55,60,1,0.055693069306930694,0.0625,55.84259744879338,487.6047127848385,1.01,26.51651287709412,20.6158357771261
26.5625,43,66,0,0.05625,0.0625,55.729079793399194,530.2574106312856,1.0,26.54282258064516,19.67741935483871
26.599009900990055,48,67,1,0.055693069306930694,0.0625,59.31568468979029,537.5795930771459,1.01,26.579488884372264,19.521016617790814
26.625,40,61,0,0.05625,0.0625,53.61510649016035,493.1932436135995,1.0,26.604540566959923,20.459433040078203
26.660891089108866,74,68,1,0.055693069306930694,0.0625,74.18968620770116,546.9593348412259,1.01,26.641526475228122,19.364613880742915
26.6875,62,58,0,0.05625,0.0625,75.13406431583165,464.157279569736,1.0,26.66657135874878,20.928641251221897
26.722772277227676,76,65,1,0.055693069306930694,0.0625,76.32501828468378,524.9457286592054,1.01,26.70293845513579,19.83382209188661
26.75,43,62,0,0.05625,0.0625,55.929784457850104,499.2308429737664,1.0,26.72969696969697,20.303030303030305
26.784653465346487,60,61,1,0.055693069306930694,0.0625,61.24765244256222,495.88335909833455,1.01,26.76419403230641,20.459433040078203
26.8125,45,57,0,0.05625,0.0625,58.81434510690553,463.07737756322166,1.0,26.79141495601173,21.085043988269796
26.846534653465298,57,65,1,0.055693069306930694,0.0625,57.66557156840599,524.6543403623185,1.01,26.82670083137341,19.83382209188661
26.875,50,65,0,0.05625,0.0625,63.71658980777609,520.8074550821763,1.0,26.855166177908114,19.83382209188661
26.90841584158411,57,62,1,0.055693069306930694,0.0625,58.41371423401907,501.46947986503943,1.01,26.88811281128108,20.303030303030305
26.9375,52,67,0,0.05625,0.0625,64.5856506370217,538.4669896942675,1.0,26.91797898338221,19.521016617790814
26.97029702970292,64,65,1,0.055693069306930694,0.0625,64.5514462435655,524.5078977310247,1.01,26.950463207611033,19.83382209188661
27.0,40,59,0,0.05625,0.0625,53.021227646527,474.7513222092495,1.0,26.979227761485827,20.772238514174
27.03217821782173,57,61,1,0.055693069306930694,0.0625,58.458707013729025,494.2303818790316,1.01,27.011718784781653,20.459433040078203
27.0625,55,68,0,0.05625,0.0625,67.25362622750978,550.6880257164689,1.0,27.043135386119257,19.364613880742915
27.09405940594054,64,67,1,0.055693069306930694,0.0625,64.89627171903679,540.1652312704194,1.01,27.07453838932275,19.521016617790814
27.125,45,62,0,0.05625,0.0625,57.94334227228078,503.8462385444541,1.0,27.10469696969697,20.303030303030305
27.155940594059352,60,64,1,0.055693069306930694,0.0625,60.177240407143344,513.1660414898548,1.01,27.135950369230418,19.990224828934508
27.1875,36,63,0,0.05625,0.0625,59.46353307672911,508.07583817701294,1.0,27.167353372434018,20.146627565982406
27.25,45,68,0,0.05625,0.0625,57.956540201166874,548.4560274600112,1.0,27.230635386119257,19.364613880742915
27.279702970296974,48,69,1,0.055693069306930694,0.0625,59.047365206568365,557.2601794629182,1.01,27.26049475915328,19.208211143695017
27.3125,43,63,0,0.05625,0.0625,56.54593254586517,511.1099114890053,1.0,27.292353372434018,20.146627565982406
27.341584158415785,67,66,1,0.055693069306930694,0.0625,66.58927671724464,531.8807218390712,1.01,27.321906739060946,19.67741935483871
27.375,36,70,0,0.05625,0.0625,59.539413909183594,561.9715397186637,1.0,27.355948191593352,19.05180840664712
27.403465346534595,55,66,1,0.055693069306930694,0.0625,54.32778784816634,532.8770928132739,1.01,27.383787927179757,19.67741935483871
27.4375,52,61,0,0.05625,0.0625,64.60035687131023,494.089866038429,1.0,27.417040566959923,20.459433040078203
27.465346534653406,64,65,1,0.055693069306930694,0.0625,64.42875789510578,527.2808261435962,1.01,27.44551271256152,19.83382209188661
27.5,36,62,0,0.05625,0.0625,59.700995752860685,497.4749528963123,1.0,27.47969696969697,20.303030303030305
27.527227722772217,69,66,1,0.055693069306930694,0.0625,69.75380993939302,529.1176443640945,1.01,27.50755030341738,19.67741935483871
27.5625,43,62,0,0.05625,0.0625,55.935008216577366,499.5693952832901,1.0,27.54219696969697,20.303030303030305
27.589108910891028,48,63,1,0.055693069306930694,0.0625,59.28288676462163,511.09485190270436,1.01,27.568962283325046,20.146627565982406
27.625,38,63,0,0.05625,0.0625,50.38985119526273,508.9322467144573,1.0,27.604853372434018,20.146627565982406
27.65099009900984,60,67,1,0.055693069306930694,0.0625,60.950976273377734,542.9512110671031,1.01,27.631469082392048,19.521016617790814
27.6875,45,65,0,0.05625,0.0625,57.74080413907348,523.8215317960208,1.0,27.667666177908114,19.83382209188661
27.71287128712865,64,70,1,0.055693069306930694,0.0625,64.98641838679603,564.1083985540783,1.01,27.693819478722002,19.05180840664712
27.75,50,67,0,0.05625,0.0625,63.31220050824953,542.4351052092027,1.0,27.73047898338221,19.521016617790814
27.77475247524746,60,65,1,0.055693069306930694,0.0625,61.11013166302519,523.2001421417712,1.01,27.754918653155574,19.83382209188661
27.8125,43,62,0,0.05625,0.0625,54.81998363529323,501.01942235716194,1.0,27.79219696969697,20.303030303030305
27.83663366336627,55,67,1,0.055693069306930694,0.0625,54.76247157181406,540.1494822986775,1.01,27.81711264674848,19.521016617790814
27.875,45,62,0,0.05625,0.0625,57.14140909070384,499.3923939493929,1.0,27.85469696969697,20.303030303030305
27.898514851485082,60,68,1,0.055693069306930694,0.0625,60.558989539538935,546.2940830561,1.01,27.87915023760434,19.364613880742915
27.9375,48,66,0,0.05625,0.0625,61.33958453664309,534.4092466132747,1.0,27.91782258064516,19.67741935483871
27.960396039603893,57,73,1,0.055693069306930694,0.0625,58.29463340950368,584.603234595529,1.01,27.94181343940839,18.58260019550342
28.0,48,62,0,0.05625,0.0625,60.886510104963804,496.29699586777554,1.0,27.97969696969697,20.303030303030305
28.022277227722704,67,65,1,0.055693069306930694,0.0625,67.99585501671544,527.260194870196,1.01,28.002443405630817,19.83382209188661
28.0625,45,67,0,0.05625,0.0625,57.53055774738661,536.7299849214379,1.0,28.04297898338221,19.521016617790814
28.084158415841515,55,74,1,0.055693069306930694,0.0625,54.6705312153813,593.6265623760639,1.01,28.065732218383058,18.426197458455523
28.125,50,65,0,0.05625,0.0625,62.19742340169658,522.020316087035,1.0,28.105166177908114,19.83382209188661
28.1875,43,61,0,0.05625,0.0625,56.058846861458676,492.68190407296424,1.0,28.167040566959923,20.459433040078203
28.207920792079136,48,66,1,0.055693069306930694,0.0625,59.37390706687904,534.7336444699094,1.01,28.188243372724298,19.67741935483871
28.25,60,64,0,0.05625,0.0625,73.89467564293986,518.4833611402668,1.0,28.230009775171066,19.990224828934508
28.269801980197947,55,68,1,0.055693069306930694,0.0625,56.70217442491873,550.9617514110054,1.01,28.250437366317204,19.364613880742915
28.3125,57,67,0,0.05625,0.0625,69.9350540683532,543.884673723472,1.0,28.29297898338221,19.521016617790814
28.375,43,57,0,0.05625,0.0625,56.510915404795625,463.8789062412135,1.0,28.35391495601173,21.085043988269796
28.39356435643557,57,62,1,0.055693069306930694,0.0625,57.21594308829912,502.83119322173224,1.01,28.37326132613254,20.303030303030305
28.4375,43,58,0,0.05625,0.0625,56.40086132660169,466.49215602052914,1.0,28.41657135874878,20.928641251221897
28.45544554455438,57,62,1,0.055693069306930694,0.0625,57.774315646662416,500.5913011117523,1.01,28.43514251425135,20.303030303030305
28.5,48,63,0,0.05625,0.0625,60.45206005547869,505.76388668425824,1.0,28.479853372434018,20.146627565982406
28.51732673267319,52,66,1,0.055693069306930694,0.0625,53.215176353446616,532.0359421692071,1.01,28.49764931331835,19.67741935483871
28.5625,48,60,0,0.05625,0.0625,61.614757609932056,486.6722528266233,1.0,28.541884164222875,20.6158357771261
28.579207920792,55,63,1,0.055693069306930694,0.0625,54.85738420507643,510.26053429538,1.01,28.55906129322602,20.146627565982406
28.625,36,61,0,0.05625,0.0625,59.42525148441068,494.9035202261088,1.0,28.604540566959923,20.459433040078203
28.641089108910812,64,67,1,0.055693069306930694,0.0625,64.4838411876194,542.9646985076056,1.01,28.62156809229302,19.521016617790814
28.6875,45,68,0,0.05625,0.0625,57.347794800816644,545.5992772135505,1.0,28.668135386119257,19.364613880742915
28.702970297029623,55,64,1,0.055693069306930694,0.0625,56.750254831008405,519.265154282065,1.01,28.68298007220069,19.990224828934508
28.75,50,64,0,0.05625,0.0625,63.931050315174204,512.8429971860065,1.0,28.730009775171066,19.990224828934508
28.764851485148434,64,70,1,0.055693069306930694,0.0625,64.86878247924305,561.4372194407605,1.01,28.745799676741786,19.05180840664712
28.8125,40,66,0,0.05625,0.0625,53.246157416629394,533.0030641823279,1.0,28.79282258064516,19.67741935483871
28.826732673267244,62,60,1,0.055693069306930694,0.0625,62.46105029884331,487.76963668480124,1.01,28.80611683749012,20.6158357771261
28.875,48,69,0,0.05625,0.0625,71.2903646060951,555.9293840203612,1.0,28.855791788856305,19.208211143695017
28.888613861386055,60,66,1,0.055693069306930694,0.0625,61.920993624558335,535.3978460226489,1.01,28.868936442031217,19.67741935483871
28.9375,40,63,0,0.05625,0.0625,53.92724289906125,505.94044925862534,1.0,28.917353372434018,20.146627565982406
28.950495049504866,55,65,1,0.055693069306930694,0.0625,56.528755253439556,522.358722421072,1.01,28.93066122741298,19.83382209188661
29.0,38,70,0,0.05625,0.0625,51.93477548521452,567.4085553977624,1.0,28.980948191593352,19.05180840664712
29.012376237623677,55,64,1,0.055693069306930694,0.0625,56.89600027880421,517.4063300304999,1.01,28.992386012794743,19.990224828934508
29.0625,43,67,0,0.05625,0.0625,56.44356707947168,539.4944600018476,1.0,29.04297898338221,19.521016617790814
29.074257425742488,67,65,1,0.055693069306930694,0.0625,68.42054253596868,526.2438366895834,1.01,29.0544236036506,19.83382209188661
29.125,52,71,0,0.05625,0.0625,65.36299687871409,574.9002734143905,1.0,29.1061045943304,18.89540566959922
29.1361386138613,50,61,1,0.055693069306930694,0.0625,51.0281548917677,495.2659364112011,1.01,29.11567918082122,20.459433040078203
29.1875,48,58,0,0.05625,0.0625,61.723560817624694,464.5373068132063,1.0,29.16657135874878,20.928641251221897
29.19801980198011,60,64,1,0.055693069306930694,0.0625,61.28266975084525,516.1474964824527,1.01,29.178029577151175,19.990224828934508
29.25,43,63,0,0.05625,0.0625,55.201247977732756,511.9680098703838,1.0,29.229853372434018,20.146627565982406
29.25990099009892,62,69,1,0.055693069306930694,0.0625,62.86993617117581,556.3362381390186,1.01,29.240692778955225,19.208211143695017
29.3125,52,64,0,0.05625,0.0625,64.0401279351861,517.3857121709956,1.0,29.292509775171066,19.990224828934508
29.32178217821773,62,67,1,0.055693069306930694,0.0625,63.797991646451024,539.416436554911,1.01,29.30226116159994,19.521016617790814
29.375,36,64,0,0.05625,0.0625,59.55680628209994,514.9653156320023,1.0,29.355009775171066,19.990224828934508
29.383663366336542,52,64,1,0.055693069306930694,0.0625,53.07533300231563,518.6344261895986,1.01,29.363673141507608,19.990224828934508
29.4375,52,67,0,0.05625,0.0625,64.15679160979558,538.6130642665535,1.0,29.41797898338221,19.521016617790814
29.445544554455353,60,61,1,0.055693069306930694,0.0625,61.99241962243168,494.3731554053652,1.01,29.425085121415275,20.459433040078203
29.5,48,69,0,0.05625,0.0625,60.924214169740495,554.8013656640168,1.0,29.480791788856305,19.208211143695017
29.507425742574164,43,65,1,0.055693069306930694,0.0625,43.5554666770713,524.3422462785461,1.01,29.487591920482277,19.83382209188661
29.5625,40,65,0,0.05625,0.0625,53.25201790642822,527.9433380108806,1.0,29.542666177908114,19.83382209188661
29.569306930692974,57,63,1,0.055693069306930694,0.0625,58.10473433558808,510.1249617392727,1.01,29.549160303126992,20.146627565982406
29.625,43,69,0,0.05625,0.0625,55.68246425729094,559.6261831895089,1.0,29.605791788856305,19.208211143695017
29.631188118811785,67,66,1,0.055693069306930694,0.0625,67.0947146699236,529.6715866243615,1.01,29.611510699456947,19.67741935483871
29.6875,40,61,0,0.05625,0.0625,53.85660506661273,495.77708385617274,1.0,29.667040566959923,20.459433040078203
29.693069306930596,36,66,1,0.055693069306930694,0.0625,47.48174927243302,531.1385080022824,1.01,29.673391887575757,19.67741935483871
29.75,45,68,0,0.05625,0.0625,57.8993753510566,547.5126282755753,1.0,29.730635386119257,19.364613880742915
29.754950495049407,55,67,1,0.055693069306930694,0.0625,55.49582454818298,536.6986549987437,1.01,29.735429478431616,19.521016617790814
29.8125,45,68,0,0.05625,0.0625,57.97268259163809,547.6843962431321,1.0,29.793135386119257,19.364613880742915
29.816831683168218,72,68,1,0.055693069306930694,0.0625,72.52482292313901,545.2308909418185,1.01,29.797467069287475,19.364613880742915
29.875,43,72,0,0.05625,0.0625,54.28494841114377,578.0513181192376,1.0,29.856260997067448,18.73900293255132
29.87871287128703,62,66,1,0.055693069306930694,0.0625,63.60033467282079,533.2695122332627,1.01,29.85903545193219,19.67741935483871
29.9375,52,68,0,0.05625,0.0625,65.88711249018895,551.9868301372478,1.0,29.918135386119257,19.364613880742915
29.94059405940584,57,69,1,0.055693069306930694,0.0625,58.303540115554235,556.6675672577685,1.01,29.921385848262144,19.208211143695017
30.0,24,59,0,0.05625,0.0625,47.5774185249795,477.75921954483533,1.0,29.979227761485827,20.772238514174
30.00247524752465,60,60,1,0.055693069306930694,0.0625,61.06561383868907,482.6971307993342,1.01,29.981859411747525,20.6158357771261
30.0625,57,69,0,0.05625,0.0625,70.70404082995456,554.0732683057055,1.0,30.043291788856305,19.208211143695017
30.06435643564346,62,67,1,0.055693069306930694,0.0625,62.23090822540491,538.9773697560838,1.01,30.04483541902567,19.521016617790814
30.125,50,62,0,0.05625,0.0625,62.203670396220964,500.58717548285705,1.0,30.10469696969697,20.303030303030305
30.12623762376227,72,67,1,0.055693069306930694,0.0625,72.88564347030402,543.4438867496689,1.01,30.10671660714448,19.521016617790814
30.1875,40,57,0,0.05625,0.0625,53.42127442070899,463.87646723228113,1.0,30.16641495601173,21.085043988269796
30.188118811881083,72,61,1,0.055693069306930694,0.0625,73.74177130115791,492.7494840955799,1.01,30.167659378841005,20.459433040078203
30.25,52,58,0,0.05625,0.0625,64.23104283786425,465.8610079729426,1.0,30.22907135874878,20.928641251221897
30.311881188118704,48,66,1,0.055693069306930694,0.0625,59.72683967394503,531.0395108818698,1.01,30.292203768763866,19.67741935483871
30.3125,55,67,0,0.05625,0.0625,67.45942936310631,539.9157388466487,1.0,30.29297898338221,19.521016617790814
30.373762376237515,60,68,1,0.055693069306930694,0.0625,71.57878427475862,550.6020504793888,1.01,30.354397762356772,19.364613880742915
30.375,48,66,0,0.05625,0.0625,60.99889620338286,532.4084069745118,1.0,30.35532258064516,19.67741935483871
30.435643564356326,69,69,1,0.055693069306930694,0.0625,70.17421477318057,557.1435027091588,1.01,30.41643535321263,19.208211143695017
30.4375,55,64,0,0.05625,0.0625,67.75114424383604,514.7163600674426,1.0,30.417509775171066,19.990224828934508
30.497524752475137,52,61,1,0.055693069306930694,0.0625,53.75024357825829,493.3674879870994,1.01,30.47706531943506,20.459433040078203
30.5,55,67,0,0.05625,0.0625,66.03160194579094,539.0030750837469,1.0,30.48047898338221,19.521016617790814
30.559405940593948,55,68,1,0.055693069306930694,0.0625,56.30511112788207,544.0886580266184,1.01,30.540041326713204,19.364613880742915
30.5625,36,66,0,0.05625,0.0625,59.27116608156808,533.7398992449483,1.0,30.54282258064516,19.67741935483871
30.62128712871276,64,59,1,0.055693069306930694,0.0625,64.8671217814745,472.4302865705663,1.01,30.600514890198586,20.772238514174
30.625,43,66,0,0.05625,0.0625,56.06041205511168,531.558566092081,1.0,30.60532258064516,19.67741935483871
30.68316831683157,48,68,1,0.055693069306930694,0.0625,49.174947062551794,551.6421105267283,1.01,30.663803702950826,19.364613880742915
30.74504950495038,55,63,1,0.055693069306930694,0.0625,56.78724395256058,511.1593766970588,1.01,30.724902877384398,20.146627565982406
30.80693069306919,55,62,1,0.055693069306930694,0.0625,56.791119684538714,501.03990253056156,1.01,30.78662766276616,20.303030303030305
30.868811881188,60,67,1,0.055693069306930694,0.0625,60.67799870996151,537.426613785233,1.01,30.84929086457021,19.521016617790814
30.875,48,62,0,0.05625,0.0625,61.12472844101516,496.7024093312601,1.0,30.85469696969697,20.303030303030305
30.930693069306813,48,55,1,0.055693069306930694,0.0625,59.82356039789913,445.96891049324245,1.01,30.90929521984445,21.397849462365592
30.9375,45,60,0,0.05625,0.0625,58.05526462185141,482.7879255238572,1.0,30.916884164222875,20.6158357771261
30.992574257425623,52,63,1,0.055693069306930694,0.0625,52.792545380760785,511.9243504274022,1.01,30.97242762985964,20.146627565982406
31.0,43,63,0,0.05625,0.0625,56.75153737786383,509.3656831159518,1.0,30.979853372434018,20.146627565982406
31.054455445544434,55,66,1,0.055693069306930694,0.0625,56.26901232809651,529.3784740558402,1.01,31.034778026189596,19.67741935483871
31.0625,40,66,0,0.05625,0.0625,53.30553297303003,531.8101829830281,1.0,31.04282258064516,19.67741935483871
31.116336633663245,62,66,1,0.055693069306930694,0.0625,62.52601906521324,529.4717846079996,1.01,31.096659214308406,19.67741935483871
31.125,45,69,0,0.05625,0.0625,57.78785243661234,559.3950886153023,1.0,31.105791788856305,19.208211143695017
31.178217821782056,55,56,1,0.055693069306930694,0.0625,54.11684337628762,452.58532716251,1.01,31.15697637505674,21.241446725317694
31.1875,57,64,0,0.05625,0.0625,70.29324041721955,513.4237228699681,1.0,31.167509775171066,19.990224828934508
31.240099009900867,57,72,1,0.055693069306930694,0.0625,58.12173523015752,581.6104988398637,1.01,31.221360006968315,18.73900293255132
31.25,45,66,0,0.05625,0.0625,57.76972180272137,529.0405133149043,1.0,31.23032258064516,19.67741935483871
31.301980198019677,62,66,1,0.055693069306930694,0.0625,63.38819216923528,532.8597852600958,1.01,31.28230277866484,19.67741935483871
31.3125,45,62,0,0.05625,0.0625,58.55809673191452,500.12696945383385,1.0,31.29219696969697,20.303030303030305
31.36386138613849,55,66,1,0.055693069306930694,0.0625,56.752322752456756,535.9173571175106,1.01,31.34418396678365,19.67741935483871
31.375,52,69,0,0.05625,0.0625,65.8349727492544,555.7247295274581,1.0,31.355791788856305,19.208211143695017
31.4257425742573,62,62,1,0.055693069306930694,0.0625,62.08760188623327,502.1531125112305,1.01,31.40543954395427,20.303030303030305
31.4375,36,63,0,0.05625,0.0625,59.29792346638556,509.2498692898204,1.0,31.417353372434018,20.146627565982406
31.48762376237611,62,64,1,0.055693069306930694,0.0625,62.732300799973785,518.0560306418386,1.01,31.467633537547176,19.990224828934508
31.5,50,66,0,0.05625,0.0625,63.64998336323116,531.7505701217249,1.0,31.48032258064516,19.67741935483871
31.54950495049492,57,68,1,0.055693069306930694,0.0625,58.03301481136023,550.3741831155805,1.01,31.530140336614178,19.364613880742915
31.5625,50,67,0,0.05625,0.0625,62.62508448517214,541.2357831695421,1.0,31.54297898338221,19.521016617790814
31.61138613861373,62,67,1,0.055693069306930694,0.0625,62.16492064849243,542.3826620014452,1.01,31.59186512199594,19.521016617790814
31.625,40,70,0,0.05625,0.0625,52.95489932752515,566.9455104382278,1.0,31.605948191593352,19.05180840664712
31.673267326732542,60,61,1,0.055693069306930694,0.0625,61.150545949847164,492.47880172524026,1.01,31.652807893692465,20.459433040078203
31.6875,50,62,0,0.05625,0.0625,63.598354557208374,497.8790999984715,1.0,31.66719696969697,20.303030303030305
31.735148514851353,60,65,1,0.055693069306930694,0.0625,61.63908818991422,522.5436701828006,1.01,31.715314692759467,19.83382209188661
31.75,43,66,0,0.05625,0.0625,56.230255921277625,533.7384148596124,1.0,31.73032258064516,19.67741935483871
31.797029702970164,57,60,1,0.055693069306930694,0.0625,57.53916070317627,481.08273182557065,1.01,31.77641386719304,20.6158357771261
31.8125,48,64,0,0.05625,0.0625,60.03373969567777,516.3706015223552,1.0,31.792509775171066,19.990224828934508
31.858910891088975,67,52,1,0.055693069306930694,0.0625,67.3503658916654,421.680877742794,1.01,31.837043833415464,21.867057673509287
31.875,45,70,0,0.05625,0.0625,57.738530708317974,566.5913263033339,1.0,31.855948191593352,19.05180840664712
31.920792079207786,50,70,1,0.055693069306930694,0.0625,51.270745166085575,566.9406157301171,1.01,31.901740270801138,19.05180840664712
31.9375,48,68,0,0.05625,0.0625,60.48083997138675,549.874686256511,1.0,31.918135386119257,19.364613880742915
31.982673267326597,55,66,1,0.055693069306930694,0.0625,54.92597328355404,530.3642775356362,1.01,31.962995847971758,19.67741935483871
32.0,36,68,0,0.05625,0.0625,59.213136033984405,550.006569001137,1.0,31.980635386119257,19.364613880742915
32.04455445544541,69,67,1,0.055693069306930694,0.0625,70.67660334270339,540.362532662211,1.01,32.02503343882762,19.521016617790814
32.0625,45,65,0,0.05625,0.0625,57.369680140682384,525.1676720007239,1.0,32.04266617790811,19.83382209188661
32.10643564356422,67,63,1,0.055693069306930694,0.0625,67.4510456844479,506.5970601146088,1.01,32.08628901599823,20.146627565982406
32.125,52,69,0,0.05625,0.0625,65.4021362885945,555.2903974538386,1.0,32.10579178885631,19.208211143695017
32.16831683168303,62,65,1,0.055693069306930694,0.0625,63.82802212508948,525.7617716765782,1.01,32.14848300959114,19.83382209188661
32.1875,50,66,0,0.05625,0.0625,63.4461717647362,534.1589609221137,1.0,32.16782258064516,19.67741935483871
32.23019801980184,45,61,1,0.055693069306930694,0.0625,46.25967533093254,493.44318138868505,1.01,32.20973858676176,20.459433040078203
32.25,48,65,0,0.05625,0.0625,60.08041164417927,522.7790003426715,1.0,32.23016617790811,19.83382209188661
32.29207920792065,55,61,1,0.055693069306930694,0.0625,56.83589417457839,489.250403511242,1.01,32.27161977488057,20.459433040078203
32.3125,43,61,0,0.05625,0.0625,56.82824024830511,490.9404581022323,1.0,32.29204056695992,20.459433040078203
32.35396039603946,36,63,1,0.055693069306930694,0.0625,47.885854909447445,510.658319163142,1.01,32.333813768473476,20.146627565982406
32.375,48,64,0,0.05625,0.0625,61.90069157142873,519.9495970051976,1.0,32.35500977517106,19.990224828934508
32.4375,55,72,0,0.05625,0.0625,66.59011662713792,582.6776055347378,1.0,32.41876099706745,18.73900293255132
32.5,45,59,0,0.05625,0.0625,58.77850937565476,472.460237549163,1.0,32.479227761485824,20.772238514174
32.539603960395894,55,67,1,0.055693069306930694,0.0625,55.39279191006314,540.1371410709534,1.01,32.52008294377811,19.521016617790814
32.5625,64,60,0,0.05625,0.0625,76.0717748068155,482.8229927122349,1.0,32.54188416422287,20.6158357771261
32.601485148514705,67,69,1,0.055693069306930694,0.0625,67.17627231293754,555.1329161894588,1.01,32.58227693737101,19.208211143695017
32.625,40,63,0,0.05625,0.0625,52.16852267336459,509.9431405544998,1.0,32.604853372434015,20.146627565982406
32.663366336633516,60,68,1,0.055693069306930694,0.0625,60.88596294228001,551.3563733349401,1.01,32.644001722752776,19.364613880742915
32.6875,50,62,0,0.05625,0.0625,62.94354905398203,500.78339422875365,1.0,32.66719696969697,20.303030303030305
32.72524752475233,57,61,1,0.055693069306930694,0.0625,57.802948938573,494.7425009458555,1.01,32.704788091712246,20.459433040078203
32.75,48,64,0,0.05625,0.0625,71.28043780884283,517.4298095057729,1.0,32.73000977517106,19.990224828934508
32.78712871287114,55,64,1,0.055693069306930694,0.0625,56.10017773109989,515.2145678731786,1.01,32.7671384880422,19.990224828934508
32.8125,57,62,0,0.05625,0.0625,70.47154129677833,503.67675190121,1.0,32.79219696969697,20.303030303030305
32.84900990098995,55,64,1,0.055693069306930694,0.0625,55.862659568262096,513.1692610188619,1.01,32.82901967616101,19.990224828934508
32.875,40,65,0,0.05625,0.0625,53.280008416904494,527.6385004213433,1.0,32.85516617790811,19.83382209188661
32.91089108910876,57,66,1,0.055693069306930694,0.0625,57.272074726717676,531.3295007872568,1.01,32.89121366975392,19.67741935483871
32.9375,36,67,0,0.05625,0.0625,48.79921446000699,536.540264644182,1.0,32.91797898338221,19.521016617790814
32.97277227722757,60,64,1,0.055693069306930694,0.0625,60.90341128825094,518.9471897591964,1.01,32.95278205239863,19.990224828934508
33.0,57,69,0,0.05625,0.0625,69.04231670786888,559.6515216374883,1.0,32.98079178885631,19.208211143695017
33.03465346534638,55,62,1,0.055693069306930694,0.0625,54.3062793201586,497.5970551041462,1.01,33.01435043504335,20.303030303030305
33.0625,33,68,0,0.05625,0.0625,46.27551017056885,550.7116735088789,1.0,33.04313538611926,19.364613880742915
33.09653465346519,62,72,1,0.055693069306930694,0.0625,63.92066873110388,582.4095950675572,1.01,33.07779565053264,18.73900293255132
33.125,52,62,0,0.05625,0.0625,65.273108381934,500.9502116258146,1.0,33.10469696969697,20.303030303030305
33.158415841584,69,64,1,0.055693069306930694,0.0625,69.59273712231713,514.1867539468273,1.01,33.138425616755065,19.990224828934508
33.1875,33,61,0,0.05625,0.0625,45.80236407749155,490.9748274926963,1.0,33.16704056695992,20.459433040078203
33.22029702970281,50,69,1,0.055693069306930694,0.0625,51.31761565002125,559.9615836192951,1.01,33.20108881855912,19.208211143695017
33.282178217821624,52,63,1,0.055693069306930694,0.0625,52.28024908650446,505.9776339223524,1.01,33.26203159025564,20.146627565982406
33.3125,43,66,0,0.05625,0.0625,54.72869513488523,529.3608569036782,1.0,33.29282258064516,19.67741935483871
33.344059405940435,67,59,1,0.055693069306930694,0.0625,67.39450997143322,475.54247104019106,1.01,33.32328716742626,20.772238514174
33.375,43,67,0,0.05625,0.0625,54.975524577221826,542.2026658441545,1.0,33.35547898338221,19.521016617790814
33.405940594059246,64,65,1,0.055693069306930694,0.0625,65.25186873619974,522.191538357214,1.01,33.386106771967356,19.83382209188661
33.4375,45,59,0,0.05625,0.0625,57.20742332586189,478.44332585457516,1.0,33.416727761485824,20.772238514174
33.467821782178056,62,71,1,0.055693069306930694,0.0625,62.00595841569076,574.5678614596742,1.01,33.44892637650846,18.89540566959922
33.5,36,62,0,0.05625,0.0625,59.64830765985407,497.23482628715107,1.0,33.47969696969697,20.303030303030305
33.52970297029687,50,70,1,0.055693069306930694,0.0625,51.97461200648887,566.7515390910398,1.01,33.51065116189022,19.05180840664712
33.5625,43,64,0,0.05625,0.0625,55.7545123733397,513.0582381852374,1.0,33.54250977517106,19.990224828934508
33.59158415841568,67,61,1,0.055693069306930694,0.0625,66.14970812666557,491.9292703672264,1.01,33.5711247253756,20.459433040078203
33.625,50,66,0,0.05625,0.0625,62.00415999007708,532.3176427533352,1.0,33.60532258064516,19.67741935483871
33.65346534653449,57,63,1,0.055693069306930694,0.0625,58.856269971888345,511.93699188233256,1.01,33.6333187189685,20.146627565982406
33.6875,55,69,0,0.05625,0.0625,66.16433846680806,556.4435313949886,1.0,33.66829178885631,19.208211143695017
33.7153465346533,60,67,1,0.055693069306930694,0.0625,61.93295727113117,538.4741883679301,1.01,33.69582551803551,19.521016617790814
33.75,38,70,0,0.05625,0.0625,51.67307674773167,567.910017822237,1.0,33.730948191593356,19.05180840664712
33.77722772277211,50,65,1,0.055693069306930694,0.0625,51.67430132960989,520.5431270525469,1.01,33.75739390068022,19.83382209188661
33.8125,43,67,0,0.05625,0.0625,55.284967079658045,541.177539592597,1.0,33.79297898338221,19.521016617790814
33.83910891089092,60,69,1,0.055693069306930694,0.0625,61.0514430519561,559.9915016636243,1.01,33.81990069974723,19.208211143695017
33.875,40,69,0,0.05625,0.0625,53.39751124024349,552.7404085754599,1.0,33.85579178885631,19.208211143695017
33.90099009900973,76,66,1,0.055693069306930694,0.0625,76.66507757018513,531.9104029118201,1.01,33.88131267965489,19.67741935483871
33.9375,50,69,0,0.05625,0.0625,63.171644886927076,559.7944108762566,1.0,33.91829178885631,19.208211143695017
33.96287128712854,55,64,1,0.055693069306930694,0.0625,56.94291473480836,516.8975878876128,1.01,33.942881062299605,19.990224828934508
34.0,52,65,0,0.05625,0.0625,65.38336038260812,522.7722664200588,1.0,33.98016617790811,19.83382209188661
34.024752475247354,60,61,1,0.055693069306930694,0.0625,61.47213713672421,493.96873273598214,1.01,34.00429304220727,20.459433040078203
34.0625,55,72,0,0.05625,0.0625,66.9756207885747,582.0886996436807,1.0,34.04376099706745,18.73900293255132
34.086633663366165,48,62,1,0.055693069306930694,0.0625,59.203304902350155,497.1627066860423,1.01,34.06633063306313,20.303030303030305
34.125,55,63,0,0.05625,0.0625,66.13240306680454,505.21294998238074,1.0,34.104853372434015,20.146627565982406
34.148514851484975,62,66,1,0.055693069306930694,0.0625,62.076306200019296,530.2148026796398,1.01,34.12883743213013,19.67741935483871
34.1875,43,61,0,0.05625,0.0625,54.7518744856982,490.4258708651593,1.0,34.16704056695992,20.459433040078203
34.210396039603786,52,63,1,0.055693069306930694,0.0625,52.707209211908214,509.12941404604146,1.01,34.1902494120378,20.146627565982406
34.25,36,70,0,0.05625,0.0625,49.72619827487363,564.638278193989,1.0,34.230948191593356,19.05180840664712
34.2722772277226,55,64,1,0.055693069306930694,0.0625,56.07950011505466,518.1853694667649,1.01,34.25228700289366,19.990224828934508
34.3125,52,55,0,0.05625,0.0625,65.81220355043867,447.2798964524309,1.0,34.29110215053763,21.397849462365592
34.33415841584141,67,57,1,0.055693069306930694,0.0625,66.9928820921308,458.61722105883774,1.01,34.313073371853136,21.085043988269796
34.375,50,66,0,0.05625,0.0625,62.138406316926286,534.2565870879157,1.0,34.35532258064516,19.67741935483871
34.39603960396022,62,69,1,0.055693069306930694,0.0625,62.681798970680816,552.9905665755903,1.01,34.37683139281653,19.208211143695017
34.4375,48,65,0,0.05625,0.0625,61.316610959564365,526.384904190349,1.0,34.41766617790811,19.83382209188661
34.45792079207903,60,61,1,0.055693069306930694,0.0625,61.39940757250039,494.5530110851105,1.01,34.43746135903895,20.459433040078203
34.51980198019784,48,61,1,0.055693069306930694,0.0625,49.39767738102852,489.2616993372725,1.01,34.49934254715776,20.459433040078203
34.5625,40,61,0,0.05625,0.0625,52.60538701078038,494.136583278959,1.0,34.54204056695992,20.459433040078203
34.58168316831665,67,68,1,0.055693069306930694,0.0625,68.54544897657875,545.5197291913214,1.01,34.56231855443591,19.364613880742915
34.625,43,62,0,0.05625,0.0625,54.74251536014772,499.96019085170326,1.0,34.60469696969697,20.303030303030305
34.64356435643546,67,65,1,0.055693069306930694,0.0625,68.28817665160113,521.5089368691918,1.01,34.62373053434357,19.83382209188661
34.6875,45,65,0,0.05625,0.0625,57.64368243737782,520.6035552471258,1.0,34.66766617790811,19.83382209188661
34.70544554455427,62,65,1,0.055693069306930694,0.0625,62.23709964303474,522.6182373138959,1.01,34.68561172246238,19.83382209188661
34.75,43,64,0,0.05625,0.0625,54.73146689011244,515.0355818396438,1.0,34.73000977517106,19.990224828934508
34.767326732673084,64,63,1,0.055693069306930694,0.0625,65.2397425756317,505.7537149930711,1.01,34.7471801051071,20.146627565982406
34.8125,52,69,0,0.05625,0.0625,64.6135412877382,558.8775680456447,1.0,34.79329178885631,19.208211143695017
34.829207920791895,55,65,1,0.055693069306930694,0.0625,56.359960029613156,521.7587925616369,1.01,34.809374098700005,19.83382209188661
34.875,43,63,0,0.05625,0.0625,56.622293182178176,506.0982102803598,1.0,34.854853372434015,20.146627565982406
34.891089108910705,55,63,1,0.055693069306930694,0.0625,56.86971267997509,509.2938179392127,1.01,34.87094248134472,20.146627565982406
34.9375,36,60,0,0.05625,0.0625,59.03492966041979,485.81976498600113,1.0,34.91688416422287,20.6158357771261
34.952970297029516,57,64,1,0.055693069306930694,0.0625,57.20274589210191,512.6939690890046,1.01,34.93298007220058,19.990224828934508
35.0,40,65,0,0.05625,0.0625,53.89192230847633,521.5550979335718,1.0,34.98016617790811,19.83382209188661
35.01485148514833,48,62,1,0.055693069306930694,0.0625,59.39982026264436,501.5205157947885,1.01,34.994548454845294,20.303030303030305
35.0625,36,63,0,0.05625,0.0625,59.05889207536833,508.48066219444877,1.0,35.042353372434015,20.146627565982406
35.07673267326714,62,65,1,0.055693069306930694,0.0625,62.65375624416524,526.0628719190395,1.01,35.05689885117525,19.83382209188661
35.125,55,65,0,0.05625,0.0625,67.73776144444606,526.417691002611,1.0,35.10516617790811,19.83382209188661
35.13861386138595,57,67,1,0.055693069306930694,0.0625,58.09561253686825,540.449817821298,1.01,35.11909284476816,19.521016617790814
35.1875,36,68,0,0.05625,0.0625,59.27052984665529,548.3483479397344,1.0,35.16813538611926,19.364613880742915
35.20049504950476,62,62,1,0.055693069306930694,0.0625,63.44518934278733,501.57847110296495,1.01,35.180192019201726,20.303030303030305
35.25,45,71,0,0.05625,0.0625,58.82628284558682,571.4296971209006,1.0,35.231104594330404,18.89540566959922
35.26237623762357,64,72,1,0.055693069306930694,0.0625,64.92196848529142,581.8972480767111,1.01,35.24363723469102,18.73900293255132
35.3125,48,66,0,0.05625,0.0625,60.15744107370213,533.623979670773,1.0,35.29282258064516,19.67741935483871
35.32425742574238,69,66,1,0.055693069306930694,0.0625,69.75819998160401,531.6860190626966,1.01,35.30458000638754,19.67741935483871
35.375,48,66,0,0.05625,0.0625,61.742577156159015,529.1746923940838,1.0,35.35532258064516,19.67741935483871
35.38613861386119,50,68,1,0.055693069306930694,0.0625,50.77157821621711,545.3701637439688,1.01,35.36677399998045,19.364613880742915
35.4375,45,66,0,0.05625,0.0625,57.501355842757974,532.7249633441395,1.0,35.41782258064516,19.67741935483871
35.44801980198,57,59,1,0.055693069306930694,0.0625,57.14999832590682,475.2320190446484,1.01,35.427247563465826,20.772238514174
35.5,48,66,0,0.05625,0.0625,61.334481568593304,532.8815846701204,1.0,35.48032258064516,19.67741935483871
35.509900990098814,60,63,1,0.055693069306930694,0.0625,61.35542255941534,508.9844982743949,1.01,35.48975436253283,20.146627565982406
35.5625,55,64,0,0.05625,0.0625,68.689259126019,515.0316504351698,1.0,35.54250977517106,19.990224828934508
35.571782178217624,52,59,1,0.055693069306930694,0.0625,53.766069859968276,479.7439382439915,1.01,35.55100993970345,20.772238514174
35.625,36,71,0,0.05625,0.0625,59.738199963430226,575.1094523699137,1.0,35.606104594330404,18.89540566959922
35.633663366336435,50,66,1,0.055693069306930694,0.0625,50.082353229416256,529.4060537007293,1.01,35.61398594698159,19.67741935483871
35.6875,33,64,0,0.05625,0.0625,46.68593753455655,518.8560977064692,1.0,35.66750977517106,19.990224828934508
35.695544554455246,57,60,1,0.055693069306930694,0.0625,57.417248889669814,487.7745995708318,1.01,35.67492871867812,20.6158357771261
35.75,43,64,0,0.05625,0.0625,55.74070661019488,513.8295978735501,1.0,35.73000977517106,19.990224828934508
35.75742574257406,48,69,1,0.055693069306930694,0.0625,59.99096298547,552.931399784728,1.01,35.738217531430365,19.208211143695017
35.8125,52,55,0,0.05625,0.0625,64.51763411746234,441.61627287624043,1.0,35.79110215053763,21.397849462365592
35.81930693069287,64,58,1,0.055693069306930694,0.0625,65.58292374414219,467.3445851724322,1.01,35.798378289441644,20.928641251221897
35.875,36,64,0,0.05625,0.0625,59.838121584944645,514.6520140560642,1.0,35.85500977517106,19.990224828934508
35.88118811881168,64,57,1,0.055693069306930694,0.0625,65.09110451238183,459.7740677225431,1.01,35.86010307482341,21.085043988269796
35.9375,36,60,0,0.05625,0.0625,59.586319809127986,483.85133045674627,1.0,35.91688416422287,20.6158357771261
35.94306930693049,67,67,1,0.055693069306930694,0.0625,67.591255860644,538.8568309804092,1.01,35.9235482903127,19.521016617790814
36.0,21,68,0,0.05625,0.0625,35.162250167445706,549.2341113772484,1.0,35.98063538611926,19.364613880742915
36.0049504950493,48,71,1,0.055693069306930694,0.0625,59.62980922030351,575.677052201736,1.01,35.986055089379704,18.89540566959922
36.0625,50,71,0,0.05625,0.0625,62.65702424454742,572.5590191178101,1.0,36.043604594330404,18.89540566959922
36.06683168316811,60,64,1,0.055693069306930694,0.0625,60.182294958609695,514.5569877595341,1.01,36.04684145833917,19.990224828934508
36.125,50,64,0,0.05625,0.0625,63.10407135150992,514.8731885094107,1.0,36.10500977517106,19.990224828934508
36.12871287128692,62,62,1,0.055693069306930694,0.0625,63.9193544261971,497.1002728045213,1.01,36.10840984098389,20.303030303030305
36.1875,52,67,0,0.05625,0.0625,64.7927684313792,538.8937979817971,1.0,36.16797898338221,19.521016617790814
36.19059405940573,57,64,1,0.055693069306930694,0.0625,57.72824637295874,512.1467254363779,1.01,36.170603834576795,19.990224828934508
36.25,52,73,0,0.05625,0.0625,65.1907395958275,584.0132822879159,1.0,36.2314173998045,18.58260019550342
36.25247524752454,64,66,1,0.055693069306930694,0.0625,65.19760505713549,534.4784602545852,1.01,36.2327978281697,19.67741935483871
36.3125,48,71,0,0.05625,0.0625,61.52613880328643,573.966199020347,1.0,36.293604594330404,18.89540566959922
36.314356435643354,55,64,1,0.055693069306930694,0.0625,54.32632352004434,518.8672906023976,1.01,36.29436621081442,19.990224828934508
36.375,36,65,0,0.05625,0.0625,49.730252074314535,523.561445690077,1.0,36.35516617790811,19.83382209188661
36.376237623762165,55,68,1,0.055693069306930694,0.0625,56.397099452077754,546.931172059823,1.01,36.356873009881426,19.364613880742915
36.438118811880976,62,60,1,0.055693069306930694,0.0625,62.45268509048159,480.2558118063955,1.01,36.41750297610385,20.6158357771261
36.4375,52,71,0,0.05625,0.0625,64.87832341885274,575.0929219293553,1.0,36.418604594330404,18.89540566959922
36.49999999999979,67,64,1,0.055693069306930694,0.0625,67.29132304880052,518.3355813643145,1.01,36.48000977517085,19.990224828934508
36.5,43,64,0,0.05625,0.0625,56.42256358670024,514.500371247357,1.0,36.48000977517106,19.990224828934508
36.5618811881186,62,66,1,0.055693069306930694,0.0625,63.41622363661665,534.7220024544589,1.01,36.542203768763756,19.67741935483871
36.5625,40,67,0,0.05625,0.0625,53.670077215745245,543.2509615145525,1.0,36.54297898338221,19.521016617790814
36.62376237623741,67,68,1,0.055693069306930694,0.0625,66.22606929375269,544.2072752148886,1.01,36.60439776235667,19.364613880742915
36.625,43,69,0,0.05625,0.0625,56.202697756644945,556.258561665143,1.0,36.60579178885631,19.208211143695017
36.68564356435622,62,65,1,0.055693069306930694,0.0625,62.032293315446594,521.5443521760762,1.01,36.66580974226433,19.83382209188661
36.6875,36,60,0,0.05625,0.0625,49.83271007712297,482.9002116225083,1.0,36.66688416422287,20.6158357771261
36.74752475247503,52,65,1,0.055693069306930694,0.0625,53.778452009849566,524.7950835297048,1.01,36.72769093038314,19.83382209188661
36.75,55,65,0,0.05625,0.0625,68.15234591079722,521.8492158368683,1.0,36.73016617790811,19.83382209188661
36.80940594059384,64,58,1,0.055693069306930694,0.0625,64.90151296146703,467.98410047810495,1.01,36.78847729934262,20.928641251221897
36.8125,50,58,0,0.05625,0.0625,62.483540946373246,464.17686354273616,1.0,36.791571358748776,20.928641251221897
36.87128712871265,57,72,1,0.055693069306930694,0.0625,58.083241744498935,577.2628210662697,1.01,36.8525481257801,18.73900293255132
36.875,43,63,0,0.05625,0.0625,54.99706592801338,508.93789177686745,1.0,36.854853372434015,20.146627565982406
36.93316831683146,52,64,1,0.055693069306930694,0.0625,52.24242502053174,516.3315541882715,1.01,36.913178092002525,19.990224828934508
36.9375,55,64,0,0.05625,0.0625,67.28113165150714,516.4803682992919,1.0,36.91750977517106,19.990224828934508
36.99504950495027,60,66,1,0.055693069306930694,0.0625,61.44679403424904,532.745562501597,1.01,36.97537208559543,19.67741935483871
37.0,52,65,0,0.05625,0.0625,64.95964855655197,525.433201228739,1.0,36.98016617790811,19.83382209188661
37.056930693069084,50,65,1,0.055693069306930694,0.0625,51.66105153575824,527.3460017081952,1.01,37.037096870977194,19.83382209188661
37.0625,43,66,0,0.05625,0.0625,54.13689416954317,531.8524917579963,1.0,37.04282258064516,19.67741935483871
37.118811881187895,64,71,1,0.055693069306930694,0.0625,64.34570988541543,569.8221342570318,1.01,37.0999164755183,18.89540566959922
37.125,45,62,0,0.05625,0.0625,58.83205437604621,496.2907507318583,1.0,37.10469696969697,20.303030303030305
37.180693069306706,45,63,1,0.055693069306930694,0.0625,46.9998696107361,506.9401079249226,1.01,37.16054644174072,20.146627565982406
37.1875,55,63,0,0.05625,0.0625,67.87881621780326,511.7276208509206,1.0,37.167353372434015,20.146627565982406
37.24257425742552,55,65,1,0.055693069306930694,0.0625,54.369051115021854,523.8649562309514,1.01,37.22274043533363,19.83382209188661
37.25,48,68,0,0.05625,0.0625,60.43873514710085,547.3318591149887,1.0,37.23063538611926,19.364613880742915
37.30445544554433,60,70,1,0.055693069306930694,0.0625,60.354182278404195,564.1609868306404,1.01,37.285403637137684,19.05180840664712
37.3125,48,62,0,0.05625,0.0625,61.322905888947034,499.1051913389997,1.0,37.29219696969697,20.303030303030305
37.36633663366314,62,60,1,0.055693069306930694,0.0625,63.36248149422815,486.6713287706122,1.01,37.34572079788601,20.6158357771261
37.375,24,63,0,0.05625,0.0625,47.491265457997805,509.0985935897764,1.0,37.354853372434015,20.146627565982406
37.42821782178195,57,68,1,0.055693069306930694,0.0625,58.78677582931193,544.7691857443318,1.01,37.40885320790121,19.364613880742915
37.4375,40,68,0,0.05625,0.0625,53.73871158363991,546.3199619455173,1.0,37.41813538611926,19.364613880742915
37.49009900990076,74,66,1,0.055693069306930694,0.0625,75.80955195631785,529.3326165147679,1.01,37.47042159054592,19.67741935483871
37.5,45,57,0,0.05625,0.0625,57.36070414651236,456.0543416326041,1.0,37.47891495601173,21.085043988269796
37.55198019801957,55,67,1,0.055693069306930694,0.0625,56.26419991258738,537.4152677369718,1.01,37.532459181401784,19.521016617790814
37.61386138613838,64,62,1,0.055693069306930694,0.0625,65.32872161625762,503.8530843279224,1.01,37.59355835583535,20.303030303030305
37.625,43,63,0,0.05625,0.0625,56.51748887735832,508.2434044112488,1.0,37.604853372434015,20.146627565982406
37.67574257425719,60,66,1,0.055693069306930694,0.0625,61.672483714734184,533.7199574436074,1.01,37.65606515490235,19.67741935483871
37.6875,45,68,0,0.05625,0.0625,58.27994427859157,551.03198595675,1.0,37.66813538611926,19.364613880742915
37.737623762376,57,58,1,0.055693069306930694,0.0625,58.658189914660284,468.00403544026966,1.01,37.71669512112478,20.928641251221897
37.75,43,66,0,0.05625,0.0625,55.41559069070613,531.2158437886332,1.0,37.73032258064516,19.67741935483871
37.799504950494814,62,65,1,0.055693069306930694,0.0625,63.6899470706858,522.2135804393332,1.01,37.779671128402924,19.83382209188661
37.8125,38,69,0,0.05625,0.0625,51.518606126594385,558.3049772373544,1.0,37.79329178885631,19.208211143695017
37.861386138613625,48,67,1,0.055693069306930694,0.0625,49.74363260714491,536.4280598152394,1.01,37.84186512199584,19.521016617790814
37.875,55,65,0,0.05625,0.0625,66.66282696519485,523.5833116382788,1.0,37.85516617790811,19.83382209188661
37.923267326732436,36,64,1,0.055693069306930694,0.0625,47.40274236244175,513.413363790795,1.01,37.9032771019035,19.990224828934508
37.98514851485125,57,68,1,0.055693069306930694,0.0625,58.40425387927777,549.9494540888411,1.01,37.96578390097051,19.364613880742915
38.0,45,62,0,0.05625,0.0625,58.62906618560686,498.25953000795596,1.0,37.97969696969697,20.303030303030305
38.04702970297006,48,61,1,0.055693069306930694,0.0625,59.629903816530174,490.45295819120565,1.01,38.02657026992998,20.459433040078203
38.10891089108887,48,66,1,0.055693069306930694,0.0625,59.77934931214206,531.4175877820622,1.01,38.089233471734026,19.67741935483871
38.125,50,66,0,0.05625,0.0625,62.86915953654036,530.6268212872342,1.0,38.10532258064516,19.67741935483871
38.17079207920768,62,62,1,0.055693069306930694,0.0625,63.03683181313894,503.3348758862659,1.01,38.150489048904646,20.303030303030305
38.1875,48,62,0,0.05625,0.0625,71.49927665289913,499.4711902575131,1.0,38.16719696969697,20.303030303030305
38.23267326732649,57,62,1,0.055693069306930694,0.0625,57.48522248647513,503.16104856457304,1.01,38.21237023702346,20.303030303030305
38.25,43,62,0,0.05625,0.0625,54.82277562446102,501.2825207260444,1.0,38.22969696969697,20.303030303030305
38.2945544554453,57,67,1,0.055693069306930694,0.0625,58.387368439908066,536.9831907913432,1.01,38.27503343882751,19.521016617790814
38.3125,48,69,0,0.05625,0.0625,60.53788460011142,559.8404904282189,1.0,38.29329178885631,19.208211143695017
38.35643564356411,52,63,1,0.055693069306930694,0.0625,53.25588566091967,509.2320348067921,1.01,38.336289015998126,20.146627565982406
38.375,43,64,0,0.05625,0.0625,56.95838647589201,516.6911219932334,1.0,38.35500977517106,19.990224828934508
38.41831683168292,64,64,1,0.055693069306930694,0.0625,64.18106748423789,517.9189834886357,1.01,38.398326606853985,19.990224828934508
38.4375,50,62,0,0.05625,0.0625,62.34231488705904,498.92705193193086,1.0,38.41719696969697,20.303030303030305
38.48019801980173,67,71,1,0.055693069306930694,0.0625,67.1675792104271,575.2494027836877,1.01,38.46130261413214,18.89540566959922
38.5,40,60,0,0.05625,0.0625,52.29481061752003,487.6944187317919,1.0,38.47938416422287,20.6158357771261
38.542079207920544,60,61,1,0.055693069306930694,0.0625,61.95059743179893,495.4290531616632,1.01,38.52161977488046,20.459433040078203
38.5625,43,68,0,0.05625,0.0625,54.18914188872693,548.6930086408735,1.0,38.54313538611926,19.364613880742915
38.603960396039355,64,64,1,0.055693069306930694,0.0625,65.60572275875685,514.815809936269,1.01,38.58397017121042,19.990224828934508
38.625,38,61,0,0.05625,0.0625,51.39189336235451,494.18175364928965,1.0,38.60454056695992,20.459433040078203
38.665841584158166,67,61,1,0.055693069306930694,0.0625,67.99897737663045,492.3307930928296,1.01,38.645382151118085,20.459433040078203
38.6875,43,66,0,0.05625,0.0625,54.44975845584264,529.699480094046,1.0,38.66782258064516,19.67741935483871
38.72772277227698,48,69,1,0.055693069306930694,0.0625,59.16358182415798,559.1363958771568,1.01,38.708514561133285,19.208211143695017
38.75,43,57,0,0.05625,0.0625,54.744319681696645,456.34324946248233,1.0,38.72891495601173,21.085043988269796
38.78960396039579,62,64,1,0.055693069306930694,0.0625,63.870030394752106,513.0386915380182,1.01,38.76961373556685,19.990224828934508
38.8125,55,63,0,0.05625,0.0625,67.67862980313124,507.5219707577938,1.0,38.792353372434015,20.146627565982406
38.8514851485146,60,66,1,0.055693069306930694,0.0625,61.16214440812018,533.9176879821549,1.01,38.831807729159756,19.67741935483871
38.875,48,66,0,0.05625,0.0625,61.591503683163054,532.2320290599114,1.0,38.85532258064516,19.67741935483871
38.91336633663341,57,70,1,0.055693069306930694,0.0625,58.691092464648534,563.8847095992894,1.01,38.894314528226765,19.05180840664712
38.9375,55,67,0,0.05625,0.0625,67.39018840408684,540.228461824958,1.0,38.91797898338221,19.521016617790814
38.97524752475222,62,57,1,0.055693069306930694,0.0625,63.23935584703148,460.3934631351586,1.01,38.95416248076395,21.085043988269796
39.0,40,67,0,0.05625,0.0625,53.832757418309804,540.9460062105763,1.0,38.98047898338221,19.521016617790814
39.03712871287103,62,66,1,0.055693069306930694,0.0625,63.59093307810628,530.2934734158384,1.01,39.01745129351619,19.67741935483871
39.0625,48,64,0,0.05625,0.0625,60.82204662982562,512.1163433229042,1.0,39.04250977517106,19.990224828934508
39.125,48,64,0,0.05625,0.0625,61.735241999921605,512.7868243364695,1.0,39.10500977517106,19.990224828934508
39.16089108910865,55,77,1,0.055693069306930694,0.0625,55.44829293311053,616.6170528007592,1.01,39.14293409986134,17.956989247311828
39.1875,38,68,0,0.05625,0.0625,50.64218817711523,550.6614752514819,1.0,39.16813538611926,19.364613880742915
39.22277227722746,48,66,1,0.055693069306930694,0.0625,59.23128555106524,530.2887535825145,1.01,39.20309485787262,19.67741935483871
39.25,52,60,0,0.05625,0.0625,64.79573655797006,487.3071872421504,1.0,39.22938416422287,20.6158357771261
39.284653465346274,60,67,1,0.055693069306930694,0.0625,71.58560294242932,538.3236105645534,1.01,39.26513244872849,19.521016617790814
39.3125,55,71,0,0.05625,0.0625,67.74655245015985,571.9127523741528,1.0,39.293604594330404,18.89540566959922
39.346534653465085,57,64,1,0.055693069306930694,0.0625,57.609226603311164,519.931288781432,1.01,39.32654442863615,19.990224828934508
39.375,40,66,0,0.05625,0.0625,53.70127215496953,533.2780582897906,1.0,39.35532258064516,19.67741935483871
39.408415841583896,62,67,1,0.055693069306930694,0.0625,63.051016509857725,538.5445805277712,1.01,39.38889482496611,19.521016617790814
39.4375,45,68,0,0.05625,0.0625,58.90062512014296,548.5808488382991,1.0,39.41813538611926,19.364613880742915
39.47029702970271,57,57,1,0.055693069306930694,0.0625,58.497176836093104,456.9608352213606,1.01,39.449211985714435,21.085043988269796
39.5,36,67,0,0.05625,0.0625,59.50769552712994,543.9659330864988,1.0,39.48047898338221,19.521016617790814
39.53217821782152,55,56,1,0.055693069306930694,0.0625,56.88002356777861,450.91769583724033,1.01,39.5109367710962,21.241446725317694
39.5625,43,66,0,0.05625,0.0625,54.27284785457556,529.1988995835421,1.0,39.54282258064516,19.67741935483871
39.59405940594033,64,70,1,0.055693069306930694,0.0625,65.98303494091934,561.0149843055659,1.01,39.575007597533684,19.05180840664712
39.625,40,59,0,0.05625,0.0625,52.40669641293746,473.34004790473386,1.0,39.604227761485824,20.772238514174
39.65594059405914,52,63,1,0.055693069306930694,0.0625,52.444318333780636,511.27261591704,1.01,39.635793966493154,20.146627565982406
39.6875,45,71,0,0.05625,0.0625,58.966182779515506,574.5317981386744,1.0,39.668604594330404,18.89540566959922
39.71782178217795,36,67,1,0.055693069306930694,0.0625,47.58856352397499,538.8611645315393,1.01,39.69830076556016,19.521016617790814
39.75,48,69,0,0.05625,0.0625,60.149510730857834,552.4905942407347,1.0,39.73079178885631,19.208211143695017
39.77970297029676,57,65,1,0.055693069306930694,0.0625,58.5756650650452,526.6932260123656,1.01,39.75986914820487,19.83382209188661
39.8125,36,66,0,0.05625,0.0625,59.706959473838445,528.9925121045961,1.0,39.79282258064516,19.67741935483871
39.84158415841557,60,66,1,0.055693069306930694,0.0625,60.33055087013097,534.9750180117272,1.01,39.82190673906073,19.67741935483871
39.875,52,65,0,0.05625,0.0625,64.26721032594848,520.9855405618017,1.0,39.85516617790811,19.83382209188661
39.90346534653438,55,63,1,0.055693069306930694,0.0625,54.80801283449203,508.019618206781,1.01,39.8833187189684,20.146627565982406
39.9375,33,66,0,0.05625,0.0625,45.062100827958545,528.3161527518637,1.0,39.91782258064516,19.67741935483871
39.96534653465319,62,64,1,0.055693069306930694,0.0625,63.295858431248014,517.3923678607227,1.01,39.945356309824255,19.990224828934508
40.0,48,72,1,0.028125,0.03125,59.62901452937352,576.6794008837821,1.0,39.98126099706745,18.73900293255132
40.0,52,74,0,0.028125,0.03125,65.3775035094129,592.3211497165885,1.0,39.98157380254155,18.426197458455523
40.03125,50,83,0,0.028125,0.03125,62.18485080714184,665.1152227899358,1.0,40.01423142717498,17.01857282502444
40.03125,67,89,1,0.028125,0.03125,66.41605278321275,712.1579955246427,1.0,40.01516984359726,16.080156402737046
40.0625,57,70,1,0.028125,0.03125,58.10860998241675,566.6131833051943,1.0,40.043448191593356,19.05180840664712
40.0625,45,78,0,0.028125,0.03125,58.6261145349056,630.7324851524053,1.0,40.04469941348974,17.80058651026393
40.09375,36,79,0,0.028125,0.03125,59.59597850163402,639.4568701812944,1.0,40.076105816226786,17.64418377321603
40.09375,55,85,1,0.028125,0.03125,54.32943855641585,684.4219987533858,1.0,40.07704423264907,16.705767350928642
40.125,31,71,0,0.028125,0.03125,42.553315089234005,570.9471131600403,1.0,40.106104594330404,18.89540566959922
40.125,67,79,1,0.028125,0.03125,68.78780429588888,637.5276568966437,1.0,40.107355816226786,17.64418377321603
40.15625,50,71,1,0.028125,0.03125,51.218552734812675,569.8031495286251,1.0,40.137354594330404,18.89540566959922
40.1875,48,84,0,0.028125,0.03125,71.58764862364,672.8357711120614,1.0,40.170637829912025,16.86217008797654
40.21875,33,79,0,0.028125,0.03125,45.19021003329951,638.9032411851309,1.0,40.201105816226786,17.64418377321603
40.21875,60,81,1,0.028125,0.03125,60.529234712601735,653.187155686115,1.0,40.20141862170088,17.331378299120235
40.25,57,78,0,0.028125,0.03125,69.65628519096587,625.657616384021,1.0,40.23219941348974,17.80058651026393
40.25,40,81,1,0.028125,0.03125,41.65459987871428,655.0914302175656,1.0,40.23266862170088,17.331378299120235
40.28125,55,83,0,0.028125,0.03125,67.43151538902556,665.0144580068736,1.0,40.26423142717498,17.01857282502444
40.3125,52,69,1,0.028125,0.03125,52.52606498435192,556.0991738336971,1.0,40.29329178885631,19.208211143695017
40.34375,50,78,1,0.028125,0.03125,50.373003546212416,624.3292689575317,1.0,40.32594941348974,17.80058651026393
40.34375,48,79,0,0.028125,0.03125,71.06293221045763,637.0750184029719,1.0,40.326105816226786,17.64418377321603
40.375,62,73,1,0.028125,0.03125,62.507956619431695,584.2502355663343,1.0,40.3564173998045,18.58260019550342
40.375,67,78,0,0.028125,0.03125,80.7557591321777,625.8955171427497,1.0,40.35719941348974,17.80058651026393
40.40625,64,77,0,0.028125,0.03125,77.18176258733047,618.7519768418941,1.0,40.38829301075269,17.956989247311828
40.4375,36,70,0,0.028125,0.03125,59.27069433765561,566.0998420488282,1.0,40.418448191593356,19.05180840664712
40.46875,52,78,0,0.028125,0.03125,65.76519740889995,624.6738652655655,1.0,40.45094941348974,17.80058651026393
40.46875,62,79,1,0.028125,0.03125,62.102856650658865,638.7785912198816,1.0,40.451105816226786,17.64418377321603
40.5,50,69,0,0.028125,0.03125,63.78099821717785,554.6795467525527,1.0,40.48079178885631,19.208211143695017
40.5,60,84,1,0.028125,0.03125,61.32842004621918,676.8926430223515,1.0,40.483137829912025,16.86217008797654
40.53125,57,82,1,0.028125,0.03125,58.197886122119456,659.7546948636701,1.0,40.51407502443793,17.174975562072337
40.5625,40,75,0,0.028125,0.03125,53.66016710646986,603.8734850342954,1.0,40.544230205278595,18.269794721407624
40.5625,60,89,1,0.028125,0.03125,60.71919417834533,717.8632768502707,1.0,40.54641984359726,16.080156402737046
40.59375,48,77,1,0.028125,0.03125,59.26652484064473,616.1332843811924,1.0,40.57579301075269,17.956989247311828
40.59375,50,81,0,0.028125,0.03125,63.72049742697945,648.8176435468044,1.0,40.57641862170088,17.331378299120235
40.625,57,71,1,0.028125,0.03125,57.75718905797721,568.2942852520499,1.0,40.606104594330404,18.89540566959922
40.625,38,74,0,0.028125,0.03125,51.923530456817204,592.7032217115683,1.0,40.60657380254155,18.426197458455523
40.65625,55,72,1,0.028125,0.03125,56.77873043284272,581.8408546807912,1.0,40.63751099706745,18.73900293255132
40.6875,36,65,1,0.028125,0.03125,47.89329934805056,521.8743911225313,1.0,40.66766617790811,19.83382209188661
40.6875,48,71,0,0.028125,0.03125,60.51688771867274,569.8208880520466,1.0,40.668604594330404,18.89540566959922
40.71875,57,67,1,0.028125,0.03125,57.900866684367564,543.8432825655556,1.0,40.69922898338221,19.521016617790814
40.75,36,78,0,0.028125,0.03125,48.51984600535776,628.1258238430881,1.0,40.73219941348974,17.80058651026393
40.78125,38,70,1,0.028125,0.03125,38.96122851687252,566.3419352081881,1.0,40.762198191593356,19.05180840664712
40.78125,45,73,0,0.028125,0.03125,57.72607307939398,589.0163153324257,1.0,40.7626673998045,18.58260019550342
40.8125,57,67,1,0.028125,0.03125,58.55228512878553,539.9401914189393,1.0,40.79297898338221,19.521016617790814
40.8125,31,71,0,0.028125,0.03125,44.41610812520177,568.280196971875,1.0,40.793604594330404,18.89540566959922
40.84375,60,86,1,0.028125,0.03125,60.802089700146944,690.9608399871973,1.0,40.82720063538612,16.549364613880744
40.84375,50,92,0,0.028125,0.03125,63.27241567555432,741.6841435490013,1.0,40.82813905180841,15.610948191593351
40.875,36,68,0,0.028125,0.03125,59.267804464501324,550.0877190328945,1.0,40.85563538611926,19.364613880742915
40.875,55,68,1,0.028125,0.03125,54.65991915604338,549.3124428528971,1.0,40.85563538611926,19.364613880742915
40.90625,43,69,0,0.028125,0.03125,55.82494198808237,558.5349345838438,1.0,40.88704178885631,19.208211143695017
40.90625,67,82,1,0.028125,0.03125,67.72759687365797,656.9424387785067,1.0,40.88907502443793,17.174975562072337
40.9375,55,76,0,0.028125,0.03125,68.07435952806973,613.5025372967469,1.0,40.91938660801564,18.113391984359726
40.9375,50,87,1,0.028125,0.03125,51.23316713602711,702.3746640095662,1.0,40.92110703812317,16.392961876832846
40.96875,62,78,0,0.028125,0.03125,75.48197604492081,628.4098137645316,1.0,40.95094941348974,17.80058651026393
41.0,55,68,1,0.028125,0.03125,54.18377549278055,545.1583827327846,1.0,40.98063538611926,19.364613880742915
41.0,72,74,0,0.028125,0.03125,85.03526969999643,594.6713197776323,1.0,40.98157380254155,18.426197458455523
41.03125,67,69,0,0.028125,0.03125,79.37115853550623,557.98712288438,1.0,41.01204178885631,19.208211143695017
41.03125,62,88,1,0.028125,0.03125,62.089368801062356,706.1023385660848,1.0,41.015013440860216,16.236559139784944
41.0625,69,68,1,0.028125,0.03125,70.76630953451769,544.9416828919342,1.0,41.04313538611926,19.364613880742915
41.0625,36,70,0,0.028125,0.03125,59.17282501296338,560.6865356141677,1.0,41.043448191593356,19.05180840664712
41.09375,52,72,0,0.028125,0.03125,65.64948747962536,582.670077535477,1.0,41.07501099706745,18.73900293255132
41.125,67,67,1,0.028125,0.03125,68.39007496302423,541.8872564636393,1.0,41.10547898338221,19.521016617790814
41.125,43,68,0,0.028125,0.03125,54.87056224773526,545.5493221474345,1.0,41.10563538611926,19.364613880742915
41.15625,50,76,0,0.028125,0.03125,62.80098688472288,612.690088937067,1.0,41.13813660801564,18.113391984359726
41.15625,60,78,1,0.028125,0.03125,61.211383583626244,625.2892425248356,1.0,41.13844941348974,17.80058651026393
41.1875,43,73,0,0.028125,0.03125,54.4254088165827,589.3474329724246,1.0,41.1689173998045,18.58260019550342
41.1875,67,78,1,0.028125,0.03125,66.4273462749339,624.1698895022072,1.0,41.16969941348974,17.80058651026393
41.21875,31,69,0,0.028125,0.03125,43.80661318775926,557.1463499677849,1.0,41.19954178885631,19.208211143695017
41.21875,55,74,1,0.028125,0.03125,55.79177674902635,593.0239269614572,1.0,41.20032380254155,18.426197458455523
41.25,76,80,1,0.028125,0.03125,76.01161549292362,645.317810498933,1.0,41.232512218963834,17.487781036168133
41.25,40,83,0,0.028125,0.03125,52.30884656127493,669.3113418535289,1.0,41.23298142717498,17.01857282502444
41.28125,43,73,0,0.028125,0.03125,55.04096715550313,590.4796172708984,1.0,41.2626673998045,18.58260019550342
41.28125,67,74,1,0.028125,0.03125,68.25891941038714,599.5293144932339,1.0,41.26282380254155,18.426197458455523
41.3125,60,61,0,0.028125,0.03125,73.88502090863814,495.07898281468175,1.0,41.29204056695992,20.459433040078203
41.3125,52,70,1,0.028125,0.03125,52.247534385318794,560.7593567318535,1.0,41.293448191593356,19.05180840664712
41.34375,36,72,0,0.028125,0.03125,48.76935503147918,579.0602853616969,1.0,41.32501099706745,18.73900293255132
41.375,21,74,0,0.028125,0.03125,31.73209855828593,595.0722831463232,1.0,41.35657380254155,18.426197458455523
41.375,57,76,1,0.028125,0.03125,58.49054144161946,615.1699880178941,1.0,41.35688660801564,18.113391984359726
41.40625,55,71,1,0.028125,0.03125,56.5112936637598,572.3674425872794,1.0,41.387354594330404,18.89540566959922
41.40625,45,79,0,0.028125,0.03125,57.304491040441285,636.9925344838246,1.0,41.388605816226786,17.64418377321603
41.4375,62,75,0,0.028125,0.03125,75.6209430166693,601.5066241493593,1.0,41.419230205278595,18.269794721407624
41.46875,55,74,1,0.028125,0.03125,54.91664852209305,596.6271528364222,1.0,41.45032380254155,18.426197458455523
41.46875,45,76,0,0.028125,0.03125,58.60222714427704,611.3765215720666,1.0,41.45063660801564,18.113391984359726
41.5,69,74,1,0.028125,0.03125,70.16462128746038,594.1051037485836,1.0,41.48157380254155,18.426197458455523
41.5,57,86,0,0.028125,0.03125,70.06902169764385,688.6969361712125,1.0,41.48345063538612,16.549364613880744
41.53125,43,70,1,0.028125,0.03125,42.207160450210225,564.9075278124197,1.0,41.512198191593356,19.05180840664712
41.5625,62,64,1,0.028125,0.03125,62.519004880552,513.7702012708594,1.0,41.54250977517106,19.990224828934508
41.59375,38,74,0,0.028125,0.03125,51.23370958206434,593.65275956918,1.0,41.57532380254155,18.426197458455523
41.625,67,61,1,0.028125,0.03125,66.09873711765097,491.0725882070849,1.0,41.60454056695992,20.459433040078203
41.625,48,81,0,0.028125,0.03125,60.76498424859556,651.0172592775954,1.0,41.60766862170088,17.331378299120235
41.65625,40,67,0,0.028125,0.03125,52.414947340450205,542.2276329280518,1.0,41.63672898338221,19.521016617790814
41.65625,62,84,1,0.028125,0.03125,62.99562014174562,678.6189225053427,1.0,41.639387829912025,16.86217008797654
41.6875,79,75,1,0.028125,0.03125,79.22681558193598,600.4655057485022,1.0,41.669230205278595,18.269794721407624
41.6875,43,82,0,0.028125,0.03125,56.47194745860352,663.1956831354732,1.0,41.67032502443793,17.174975562072337
41.71875,48,67,1,0.028125,0.03125,49.16717055688525,537.043441303994,1.0,41.69922898338221,19.521016617790814
41.71875,55,71,0,0.028125,0.03125,67.93966947903756,571.3765491505824,1.0,41.699854594330404,18.89540566959922
41.75,57,85,1,0.028125,0.03125,57.43561847890224,687.7454486435424,1.0,41.73329423264907,16.705767350928642
41.78125,60,80,1,0.028125,0.03125,60.56717938220703,647.3246148315587,1.0,41.763762218963834,17.487781036168133
41.8125,57,69,0,0.028125,0.03125,69.52330885441302,553.4982602248938,1.0,41.79329178885631,19.208211143695017
41.8125,62,71,1,0.028125,0.03125,62.040977439414846,573.6161924525912,1.0,41.793604594330404,18.89540566959922
41.84375,45,68,0,0.028125,0.03125,57.60581875692088,549.8552717789388,1.0,41.82438538611926,19.364613880742915
41.84375,48,77,1,0.028125,0.03125,49.48404332712472,619.5169197872032,1.0,41.82579301075269,17.956989247311828
41.875,57,71,1,0.028125,0.03125,58.58743818262121,573.8815925691291,1.0,41.856104594330404,18.89540566959922
41.875,21,74,0,0.028125,0.03125,35.30201730381306,597.6959808734518,1.0,41.85657380254155,18.426197458455523
41.90625,60,75,0,0.028125,0.03125,73.0481474713833,601.0485687276298,1.0,41.887980205278595,18.269794721407624
41.90625,67,87,1,0.028125,0.03125,66.0535935916204,701.2457264637283,1.0,41.88985703812317,16.392961876832846
41.9375,45,84,0,0.028125,0.03125,57.97945823723208,679.8630300565983,1.0,41.920637829912025,16.86217008797654
41.9375,74,88,1,0.028125,0.03125,75.10153367867848,705.7244262785987,1.0,41.921263440860216,16.236559139784944
41.96875,55,74,0,0.028125,0.03125,68.89143748554034,593.1728536794251,1.0,41.95032380254155,18.426197458455523
41.96875,64,78,1,0.028125,0.03125,65.95236155002912,626.6879417930024,1.0,41.95094941348974,17.80058651026393
42.0,76,66,1,0.028125,0.03125,76.54261899112609,530.4700375165474,1.0,41.98032258064516,19.67741935483871
42.0,48,68,0,0.028125,0.03125,71.2143611295739,549.6877511354845,1.0,41.98063538611926,19.364613880742915
42.03125,43,76,0,0.028125,0.03125,54.07911034556245,610.9469776458549,1.0,42.01313660801564,18.113391984359726
42.03125,64,79,1,0.028125,0.03125,65.89171421692362,637.3349811363605,1.0,42.013605816226786,17.64418377321603
42.0625,45,64,1,0.028125,0.03125,45.55987779222477,515.6266436340256,1.0,42.04250977517106,19.990224828934508
42.0625,55,75,0,0.028125,0.03125,66.89124755332318,600.6666526432448,1.0,42.044230205278595,18.269794721407624
42.09375,60,69,1,0.028125,0.03125,71.58698694332469,557.9961745193672,1.0,42.07454178885631,19.208211143695017
42.125,81,64,1,0.028125,0.03125,81.4327933700633,512.0656831459144,1.0,42.10500977517106,19.990224828934508
42.125,36,68,0,0.028125,0.03125,49.91380398715813,548.2564999960008,1.0,42.10563538611926,19.364613880742915
42.15625,60,68,1,0.028125,0.03125,71.22033911245184,545.5223527099284,1.0,42.13688538611926,19.364613880742915
42.15625,45,70,0,0.028125,0.03125,57.66487231534074,562.3316776130679,1.0,42.137198191593356,19.05180840664712
42.1875,33,68,0,0.028125,0.03125,46.03843834390107,548.8539928598133,1.0,42.16813538611926,19.364613880742915
42.1875,79,77,1,0.028125,0.03125,78.98737619352522,616.5061447331918,1.0,42.16954301075269,17.956989247311828
42.21875,74,72,1,0.028125,0.03125,74.22147531320488,579.9182056982072,1.0,42.20001099706745,18.73900293255132
42.21875,43,76,0,0.028125,0.03125,55.42090773762751,609.9547800057363,1.0,42.20063660801564,18.113391984359726
42.25,36,80,0,0.028125,0.03125,49.8136025023723,640.8920188320467,1.0,42.232512218963834,17.487781036168133
42.28125,79,71,1,0.028125,0.03125,80.4881878162264,573.9206622108917,1.0,42.262354594330404,18.89540566959922
42.28125,62,82,0,0.028125,0.03125,74.88763533123509,661.2884155125566,1.0,42.26407502443793,17.174975562072337
42.3125,52,75,1,0.028125,0.03125,52.814080772216435,605.2827362114505,1.0,42.294230205278595,18.269794721407624
42.375,55,77,1,0.028125,0.03125,55.327747115023314,616.8849414920995,1.0,42.35704301075269,17.956989247311828
42.375,36,79,0,0.028125,0.03125,49.29533650802436,632.5706056381227,1.0,42.357355816226786,17.64418377321603
42.40625,69,71,1,0.028125,0.03125,69.11114544327151,575.413470845366,1.0,42.387354594330404,18.89540566959922
42.40625,45,77,0,0.028125,0.03125,58.155820348723616,616.8811302572003,1.0,42.38829301075269,17.956989247311828
42.4375,55,75,1,0.028125,0.03125,54.70443226346902,602.310009646756,1.0,42.419230205278595,18.269794721407624
42.4375,48,84,0,0.028125,0.03125,60.45641952801071,673.5789358218099,1.0,42.420637829912025,16.86217008797654
42.46875,60,69,1,0.028125,0.03125,60.0399216914213,557.0649138626382,1.0,42.44954178885631,19.208211143695017
42.46875,52,87,0,0.028125,0.03125,64.57853440998555,700.510453997902,1.0,42.45235703812317,16.392961876832846
42.5,48,69,0,0.028125,0.03125,61.30391376795528,558.593424870877,1.0,42.48079178885631,19.208211143695017
42.5,67,72,1,0.028125,0.03125,67.15091234656299,580.3899309781063,1.0,42.48126099706745,18.73900293255132
42.53125,52,74,1,0.028125,0.03125,52.975587506989996,597.7117076355134,1.0,42.51282380254155,18.426197458455523
42.53125,38,82,0,0.028125,0.03125,50.63667634243693,662.4850731648253,1.0,42.51407502443793,17.174975562072337
42.5625,48,69,1,0.028125,0.03125,49.65923948095475,555.850850229091,1.0,42.54329178885631,19.208211143695017
42.5625,57,71,0,0.028125,0.03125,69.38449054843369,572.208984046732,1.0,42.543604594330404,18.89540566959922
42.59375,67,79,1,0.028125,0.03125,66.0761323314219,635.1516855944612,1.0,42.576105816226786,17.64418377321603
42.59375,45,86,0,0.028125,0.03125,58.39340262469167,690.532386554182,1.0,42.57720063538612,16.549364613880744
42.625,48,76,1,0.028125,0.03125,49.50462383381853,609.3235011854244,1.0,42.60688660801564,18.113391984359726
42.625,55,84,0,0.028125,0.03125,67.1638519884413,673.8819982667133,1.0,42.608137829912025,16.86217008797654
42.65625,33,80,0,0.028125,0.03125,46.20815873637092,647.7436038330749,1.0,42.638762218963834,17.487781036168133
42.65625,84,81,1,0.028125,0.03125,85.72659560670571,653.7815716381817,1.0,42.63891862170088,17.331378299120235
42.6875,57,74,1,0.028125,0.03125,58.47543903712109,597.097403998452,1.0,42.66907380254155,18.426197458455523
42.6875,67,77,0,0.028125,0.03125,80.321798924056,618.4300242251381,1.0,42.66954301075269,17.956989247311828
42.71875,52,80,0,0.028125,0.03125,64.14402986742178,644.1071470723333,1.0,42.701262218963834,17.487781036168133
42.71875,50,80,1,0.028125,0.03125,51.088690877463065,645.616415104958,1.0,42.701262218963834,17.487781036168133
42.75,36,62,0,0.028125,0.03125,59.74835503164183,502.9059950042996,1.0,42.72969696969697,20.303030303030305
42.75,64,63,1,0.028125,0.03125,65.16827957616435,509.01602145832794,1.0,42.729853372434015,20.146627565982406
42.78125,60,80,1,0.028125,0.03125,71.53459797315078,647.3402871479411,1.0,42.763762218963834,17.487781036168133
42.8125,50,71,0,0.028125,0.03125,62.022832214885256,573.4902632968767,1.0,42.793604594330404,18.89540566959922
42.84375,45,73,0,0.028125,0.03125,57.166169219626525,591.3639158259314,1.0,42.8251673998045,18.58260019550342
42.84375,57,80,1,0.028125,0.03125,58.7364218564728,643.3590996638754,1.0,42.826262218963834,17.487781036168133
42.875,43,82,1,0.028125,0.03125,44.99180237612884,662.5698495333579,1.0,42.85782502443793,17.174975562072337
42.875,55,86,0,0.028125,0.03125,66.12915443217075,690.381108827934,1.0,42.85845063538612,16.549364613880744
42.90625,57,79,0,0.028125,0.03125,69.68544127203259,633.641112058768,1.0,42.888605816226786,17.64418377321603
42.90625,69,81,1,0.028125,0.03125,69.7949189483529,652.5424009664644,1.0,42.88891862170088,17.331378299120235
42.9375,48,72,1,0.028125,0.03125,59.90432439923069,581.1260660090454,1.0,42.91876099706745,18.73900293255132
42.9375,55,84,0,0.028125,0.03125,67.39832083185982,676.6500847150058,1.0,42.920637829912025,16.86217008797654
42.96875,52,69,0,0.028125,0.03125,65.53267964957072,559.0109569731231,1.0,42.94954178885631,19.208211143695017
42.96875,45,76,1,0.028125,0.03125,46.61056293733801,611.5783633879004,1.0,42.95063660801564,18.113391984359726
43.0,57,82,1,0.028125,0.03125,58.31013014865947,661.7244178400438,1.0,42.98282502443793,17.174975562072337
43.0,24,84,0,0.028125,0.03125,47.50030556052867,679.9738565667476,1.0,42.983137829912025,16.86217008797654
43.03125,64,65,1,0.028125,0.03125,65.70816806887132,524.8960770045182,1.0,43.01141617790811,19.83382209188661
43.03125,55,83,0,0.028125,0.03125,66.49799888565865,666.2030844343813,1.0,43.01423142717498,17.01857282502444
43.0625,60,72,1,0.028125,0.03125,61.796418885267826,576.7608113697985,1.0,43.04376099706745,18.73900293255132
43.0625,50,78,0,0.028125,0.03125,62.983806606209455,625.2243629926916,1.0,43.04469941348974,17.80058651026393
43.125,60,75,1,0.028125,0.03125,71.9757783125616,603.5430791404963,1.0,43.106730205278595,18.269794721407624
43.125,48,82,0,0.028125,0.03125,71.33825120973107,661.6476705215243,1.0,43.10782502443793,17.174975562072337
43.15625,36,77,0,0.028125,0.03125,59.93348697217466,618.3724535190993,1.0,43.13829301075269,17.956989247311828
43.1875,60,61,1,0.028125,0.03125,60.613674013749396,488.9678768669868,1.0,43.16704056695992,20.459433040078203
43.1875,55,76,0,0.028125,0.03125,66.26098697081294,612.3565506774181,1.0,43.16938660801564,18.113391984359726
43.21875,62,83,0,0.028125,0.03125,74.8153366184641,666.3394421681185,1.0,43.20173142717498,17.01857282502444
43.21875,52,83,1,0.028125,0.03125,53.7129622723132,664.1318678645755,1.0,43.20173142717498,17.01857282502444
43.25,67,82,1,0.028125,0.03125,67.48670695435099,657.1697811287901,1.0,43.23282502443793,17.174975562072337
43.28125,55,65,1,0.028125,0.03125,56.80726525292999,524.6253682672118,1.0,43.26141617790811,19.83382209188661
43.28125,38,80,0,0.028125,0.03125,51.164050107753084,646.9492249371925,1.0,43.263762218963834,17.487781036168133
43.3125,67,71,1,0.028125,0.03125,68.8380996148719,575.0677155708358,1.0,43.293604594330404,18.89540566959922
43.3125,50,82,0,0.028125,0.03125,62.70189935480802,658.1081486329332,1.0,43.29532502443793,17.174975562072337
43.34375,36,69,0,0.028125,0.03125,59.663032634767944,558.7192497421009,1.0,43.32454178885631,19.208211143695017
43.34375,45,79,1,0.028125,0.03125,46.63882126569233,633.0829607374269,1.0,43.326105816226786,17.64418377321603
43.375,60,76,1,0.028125,0.03125,71.32510758146371,614.5922638103788,1.0,43.35688660801564,18.113391984359726
43.40625,52,69,1,0.028125,0.03125,52.07846196630626,555.9410086949107,1.0,43.38704178885631,19.208211143695017
43.40625,55,77,0,0.028125,0.03125,67.49610491943416,617.2032420328733,1.0,43.38829301075269,17.956989247311828
43.4375,62,72,1,0.028125,0.03125,62.84598404345915,581.0043846073744,1.0,43.41876099706745,18.73900293255132
43.4375,60,83,0,0.028125,0.03125,72.24237039532694,665.1881468400422,1.0,43.42048142717498,17.01857282502444
43.46875,67,74,1,0.028125,0.03125,67.37036937514473,595.2376892141991,1.0,43.45032380254155,18.426197458455523
43.46875,64,77,0,0.028125,0.03125,77.4432500554237,623.2794510477808,1.0,43.45079301075269,17.956989247311828
43.5,38,64,0,0.028125,0.03125,50.53243541777523,514.0121116862774,1.0,43.48000977517106,19.990224828934508
43.5,48,87,1,0.028125,0.03125,59.270511596291094,701.147291536388,1.0,43.48360703812317,16.392961876832846
43.53125,26,72,0,0.028125,0.03125,38.59124639139519,578.0447155962001,1.0,43.51251099706745,18.73900293255132
43.5625,24,75,0,0.028125,0.03125,36.9864757339752,606.2254238636939,1.0,43.544230205278595,18.269794721407624
43.5625,60,80,1,0.028125,0.03125,71.86606909488273,644.2046837334539,1.0,43.545012218963834,17.487781036168133
43.59375,62,73,0,0.028125,0.03125,74.3423505850277,588.147094049448,1.0,43.5751673998045,18.58260019550342
43.59375,43,77,1,0.028125,0.03125,42.76435461788356,620.9163337072015,1.0,43.57579301075269,17.956989247311828
43.625,33,77,0,0.028125,0.03125,45.77266090521227,621.4944417430742,1.0,43.60704301075269,17.956989247311828
43.625,57,83,1,0.028125,0.03125,57.958673339974816,669.1583269061937,1.0,43.60798142717498,17.01857282502444
43.65625,64,75,1,0.028125,0.03125,64.6204571642975,604.8810163340406,1.0,43.637980205278595,18.269794721407624
43.65625,40,77,0,0.028125,0.03125,52.491011266601106,619.4832809665029,1.0,43.63829301075269,17.956989247311828
43.6875,43,68,0,0.028125,0.03125,55.38906040323109,547.4048429521728,1.0,43.66813538611926,19.364613880742915
43.6875,50,75,1,0.028125,0.03125,50.1994063968906,600.0390178710669,1.0,43.669230205278595,18.269794721407624
43.71875,60,67,1,0.028125,0.03125,61.73028862105386,543.4579597568265,1.0,43.69922898338221,19.521016617790814
43.71875,38,73,0,0.028125,0.03125,50.51773397371639,590.897021332723,1.0,43.7001673998045,18.58260019550342
43.75,43,76,0,0.028125,0.03125,56.357118305458485,613.662395079052,1.0,43.73188660801564,18.113391984359726
43.75,50,76,1,0.028125,0.03125,51.2036767847422,610.738062893828,1.0,43.73188660801564,18.113391984359726
43.78125,72,71,1,0.028125,0.03125,73.6261429116479,573.2770237153256,1.0,43.762354594330404,18.89540566959922
43.78125,45,80,0,0.028125,0.03125,58.66985879362806,644.0952117424215,1.0,43.763762218963834,17.487781036168133
43.8125,67,70,1,0.028125,0.03125,67.66299239940079,566.8319485092818,1.0,43.793448191593356,19.05180840664712
43.8125,43,74,0,0.028125,0.03125,55.056990471418096,594.110181588422,1.0,43.79407380254155,18.426197458455523
43.84375,45,67,0,0.028125,0.03125,58.95449824318564,542.8675497497258,1.0,43.82422898338221,19.521016617790814
43.84375,62,85,1,0.028125,0.03125,62.214202267772905,684.647412445107,1.0,43.82704423264907,16.705767350928642
43.875,24,76,0,0.028125,0.03125,47.048446029600335,615.8439959264099,1.0,43.85688660801564,18.113391984359726
43.90625,45,66,0,0.028125,0.03125,58.763083386979744,532.3678101420578,1.0,43.88657258064516,19.67741935483871
43.90625,52,74,1,0.028125,0.03125,53.75547722111576,598.1334736696889,1.0,43.88782380254155,18.426197458455523
43.9375,60,63,1,0.028125,0.03125,61.87890197027912,511.3406555402337,1.0,43.917353372434015,20.146627565982406
43.9375,48,79,0,0.028125,0.03125,61.54999285789398,636.9532170633629,1.0,43.919855816226786,17.64418377321603
43.96875,43,82,1,0.028125,0.03125,43.54783596912941,661.4726589673503,1.0,43.95157502443793,17.174975562072337
44.0,72,85,1,0.028125,0.03125,72.7447851525779,681.5310397046658,1.0,43.98329423264907,16.705767350928642
44.0,31,87,0,0.028125,0.03125,43.54906560804209,702.5299596255588,1.0,43.98360703812317,16.392961876832846
44.03125,57,72,1,0.028125,0.03125,57.790328544969086,577.9595281583746,1.0,44.01251099706745,18.73900293255132
44.03125,55,89,0,0.028125,0.03125,67.41280104083754,713.5621601180546,1.0,44.01516984359726,16.080156402737046
44.0625,38,66,1,0.028125,0.03125,38.825478944364534,531.2497673434083,1.0,44.04282258064516,19.67741935483871
44.09375,55,67,1,0.028125,0.03125,56.54826634618614,540.3093725491594,1.0,44.07422898338221,19.521016617790814
44.09375,40,78,0,0.028125,0.03125,53.97099869380427,629.0619199240043,1.0,44.07594941348974,17.80058651026393
44.125,50,74,0,0.028125,0.03125,62.32308036740727,592.9538131092726,1.0,44.10657380254155,18.426197458455523
44.125,64,77,1,0.028125,0.03125,64.31091404868339,622.415728891588,1.0,44.10704301075269,17.956989247311828
44.15625,62,77,1,0.028125,0.03125,62.398247377940386,618.190680893648,1.0,44.13829301075269,17.956989247311828
44.15625,40,85,0,0.028125,0.03125,53.72875590616866,686.7927786776838,1.0,44.13954423264907,16.705767350928642
44.1875,48,71,1,0.028125,0.03125,59.40221181436618,573.1806649858562,1.0,44.168604594330404,18.89540566959922
44.1875,52,79,0,0.028125,0.03125,64.73493689401025,634.9880382348333,1.0,44.169855816226786,17.64418377321603
44.21875,64,71,1,0.028125,0.03125,64.35478504192459,570.5990704464448,1.0,44.199854594330404,18.89540566959922
44.21875,43,76,0,0.028125,0.03125,55.29393778976879,614.8140601166956,1.0,44.20063660801564,18.113391984359726
44.25,52,71,0,0.028125,0.03125,65.51782836141129,574.7420152780835,1.0,44.231104594330404,18.89540566959922
44.25,67,73,1,0.028125,0.03125,66.32087798064384,586.1115091343689,1.0,44.2314173998045,18.58260019550342
44.28125,55,71,0,0.028125,0.03125,66.74446353179232,572.2707584588704,1.0,44.262354594330404,18.89540566959922
44.28125,57,82,1,0.028125,0.03125,58.20622486868244,661.9574198438443,1.0,44.26407502443793,17.174975562072337
44.3125,67,68,1,0.028125,0.03125,66.3837552430715,548.3122791753958,1.0,44.29313538611926,19.364613880742915
44.34375,36,72,0,0.028125,0.03125,49.36491054508491,578.6650919582064,1.0,44.32501099706745,18.73900293255132
44.34375,64,77,1,0.028125,0.03125,64.40986608467921,619.5501476213911,1.0,44.32579301075269,17.956989247311828
44.375,21,67,0,0.028125,0.03125,33.54574940032289,542.5826418550902,1.0,44.35547898338221,19.521016617790814
44.375,62,74,1,0.028125,0.03125,63.06899253700733,596.9976408047718,1.0,44.35657380254155,18.426197458455523
44.40625,36,71,0,0.028125,0.03125,48.14710077901736,570.527518542213,1.0,44.387354594330404,18.89540566959922
44.40625,72,85,1,0.028125,0.03125,73.94468448351071,686.8335898831041,1.0,44.38954423264907,16.705767350928642
44.4375,40,64,1,0.028125,0.03125,40.45038526232125,512.9412271683882,1.0,44.41750977517106,19.990224828934508
44.4375,24,71,0,0.028125,0.03125,47.39281494173113,575.2643192539674,1.0,44.418604594330404,18.89540566959922
44.46875,55,74,0,0.028125,0.03125,66.431898973501,593.0953189245217,1.0,44.45032380254155,18.426197458455523
44.46875,43,79,1,0.028125,0.03125,43.723716694648374,633.1118187245315,1.0,44.451105816226786,17.64418377321603
44.5,48,70,0,0.028125,0.03125,60.55877601436147,560.9751197897823,1.0,44.480948191593356,19.05180840664712
44.53125,50,63,1,0.028125,0.03125,50.6577928646432,509.9289432384747,1.0,44.511103372434015,20.146627565982406
44.5625,72,67,1,0.028125,0.03125,73.47826958172925,540.0777448067579,1.0,44.54297898338221,19.521016617790814
44.5625,48,75,0,0.028125,0.03125,61.0153506807838,602.2243207834358,1.0,44.544230205278595,18.269794721407624
44.59375,43,74,0,0.028125,0.03125,56.458119124395196,596.3024292695312,1.0,44.57532380254155,18.426197458455523
44.59375,57,85,1,0.028125,0.03125,57.700707434273475,682.7616369851453,1.0,44.57704423264907,16.705767350928642
44.625,40,75,0,0.028125,0.03125,52.323175267664865,606.2343470855166,1.0,44.606730205278595,18.269794721407624
44.625,60,83,1,0.028125,0.03125,61.00253377838981,664.6894906862258,1.0,44.60798142717498,17.01857282502444
44.65625,48,78,1,0.028125,0.03125,49.3029578125047,625.6332628569864,1.0,44.63844941348974,17.80058651026393
44.65625,24,83,0,0.028125,0.03125,47.618614731583776,664.6166389434328,1.0,44.63923142717498,17.01857282502444
44.6875,60,76,1,0.028125,0.03125,61.255070166460655,615.8010137702969,1.0,44.66938660801564,18.113391984359726
44.71875,62,58,0,0.028125,0.03125,75.3009475317793,470.1140175845051,1.0,44.697821358748776,20.928641251221897
44.75,26,71,0,0.028125,0.03125,39.18303062128159,571.8815195488721,1.0,44.731104594330404,18.89540566959922
44.75,50,76,1,0.028125,0.03125,50.269617460880376,615.5095263881926,1.0,44.73188660801564,18.113391984359726
44.78125,79,70,1,0.028125,0.03125,78.02796042589424,564.9082663404309,1.0,44.762198191593356,19.05180840664712
44.78125,55,82,0,0.028125,0.03125,66.46800813301644,661.1923279279853,1.0,44.76407502443793,17.174975562072337
44.8125,28,76,1,0.028125,0.03125,28.958356510085764,610.0121478522478,1.0,44.79438660801564,18.113391984359726
44.8125,36,81,0,0.028125,0.03125,49.89475334338297,649.2524390386036,1.0,44.79516862170088,17.331378299120235
44.84375,38,68,0,0.028125,0.03125,51.18724439568306,549.1772496524518,1.0,44.82438538611926,19.364613880742915
44.84375,57,74,1,0.028125,0.03125,58.66236397508883,598.1453097230354,1.0,44.82532380254155,18.426197458455523
44.875,50,64,0,0.028125,0.03125,63.3860563071616,519.5539953078928,1.0,44.85500977517106,19.990224828934508
44.875,60,79,1,0.028125,0.03125,60.51041416179954,632.209877583212,1.0,44.857355816226786,17.64418377321603
44.90625,67,68,0,0.028125,0.03125,79.31181123590791,551.8143708742091,1.0,44.88688538611926,19.364613880742915
44.9375,72,68,1,0.028125,0.03125,73.82882147243518,545.3706390687811,1.0,44.91813538611926,19.364613880742915
44.9375,45,73,0,0.028125,0.03125,58.32880289678051,585.0326931532038,1.0,44.9189173998045,18.58260019550342
44.96875,52,72,0,0.028125,0.03125,64.31237829937902,580.7015637407045,1.0,44.95001099706745,18.73900293255132
44.96875,50,80,1,0.028125,0.03125,50.43704810472962,643.3913156531135,1.0,44.951262218963834,17.487781036168133
45.0,57,79,1,0.028125,0.03125,57.592959101813726,638.4495163959077,1.0,44.982355816226786,17.64418377321603
45.03125,52,73,1,0.028125,0.03125,53.87233732032276,590.3522037603555,1.0,45.0126673998045,18.58260019550342
45.03125,55,75,0,0.028125,0.03125,67.91897313983014,605.0789038745957,1.0,45.012980205278595,18.269794721407624
45.0625,62,58,1,0.028125,0.03125,63.25358681529294,466.6523865353724,1.0,45.041571358748776,20.928641251221897
45.09375,31,80,0,0.028125,0.03125,42.049285904170205,640.6368468137229,1.0,45.076262218963834,17.487781036168133
45.09375,55,80,1,0.028125,0.03125,56.32555780139403,642.6132626530546,1.0,45.076262218963834,17.487781036168133
45.125,57,64,1,0.028125,0.03125,57.82278322976003,513.0539965549145,1.0,45.10500977517106,19.990224828934508
45.15625,60,63,1,0.028125,0.03125,60.53819063431838,509.13506921095825,1.0,45.136103372434015,20.146627565982406
45.1875,52,75,0,0.028125,0.03125,65.64701971341219,606.2291804859632,1.0,45.169230205278595,18.269794721407624
45.1875,57,79,1,0.028125,0.03125,58.5378227460074,636.2035846218705,1.0,45.169855816226786,17.64418377321603
45.21875,60,75,1,0.028125,0.03125,71.28346580560145,604.0559804605127,1.0,45.200480205278595,18.269794721407624
45.21875,36,80,0,0.028125,0.03125,59.09374718519032,647.6689934100165,1.0,45.201262218963834,17.487781036168133
45.25,64,76,1,0.028125,0.03125,65.24300330948783,615.1444043927308,1.0,45.23188660801564,18.113391984359726
45.25,55,91,0,0.028125,0.03125,68.0422982819229,728.1996264835207,1.0,45.23423264907136,15.76735092864125
45.28125,62,78,1,0.028125,0.03125,62.69880168609977,627.7597195126829,1.0,45.26344941348974,17.80058651026393
45.28125,24,79,0,0.028125,0.03125,47.44408345933152,639.0932820284304,1.0,45.263605816226786,17.64418377321603
45.3125,40,69,0,0.028125,0.03125,53.81653324808949,553.7720772083221,1.0,45.29329178885631,19.208211143695017
45.3125,72,83,1,0.028125,0.03125,72.36396405253087,670.5242264339379,1.0,45.29548142717498,17.01857282502444
45.34375,36,67,0,0.028125,0.03125,59.439035114598006,538.0319606460008,1.0,45.32422898338221,19.521016617790814
45.34375,48,79,1,0.028125,0.03125,49.463406329140085,635.343144116559,1.0,45.326105816226786,17.64418377321603
45.375,74,76,1,0.028125,0.03125,74.56864859435971,613.6714666151786,1.0,45.35688660801564,18.113391984359726
45.40625,52,73,1,0.028125,0.03125,53.705599478722796,586.393257503272,1.0,45.3876673998045,18.58260019550342
45.40625,60,86,0,0.028125,0.03125,73.21432394134175,689.3345522649914,1.0,45.38970063538612,16.549364613880744
45.4375,62,69,1,0.028125,0.03125,63.4965367231284,553.8129962384968,1.0,45.41829178885631,19.208211143695017
45.4375,48,82,0,0.028125,0.03125,60.76374008825446,659.6506941779608,1.0,45.42032502443793,17.174975562072337
45.46875,74,78,1,0.028125,0.03125,74.76777937533157,627.608897958512,1.0,45.45094941348974,17.80058651026393
45.5,40,69,0,0.028125,0.03125,53.272181785863424,556.3807830528825,1.0,45.48079178885631,19.208211143695017
45.5,67,79,1,0.028125,0.03125,67.54993099931187,632.1685753600955,1.0,45.482355816226786,17.64418377321603
45.53125,52,78,0,0.028125,0.03125,64.68181475248855,629.2267197239851,1.0,45.51344941348974,17.80058651026393
45.5625,72,62,1,0.028125,0.03125,72.14376604873596,503.5151220635479,1.0,45.54219696969697,20.303030303030305
45.5625,31,79,0,0.028125,0.03125,43.16281934740094,632.2825579295011,1.0,45.544855816226786,17.64418377321603
45.59375,62,67,0,0.028125,0.03125,74.8970481328878,538.7618379724267,1.0,45.57422898338221,19.521016617790814
45.59375,36,71,1,0.028125,0.03125,37.15114702057268,574.2612570534335,1.0,45.574854594330404,18.89540566959922
45.625,69,74,1,0.028125,0.03125,70.05615476084456,596.5711919175932,1.0,45.60657380254155,18.426197458455523
45.65625,48,80,1,0.028125,0.03125,59.190547999475086,641.8697574873319,1.0,45.638762218963834,17.487781036168133
45.6875,38,66,0,0.028125,0.03125,50.81196939027103,530.2958716936073,1.0,45.66782258064516,19.67741935483871
45.6875,69,72,1,0.028125,0.03125,69.89876715383264,583.2122414992047,1.0,45.66876099706745,18.73900293255132
45.71875,55,80,1,0.028125,0.03125,55.642868557763045,644.4832479445107,1.0,45.701262218963834,17.487781036168133
45.75,50,74,1,0.028125,0.03125,51.367612011078315,592.6124901640151,1.0,45.73157380254155,18.426197458455523
45.75,43,77,0,0.028125,0.03125,55.23800116651764,620.7612060107765,1.0,45.73204301075269,17.956989247311828
45.78125,36,71,0,0.028125,0.03125,59.695069020205025,570.5003503636824,1.0,45.762354594330404,18.89540566959922
45.78125,67,73,1,0.028125,0.03125,67.8771381890008,585.749075833448,1.0,45.7626673998045,18.58260019550342
45.8125,55,72,0,0.028125,0.03125,66.53107255883282,581.421478535614,1.0,45.79376099706745,18.73900293255132
45.84375,24,68,0,0.028125,0.03125,47.07292493448812,550.1695092503758,1.0,45.82438538611926,19.364613880742915
45.875,55,67,0,0.028125,0.03125,68.02420239371142,539.8326633562715,1.0,45.85547898338221,19.521016617790814
45.875,64,87,1,0.028125,0.03125,64.10843015386133,700.3450821491199,1.0,45.85860703812317,16.392961876832846
45.90625,52,68,0,0.028125,0.03125,64.47739074211782,545.4799624618752,1.0,45.88688538611926,19.364613880742915
45.90625,57,75,1,0.028125,0.03125,58.15234684540092,600.6641023762261,1.0,45.887980205278595,18.269794721407624
45.9375,38,78,0,0.028125,0.03125,50.189158303025906,628.5814137064872,1.0,45.91969941348974,17.80058651026393
45.9375,36,78,1,0.028125,0.03125,47.316443117238876,631.101398168343,1.0,45.91969941348974,17.80058651026393
45.96875,60,78,1,0.028125,0.03125,61.212473257454214,624.2980560415998,1.0,45.95094941348974,17.80058651026393
45.96875,57,86,0,0.028125,0.03125,70.10381800086768,689.236609610851,1.0,45.95220063538612,16.549364613880744
46.03125,67,65,1,0.028125,0.03125,67.64737581127054,520.0778761426672,1.0,46.01141617790811,19.83382209188661
46.03125,45,73,0,0.028125,0.03125,57.37182310221468,588.2433517652394,1.0,46.0126673998045,18.58260019550342
46.0625,50,64,1,0.028125,0.03125,50.54660064508445,518.6437330037356,1.0,46.04250977517106,19.990224828934508
46.0625,48,69,0,0.028125,0.03125,61.649199844096344,554.6704116997719,1.0,46.04329178885631,19.208211143695017
46.09375,55,72,0,0.028125,0.03125,68.38847272461014,576.7761705895753,1.0,46.07501099706745,18.73900293255132
46.09375,45,77,1,0.028125,0.03125,46.00078577207159,620.8062032659416,1.0,46.07579301075269,17.956989247311828
46.125,36,69,0,0.028125,0.03125,59.04376494063053,554.5182596822856,1.0,46.10579178885631,19.208211143695017
46.15625,64,80,0,0.028125,0.03125,76.41356188103309,642.6734276958803,1.0,46.138762218963834,17.487781036168133
46.15625,57,88,1,0.028125,0.03125,58.107919142889,710.2372855785494,1.0,46.140013440860216,16.236559139784944
46.1875,45,72,1,0.028125,0.03125,45.33093904256464,583.3434092159886,1.0,46.16876099706745,18.73900293255132
46.1875,33,84,0,0.028125,0.03125,45.61396603364782,678.9583322061262,1.0,46.170637829912025,16.86217008797654
46.21875,48,62,1,0.028125,0.03125,48.21193906300559,496.48890698339227,1.0,46.19844696969697,20.303030303030305
46.21875,60,83,0,0.028125,0.03125,73.08216512185822,664.312786634731,1.0,46.20173142717498,17.01857282502444
46.25,74,71,1,0.028125,0.03125,74.77627227619064,572.5469092018628,1.0,46.231104594330404,18.89540566959922
46.25,36,75,0,0.028125,0.03125,59.469984951257224,607.6699213354401,1.0,46.231730205278595,18.269794721407624
46.28125,38,75,0,0.028125,0.03125,50.947748144353326,605.156989238556,1.0,46.262980205278595,18.269794721407624
46.28125,64,80,1,0.028125,0.03125,64.70474601542631,642.3595113748848,1.0,46.263762218963834,17.487781036168133
46.3125,55,76,0,0.028125,0.03125,68.63169844257615,608.1925502606903,1.0,46.29438660801564,18.113391984359726
46.3125,60,91,1,0.028125,0.03125,71.73457230079461,735.7202227761896,1.0,46.29673264907136,15.76735092864125
46.34375,48,81,0,0.028125,0.03125,60.216539602389844,649.2990569368686,1.0,46.32641862170088,17.331378299120235
46.34375,64,85,1,0.028125,0.03125,64.02464208925117,681.0122103306704,1.0,46.32704423264907,16.705767350928642
46.375,38,79,1,0.028125,0.03125,39.0788207258592,635.6622142528665,1.0,46.357355816226786,17.64418377321603
46.40625,36,69,0,0.028125,0.03125,59.70899238919403,559.900568632277,1.0,46.38704178885631,19.208211143695017
46.40625,43,71,1,0.028125,0.03125,44.197967394499756,574.8448087779101,1.0,46.387354594330404,18.89540566959922
46.4375,57,75,1,0.028125,0.03125,57.20792377870269,600.8323535894448,1.0,46.419230205278595,18.269794721407624
46.46875,64,63,1,0.028125,0.03125,65.05818184120437,511.38239155808805,1.0,46.448603372434015,20.146627565982406
46.46875,55,67,0,0.028125,0.03125,67.17101112626725,539.8031174596459,1.0,46.44922898338221,19.521016617790814
46.5,57,63,0,0.028125,0.03125,69.47949910150436,504.6583749466229,1.0,46.479853372434015,20.146627565982406
46.53125,52,73,0,0.028125,0.03125,64.1409189546771,591.9519070561273,1.0,46.5126673998045,18.58260019550342
46.53125,69,76,1,0.028125,0.03125,70.73290959693125,608.7332952310034,1.0,46.51313660801564,18.113391984359726
46.5625,76,69,1,0.028125,0.03125,77.04755825768396,557.9527440630249,1.0,46.54329178885631,19.208211143695017
46.5625,36,73,0,0.028125,0.03125,48.56804278983392,590.735081506601,1.0,46.5439173998045,18.58260019550342
46.59375,40,68,0,0.028125,0.03125,53.04907577709052,551.5884739114465,1.0,46.57438538611926,19.364613880742915
46.59375,52,72,1,0.028125,0.03125,52.70295332163103,579.5802369555034,1.0,46.57501099706745,18.73900293255132
46.625,57,75,0,0.028125,0.03125,70.20058230145231,602.1595967580557,1.0,46.606730205278595,18.269794721407624
46.65625,45,75,0,0.028125,0.03125,57.93694309636381,605.2969095783506,1.0,46.637980205278595,18.269794721407624
46.65625,52,78,1,0.028125,0.03125,52.709928953923644,630.6789024756181,1.0,46.63844941348974,17.80058651026393
46.6875,50,74,0,0.028125,0.03125,63.7218535191003,599.9840787426755,1.0,46.66907380254155,18.426197458455523
46.71875,55,77,1,0.028125,0.03125,56.27417840683059,621.5627045622215,1.0,46.70079301075269,17.956989247311828
46.75,48,72,0,0.028125,0.03125,60.327221435841906,581.4120920185495,1.0,46.73126099706745,18.73900293255132
46.78125,67,70,1,0.028125,0.03125,66.99799758608373,562.6228940278972,1.0,46.762198191593356,19.05180840664712
46.78125,40,80,0,0.028125,0.03125,52.039404867147915,646.474869609939,1.0,46.763762218963834,17.487781036168133
46.8125,48,66,1,0.028125,0.03125,49.83972982564104,533.1853404007928,1.0,46.79282258064516,19.67741935483871
46.84375,60,83,1,0.028125,0.03125,60.23081488529257,668.8008756134968,1.0,46.82673142717498,17.01857282502444
46.875,33,74,0,0.028125,0.03125,45.36568502570808,595.4811390765238,1.0,46.85657380254155,18.426197458455523
46.875,36,81,1,0.028125,0.03125,47.483345344878295,654.0485437933055,1.0,46.85766862170088,17.331378299120235
46.90625,43,78,1,0.028125,0.03125,43.09533053448128,628.3387864356638,1.0,46.88844941348974,17.80058651026393
46.90625,64,81,0,0.028125,0.03125,77.72438619519922,652.0820665530956,1.0,46.88891862170088,17.331378299120235
46.9375,50,72,0,0.028125,0.03125,62.52280303462683,581.9958651718438,1.0,46.91876099706745,18.73900293255132
46.9375,72,77,1,0.028125,0.03125,72.74951678203112,618.3496090038697,1.0,46.91954301075269,17.956989247311828
46.96875,60,74,0,0.028125,0.03125,73.42989824241272,596.8895569857675,1.0,46.95032380254155,18.426197458455523
47.0,55,72,1,0.028125,0.03125,56.91175988715215,581.587993341484,1.0,46.98126099706745,18.73900293255132
47.0,40,74,0,0.028125,0.03125,52.72111844043913,595.7126742685458,1.0,46.98157380254155,18.426197458455523
47.03125,50,74,0,0.028125,0.03125,62.00972041013142,592.5263689187061,1.0,47.01282380254155,18.426197458455523
47.0625,48,75,0,0.028125,0.03125,71.58277014608473,606.0302075561053,1.0,47.044230205278595,18.269794721407624
47.0625,52,79,1,0.028125,0.03125,52.61550488751733,632.919805993566,1.0,47.044855816226786,17.64418377321603
47.09375,55,66,0,0.028125,0.03125,68.99775492316178,533.3923656601867,1.0,47.07407258064516,19.67741935483871
47.09375,69,81,1,0.028125,0.03125,70.41422664301481,650.0002262536287,1.0,47.07641862170088,17.331378299120235
47.125,57,62,1,0.028125,0.03125,58.88048978094001,497.9807674031846,1.0,47.10469696969697,20.303030303030305
47.125,38,75,0,0.028125,0.03125,50.38760130064263,603.3004513779832,1.0,47.106730205278595,18.269794721407624
47.15625,45,77,0,0.028125,0.03125,57.68909974008576,620.0152826873766,1.0,47.13829301075269,17.956989247311828
47.15625,62,77,1,0.028125,0.03125,63.69360876589705,623.0543483959306,1.0,47.13829301075269,17.956989247311828
47.1875,57,69,1,0.028125,0.03125,57.185353535703356,558.9587688539299,1.0,47.16829178885631,19.208211143695017
47.21875,64,72,1,0.028125,0.03125,65.48939804973574,576.140148575107,1.0,47.20001099706745,18.73900293255132
47.21875,36,82,0,0.028125,0.03125,48.943895424646584,663.5892418210207,1.0,47.20157502443793,17.174975562072337
47.25,26,76,0,0.028125,0.03125,39.3340090015978,613.0619970118789,1.0,47.23188660801564,18.113391984359726
47.25,72,83,1,0.028125,0.03125,72.03334943304189,666.7455418970792,1.0,47.23298142717498,17.01857282502444
47.28125,55,73,0,0.028125,0.03125,67.87140345159695,584.3611788039054,1.0,47.2626673998045,18.58260019550342
47.28125,64,81,1,0.028125,0.03125,64.76482314846771,649.6542117963684,1.0,47.26391862170088,17.331378299120235
47.3125,50,72,0,0.028125,0.03125,62.698375675281035,578.5587252387385,1.0,47.29376099706745,18.73900293255132
47.3125,60,76,1,0.028125,0.03125,60.666757240637665,614.8289918606771,1.0,47.29438660801564,18.113391984359726
47.34375,45,70,0,0.028125,0.03125,58.16143563408181,565.071365666538,1.0,47.324698191593356,19.05180840664712
47.34375,76,78,1,0.028125,0.03125,76.81594772288935,628.9864354732821,1.0,47.32594941348974,17.80058651026393
47.375,50,75,1,0.028125,0.03125,51.032997143067,606.4084769172507,1.0,47.356730205278595,18.269794721407624
47.40625,76,78,1,0.028125,0.03125,76.27592452946995,624.6874133759935,1.0,47.38844941348974,17.80058651026393
47.4375,52,63,1,0.028125,0.03125,53.82998753324766,506.1493837486314,1.0,47.417353372434015,20.146627565982406
47.4375,33,80,0,0.028125,0.03125,46.836481590760926,646.9984234941262,1.0,47.420012218963834,17.487781036168133
47.46875,57,68,1,0.028125,0.03125,57.578786193910126,549.4860250895491,1.0,47.44938538611926,19.364613880742915
47.5,60,80,1,0.028125,0.03125,61.62297618320235,643.581387926702,1.0,47.482512218963834,17.487781036168133
47.5,43,86,0,0.028125,0.03125,56.530523807544,690.4295059695361,1.0,47.48345063538612,16.549364613880744
47.53125,50,71,0,0.028125,0.03125,63.15240987614175,575.3761574613126,1.0,47.512354594330404,18.89540566959922
47.53125,67,82,1,0.028125,0.03125,67.72949374827701,657.686153379743,1.0,47.51407502443793,17.174975562072337
47.5625,55,72,1,0.028125,0.03125,55.00045291080467,580.8955950332956,1.0,47.54376099706745,18.73900293255132
47.5625,40,76,0,0.028125,0.03125,53.37213667975051,614.8568756485795,1.0,47.54438660801564,18.113391984359726
47.59375,57,75,0,0.028125,0.03125,69.96209907041437,601.3300885717085,1.0,47.575480205278595,18.269794721407624
47.625,45,77,1,0.028125,0.03125,46.80552430975948,622.3542405783412,1.0,47.60704301075269,17.956989247311828
47.625,52,81,0,0.028125,0.03125,64.30306738522049,651.2458923297653,1.0,47.60766862170088,17.331378299120235
47.65625,69,64,1,0.028125,0.03125,69.22119327143822,513.7579036849384,1.0,47.63625977517106,19.990224828934508
47.65625,43,72,0,0.028125,0.03125,55.4922687329852,583.8314227966823,1.0,47.63751099706745,18.73900293255132
47.6875,36,69,0,0.028125,0.03125,59.16822983974133,556.8785971101967,1.0,47.66829178885631,19.208211143695017
47.71875,48,71,0,0.028125,0.03125,71.09746711086379,570.8177996885311,1.0,47.699854594330404,18.89540566959922
47.71875,74,74,1,0.028125,0.03125,74.09611885435935,595.1034408962953,1.0,47.70032380254155,18.426197458455523
47.75,64,75,1,0.028125,0.03125,64.66283847597812,601.9257282464473,1.0,47.731730205278595,18.269794721407624
47.75,33,79,0,0.028125,0.03125,46.401978878829574,639.9597869182832,1.0,47.732355816226786,17.64418377321603
47.78125,28,72,0,0.028125,0.03125,40.18697985787966,577.1163482758086,1.0,47.76251099706745,18.73900293255132
47.78125,67,73,1,0.028125,0.03125,66.43287954180491,586.1878766101424,1.0,47.7626673998045,18.58260019550342
47.8125,60,73,1,0.028125,0.03125,61.39990869771993,585.2250432082318,1.0,47.7939173998045,18.58260019550342
47.8125,50,74,0,0.028125,0.03125,63.031635713730815,599.3020337704056,1.0,47.79407380254155,18.426197458455523
47.84375,43,70,0,0.028125,0.03125,56.38974014038062,564.2321892778492,1.0,47.824698191593356,19.05180840664712
47.84375,55,85,1,0.028125,0.03125,54.39820852162842,682.107649722762,1.0,47.82704423264907,16.705767350928642
47.875,64,65,0,0.028125,0.03125,77.30649128973403,523.0236989925943,1.0,47.85516617790811,19.83382209188661
47.875,69,77,1,0.028125,0.03125,69.40091927728719,621.4967495533259,1.0,47.85704301075269,17.956989247311828
47.90625,57,75,0,0.028125,0.03125,70.98606749143643,606.8798967551496,1.0,47.887980205278595,18.269794721407624
47.90625,62,75,1,0.028125,0.03125,62.92577715921927,604.8226277136721,1.0,47.887980205278595,18.269794721407624
47.9375,40,72,0,0.028125,0.03125,53.18144522241852,576.0368541863904,1.0,47.91876099706745,18.73900293255132
47.9375,60,81,1,0.028125,0.03125,60.493012327511885,650.5142039781372,1.0,47.92016862170088,17.331378299120235
47.96875,38,77,0,0.028125,0.03125,50.39067526445674,622.3989338184758,1.0,47.95079301075269,17.956989247311828
47.96875,48,79,1,0.028125,0.03125,59.53588105287827,632.0773362703102,1.0,47.951105816226786,17.64418377321603
48.0,33,68,0,0.05625,0.0625,45.54972980449644,546.340841004603,1.0,47.98063538611926,19.364613880742915
48.0,69,70,1,0.055693069306930694,0.0625,69.25921356164038,565.7224912237343,1.01,47.980948191593356,19.05180840664712
48.06188118811881,64,60,1,0.055693069306930694,0.0625,64.61876779794021,480.5181570495455,1.01,48.04126535234168,20.6158357771261
48.0625,52,62,0,0.05625,0.0625,65.59331777231677,498.6938807289072,1.0,48.04219696969697,20.303030303030305
48.12376237623762,64,62,1,0.055693069306930694,0.0625,64.0133260199878,502.90837379700736,1.01,48.10345934593459,20.303030303030305
48.125,48,68,0,0.05625,0.0625,61.241024659853515,544.0489590547467,1.0,48.10563538611926,19.364613880742915
48.18564356435643,67,60,1,0.055693069306930694,0.0625,66.8792511703472,486.03064176737854,1.01,48.165027728579304,20.6158357771261
48.1875,55,65,0,0.05625,0.0625,67.11954195980472,521.9153247011332,1.0,48.16766617790811,19.83382209188661
48.24752475247524,57,62,1,0.055693069306930694,0.0625,58.108850287255805,497.86335946837477,1.01,48.22722172217221,20.303030303030305
48.25,36,60,0,0.05625,0.0625,59.234982353157264,483.1500496699489,1.0,48.22938416422287,20.6158357771261
48.309405940594054,43,61,1,0.055693069306930694,0.0625,43.34562833671248,492.54188014684894,1.01,48.28894650755397,20.459433040078203
48.3125,36,69,0,0.05625,0.0625,59.75016742258585,556.1660733216595,1.0,48.29329178885631,19.208211143695017
48.371287128712865,55,66,1,0.055693069306930694,0.0625,55.748804128682465,535.0613561268867,1.01,48.35160970935802,19.67741935483871
48.375,36,62,0,0.05625,0.0625,59.06336577831661,503.53466820729903,1.0,48.35469696969697,20.303030303030305
48.433168316831676,64,65,1,0.055693069306930694,0.0625,64.57149292574313,522.7553867105526,1.01,48.413334494739786,19.83382209188661
48.4375,48,69,0,0.05625,0.0625,71.23914181362463,554.046026046413,1.0,48.41829178885631,19.208211143695017
48.49504950495049,48,69,1,0.055693069306930694,0.0625,59.57888086128714,552.7372335223545,1.01,48.475841293806795,19.208211143695017
48.5,52,65,0,0.05625,0.0625,65.72335653839153,526.2368310511622,1.0,48.48016617790811,19.83382209188661
48.5569306930693,57,70,1,0.055693069306930694,0.0625,57.01461536189572,564.2586665389807,1.01,48.53787888466265,19.05180840664712
48.5625,45,64,0,0.05625,0.0625,57.12848152611398,517.9180101031052,1.0,48.54250977517106,19.990224828934508
48.61881188118811,57,70,1,0.055693069306930694,0.0625,57.449717252221035,562.9508161467521,1.01,48.599760072781464,19.05180840664712
48.625,43,63,0,0.05625,0.0625,54.47672071363431,507.34441771691684,1.0,48.604853372434015,20.146627565982406
48.68069306930692,55,59,1,0.055693069306930694,0.0625,56.836248208587,478.6796669971416,1.01,48.65992083079274,20.772238514174
48.6875,38,58,0,0.05625,0.0625,50.346254382978245,471.2302926698,1.0,48.666571358748776,20.928641251221897
48.74257425742573,57,68,1,0.055693069306930694,0.0625,58.43998921624237,545.9595777557641,1.01,48.72320964354499,19.364613880742915
48.75,52,65,0,0.05625,0.0625,64.42520115824856,521.1431004002343,1.0,48.73016617790811,19.83382209188661
48.80445544554454,62,71,1,0.055693069306930694,0.0625,62.46482994205658,569.2959784863205,1.01,48.785560039874944,18.89540566959922
48.8125,43,70,0,0.05625,0.0625,54.09585771910113,560.9076462476285,1.0,48.793448191593356,19.05180840664712
48.86633663366335,50,70,1,0.055693069306930694,0.0625,51.46145134272903,561.5059438143315,1.01,48.84728482525671,19.05180840664712
48.875,55,57,0,0.05625,0.0625,67.39466059766411,462.3513387259908,1.0,48.85391495601173,21.085043988269796
48.92821782178216,57,62,1,0.055693069306930694,0.0625,57.84128770960656,502.193508412325,1.01,48.90791479147913,20.303030303030305
48.9375,55,67,0,0.05625,0.0625,67.11958493672721,543.0416906377462,1.0,48.91797898338221,19.521016617790814
48.99009900990097,55,67,1,0.055693069306930694,0.0625,55.99180981507422,540.441597945184,1.01,48.970577993283186,19.521016617790814
49.0,48,57,0,0.05625,0.0625,61.61812938594337,459.07717995539343,1.0,48.97891495601173,21.085043988269796
49.051980198019784,50,67,1,0.055693069306930694,0.0625,50.604151303671536,536.5399532275445,1.01,49.032459181402,19.521016617790814
49.0625,45,69,0,0.05625,0.0625,58.84404180409072,558.9844424474485,1.0,49.04329178885631,19.208211143695017
49.113861386138595,67,65,1,0.055693069306930694,0.0625,66.0082137558206,520.3405883650845,1.01,49.094027564046705,19.83382209188661
49.125,50,64,0,0.05625,0.0625,62.87745123476097,516.5872889582215,1.0,49.10500977517106,19.990224828934508
49.175742574257406,50,68,1,0.055693069306930694,0.0625,50.874625699668336,550.1866786383238,1.01,49.156377960376666,19.364613880742915
49.1875,48,71,0,0.05625,0.0625,61.31797468761518,571.8985783379758,1.0,49.168604594330404,18.89540566959922
49.23762376237622,60,66,1,0.055693069306930694,0.0625,60.02333055559163,528.271282907093,1.01,49.217946343021374,19.67741935483871
49.25,24,65,0,0.05625,0.0625,47.983251140691834,526.014993136226,1.0,49.23016617790811,19.83382209188661
49.29950495049503,48,63,1,0.055693069306930694,0.0625,49.451229962465554,509.0715187810537,1.01,49.27935832292904,20.146627565982406
49.36138613861384,45,66,1,0.055693069306930694,0.0625,46.76565607335315,533.2266712445397,1.01,49.341708719258996,19.67741935483871
49.375,31,65,0,0.05625,0.0625,43.59967472945364,523.1610263858548,1.0,49.35516617790811,19.83382209188661
49.42326732673265,48,59,1,0.055693069306930694,0.0625,59.34952966736457,478.39154425458594,1.01,49.40249508821847,20.772238514174
49.4375,43,68,0,0.05625,0.0625,54.322820219230366,547.5559738154725,1.0,49.41813538611926,19.364613880742915
49.48514851485146,64,62,1,0.055693069306930694,0.0625,64.33808504114724,497.63469397070344,1.01,49.46484548454843,20.303030303030305
49.5,55,65,0,0.05625,0.0625,68.10730841974919,523.489612184203,1.0,49.48016617790811,19.83382209188661
49.54702970297027,62,70,1,0.055693069306930694,0.0625,62.89142623230423,562.0348237744382,1.01,49.52797789456363,19.05180840664712
49.5625,36,73,0,0.05625,0.0625,59.17088433578819,586.9485133011474,1.0,49.5439173998045,18.58260019550342
49.60891089108908,57,68,1,0.055693069306930694,0.0625,57.272166330718676,547.8851295373308,1.01,49.58954627720834,19.364613880742915
49.67079207920789,62,61,1,0.055693069306930694,0.0625,62.73097236768332,494.94452722599567,1.01,49.65033264616781,20.459433040078203
49.6875,36,69,0,0.05625,0.0625,49.151017477958305,553.0553947622009,1.0,49.66829178885631,19.208211143695017
49.7326732673267,67,65,1,0.055693069306930694,0.0625,66.42401809978324,525.8831045860867,1.01,49.71283944523481,19.83382209188661
49.75,48,63,0,0.05625,0.0625,60.886107627540795,505.20531457209995,1.0,49.729853372434015,20.146627565982406
49.794554455445514,45,60,1,0.055693069306930694,0.0625,45.82333610851572,486.0212474935406,1.01,49.773938619668385,20.6158357771261
49.8125,38,63,0,0.05625,0.0625,50.615024842302475,506.0744988324124,1.0,49.792353372434015,20.146627565982406
49.856435643564325,57,63,1,0.055693069306930694,0.0625,58.11988201159498,505.08244390146086,1.01,49.83628901599834,20.146627565982406
49.875,45,68,0,0.05625,0.0625,58.02772888887871,547.0170601196922,1.0,49.85563538611926,19.364613880742915
49.918316831683136,62,60,1,0.055693069306930694,0.0625,62.22783569725682,481.3795004046982,1.01,49.89770099590601,20.6158357771261
49.9375,48,62,0,0.05625,0.0625,60.941055361260986,496.51901307001555,1.0,49.91719696969697,20.303030303030305
49.980198019801946,50,62,1,0.055693069306930694,0.0625,50.47601682483071,498.2133982713592,1.01,49.95989498949891,20.303030303030305
50.0,36,61,0,0.05625,0.0625,48.835474023811784,492.93472539716834,1.0,49.97954056695992,20.459433040078203
50.04207920792076,62,65,1,0.055693069306930694,0.0625,63.249580505771576,525.6961407901651,1.01,50.02224538582887,19.83382209188661
50.0625,36,67,0,0.05625,0.0625,49.74137952171294,541.7336595566836,1.0,50.04297898338221,19.521016617790814
50.10396039603957,67,67,1,0.055693069306930694,0.0625,66.27537762575605,536.6546681372047,1.01,50.08443937942178,19.521016617790814
50.125,33,65,0,0.05625,0.0625,45.8659462120502,522.5830202491952,1.0,50.10516617790811,19.83382209188661
50.16584158415838,62,62,1,0.055693069306930694,0.0625,62.36397570117691,500.8767591940475,1.01,50.145538553855346,20.303030303030305
50.1875,40,61,0,0.05625,0.0625,52.96102423116543,493.579274650884,1.0,50.16704056695992,20.459433040078203
50.22772277227719,38,64,1,0.055693069306930694,0.0625,38.0171574088243,517.8915159072023,1.01,50.20773254744825,19.990224828934508
50.25,43,67,0,0.05625,0.0625,54.59831629893529,538.2764069934212,1.0,50.23047898338221,19.521016617790814
50.289603960396,57,63,1,0.055693069306930694,0.0625,58.220518163840644,506.25310807960165,1.01,50.269457332830015,20.146627565982406
50.3125,38,65,0,0.05625,0.0625,50.0729754350456,521.7402279265322,1.0,50.29266617790811,19.83382209188661
50.35148514851481,62,61,1,0.055693069306930694,0.0625,63.178641087888224,490.5854200259441,1.01,50.33102571547473,20.459433040078203
50.375,50,58,0,0.05625,0.0625,62.760960926998855,466.32230339321575,1.0,50.354071358748776,20.928641251221897
50.41336633663362,64,62,1,0.055693069306930694,0.0625,64.42837368181814,497.846007138927,1.01,50.39306330633059,20.303030303030305
50.4375,45,59,0,0.05625,0.0625,58.4829798596518,478.22814158960097,1.0,50.416727761485824,20.772238514174
50.47524752475243,60,62,1,0.055693069306930694,0.0625,61.87066961825392,499.70490287272844,1.01,50.4549444944494,20.303030303030305
50.5,48,69,0,0.05625,0.0625,61.38779108390113,552.2665736739023,1.0,50.48079178885631,19.208211143695017
50.537128712871244,60,58,1,0.055693069306930694,0.0625,60.10872458256121,464.7149682152109,1.01,50.51620007162002,20.928641251221897
50.5625,43,59,0,0.05625,0.0625,54.20079666144516,478.77550740359993,1.0,50.541727761485824,20.772238514174
50.599009900990055,57,64,1,0.055693069306930694,0.0625,58.52061655163983,519.4462134898081,1.01,50.57901967616112,19.990224828934508
50.625,52,67,0,0.05625,0.0625,65.71049519236476,536.7416858562683,1.0,50.60547898338221,19.521016617790814
50.660891089108866,55,63,1,0.055693069306930694,0.0625,56.03689675056053,507.35189807049676,1.01,50.64074446154288,20.146627565982406
50.6875,48,57,0,0.05625,0.0625,60.27819696018659,463.17857212590536,1.0,50.66641495601173,21.085043988269796
50.722772277227676,55,64,1,0.055693069306930694,0.0625,54.70585442441942,514.2769619008349,1.01,50.70278205239874,19.990224828934508
50.75,36,65,0,0.05625,0.0625,59.662373075513955,527.0744580222957,1.0,50.73016617790811,19.83382209188661
50.78465346534649,60,66,1,0.055693069306930694,0.0625,71.28796422157063,533.6071501728226,1.01,50.764976045991645,19.67741935483871
50.8125,52,64,0,0.05625,0.0625,65.58028280447155,517.0033830601851,1.0,50.79250977517106,19.990224828934508
50.8465346534653,57,70,1,0.055693069306930694,0.0625,57.87254382848907,563.9148110020625,1.01,50.827482845058654,19.05180840664712
50.90841584158411,67,67,1,0.055693069306930694,0.0625,66.08220539675435,536.4261209236748,1.01,50.88889482496632,19.521016617790814
50.9375,43,62,0,0.05625,0.0625,55.835640124008364,501.6159154232071,1.0,50.91719696969697,20.303030303030305
50.97029702970292,57,60,1,0.055693069306930694,0.0625,57.88881287435265,482.56810109649433,1.01,50.94968119392579,20.6158357771261
51.0,43,64,0,0.05625,0.0625,55.52253124666717,519.4394286058658,1.0,50.98000977517106,19.990224828934508
51.03217821782173,50,68,1,0.055693069306930694,0.0625,51.550725841935986,548.9108181810835,1.01,51.01281360394099,19.364613880742915
51.09405940594054,52,63,1,0.055693069306930694,0.0625,52.82360608189752,504.72730745794786,1.01,51.073912778374556,20.146627565982406
51.125,48,68,0,0.05625,0.0625,60.291011320748744,544.3600114744551,1.0,51.10563538611926,19.364613880742915
51.15594059405935,57,65,1,0.055693069306930694,0.0625,57.50799061096994,524.5202161077908,1.01,51.13610677196746,19.83382209188661
51.1875,45,67,0,0.05625,0.0625,57.70236615464084,540.3307925427741,1.0,51.16797898338221,19.521016617790814
51.21782178217816,67,63,1,0.055693069306930694,0.0625,67.4517563739504,510.01169005638144,1.01,51.19767515461218,20.146627565982406
51.25,36,64,0,0.05625,0.0625,59.38785695429569,518.0529325304224,1.0,51.23000977517106,19.990224828934508
51.279702970296974,60,61,1,0.055693069306930694,0.0625,60.73716034215428,488.55618067654655,1.01,51.25924353725689,20.459433040078203
51.3125,38,65,0,0.05625,0.0625,51.49179632508309,520.7886500745179,1.0,51.29266617790811,19.83382209188661
51.341584158415785,55,70,1,0.055693069306930694,0.0625,56.123306509109106,562.5626142677003,1.01,51.32253235000914,19.05180840664712
51.375,45,62,0,0.05625,0.0625,57.47681740237601,501.9727308341694,1.0,51.35469696969697,20.303030303030305
51.403465346534595,57,63,1,0.055693069306930694,0.0625,57.16585285228801,507.0039926610408,1.01,51.38331871896861,20.146627565982406
51.4375,52,63,0,0.05625,0.0625,64.21490847870788,508.97107809207466,1.0,51.417353372434015,20.146627565982406
51.465346534653406,64,61,1,0.055693069306930694,0.0625,65.34400824028339,488.76167433451417,1.01,51.444887101613325,20.459433040078203
51.5,43,65,0,0.05625,0.0625,56.34790515923137,526.019934140916,1.0,51.48016617790811,19.83382209188661
51.52722772277222,67,60,1,0.055693069306930694,0.0625,68.97158983830207,487.18607690392577,1.01,51.50661188699509,20.6158357771261
51.5625,50,60,0,0.05625,0.0625,62.25542236604528,487.1127018847804,1.0,51.54188416422287,20.6158357771261
51.58910891089103,67,62,1,0.055693069306930694,0.0625,68.80429209374559,503.66202184541237,1.01,51.568805880587995,20.303030303030305
51.625,40,55,0,0.05625,0.0625,53.41905887418993,442.4994245434238,1.0,51.60360215053763,21.397849462365592
51.65099009900984,64,68,1,0.055693069306930694,0.0625,64.41457611220646,551.5074361145333,1.01,51.6316254851291,19.364613880742915
51.6875,43,64,0,0.05625,0.0625,54.04309954460361,518.5942271288687,1.0,51.66750977517106,19.990224828934508
51.71287128712865,64,60,1,0.055693069306930694,0.0625,65.97932723069573,487.7969398654942,1.01,51.69225545135152,20.6158357771261
51.75,52,64,0,0.05625,0.0625,64.12459967075546,516.2292407829916,1.0,51.73000977517106,19.990224828934508
51.77475247524746,48,65,1,0.055693069306930694,0.0625,48.26164212667756,523.169208112547,1.01,51.75491865315557,19.83382209188661
51.8125,36,69,0,0.05625,0.0625,48.736223771047236,556.9964397997726,1.0,51.79329178885631,19.208211143695017
51.83663366336627,52,57,1,0.055693069306930694,0.0625,53.40265270654879,463.1156677901788,1.01,51.815548619378,21.085043988269796
51.875,45,68,0,0.05625,0.0625,58.179911822873045,550.4661063247489,1.0,51.85563538611926,19.364613880742915
51.89851485148508,60,62,1,0.055693069306930694,0.0625,71.08635706613543,497.96584141682706,1.01,51.87821182118205,20.303030303030305
51.9375,38,64,0,0.05625,0.0625,51.474780795153954,512.4969448544078,1.0,51.91750977517106,19.990224828934508
51.96039603960389,62,70,1,0.055693069306930694,0.0625,63.8823710700384,563.3969998470476,1.01,51.94134423119725,19.05180840664712
52.0,50,57,0,0.05625,0.0625,62.922209226092946,460.72966923057146,1.0,51.97891495601173,21.085043988269796
52.022277227722704,55,68,1,0.055693069306930694,0.0625,55.57502968969065,548.6544620998556,1.01,52.002912613841964,19.364613880742915
52.0625,48,67,0,0.05625,0.0625,60.06941854598756,542.8651412896239,1.0,52.04297898338221,19.521016617790814
52.084158415841515,64,63,1,0.055693069306930694,0.0625,64.30170904179214,509.3465304772221,1.01,52.06401178827553,20.146627565982406
52.125,38,64,0,0.05625,0.0625,50.65069301494735,514.6247220682183,1.0,52.10500977517106,19.990224828934508
52.146039603960325,57,65,1,0.055693069306930694,0.0625,58.46334560927038,526.9741831269649,1.01,52.126205781868435,19.83382209188661
52.1875,48,62,0,0.05625,0.0625,61.52524289440967,503.9313688322373,1.0,52.16719696969697,20.303030303030305
52.207920792079136,62,64,1,0.055693069306930694,0.0625,63.36013057071943,519.6325028486863,1.01,52.1879305672502,19.990224828934508
52.25,43,65,0,0.05625,0.0625,56.60850131361669,524.139519412089,1.0,52.23016617790811,19.83382209188661
52.26980198019795,55,67,1,0.055693069306930694,0.0625,56.89982137321074,542.8337528466127,1.01,52.25028096358016,19.521016617790814
52.3125,43,67,0,0.05625,0.0625,54.638502516357896,540.9526877128984,1.0,52.29297898338221,19.521016617790814
52.33168316831676,57,64,1,0.055693069306930694,0.0625,58.035191257863076,513.5245634816283,1.01,52.31169294348782,19.990224828934508
52.375,50,68,0,0.05625,0.0625,62.25212554538475,549.1244166607889,1.0,52.35563538611926,19.364613880742915
52.39356435643557,55,66,1,0.055693069306930694,0.0625,55.19427797290246,528.500586960253,1.01,52.37388693708073,19.67741935483871
52.4375,45,66,0,0.05625,0.0625,57.76554569531347,529.1530072991163,1.0,52.41782258064516,19.67741935483871
52.45544554455438,48,67,1,0.055693069306930694,0.0625,59.22623129512444,541.0899082209958,1.01,52.43592452793659,19.521016617790814
52.5,43,62,0,0.05625,0.0625,56.288507964325206,498.3229074204541,1.0,52.47969696969697,20.303030303030305
52.51732673267319,57,65,1,0.055693069306930694,0.0625,57.9609679557748,526.9784438848117,1.01,52.4974929105813,19.83382209188661
52.5625,40,65,0,0.05625,0.0625,53.497594715186864,527.3725672660536,1.0,52.54266617790811,19.83382209188661
52.579207920792,55,57,1,0.055693069306930694,0.0625,54.80385196118797,462.4167089239199,1.01,52.55812287680373,21.085043988269796
52.625,43,62,0,0.05625,0.0625,56.58682378528161,500.3736895969789,1.0,52.60469696969697,20.303030303030305
52.64108910891081,55,74,1,0.055693069306930694,0.0625,54.95853183106568,596.7910882868287,1.01,52.62266291145236,18.426197458455523
52.6875,43,65,0,0.05625,0.0625,56.36484211198931,523.5497249858396,1.0,52.66766617790811,19.83382209188661
52.70297029702962,48,65,1,0.055693069306930694,0.0625,59.970935100422864,523.5722165155031,1.01,52.68313647493773,19.83382209188661
52.75,40,62,0,0.05625,0.0625,53.80900434664336,499.8628098245898,1.0,52.72969696969697,20.303030303030305
52.764851485148434,52,73,1,0.055693069306930694,0.0625,53.44929337161553,585.2639641409519,1.01,52.74626888495293,18.58260019550342
52.8125,43,62,0,0.05625,0.0625,56.890153714850904,498.29586253133255,1.0,52.79219696969697,20.303030303030305
52.826732673267244,62,67,1,0.055693069306930694,0.0625,62.16992986357175,537.2537861962468,1.01,52.80721165664946,19.521016617790814
52.875,50,57,0,0.05625,0.0625,63.077799334095914,460.40783809888603,1.0,52.85391495601173,21.085043988269796
52.888613861386055,48,67,1,0.055693069306930694,0.0625,49.23685009435279,536.5530238904225,1.01,52.86909284476827,19.521016617790814
52.950495049504866,52,68,1,0.055693069306930694,0.0625,53.831769086887405,547.3023591617603,1.01,52.93113043562413,19.364613880742915
53.0,57,61,0,0.05625,0.0625,70.88222743475342,491.5863701960886,1.0,52.97954056695992,20.459433040078203
53.01237623762368,67,61,1,0.055693069306930694,0.0625,66.28961533938451,488.8328227965391,1.01,52.991916804583596,20.459433040078203
53.0625,50,63,0,0.05625,0.0625,63.72983375287422,506.0622295510428,1.0,53.042353372434015,20.146627565982406
53.07425742574249,52,68,1,0.055693069306930694,0.0625,53.812395377087086,545.0874214662042,1.01,53.05489281186175,19.364613880742915
53.125,48,63,0,0.05625,0.0625,61.749063663074345,511.60871985398376,1.0,53.104853372434015,20.146627565982406
53.1361386138613,64,60,1,0.055693069306930694,0.0625,65.94210935029828,481.06444973921856,1.01,53.11552277808417,20.6158357771261
53.1875,50,67,0,0.05625,0.0625,63.291653729818584,537.8228608776192,1.0,53.16797898338221,19.521016617790814
53.19801980198011,55,66,1,0.055693069306930694,0.0625,56.94773890617764,530.6197693184118,1.01,53.17834238262527,19.67741935483871
53.25,43,65,0,0.05625,0.0625,56.724474153241204,522.5165749463304,1.0,53.23016617790811,19.83382209188661
53.25990099009892,57,64,1,0.055693069306930694,0.0625,58.79860652254315,519.1065857731397,1.01,53.23991076526998,19.990224828934508
53.3125,50,66,0,0.05625,0.0625,63.963499702878465,528.1169582764444,1.0,53.29282258064516,19.67741935483871
53.32178217821773,62,65,1,0.055693069306930694,0.0625,62.01112651242135,527.2543834735643,1.01,53.30194835612584,19.83382209188661
53.375,45,64,0,0.05625,0.0625,57.3909622379336,518.0294963686313,1.0,53.35500977517106,19.990224828934508
53.38366336633654,57,67,1,0.055693069306930694,0.0625,57.120650571757494,536.2390324711598,1.01,53.364142349718755,19.521016617790814
53.4375,43,60,0,0.05625,0.0625,55.677591387301845,484.72296792013424,1.0,53.41688416422287,20.6158357771261
53.44554455445535,60,61,1,0.055693069306930694,0.0625,71.85966935484026,494.59351292926436,1.01,53.42508512141527,20.459433040078203
53.5,57,70,0,0.05625,0.0625,70.2447063058153,562.1155423771189,1.0,53.480948191593356,19.05180840664712
53.5625,43,68,0,0.05625,0.0625,55.38599784377348,550.0293986264637,1.0,53.54313538611926,19.364613880742915
53.569306930692974,62,60,1,0.055693069306930694,0.0625,63.14335497267296,485.01090223518486,1.01,53.548691094915846,20.6158357771261
53.625,50,64,0,0.05625,0.0625,63.389651926163936,514.9124092518365,1.0,53.60500977517106,19.990224828934508
53.631188118811785,48,64,1,0.055693069306930694,0.0625,48.959636857659675,517.3264696526862,1.01,53.61119789398285,19.990224828934508
53.6875,52,72,0,0.05625,0.0625,64.81490020244887,577.5886032160386,1.0,53.66876099706745,18.73900293255132
53.693069306930596,62,68,1,0.055693069306930694,0.0625,62.2773290046446,550.4659474310239,1.01,53.67370469304986,19.364613880742915
53.75,50,68,0,0.05625,0.0625,63.0409832110806,550.5297896962473,1.0,53.73063538611926,19.364613880742915
53.75495049504941,64,67,1,0.055693069306930694,0.0625,65.51617409547652,542.9021966815294,1.01,53.73542947843162,19.521016617790814
53.8125,48,66,0,0.05625,0.0625,61.779316743260786,535.0478436604093,1.0,53.79282258064516,19.67741935483871
53.81683168316822,57,60,1,0.055693069306930694,0.0625,58.2016540041228,481.02632294343334,1.01,53.79621584739109,20.6158357771261
53.875,33,65,0,0.05625,0.0625,46.124238664300165,521.0559756135215,1.0,53.85516617790811,19.83382209188661
53.87871287128703,48,62,1,0.055693069306930694,0.0625,48.86411382033921,496.58461536723456,1.01,53.858409840983995,20.303030303030305
53.9375,50,61,0,0.05625,0.0625,62.85876855516462,491.72947136614187,1.0,53.91704056695992,20.459433040078203
53.94059405940584,60,68,1,0.055693069306930694,0.0625,61.16546045698669,545.8032896454952,1.01,53.9212294455251,19.364613880742915
54.0,40,62,0,0.05625,0.0625,53.69477826605504,498.3049208837922,1.0,53.97969696969697,20.303030303030305
54.00247524752465,57,60,1,0.055693069306930694,0.0625,57.7470762034956,480.6362461358788,1.01,53.98185941174752,20.6158357771261
54.0625,40,66,0,0.05625,0.0625,52.203220936207686,533.9717877355832,1.0,54.04282258064516,19.67741935483871
54.06435643564346,67,70,1,0.055693069306930694,0.0625,67.41315920840286,564.5169937340908,1.01,54.04530462723682,19.05180840664712
54.125,57,71,0,0.05625,0.0625,69.4593859298281,575.3853580565353,1.0,54.106104594330404,18.89540566959922
54.12623762376227,60,65,1,0.055693069306930694,0.0625,60.06971453753435,527.1920401142473,1.01,54.10640380167038,19.83382209188661
54.1875,43,63,0,0.05625,0.0625,55.56302292484219,511.04263849857983,1.0,54.167353372434015,20.146627565982406
54.18811881188108,48,67,1,0.055693069306930694,0.0625,59.541934917248504,540.2690569384837,1.01,54.168597795263295,19.521016617790814
54.25,50,60,0,0.05625,0.0625,63.84432922664049,486.57859362257284,1.0,54.22938416422287,20.6158357771261
54.24999999999989,60,63,1,0.055693069306930694,0.0625,61.98197780663694,510.3913086990452,1.01,54.22985337243391,20.146627565982406
54.3125,36,59,0,0.05625,0.0625,59.06547726853082,478.3671274167036,1.0,54.291727761485824,20.772238514174
54.311881188118704,48,66,1,0.055693069306930694,0.0625,59.00095320512068,534.7181370730063,1.01,54.29220376876386,19.67741935483871
54.373762376237515,64,67,1,0.055693069306930694,0.0625,64.80221731832606,538.7571263918911,1.01,54.35424135961973,19.521016617790814
54.375,55,68,0,0.05625,0.0625,67.9494157528448,550.8214910521207,1.0,54.35563538611926,19.364613880742915
54.435643564356326,50,71,1,0.055693069306930694,0.0625,51.511977549330915,569.8555104880257,1.01,54.41674815868673,18.89540566959922
54.4375,38,72,0,0.05625,0.0625,50.41750247620016,580.9346357155505,1.0,54.41876099706745,18.73900293255132
54.49752475247514,57,59,1,0.055693069306930694,0.0625,57.209309728051245,478.1647033763019,1.01,54.47675251396096,20.772238514174
54.5,48,68,0,0.05625,0.0625,60.34539420944559,547.3744871302838,1.0,54.48063538611926,19.364613880742915
54.55940594059395,62,68,1,0.055693069306930694,0.0625,62.493362492507295,551.3371129787588,1.01,54.54004132671321,19.364613880742915
54.5625,48,68,0,0.05625,0.0625,61.97003617723453,544.5742955744577,1.0,54.54313538611926,19.364613880742915
54.62128712871276,55,61,1,0.055693069306930694,0.0625,54.76439243324591,490.4100498698167,1.01,54.60082769567268,20.459433040078203
54.68316831683157,62,72,1,0.055693069306930694,0.0625,63.831578514722494,578.0674294616956,1.01,54.66442931389902,18.73900293255132
54.6875,55,68,0,0.05625,0.0625,67.19394285089417,546.6109855735663,1.0,54.66813538611926,19.364613880742915
54.74504950495038,55,63,1,0.055693069306930694,0.0625,54.62918708116484,506.08705349729865,1.01,54.724902877384395,20.146627565982406
54.75,50,70,0,0.05625,0.0625,63.16521221377227,563.2517028505828,1.0,54.730948191593356,19.05180840664712
54.80693069306919,60,61,1,0.055693069306930694,0.0625,71.23063664504917,493.6789002939098,1.01,54.78647126002911,20.459433040078203
54.8125,43,64,0,0.05625,0.0625,56.33309707093427,512.2162929720107,1.0,54.79250977517106,19.990224828934508
54.868811881188,76,68,1,0.055693069306930694,0.0625,76.51369680739528,547.912485192145,1.01,54.84944726730726,19.364613880742915
54.875,52,62,0,0.05625,0.0625,65.78564244805465,497.32563108744205,1.0,54.85469696969697,20.303030303030305
54.93069306930681,62,64,1,0.055693069306930694,0.0625,63.953152430420474,517.0563212444655,1.01,54.910702844477875,19.990224828934508
54.9375,48,64,0,0.05625,0.0625,61.321038085174685,514.57809544755,1.0,54.91750977517106,19.990224828934508
54.99257425742562,67,67,1,0.055693069306930694,0.0625,68.7934306887665,541.6193052088387,1.01,54.973053240807836,19.521016617790814
55.0,45,64,0,0.05625,0.0625,58.39409336844495,516.3848373269157,1.0,54.98000977517106,19.990224828934508
55.054455445544434,64,64,1,0.055693069306930694,0.0625,65.70848476515303,517.8458648453473,1.01,55.0344652207155,19.990224828934508
55.0625,43,60,0,0.05625,0.0625,55.56238567584042,486.8525402906583,1.0,55.04188416422287,20.6158357771261
55.116336633663245,60,62,1,0.055693069306930694,0.0625,60.06694053804201,502.7373412419479,1.01,55.09603360336021,20.303030303030305
55.125,55,65,0,0.05625,0.0625,68.60981320093141,520.5054696256279,1.0,55.10516617790811,19.83382209188661
55.178217821782056,55,60,1,0.055693069306930694,0.0625,55.32762359715747,484.71715252401845,1.01,55.15760198600493,20.6158357771261
55.1875,50,65,0,0.05625,0.0625,62.453351460390586,525.5584795648493,1.0,55.16766617790811,19.83382209188661
55.24009900990087,60,62,1,0.055693069306930694,0.0625,61.792988457528566,500.90255433652317,1.01,55.21979597959783,20.303030303030305
55.25,45,68,0,0.05625,0.0625,57.69373298045354,550.0464445868641,1.0,55.23063538611926,19.364613880742915
55.30198019801968,64,66,1,0.055693069306930694,0.0625,65.48636874023977,528.4888929000715,1.01,55.282302778664835,19.67741935483871
55.3125,36,67,0,0.05625,0.0625,59.799136641505655,541.6977174120296,1.0,55.29297898338221,19.521016617790814
55.36386138613849,52,58,1,0.055693069306930694,0.0625,53.51205554398549,468.6485193876266,1.01,55.342932744887264,20.928641251221897
55.375,48,66,0,0.05625,0.0625,61.35781158216015,535.1386026118167,1.0,55.35532258064516,19.67741935483871
55.4257425742573,36,71,1,0.055693069306930694,0.0625,47.15348914088096,572.7119284618038,1.01,55.4068471685877,18.89540566959922
55.4375,45,65,0,0.05625,0.0625,58.860449544812965,527.3697006721866,1.0,55.41766617790811,19.83382209188661
55.48762376237611,50,59,1,0.055693069306930694,0.0625,51.281688766874865,474.73999423171574,1.01,55.46685152386193,20.772238514174
55.5,45,61,0,0.05625,0.0625,58.68613159716098,489.6899818077939,1.0,55.47954056695992,20.459433040078203
55.54950495049492,74,53,1,0.055693069306930694,0.0625,74.54425710403842,430.430087302509,1.01,55.52779429555846,21.71065493646139
55.5625,52,61,0,0.05625,0.0625,64.70495763335734,491.6177170885142,1.0,55.54204056695992,20.459433040078203
55.61138613861373,55,62,1,0.055693069306930694,0.0625,56.20190819242116,499.38688313795205,1.01,55.5910831083107,20.303030303030305
55.625,57,58,0,0.05625,0.0625,69.37526580235613,469.9336603847081,1.0,55.604071358748776,20.928641251221897
55.67326732673254,55,59,1,0.055693069306930694,0.0625,55.74063042660579,473.86919962477435,1.01,55.652495088218366,20.772238514174
55.6875,38,64,0,0.05625,0.0625,50.92462007784983,515.2895819490786,1.0,55.66750977517106,19.990224828934508
55.73514851485135,57,68,1,0.055693069306930694,0.0625,57.45320351429229,551.5630226432233,1.01,55.715783900970614,19.364613880742915
55.75,62,66,0,0.05625,0.0625,74.47240030036977,535.576470056083,1.0,55.73032258064516,19.67741935483871
55.797029702970164,67,66,1,0.055693069306930694,0.0625,67.36773260649616,535.7184040566375,1.01,55.77735228361532,19.67741935483871
55.8125,43,68,0,0.05625,0.0625,56.275280098581945,545.2876194033648,1.0,55.79313538611926,19.364613880742915
55.858910891088975,48,71,1,0.055693069306930694,0.0625,59.85200666490642,570.6129981080668,1.01,55.84001548541938,18.89540566959922
55.875,45,65,0,0.05625,0.0625,58.16807915520803,520.8396463072854,1.0,55.85516617790811,19.83382209188661
55.920792079207786,67,69,1,0.055693069306930694,0.0625,66.92893038529616,553.5333735616981,1.01,55.901583868064094,19.208211143695017
55.9375,50,61,0,0.05625,0.0625,62.71237557658609,488.78057761706236,1.0,55.91704056695992,20.459433040078203
55.9826732673266,48,63,1,0.055693069306930694,0.0625,49.6695876135363,508.4436236597568,1.01,55.96252663976061,20.146627565982406
56.0,43,65,0,0.05625,0.0625,56.5747816664753,524.9073226322668,1.0,55.98016617790811,19.83382209188661
56.04455445544541,64,65,1,0.055693069306930694,0.0625,64.12907483498408,522.4296049980203,1.01,56.02472063335352,19.83382209188661
56.0625,50,69,0,0.05625,0.0625,63.51982495831756,559.5184262732781,1.0,56.04329178885631,19.208211143695017
56.10643564356422,62,69,1,0.055693069306930694,0.0625,62.11785515095384,555.1653573154758,1.01,56.087227432420526,19.208211143695017
56.125,55,58,0,0.05625,0.0625,67.34919553674418,468.6869615219385,1.0,56.104071358748776,20.928641251221897
56.16831683168303,67,56,1,0.055693069306930694,0.0625,67.51075396682678,454.12365791175756,1.01,56.14707538495771,21.241446725317694
56.1875,36,68,0,0.05625,0.0625,59.36906897339896,550.4848575008115,1.0,56.16813538611926,19.364613880742915
56.23019801980184,64,56,1,0.055693069306930694,0.0625,64.869597158717,448.562806372609,1.01,56.20895657307652,21.241446725317694
56.25,45,61,0,0.05625,0.0625,58.54059292145571,494.94684693834887,1.0,56.22954056695992,20.459433040078203
56.29207920792065,52,62,1,0.055693069306930694,0.0625,52.82725481868967,501.77954392475124,1.01,56.27177617761762,20.303030303030305
56.3125,43,72,0,0.05625,0.0625,56.77387797765518,578.2359170749899,1.0,56.29376099706745,18.73900293255132
56.35396039603946,60,66,1,0.055693069306930694,0.0625,61.63651882847279,528.5712227031718,1.01,56.33428297668462,19.67741935483871
56.375,48,69,0,0.05625,0.0625,60.03360837838757,552.6360588452625,1.0,56.35579178885631,19.208211143695017
56.41584158415827,55,61,1,0.055693069306930694,0.0625,55.86009155196181,491.1576245754465,1.01,56.39538215111819,20.459433040078203
56.4375,52,61,0,0.05625,0.0625,64.08401217790032,493.4273980059368,1.0,56.41704056695992,20.459433040078203
56.47772277227708,48,68,1,0.055693069306930694,0.0625,59.2093459768763,548.0637824188897,1.01,56.458358158396344,19.364613880742915
56.5,52,61,0,0.05625,0.0625,65.86977195964535,492.64063997744904,1.0,56.47954056695992,20.459433040078203
56.539603960395894,64,60,1,0.055693069306930694,0.0625,64.45244895834668,483.5781344935721,1.01,56.518988124618765,20.6158357771261
56.5625,48,72,0,0.05625,0.0625,60.02065499329344,579.0228491619206,1.0,56.54376099706745,18.73900293255132
56.601485148514705,67,68,1,0.055693069306930694,0.0625,67.25195085193337,545.3138355392142,1.01,56.582120534633965,19.364613880742915
56.625,55,65,0,0.05625,0.0625,67.06026672953638,521.4832173337824,1.0,56.60516617790811,19.83382209188661
56.663366336633516,57,60,1,0.055693069306930694,0.0625,58.3987218612136,483.8590223097493,1.01,56.64275050085639,20.6158357771261
56.6875,48,68,0,0.05625,0.0625,61.29109197147528,551.3379021436511,1.0,56.66813538611926,19.364613880742915
56.72524752475233,60,65,1,0.055693069306930694,0.0625,60.54592462844512,521.4958865229023,1.01,56.70541370266044,19.83382209188661
56.75,48,70,0,0.05625,0.0625,60.30073797657609,560.8329945719015,1.0,56.730948191593356,19.05180840664712
56.78712871287114,55,62,1,0.055693069306930694,0.0625,55.98559188907238,500.62929614900395,1.01,56.766825682568104,20.303030303030305
56.8125,36,63,0,0.05625,0.0625,59.19813815327963,507.0627763149047,1.0,56.792353372434015,20.146627565982406
56.84900990098995,50,63,1,0.055693069306930694,0.0625,51.34659338978998,504.93200582714104,1.01,56.82886327342396,20.146627565982406
56.875,55,65,0,0.05625,0.0625,66.02111001049056,526.2394860271795,1.0,56.85516617790811,19.83382209188661
56.91089108910876,64,69,1,0.055693069306930694,0.0625,65.908366994761,556.2299769926422,1.01,56.89168287796507,19.208211143695017
56.9375,50,71,0,0.05625,0.0625,62.04066041842746,574.0094630221292,1.0,56.918604594330404,18.89540566959922
57.0,36,62,0,0.05625,0.0625,59.36921569345369,499.2265283740495,1.0,56.97969696969697,20.303030303030305
57.03465346534638,67,64,1,0.055693069306930694,0.0625,68.71206172053492,518.6104364098466,1.01,57.01466324051744,19.990224828934508
57.0625,55,70,0,0.05625,0.0625,68.75360543815985,560.7876414095964,1.0,57.043448191593356,19.05180840664712
57.09653465346519,67,62,1,0.055693069306930694,0.0625,66.52632460884283,500.81615246258923,1.01,57.07623162316216,20.303030303030305
57.125,40,67,0,0.05625,0.0625,53.98830446437478,537.6676428195909,1.0,57.10547898338221,19.521016617790814
57.158415841584,69,64,1,0.055693069306930694,0.0625,69.92653715717955,515.9789353292654,1.01,57.138425616755065,19.990224828934508
57.1875,48,64,0,0.05625,0.0625,60.76840899321676,519.018766057152,1.0,57.16750977517106,19.990224828934508
57.25,40,59,0,0.05625,0.0625,53.528517790017986,472.1713396675003,1.0,57.229227761485824,20.772238514174
57.282178217821624,48,69,1,0.055693069306930694,0.0625,48.51721580242809,556.2125928703459,1.01,57.26297000667793,19.208211143695017
57.3125,52,65,0,0.05625,0.0625,65.15002498195341,521.415224992538,1.0,57.29266617790811,19.83382209188661
57.344059405940435,60,66,1,0.055693069306930694,0.0625,61.10980560404977,530.2593011196503,1.01,57.32438198658559,19.67741935483871
57.405940594059246,57,72,1,0.055693069306930694,0.0625,57.60226702888887,576.9612059452029,1.01,57.3872015911267,18.73900293255132
57.4375,50,63,0,0.05625,0.0625,62.838182077340626,505.4920111374573,1.0,57.417353372434015,20.146627565982406
57.467821782178056,62,67,1,0.055693069306930694,0.0625,62.12757874947138,541.5318190088092,1.01,57.44830076556027,19.521016617790814
57.5,36,64,0,0.05625,0.0625,59.59804797915938,513.938742948506,1.0,57.48000977517106,19.990224828934508
57.52970297029687,69,63,1,0.055693069306930694,0.0625,70.13697953432731,511.2428046513452,1.01,57.50955634273088,20.146627565982406
57.5625,43,65,0,0.05625,0.0625,56.210543697250785,522.2406675400467,1.0,57.54266617790811,19.83382209188661
57.59158415841568,55,61,1,0.055693069306930694,0.0625,54.697573114167255,495.5107145839554,1.01,57.5711247253756,20.459433040078203
57.625,40,71,0,0.05625,0.0625,52.94496528915168,569.2690748497679,1.0,57.606104594330404,18.89540566959922
57.65346534653449,67,59,1,0.055693069306930694,0.0625,68.20669328475961,474.34524187059895,1.01,57.63269310802031,20.772238514174
57.6875,38,67,0,0.05625,0.0625,51.63476512070879,541.7656291598473,1.0,57.66797898338221,19.521016617790814
57.7153465346533,57,59,1,0.055693069306930694,0.0625,57.256509935212065,473.4937166769266,1.01,57.69457429613912,20.772238514174
57.75,50,59,0,0.05625,0.0625,63.98134739772199,477.28088920075834,1.0,57.729227761485824,20.772238514174
57.77722772277211,64,60,1,0.055693069306930694,0.0625,65.2917697262374,483.5938324975862,1.01,57.75661188699498,20.6158357771261
57.8125,48,63,0,0.05625,0.0625,60.27109936373047,504.9601286395273,1.0,57.792353372434015,20.146627565982406
57.83910891089092,50,64,1,0.055693069306930694,0.0625,51.984392957571984,517.1523079833813,1.01,57.819118686061984,19.990224828934508
57.875,38,70,0,0.05625,0.0625,51.609544129276195,564.3843530982049,1.0,57.855948191593356,19.05180840664712
57.90099009900973,60,66,1,0.055693069306930694,0.0625,60.27985676654512,533.3169849642788,1.01,57.88131267965489,19.67741935483871
57.9375,38,61,0,0.05625,0.0625,50.96490965303946,494.03068855505904,1.0,57.91704056695992,20.459433040078203
57.96287128712854,62,67,1,0.055693069306930694,0.0625,63.404531001428296,540.5305896880466,1.01,57.943350270510756,19.521016617790814
58.0,43,62,0,0.05625,0.0625,54.19065088862118,499.1195779289361,1.0,57.97969696969697,20.303030303030305
58.024752475247354,48,69,1,0.055693069306930694,0.0625,48.76604354512428,557.1092263559394,1.01,58.00554426410366,19.208211143695017
58.086633663366165,50,67,1,0.055693069306930694,0.0625,51.499011285776206,539.868725669202,1.01,58.06711264674838,19.521016617790814
58.125,52,63,0,0.05625,0.0625,64.66354391028294,508.8182577165358,1.0,58.104853372434015,20.146627565982406
58.148514851484975,72,60,1,0.055693069306930694,0.0625,72.12784428351196,480.5255672511838,1.01,58.12789901570785,20.6158357771261
58.1875,50,64,0,0.05625,0.0625,63.21921130886047,515.2953043132225,1.0,58.16750977517106,19.990224828934508
58.210396039603786,69,62,1,0.055693069306930694,0.0625,69.3125048034151,497.60565434752675,1.01,58.19009300930075,20.303030303030305
58.25,38,65,0,0.05625,0.0625,51.059984078735866,525.3342231974653,1.0,58.23016617790811,19.83382209188661
58.2722772277226,64,70,1,0.055693069306930694,0.0625,65.44664929875454,562.4705779388839,1.01,58.25322541931595,19.05180840664712
58.3125,48,69,0,0.05625,0.0625,61.288832396538325,553.9572269515793,1.0,58.29329178885631,19.208211143695017
58.33415841584141,55,64,1,0.055693069306930694,0.0625,54.053788234124255,519.1730742964843,1.01,58.31416819101247,19.990224828934508
58.375,36,61,0,0.05625,0.0625,59.23700907482063,494.4897113610853,1.0,58.35454056695992,20.459433040078203
58.39603960396022,60,59,1,0.055693069306930694,0.0625,60.29924330593972,476.43138543305275,1.01,58.37526736544604,20.772238514174
58.4375,43,69,0,0.05625,0.0625,55.42421150179893,559.9145960582285,1.0,58.41829178885631,19.208211143695017
58.45792079207903,69,64,1,0.055693069306930694,0.0625,70.08315022637223,514.0786858153267,1.01,58.43793056725009,19.990224828934508
58.5,55,66,0,0.05625,0.0625,67.79790283588736,532.0703702370864,1.0,58.48032258064516,19.67741935483871
58.51980198019784,57,63,1,0.055693069306930694,0.0625,58.592632465105126,507.5126872397855,1.01,58.499655352631855,20.146627565982406
58.5625,36,59,0,0.05625,0.0625,59.8690763283861,476.8790164214666,1.0,58.541727761485824,20.772238514174
58.58168316831665,55,69,1,0.055693069306930694,0.0625,54.744527669036344,555.7102701039479,1.01,58.56247495717296,19.208211143695017
58.625,45,58,0,0.05625,0.0625,57.545457931565046,464.58945238119,1.0,58.604071358748776,20.928641251221897
58.64356435643546,72,65,1,0.055693069306930694,0.0625,73.53613155348982,524.4628480022844,1.01,58.62373053434357,19.83382209188661
58.6875,43,64,0,0.05625,0.0625,56.240342490893866,518.7058543520506,1.0,58.66750977517106,19.990224828934508
58.70544554455427,67,67,1,0.055693069306930694,0.0625,66.8731611374544,539.9526860040626,1.01,58.685924527936486,19.521016617790814
58.75,45,69,0,0.05625,0.0625,58.33560490687589,552.1446524929368,1.0,58.73079178885631,19.208211143695017
58.767326732673084,67,62,1,0.055693069306930694,0.0625,66.939802772996,498.7030880186445,1.01,58.74702370237005,20.303030303030305
58.8125,36,65,0,0.05625,0.0625,59.47401838134526,524.1647686390847,1.0,58.79266617790811,19.83382209188661
58.875,48,70,0,0.05625,0.0625,61.88739512815156,562.0807797655447,1.0,58.855948191593356,19.05180840664712
58.891089108910705,62,67,1,0.055693069306930694,0.0625,62.03657514705848,538.2237976983126,1.01,58.87156809229292,19.521016617790814
58.9375,43,63,0,0.05625,0.0625,56.01781508484178,504.325391041136,1.0,58.917353372434015,20.146627565982406
58.952970297029516,64,68,1,0.055693069306930694,0.0625,65.06180785152107,545.5667406573685,1.01,58.93360568314878,19.364613880742915
59.0,48,60,0,0.05625,0.0625,61.13901508610373,484.43532064278025,1.0,58.97938416422287,20.6158357771261
59.01485148514833,60,63,1,0.055693069306930694,0.0625,60.618853950251875,508.6029219315338,1.01,58.99470485758234,20.146627565982406
59.0625,45,65,0,0.05625,0.0625,57.409437103570326,527.1812783150267,1.0,59.04266617790811,19.83382209188661
59.07673267326714,64,68,1,0.055693069306930694,0.0625,65.94760283584463,544.3309279406906,1.01,59.0573680593864,19.364613880742915
59.125,45,65,0,0.05625,0.0625,58.5842787334913,523.9725899070881,1.0,59.10516617790811,19.83382209188661
59.13861386138595,57,68,1,0.055693069306930694,0.0625,57.71636808995632,551.4125575147441,1.01,59.11924924750521,19.364613880742915
59.1875,36,61,0,0.05625,0.0625,59.7310942244683,488.1618062725399,1.0,59.16704056695992,20.459433040078203
59.20049504950476,64,64,1,0.055693069306930694,0.0625,64.25411229828688,517.392426948176,1.01,59.18050482467582,19.990224828934508
59.25,48,70,0,0.05625,0.0625,60.48946689557068,567.9765241778063,1.0,59.230948191593356,19.05180840664712
59.26237623762357,62,62,1,0.055693069306930694,0.0625,62.668193994198646,497.068555952149,1.01,59.24207320732054,20.303030303030305
59.3125,43,59,0,0.05625,0.0625,56.68635354896188,477.9813252420576,1.0,59.291727761485824,20.772238514174
59.32425742574238,57,64,1,0.055693069306930694,0.0625,58.16173443810768,517.3194824664372,1.01,59.30426720091344,19.990224828934508
59.375,50,67,0,0.05625,0.0625,63.44696900810015,539.6884718366881,1.0,59.35547898338221,19.521016617790814
59.38613861386119,52,66,1,0.055693069306930694,0.0625,53.375267181334706,534.6739160891013,1.01,59.36646119450635,19.67741935483871
59.4375,45,61,0,0.05625,0.0625,57.3524430543929,490.9122537642003,1.0,59.41704056695992,20.459433040078203
59.44801980198,57,57,1,0.055693069306930694,0.0625,58.37862403674597,461.55699011532664,1.01,59.42693475799173,21.085043988269796
59.5,55,64,0,0.05625,0.0625,67.90128683936302,515.842307574079,1.0,59.48000977517106,19.990224828934508
59.509900990098814,48,68,1,0.055693069306930694,0.0625,59.25404460331291,544.0179086732035,1.01,59.490536376218074,19.364613880742915
59.5625,62,64,0,0.05625,0.0625,75.16996022179322,519.3323691497346,1.0,59.54250977517106,19.990224828934508
59.571782178217624,55,63,1,0.055693069306930694,0.0625,54.90461423497216,508.5114298916641,1.01,59.55163555065164,20.146627565982406
59.625,55,69,0,0.05625,0.0625,66.61249064275991,554.4288692611566,1.0,59.60579178885631,19.208211143695017
59.633663366336435,57,62,1,0.055693069306930694,0.0625,57.4568114496341,498.4711927672686,1.01,59.6133603360334,20.303030303030305
59.6875,36,64,0,0.05625,0.0625,59.50482739543015,513.5800340386354,1.0,59.66750977517106,19.990224828934508
59.695544554455246,60,63,1,0.055693069306930694,0.0625,61.00476808383897,509.65845436507664,1.01,59.67539792688926,20.146627565982406
59.75,48,66,0,0.05625,0.0625,61.24810944226033,533.7268755768748,1.0,59.73032258064516,19.67741935483871
59.75742574257406,57,67,1,0.055693069306930694,0.0625,58.90426875949056,536.1434848230466,1.01,59.73790472595627,19.521016617790814
59.8125,50,72,0,0.05625,0.0625,62.27075964800219,578.5362307111566,1.0,59.79376099706745,18.73900293255132
59.81930693069287,60,70,1,0.055693069306930694,0.0625,61.44888219650154,566.2518733802068,1.01,59.800255122286224,19.05180840664712
59.875,57,69,0,0.05625,0.0625,70.03525098087462,556.9769583519752,1.0,59.85579178885631,19.208211143695017
59.88118811881168,60,72,1,0.055693069306930694,0.0625,61.313637312976546,579.9419508718021,1.01,59.86244911587913,18.73900293255132
59.9375,48,68,0,0.05625,0.0625,61.11532382220622,551.468714533541,1.0,59.91813538611926,19.364613880742915
59.94306930693049,67,57,1,0.055693069306930694,0.0625,66.10298165509032,457.79562853593546,1.01,59.92198426294222,21.085043988269796
60.0,45,62,0,0.05625,0.0625,57.31185713474754,503.8336362032619,1.0,59.97969696969697,20.303030303030305
60.0049504950493,48,70,1,0.055693069306930694,0.0625,59.25807171722453,561.7320940137123,1.01,59.985898686642656,19.05180840664712
60.0625,43,64,0,0.05625,0.0625,54.3041400423581,516.04053844522,1.0,60.04250977517106,19.990224828934508
60.06683168316811,60,69,1,0.055693069306930694,0.0625,61.93928128284308,552.8004076680807,1.01,60.04762347202442,19.208211143695017
60.125,48,62,0,0.05625,0.0625,61.45280121014447,503.528439273823,1.0,60.10469696969697,20.303030303030305
60.1875,33,68,0,0.05625,0.0625,45.19787671060912,551.6625697482131,1.0,60.16813538611926,19.364613880742915
60.19059405940573,62,59,1,0.055693069306930694,0.0625,62.57595231042723,474.77082237890886,1.01,60.169821820891556,20.772238514174
60.25,62,64,0,0.05625,0.0625,74.00891434328356,514.6872228079972,1.0,60.23000977517106,19.990224828934508
60.25247524752454,60,67,1,0.055693069306930694,0.0625,60.5732805554573,539.7646736026728,1.01,60.232954230906756,19.521016617790814
60.3125,38,72,0,0.05625,0.0625,50.23454744816547,579.7575952365585,1.0,60.29376099706745,18.73900293255132
60.314356435643354,52,67,1,0.055693069306930694,0.0625,53.35918984302988,538.0981792858584,1.01,60.29483541902557,19.521016617790814
60.375,50,63,0,0.05625,0.0625,62.42506422420614,505.54922500767117,1.0,60.354853372434015,20.146627565982406
60.376237623762165,60,61,1,0.055693069306930694,0.0625,61.680347672751196,490.6124192354996,1.01,60.355778190722084,20.459433040078203
60.4375,55,66,0,0.05625,0.0625,67.00205937965656,533.6263476025186,1.0,60.41782258064516,19.67741935483871
60.438118811880976,72,68,1,0.055693069306930694,0.0625,73.6472786112943,546.7745530519281,1.01,60.41875419800024,19.364613880742915
60.49999999999979,72,65,1,0.055693069306930694,0.0625,72.77743052443368,526.9427599134274,1.01,60.4801661779079,19.83382209188661
60.5,48,65,0,0.05625,0.0625,61.87726173313725,527.1660120369662,1.0,60.48016617790811,19.83382209188661
60.5618811881186,67,64,1,0.055693069306930694,0.0625,66.2724477034207,514.4564924382197,1.01,60.54189096328966,19.990224828934508
60.5625,40,63,0,0.05625,0.0625,52.61242934658318,511.7983870377523,1.0,60.542353372434015,20.146627565982406
60.62376237623741,62,65,1,0.055693069306930694,0.0625,62.75676165408018,522.290719316172,1.01,60.60392855414552,19.83382209188661
60.625,57,66,0,0.05625,0.0625,70.39573571994896,532.3957652088704,1.0,60.60532258064516,19.67741935483871
60.68564356435622,55,69,1,0.055693069306930694,0.0625,56.119082440999875,555.0372480931566,1.01,60.66643535321253,19.208211143695017
60.6875,40,67,0,0.05625,0.0625,53.505902761648365,542.5776463026538,1.0,60.66797898338221,19.521016617790814
60.74752475247503,55,64,1,0.055693069306930694,0.0625,54.17662834632524,515.5062402478039,1.01,60.72753452764609,19.990224828934508
60.75,45,63,0,0.05625,0.0625,57.326615634883176,511.68400909324095,1.0,60.729853372434015,20.146627565982406
60.80940594059384,60,63,1,0.055693069306930694,0.0625,61.58744256246515,510.03265918276264,1.01,60.789259313027856,20.146627565982406
60.8125,48,69,0,0.05625,0.0625,60.700750706696915,556.4443063537042,1.0,60.79329178885631,19.208211143695017
60.87128712871265,67,63,1,0.055693069306930694,0.0625,67.74206262811606,511.2255233499755,1.01,60.851140501146666,20.146627565982406
60.875,57,60,0,0.05625,0.0625,69.51667421730356,482.75991127370867,1.0,60.85438416422287,20.6158357771261
60.93316831683146,55,69,1,0.055693069306930694,0.0625,55.31778383279332,552.3235226092788,1.01,60.91396010568777,19.208211143695017
60.99504950495027,72,61,1,0.055693069306930694,0.0625,72.10999022016036,490.5334268233635,1.01,60.97459007191019,20.459433040078203
61.0,43,62,0,0.05625,0.0625,55.77721655219382,499.64367535346923,1.0,60.97969696969697,20.303030303030305
61.056930693069084,55,63,1,0.055693069306930694,0.0625,56.14050418978209,504.9618926918244,1.01,61.0367840655031,20.146627565982406
61.0625,52,65,0,0.05625,0.0625,64.19924932123683,524.2188818897698,1.0,61.04266617790811,19.83382209188661
61.118811881187895,67,63,1,0.055693069306930694,0.0625,67.51786110116093,505.78536725010355,1.01,61.09866525362191,20.146627565982406
61.125,52,63,0,0.05625,0.0625,65.29170952503405,511.46037189098695,1.0,61.104853372434015,20.146627565982406
61.180693069306706,62,63,1,0.055693069306930694,0.0625,62.28594023107794,510.2071949518928,1.01,61.16054644174072,20.146627565982406
61.1875,48,64,0,0.05625,0.0625,60.95124158687914,517.6025004945707,1.0,61.16750977517106,19.990224828934508
61.24257425742552,72,67,1,0.055693069306930694,0.0625,72.12109752968794,536.9475560375218,1.01,61.22305324080773,19.521016617790814
61.25,43,63,0,0.05625,0.0625,54.78739394910634,504.9061386509722,1.0,61.229853372434015,20.146627565982406
61.30445544554433,57,63,1,0.055693069306930694,0.0625,58.26735684536858,505.65406255906396,1.01,61.28430881797834,20.146627565982406
61.3125,45,66,0,0.05625,0.0625,58.853409024773356,534.4238867154509,1.0,61.29282258064516,19.67741935483871
61.36633663366314,72,62,1,0.055693069306930694,0.0625,73.3863476290296,497.8224371891448,1.01,61.346033603360105,20.303030303030305
61.375,48,63,0,0.05625,0.0625,61.80843045411076,506.2320643107183,1.0,61.354853372434015,20.146627565982406
61.42821782178195,57,60,1,0.055693069306930694,0.0625,58.88379926551003,483.6698686311355,1.01,61.40760198600482,20.6158357771261
61.4375,48,65,0,0.05625,0.0625,60.46348635210213,520.4446453932479,1.0,61.41766617790811,19.83382209188661
61.49009900990076,67,70,1,0.055693069306930694,0.0625,68.24878141886455,561.1370558875103,1.01,61.471047201494116,19.05180840664712
61.5,36,64,0,0.05625,0.0625,59.955701371371966,517.7877291462045,1.0,61.48000977517106,19.990224828934508
61.55198019801957,69,64,1,0.055693069306930694,0.0625,70.12745387350284,516.6448910569952,1.01,61.53198997319063,19.990224828934508
61.5625,52,62,0,0.05625,0.0625,65.33621699085174,497.783901104768,1.0,61.54219696969697,20.303030303030305
61.61386138613838,55,67,1,0.055693069306930694,0.0625,56.755665489029994,540.5830601308064,1.01,61.594340369520594,19.521016617790814
61.625,50,63,0,0.05625,0.0625,62.64884403428851,506.56296610559355,1.0,61.604853372434015,20.146627565982406
61.67574257425719,62,67,1,0.055693069306930694,0.0625,63.68847497958788,539.0052273557471,1.01,61.656221557639405,19.521016617790814
61.6875,50,63,0,0.05625,0.0625,62.323282078843,508.5876757264135,1.0,61.667353372434015,20.146627565982406
61.737623762376,60,71,1,0.055693069306930694,0.0625,61.475713718007704,573.0678641804018,1.01,61.71872835670641,18.89540566959922
61.75,28,61,0,0.05625,0.0625,41.15717251158014,494.62701457900937,1.0,61.72954056695992,20.459433040078203
61.799504950494814,48,68,1,0.055693069306930694,0.0625,59.79400382933165,548.6632865049804,1.01,61.780140336614075,19.364613880742915
61.8125,57,70,0,0.05625,0.0625,69.74124410915658,564.773451462111,1.0,61.793448191593356,19.05180840664712
61.861386138613625,55,67,1,0.055693069306930694,0.0625,54.424068382782416,538.4983181013204,1.01,61.84186512199584,19.521016617790814
61.875,50,59,0,0.05625,0.0625,62.8655901021631,473.81408163012856,1.0,61.854227761485824,20.772238514174
61.923267326732436,69,64,1,0.055693069306930694,0.0625,69.252977370694,515.2543884438207,1.01,61.9032771019035,19.990224828934508
61.9375,45,59,0,0.05625,0.0625,58.654018710629856,478.8429927693177,1.0,61.916727761485824,20.772238514174
61.98514851485125,62,63,1,0.055693069306930694,0.0625,63.24459982287331,506.1667258509983,1.01,61.96500188728526,20.146627565982406
62.0,45,66,0,0.05625,0.0625,57.74862695154795,533.7829989452766,1.0,61.98032258064516,19.67741935483871
62.04702970297006,55,67,1,0.055693069306930694,0.0625,54.10736155621554,538.8080103569973,1.01,62.02750868635227,19.521016617790814
62.0625,43,67,0,0.05625,0.0625,56.75933539817053,539.2208333705936,1.0,62.04297898338221,19.521016617790814
62.10891089108887,57,69,1,0.055693069306930694,0.0625,57.618622115436715,557.5563685642192,1.01,62.08970267994518,19.208211143695017
62.125,45,69,0,0.05625,0.0625,58.29252985547663,555.4719026930867,1.0,62.10579178885631,19.208211143695017
62.17079207920768,57,60,1,0.055693069306930694,0.0625,58.50172603598681,485.26933845091975,1.01,62.15017624343055,20.6158357771261
62.1875,36,61,0,0.05625,0.0625,59.469082840406806,488.9998099292367,1.0,62.16704056695992,20.459433040078203
62.23267326732649,64,69,1,0.055693069306930694,0.0625,65.89045236531246,554.2499194180684,1.01,62.2134650561828,19.208211143695017
62.25,40,63,0,0.05625,0.0625,53.41404951469742,504.91660512041017,1.0,62.229853372434015,20.146627565982406
62.2945544554453,55,66,1,0.055693069306930694,0.0625,54.445891999554945,530.810434354545,1.01,62.27487703609046,19.67741935483871
62.3125,36,60,0,0.05625,0.0625,59.46599781966546,484.4724087305903,1.0,62.29188416422287,20.6158357771261
62.35643564356411,55,65,1,0.055693069306930694,0.0625,54.01493175501154,524.8296632797981,1.01,62.33660182147222,19.83382209188661
62.375,52,57,0,0.05625,0.0625,65.93019352930224,461.2965293747025,1.0,62.35391495601173,21.085043988269796
62.41831683168292,57,67,1,0.055693069306930694,0.0625,58.484085510614925,541.6228294876375,1.01,62.398795815065135,19.521016617790814
62.4375,45,60,0,0.05625,0.0625,58.25134482788222,487.92260482805574,1.0,62.41688416422287,20.6158357771261
62.48019801980173,62,58,1,0.055693069306930694,0.0625,62.86965124720839,468.2936725364365,1.01,62.45926937855051,20.928641251221897
62.5,38,66,0,0.05625,0.0625,50.45920222820818,532.0074827971661,1.0,62.48032258064516,19.67741935483871
62.542079207920544,55,64,1,0.055693069306930694,0.0625,55.176037144916634,515.8645786806572,1.01,62.52208898309161,19.990224828934508
62.5625,60,63,0,0.05625,0.0625,72.68471468443731,510.1468448699486,1.0,62.542353372434015,20.146627565982406
62.603960396039355,43,58,1,0.055693069306930694,0.0625,44.63009088035574,465.3972076071523,1.01,62.58303175478813,20.928641251221897
62.625,40,66,0,0.05625,0.0625,52.767577748642125,534.2905791275787,1.0,62.60532258064516,19.67741935483871
62.665841584158166,64,64,1,0.055693069306930694,0.0625,65.14543819589846,513.6916916869188,1.01,62.64585135932923,19.990224828934508
62.6875,38,65,0,0.05625,0.0625,51.40972509232401,527.8218614199866,1.0,62.66766617790811,19.83382209188661
62.72772277227698,48,61,1,0.055693069306930694,0.0625,59.00379475527639,492.16322024988426,1.01,62.707263339236896,20.459433040078203
62.75,50,71,0,0.05625,0.0625,62.08295981058678,571.8163362759025,1.0,62.731104594330404,18.89540566959922
62.78960396039579,57,61,1,0.055693069306930694,0.0625,58.31437899899117,488.2557028222741,1.01,62.76914452735571,20.459433040078203
62.8125,48,58,0,0.05625,0.0625,60.156089673950525,470.408458265823,1.0,62.791571358748776,20.928641251221897
62.8514851485146,60,68,1,0.055693069306930694,0.0625,61.715125303622145,544.3979070491933,1.01,62.83212053463386,19.364613880742915
62.91336633663341,62,70,1,0.055693069306930694,0.0625,62.04437401306358,562.8054951066748,1.01,62.894314528226765,19.05180840664712
62.9375,50,67,0,0.05625,0.0625,63.0262375176262,539.044121057596,1.0,62.91797898338221,19.521016617790814
62.97524752475222,62,67,1,0.055693069306930694,0.0625,62.75736697852326,542.7414182083144,1.01,62.95572650813443,19.521016617790814
63.0,43,62,0,0.05625,0.0625,55.7461502555924,498.1677108194068,1.0,62.97969696969697,20.303030303030305
63.03712871287103,62,57,1,0.055693069306930694,0.0625,62.97283313417213,456.34188623183104,1.01,63.01604366888276,21.085043988269796
63.0625,38,67,0,0.05625,0.0625,51.21921402129377,543.6951762847634,1.0,63.04297898338221,19.521016617790814
63.09900990098984,62,63,1,0.055693069306930694,0.0625,63.79516687709633,506.51133467945243,1.01,63.078863273423856,20.146627565982406
63.125,36,60,0,0.05625,0.0625,59.47313002955085,481.41834221089346,1.0,63.10438416422287,20.6158357771261
63.16089108910865,57,65,1,0.055693069306930694,0.0625,57.632956251360085,520.4840861471797,1.01,63.14105726701676,19.83382209188661
63.1875,36,65,0,0.05625,0.0625,49.195159291516795,525.5002898961419,1.0,63.16766617790811,19.83382209188661
63.22277227722746,64,70,1,0.055693069306930694,0.0625,65.63684500546857,565.6077530116966,1.01,63.20372046882082,19.05180840664712
63.25,36,66,0,0.05625,0.0625,48.000839470852256,534.8573692162586,1.0,63.23032258064516,19.67741935483871
63.284653465346274,64,67,1,0.055693069306930694,0.0625,64.43716478392977,538.2941443384383,1.01,63.26513244872849,19.521016617790814
63.3125,36,61,0,0.05625,0.0625,59.02112343092129,492.8375024435834,1.0,63.29204056695992,20.459433040078203
63.346534653465085,55,65,1,0.055693069306930694,0.0625,54.938253326329686,522.562009509062,1.01,63.326700831373195,19.83382209188661
63.375,36,71,0,0.05625,0.0625,49.43674730800839,571.7415569246115,1.0,63.356104594330404,18.89540566959922
63.408415841583896,64,67,1,0.055693069306930694,0.0625,65.05106250154417,537.8182116218062,1.01,63.38889482496611,19.521016617790814
63.4375,50,68,0,0.05625,0.0625,62.00256282656215,546.2507074952895,1.0,63.41813538611926,19.364613880742915
63.47029702970271,55,61,1,0.055693069306930694,0.0625,56.72371691327628,491.7841715650784,1.01,63.449837596662626,20.459433040078203
63.5,50,59,0,0.05625,0.0625,62.375025719347576,472.4065447021901,1.0,63.479227761485824,20.772238514174
63.53217821782152,62,70,1,0.055693069306930694,0.0625,63.62725516180811,567.3667138098747,1.01,63.51312640941487,19.05180840664712
63.5625,43,72,0,0.05625,0.0625,55.607367516977476,578.6033615852235,1.0,63.54376099706745,18.73900293255132
63.59405940594033,57,66,1,0.055693069306930694,0.0625,58.37284613751817,533.7165196332056,1.01,63.574381986585486,19.67741935483871
63.625,52,66,0,0.05625,0.0625,65.03828906052108,533.3984168104186,1.0,63.60532258064516,19.67741935483871
63.65594059405914,48,67,1,0.055693069306930694,0.0625,59.0173071542038,543.8822417631376,1.01,63.63641957744135,19.521016617790814
63.71782178217795,48,67,1,0.055693069306930694,0.0625,48.94286625235392,541.3999520706795,1.01,63.69830076556016,19.521016617790814
63.75,38,57,0,0.05625,0.0625,50.83178910837229,459.0745364646418,1.0,63.72891495601173,21.085043988269796
63.77970297029676,57,66,1,0.055693069306930694,0.0625,57.299659265660914,530.0337399524975,1.01,63.76002555094192,19.67741935483871
63.8125,45,71,0,0.05625,0.0625,58.961533756247,575.1154811153621,1.0,63.793604594330404,18.89540566959922
63.84158415841557,55,64,1,0.055693069306930694,0.0625,56.261065555864015,516.7487182788972,1.01,63.821593933586634,19.990224828934508
63.875,50,64,0,0.05625,0.0625,63.1447515000541,518.930380646462,1.0,63.85500977517106,19.990224828934508
63.9375,45,68,0,0.05625,0.0625,58.08271123787135,546.5079238746416,1.0,63.91813538611926,19.364613880742915
63.96534653465319,64,72,1,0.055693069306930694,0.0625,65.14268656276954,580.1452993447492,1.01,63.946607531720645,18.73900293255132
64.0,50,75,1,0.028125,0.03125,50.52622453794354,607.399087559444,1.0,63.981730205278595,18.269794721407624
64.0,24,80,0,0.028125,0.03125,37.417031351176874,646.7898630365775,1.0,63.982512218963834,17.487781036168133
64.03125,60,68,1,0.028125,0.03125,61.86688126877553,549.9601069225595,1.0,64.01188538611926,19.364613880742915
64.03125,57,69,0,0.028125,0.03125,70.29860941290143,556.6734942386369,1.0,64.01204178885631,19.208211143695017
64.0625,69,65,1,0.028125,0.03125,69.12491455049883,524.2024917069757,1.0,64.04266617790812,19.83382209188661
64.0625,31,79,0,0.028125,0.03125,44.66274604828184,637.4344637710014,1.0,64.04485581622679,17.64418377321603
64.09375,52,70,0,0.028125,0.03125,65.48524317687529,566.3836697048735,1.0,64.07469819159336,19.05180840664712
64.09375,45,75,1,0.028125,0.03125,45.267198000782656,605.8983159229834,1.0,64.0754802052786,18.269794721407624
64.125,64,65,1,0.028125,0.03125,64.60602372471232,522.3338497498999,1.0,64.10516617790812,19.83382209188661
64.125,40,72,0,0.028125,0.03125,53.643536765730865,582.3180573698019,1.0,64.10626099706745,18.73900293255132
64.15625,55,80,0,0.028125,0.03125,67.35645066471407,644.3094849074105,1.0,64.13876221896383,17.487781036168133
64.15625,76,93,1,0.028125,0.03125,77.04921252505908,745.2071317279851,1.0,64.14079545454545,15.454545454545453
64.1875,86,63,1,0.028125,0.03125,87.1162871811759,509.237644215206,1.0,64.16735337243402,20.146627565982406
64.21875,69,74,1,0.028125,0.03125,69.54564803885646,594.0714920375439,1.0,64.20032380254155,18.426197458455523
64.21875,48,79,0,0.028125,0.03125,60.934759660577576,635.2179776018588,1.0,64.20110581622679,17.64418377321603
64.25,43,69,0,0.028125,0.03125,54.22515734923842,552.4578278433952,1.0,64.23079178885631,19.208211143695017
64.28125,67,69,1,0.028125,0.03125,66.51433248097624,554.3716285208592,1.0,64.26204178885631,19.208211143695017
64.28125,55,79,0,0.028125,0.03125,66.8180227715788,636.381518067198,1.0,64.26360581622679,17.64418377321603
64.3125,48,69,0,0.028125,0.03125,60.99774531303033,557.2919428350139,1.0,64.29329178885631,19.208211143695017
64.34375,43,78,0,0.028125,0.03125,55.52616160717913,625.5572868761903,1.0,64.32594941348974,17.80058651026393
64.34375,62,78,1,0.028125,0.03125,63.44059498696889,625.8093505941747,1.0,64.32594941348974,17.80058651026393
64.375,33,79,1,0.028125,0.03125,34.25989438223092,632.9292052843887,1.0,64.35735581622679,17.64418377321603
64.375,52,88,0,0.028125,0.03125,65.9407722101335,706.6773103790305,1.0,64.35876344086022,16.236559139784944
64.40625,55,73,1,0.028125,0.03125,55.25819083739232,586.1683320341862,1.0,64.3876673998045,18.58260019550342
64.40625,38,78,0,0.028125,0.03125,50.993186115360224,631.4686442670683,1.0,64.38844941348974,17.80058651026393
64.4375,33,76,0,0.028125,0.03125,45.92614260726767,609.4068995172664,1.0,64.41938660801564,18.113391984359726
64.46875,55,67,1,0.028125,0.03125,55.1183351285259,536.8713877820734,1.0,64.44922898338221,19.521016617790814
64.46875,40,71,0,0.028125,0.03125,52.54006387167707,573.5407660112621,1.0,64.4498545943304,18.89540566959922
64.5,57,65,1,0.028125,0.03125,58.00294412061101,525.7741908044043,1.0,64.48016617790812,19.83382209188661
64.5,43,74,0,0.028125,0.03125,55.40694942005283,594.440062235476,1.0,64.48157380254155,18.426197458455523
64.53125,74,64,1,0.028125,0.03125,74.17004334855399,515.9065641419345,1.0,64.51125977517107,19.990224828934508
64.53125,40,74,0,0.028125,0.03125,52.56025357107193,599.1343867081376,1.0,64.51282380254155,18.426197458455523
64.5625,45,65,0,0.028125,0.03125,57.75297035138791,522.017995091548,1.0,64.54266617790812,19.83382209188661
64.5625,67,76,1,0.028125,0.03125,68.10289890216212,608.2418093075571,1.0,64.54438660801564,18.113391984359726
64.59375,62,79,0,0.028125,0.03125,74.02551597923409,636.6903810874397,1.0,64.57610581622679,17.64418377321603
64.625,45,66,0,0.028125,0.03125,58.29783371031681,530.1701289826879,1.0,64.60532258064516,19.67741935483871
64.625,55,73,1,0.028125,0.03125,56.70722147407978,589.8106814888612,1.0,64.6064173998045,18.58260019550342
64.65625,33,68,0,0.028125,0.03125,45.80926137832334,547.7653783121149,1.0,64.63688538611926,19.364613880742915
64.65625,52,72,1,0.028125,0.03125,52.524981579933794,578.5572445674793,1.0,64.63751099706745,18.73900293255132
64.6875,38,88,1,0.028125,0.03125,38.99762601193302,705.6854561765965,1.0,64.67126344086022,16.236559139784944
64.71875,55,82,1,0.028125,0.03125,56.782660063983776,662.979448521015,1.0,64.70157502443793,17.174975562072337
64.78125,55,78,0,0.028125,0.03125,68.94028534052639,628.8178661046211,1.0,64.76344941348974,17.80058651026393
64.8125,48,77,1,0.028125,0.03125,59.79486965337618,619.9753896057614,1.0,64.79454301075269,17.956989247311828
64.8125,74,81,0,0.028125,0.03125,87.3758487486974,650.3405561076206,1.0,64.79516862170088,17.331378299120235
64.84375,69,77,1,0.028125,0.03125,69.79510754587359,622.2821337786277,1.0,64.82579301075269,17.956989247311828
64.84375,43,85,0,0.028125,0.03125,56.90783362305458,684.4755233692379,1.0,64.82704423264907,16.705767350928642
64.875,50,81,0,0.028125,0.03125,63.45954998040804,651.299875147926,1.0,64.85766862170088,17.331378299120235
64.90625,40,76,0,0.028125,0.03125,53.34967944268122,608.0462673075451,1.0,64.88813660801564,18.113391984359726
64.90625,69,78,1,0.028125,0.03125,69.06578786153003,628.579520092961,1.0,64.88844941348974,17.80058651026393
64.9375,79,77,1,0.028125,0.03125,79.16680125428338,617.6379328345997,1.0,64.91954301075269,17.956989247311828
64.9375,43,78,0,0.028125,0.03125,56.70588188901317,629.8023771236408,1.0,64.91969941348974,17.80058651026393
64.96875,57,67,0,0.028125,0.03125,70.14985290181886,537.1694476739328,1.0,64.94922898338221,19.521016617790814
64.96875,55,82,1,0.028125,0.03125,54.55010815369154,659.2600980098852,1.0,64.95157502443793,17.174975562072337
65.0,45,75,0,0.028125,0.03125,57.05748098474769,604.5800335454866,1.0,64.9817302052786,18.269794721407624
65.0,79,76,1,0.028125,0.03125,78.85831558075341,608.5585815258942,1.0,64.98188660801564,18.113391984359726
65.03125,50,71,0,0.028125,0.03125,62.19723674844341,573.0702887951983,1.0,65.0123545943304,18.89540566959922
65.03125,69,82,1,0.028125,0.03125,70.58506502215303,657.8107469076315,1.0,65.01407502443793,17.174975562072337
65.0625,57,74,1,0.028125,0.03125,58.481764060894434,594.3013209632863,1.0,65.04407380254155,18.426197458455523
65.0625,24,90,0,0.028125,0.03125,47.667659214854744,722.6433320910435,1.0,65.04657624633431,15.923753665689148
65.09375,36,79,0,0.028125,0.03125,59.46143051987332,639.7265403902207,1.0,65.07610581622679,17.64418377321603
65.125,52,87,0,0.028125,0.03125,64.42434808032228,696.8892147181208,1.0,65.10860703812317,16.392961876832846
65.15625,48,66,0,0.028125,0.03125,60.27347637056956,528.0686611061948,1.0,65.13657258064516,19.67741935483871
65.15625,62,83,1,0.028125,0.03125,62.82881417957856,665.3148515435439,1.0,65.13923142717498,17.01857282502444
65.1875,72,69,1,0.028125,0.03125,72.13897000102924,557.662252108719,1.0,65.16829178885631,19.208211143695017
65.1875,40,77,0,0.028125,0.03125,52.363191030197534,616.6252948284649,1.0,65.16954301075269,17.956989247311828
65.21875,74,62,1,0.028125,0.03125,74.6766519372662,496.96288207295635,1.0,65.19844696969697,20.303030303030305
65.21875,55,71,0,0.028125,0.03125,68.02817084271044,574.8969499567704,1.0,65.1998545943304,18.89540566959922
65.25,45,75,0,0.028125,0.03125,57.94844953634624,601.7223161444688,1.0,65.2317302052786,18.269794721407624
65.25,52,76,1,0.028125,0.03125,52.10204213031287,613.6399519859295,1.0,65.23188660801564,18.113391984359726
65.28125,64,67,1,0.028125,0.03125,65.47747461079057,543.0648262867159,1.0,65.26172898338221,19.521016617790814
65.28125,55,82,0,0.028125,0.03125,67.73786331129286,659.3611360911661,1.0,65.26407502443793,17.174975562072337
65.3125,48,69,1,0.028125,0.03125,49.85446542820543,557.9582946977615,1.0,65.29329178885631,19.208211143695017
65.34375,43,85,1,0.028125,0.03125,42.55604506413813,685.8236630875952,1.0,65.32704423264907,16.705767350928642
65.375,60,62,1,0.028125,0.03125,61.139318281130315,499.6087049450623,1.0,65.35469696969697,20.303030303030305
65.375,36,78,0,0.028125,0.03125,59.478837497470096,625.8590833078154,1.0,65.35719941348974,17.80058651026393
65.40625,55,76,1,0.028125,0.03125,56.61607859298733,610.941178866401,1.0,65.38813660801564,18.113391984359726
65.4375,43,78,0,0.028125,0.03125,55.145891563194056,631.1279368289734,1.0,65.41969941348974,17.80058651026393
65.4375,60,79,1,0.028125,0.03125,61.087399818929796,635.5526979000351,1.0,65.41985581622679,17.64418377321603
65.46875,52,72,0,0.028125,0.03125,65.80390583249175,579.9752129664338,1.0,65.45001099706745,18.73900293255132
65.5,55,72,0,0.028125,0.03125,66.80516853256107,579.8451270943905,1.0,65.48126099706745,18.73900293255132
65.5,57,78,1,0.028125,0.03125,57.57442159000036,626.8616910357295,1.0,65.48219941348974,17.80058651026393
65.53125,40,63,0,0.028125,0.03125,52.404048937963225,511.7517778715879,1.0,65.51110337243402,20.146627565982406
65.53125,48,70,1,0.028125,0.03125,49.40146541470533,564.9740148169993,1.0,65.51219819159336,19.05180840664712
65.5625,67,70,1,0.028125,0.03125,68.46743190265965,563.6592380313646,1.0,65.54344819159336,19.05180840664712
65.5625,50,80,0,0.028125,0.03125,63.00921511356236,643.2741047882367,1.0,65.54501221896383,17.487781036168133
65.59375,43,76,1,0.028125,0.03125,44.24159949651905,613.7579565480561,1.0,65.57563660801564,18.113391984359726
65.59375,57,82,0,0.028125,0.03125,69.03249367513746,657.7902223218535,1.0,65.57657502443793,17.174975562072337
65.625,45,79,0,0.028125,0.03125,58.734603620971406,636.6942429989284,1.0,65.60735581622679,17.64418377321603
65.625,60,83,1,0.028125,0.03125,60.72074818403511,668.0810678773826,1.0,65.60798142717498,17.01857282502444
65.65625,62,56,0,0.028125,0.03125,74.9642065016621,449.18065949395327,1.0,65.63500855327469,21.241446725317694
65.65625,48,68,1,0.028125,0.03125,49.47589680720836,544.9175601331315,1.0,65.63688538611926,19.364613880742915
65.6875,55,66,1,0.028125,0.03125,55.754762775825334,532.4768719087855,1.0,65.66782258064516,19.67741935483871
65.6875,50,72,0,0.028125,0.03125,62.389853357529375,578.72091291537,1.0,65.66876099706745,18.73900293255132
65.71875,33,77,0,0.028125,0.03125,46.89039332531981,621.3672995121432,1.0,65.70079301075269,17.956989247311828
65.71875,60,80,1,0.028125,0.03125,61.774963724057066,642.1419981571252,1.0,65.70126221896383,17.487781036168133
65.75,50,71,1,0.028125,0.03125,50.519060426554454,570.3561391415782,1.0,65.7311045943304,18.89540566959922
65.75,28,72,0,0.028125,0.03125,41.00249865933973,577.7344792027383,1.0,65.73126099706745,18.73900293255132
65.78125,60,71,0,0.028125,0.03125,72.44099486473569,573.6417423184456,1.0,65.7623545943304,18.89540566959922
65.78125,67,85,1,0.028125,0.03125,66.80576335626031,680.4411917683623,1.0,65.76454423264907,16.705767350928642
65.8125,36,72,0,0.028125,0.03125,59.9255349983573,583.7668446776297,1.0,65.79376099706745,18.73900293255132
65.8125,79,75,1,0.028125,0.03125,79.15470648462147,601.6634627489897,1.0,65.7942302052786,18.269794721407624
65.84375,72,75,1,0.028125,0.03125,73.22603000091392,600.9417113446734,1.0,65.8254802052786,18.269794721407624
65.84375,43,76,0,0.028125,0.03125,55.39183098470903,610.9418206143152,1.0,65.82563660801564,18.113391984359726
65.875,36,71,0,0.028125,0.03125,48.715211773024535,573.0169768629427,1.0,65.8561045943304,18.89540566959922
65.875,52,83,1,0.028125,0.03125,52.31220206874668,665.799999314039,1.0,65.85798142717498,17.01857282502444
65.90625,72,75,1,0.028125,0.03125,73.23666083717687,605.9278294076087,1.0,65.8879802052786,18.269794721407624
65.90625,55,78,0,0.028125,0.03125,67.50776583010405,625.276889374293,1.0,65.88844941348974,17.80058651026393
65.9375,67,73,1,0.028125,0.03125,66.46997210395746,591.8619073776757,1.0,65.9189173998045,18.58260019550342
65.9375,45,77,0,0.028125,0.03125,58.61040814680395,617.668377538658,1.0,65.91954301075269,17.956989247311828
65.96875,24,78,0,0.028125,0.03125,47.072772636203844,628.8066213936396,1.0,65.95094941348974,17.80058651026393
66.0,62,77,0,0.028125,0.03125,74.26436580178724,623.3585897737685,1.0,65.98204301075269,17.956989247311828
66.03125,31,61,0,0.028125,0.03125,43.658235311343745,495.9540220429647,1.0,66.01079056695993,20.459433040078203
66.03125,72,75,1,0.028125,0.03125,73.12948845209671,602.3824306757917,1.0,66.0129802052786,18.269794721407624
66.0625,57,72,0,0.028125,0.03125,70.72265208600322,582.2591124611802,1.0,66.04376099706745,18.73900293255132
66.0625,52,77,1,0.028125,0.03125,53.073945562027035,622.9263095230351,1.0,66.04454301075269,17.956989247311828
66.09375,67,71,1,0.028125,0.03125,66.62447549608127,569.1945175960916,1.0,66.0748545943304,18.89540566959922
66.09375,55,89,0,0.028125,0.03125,68.6993395903601,712.5397017572118,1.0,66.07766984359726,16.080156402737046
66.125,36,78,0,0.028125,0.03125,59.386123237638444,630.9709977224591,1.0,66.10719941348974,17.80058651026393
66.15625,38,71,0,0.028125,0.03125,51.14178400502166,568.2255051657372,1.0,66.1373545943304,18.89540566959922
66.15625,48,72,1,0.028125,0.03125,59.35169738680668,580.9198068924102,1.0,66.13751099706745,18.73900293255132
66.1875,36,78,0,0.028125,0.03125,59.680423251259484,624.7124967383585,1.0,66.16969941348974,17.80058651026393
66.1875,69,85,1,0.028125,0.03125,70.3143549912229,682.0799794892849,1.0,66.17079423264907,16.705767350928642
66.21875,60,81,1,0.028125,0.03125,61.38651659305764,653.0287797533952,1.0,66.20141862170088,17.331378299120235
66.21875,55,82,0,0.028125,0.03125,67.24938014680748,660.1151106810185,1.0,66.20157502443793,17.174975562072337
66.25,52,66,0,0.028125,0.03125,64.97250951900554,535.2409092347164,1.0,66.23032258064516,19.67741935483871
66.25,72,76,1,0.028125,0.03125,72.365283066884,608.9385834527765,1.0,66.23188660801564,18.113391984359726
66.28125,48,64,1,0.028125,0.03125,59.87641502972875,513.9147564116759,1.0,66.26125977517107,19.990224828934508
66.28125,57,67,0,0.028125,0.03125,70.19575815164318,537.6914092433983,1.0,66.26172898338221,19.521016617790814
66.3125,60,69,1,0.028125,0.03125,60.90035658333086,552.7929205865765,1.0,66.29329178885631,19.208211143695017
66.3125,52,73,0,0.028125,0.03125,64.1566709389765,589.91289994876,1.0,66.2939173998045,18.58260019550342
66.34375,67,77,1,0.028125,0.03125,67.88320601450847,620.9489652059389,1.0,66.32579301075269,17.956989247311828
66.34375,48,79,0,0.028125,0.03125,71.39122401915733,636.3124198363976,1.0,66.32610581622679,17.64418377321603
66.375,62,71,0,0.028125,0.03125,74.27761292543609,573.8311349671212,1.0,66.3561045943304,18.89540566959922
66.375,60,71,1,0.028125,0.03125,60.590327319067576,573.0720391067455,1.0,66.3561045943304,18.89540566959922
66.40625,48,75,0,0.028125,0.03125,61.01695293572296,606.4832960167586,1.0,66.3879802052786,18.269794721407624
66.40625,55,84,1,0.028125,0.03125,54.718989284517484,674.5899263609335,1.0,66.38938782991202,16.86217008797654
66.4375,36,77,0,0.028125,0.03125,49.333893655487834,622.4617049908101,1.0,66.41954301075269,17.956989247311828
66.46875,72,74,1,0.028125,0.03125,72.57149393705251,596.7428806405038,1.0,66.45032380254155,18.426197458455523
66.46875,31,75,0,0.028125,0.03125,44.4917005493609,606.0186338416729,1.0,66.4504802052786,18.269794721407624
66.5,45,63,0,0.028125,0.03125,58.496281198600826,510.5814544702479,1.0,66.47985337243402,20.146627565982406
66.5,57,81,1,0.028125,0.03125,58.04583713495021,649.8632325335014,1.0,66.48266862170088,17.331378299120235
66.53125,43,74,0,0.028125,0.03125,55.47736154964178,593.5406144985866,1.0,66.51282380254155,18.426197458455523
66.53125,55,83,1,0.028125,0.03125,56.07965829081516,669.3483625263272,1.0,66.51423142717498,17.01857282502444
66.5625,48,75,1,0.028125,0.03125,59.30834874650403,602.7039575088329,1.0,66.5442302052786,18.269794721407624
66.5625,52,87,0,0.028125,0.03125,64.51977979766127,699.9872067119672,1.0,66.54610703812317,16.392961876832846
66.59375,24,82,0,0.028125,0.03125,47.36417958824269,662.2680458243766,1.0,66.57657502443793,17.174975562072337
66.625,52,70,0,0.028125,0.03125,64.12197246352807,561.6310537716619,1.0,66.60594819159336,19.05180840664712
66.625,57,79,1,0.028125,0.03125,58.624917203900104,632.5253247903972,1.0,66.60735581622679,17.64418377321603
66.65625,64,69,1,0.028125,0.03125,64.86812819121505,556.1901800966763,1.0,66.63704178885631,19.208211143695017
66.65625,55,77,0,0.028125,0.03125,67.25264346088751,616.5576838434308,1.0,66.63829301075269,17.956989247311828
66.6875,45,61,0,0.028125,0.03125,57.46175274052734,494.54081241325355,1.0,66.66704056695993,20.459433040078203
66.6875,69,81,1,0.028125,0.03125,70.89692265504057,653.6211158478577,1.0,66.67016862170088,17.331378299120235
66.71875,72,75,1,0.028125,0.03125,72.31400026259094,601.9401125076338,1.0,66.7004802052786,18.269794721407624
66.71875,52,88,0,0.028125,0.03125,64.29211311356329,707.0891023590954,1.0,66.70251344086022,16.236559139784944
66.75,36,82,0,0.028125,0.03125,59.461640281792405,656.6548585987372,1.0,66.73282502443793,17.174975562072337
66.75,74,85,1,0.028125,0.03125,74.86992294826966,680.3738998755183,1.0,66.73329423264907,16.705767350928642
66.78125,50,67,0,0.028125,0.03125,63.20869572172533,539.081001810719,1.0,66.76172898338221,19.521016617790814
66.78125,64,76,1,0.028125,0.03125,65.634066686387,612.4714245055247,1.0,66.76313660801564,18.113391984359726
66.8125,43,72,1,0.028125,0.03125,43.61106289196083,576.5225556938766,1.0,66.79376099706745,18.73900293255132
66.8125,55,77,0,0.028125,0.03125,68.01383777065536,621.3461499491808,1.0,66.79454301075269,17.956989247311828
66.84375,57,76,1,0.028125,0.03125,57.981868800620404,612.1436589638639,1.0,66.82563660801564,18.113391984359726
66.875,50,69,0,0.028125,0.03125,63.98539363514743,554.0714556210086,1.0,66.85579178885631,19.208211143695017
66.875,62,85,1,0.028125,0.03125,62.58211855898504,681.0549999426636,1.0,66.85829423264907,16.705767350928642
66.90625,60,67,1,0.028125,0.03125,71.7697757468402,543.4170465385605,1.0,66.88672898338221,19.521016617790814
66.90625,55,76,0,0.028125,0.03125,68.39292875458423,615.4846711390039,1.0,66.88813660801564,18.113391984359726
66.9375,31,71,0,0.028125,0.03125,43.48683983699288,572.165610313707,1.0,66.9186045943304,18.89540566959922
66.9375,72,78,1,0.028125,0.03125,72.84753451430659,627.370957434409,1.0,66.91969941348974,17.80058651026393
66.96875,67,78,1,0.028125,0.03125,68.58599430501107,628.9679822555345,1.0,66.95094941348974,17.80058651026393
66.96875,55,79,0,0.028125,0.03125,67.8751967234963,633.512750141907,1.0,66.95110581622679,17.64418377321603
67.0,72,66,1,0.028125,0.03125,73.50305414061863,532.9728430602191,1.0,66.98032258064516,19.67741935483871
67.03125,48,76,1,0.028125,0.03125,49.50914847652164,613.4169439866417,1.0,67.01313660801564,18.113391984359726
67.03125,62,84,0,0.028125,0.03125,74.94108324985224,679.9773776968558,1.0,67.01438782991202,16.86217008797654
67.0625,81,87,1,0.028125,0.03125,82.66570245069747,698.066921478408,1.0,67.04610703812317,16.392961876832846
67.09375,26,67,0,0.028125,0.03125,38.1642156867559,541.31415270228,1.0,67.07422898338221,19.521016617790814
67.09375,52,74,1,0.028125,0.03125,53.476068568545585,592.7609793016954,1.0,67.07532380254155,18.426197458455523
67.125,45,65,1,0.028125,0.03125,45.53406090899114,524.2663829334166,1.0,67.10516617790812,19.83382209188661
67.125,50,78,0,0.028125,0.03125,62.38361832921279,630.7411456492681,1.0,67.10719941348974,17.80058651026393
67.15625,60,72,0,0.028125,0.03125,73.4739614620519,580.5690263530876,1.0,67.13751099706745,18.73900293255132
67.15625,57,80,1,0.028125,0.03125,57.31320991743936,645.685542566438,1.0,67.13876221896383,17.487781036168133
67.1875,81,78,1,0.028125,0.03125,82.64435154582443,629.678448189059,1.0,67.16969941348974,17.80058651026393
67.1875,55,83,0,0.028125,0.03125,66.9677569994199,671.2054232012118,1.0,67.17048142717498,17.01857282502444
67.21875,86,79,1,0.028125,0.03125,87.9629806214023,634.2451885063044,1.0,67.20110581622679,17.64418377321603
67.21875,62,81,0,0.028125,0.03125,75.69358194495551,650.5808702396076,1.0,67.20141862170088,17.331378299120235
67.25,57,75,0,0.028125,0.03125,70.89090213205627,603.7855773284705,1.0,67.2317302052786,18.269794721407624
67.25,55,80,1,0.028125,0.03125,56.48155690371079,640.8645410504485,1.0,67.23251221896383,17.487781036168133
67.28125,67,62,1,0.028125,0.03125,67.48156665845801,499.805087647973,1.0,67.26094696969697,20.303030303030305
67.28125,45,74,0,0.028125,0.03125,57.22183995898402,595.5354843345524,1.0,67.26282380254155,18.426197458455523
67.3125,43,64,0,0.028125,0.03125,55.58300533829844,518.8127064154838,1.0,67.29250977517107,19.990224828934508
67.34375,69,66,1,0.028125,0.03125,70.67708736202803,531.2988093464622,1.0,67.32407258064516,19.67741935483871
67.34375,40,85,0,0.028125,0.03125,53.69785479997192,687.8595146210951,1.0,67.32704423264907,16.705767350928642
67.375,67,74,1,0.028125,0.03125,67.40659971520849,597.4501521228937,1.0,67.35657380254155,18.426197458455523
67.375,45,88,0,0.028125,0.03125,58.84026756492606,706.9247886339582,1.0,67.35876344086022,16.236559139784944
67.40625,31,75,0,0.028125,0.03125,43.5052339866808,603.6679397707068,1.0,67.3879802052786,18.269794721407624
67.40625,48,83,1,0.028125,0.03125,48.47404766852385,667.5412288558073,1.0,67.38923142717498,17.01857282502444
67.4375,50,70,0,0.028125,0.03125,62.9747441750212,560.7483386462322,1.0,67.41844819159336,19.05180840664712
67.4375,62,83,1,0.028125,0.03125,63.98674541518794,664.049463379222,1.0,67.42048142717498,17.01857282502444
67.46875,43,70,0,0.028125,0.03125,56.611559013255814,565.9760631412375,1.0,67.44969819159336,19.05180840664712
67.5,50,65,0,0.028125,0.03125,63.660266068443285,521.9717980768871,1.0,67.48016617790812,19.83382209188661
67.5,36,85,1,0.028125,0.03125,47.03688562981516,681.7360961028735,1.0,67.48329423264907,16.705767350928642
67.53125,52,70,0,0.028125,0.03125,64.96087042178833,564.9720125034618,1.0,67.51219819159336,19.05180840664712
67.53125,60,73,1,0.028125,0.03125,71.9543499286524,590.979749743253,1.0,67.5126673998045,18.58260019550342
67.5625,55,55,0,0.028125,0.03125,66.52365735123547,442.4619205810548,1.0,67.54110215053764,21.397849462365592
67.5625,48,79,1,0.028125,0.03125,59.44121224391253,633.641442047666,1.0,67.54485581622679,17.64418377321603
67.59375,28,69,0,0.028125,0.03125,40.441657424591085,558.4001165807559,1.0,67.57454178885631,19.208211143695017
67.625,33,74,0,0.028125,0.03125,46.32473995880015,599.9550290611971,1.0,67.60657380254155,18.426197458455523
67.625,74,78,1,0.028125,0.03125,75.03373323698256,628.1684923886222,1.0,67.60719941348974,17.80058651026393
67.65625,62,69,1,0.028125,0.03125,62.906849168781235,554.9815372373555,1.0,67.63704178885631,19.208211143695017
67.65625,36,78,0,0.028125,0.03125,59.93039271760956,625.6372080387162,1.0,67.63844941348974,17.80058651026393
67.6875,69,73,1,0.028125,0.03125,69.81415630875267,591.799188454415,1.0,67.6689173998045,18.58260019550342
67.6875,57,86,0,0.028125,0.03125,70.76862904214636,688.3574957518473,1.0,67.67095063538612,16.549364613880744
67.71875,52,65,0,0.028125,0.03125,64.76907054255354,521.6647453987954,1.0,67.69891617790812,19.83382209188661
67.71875,62,83,1,0.028125,0.03125,62.960604447431635,664.6433035970828,1.0,67.70173142717498,17.01857282502444
67.75,55,70,0,0.028125,0.03125,66.65903764303687,565.0254280999558,1.0,67.73094819159336,19.05180840664712
67.78125,43,75,0,0.028125,0.03125,56.112935805454875,602.95758849617,1.0,67.7629802052786,18.269794721407624
67.78125,60,83,1,0.028125,0.03125,61.42961089062373,671.8903174337256,1.0,67.76423142717498,17.01857282502444
67.8125,74,71,1,0.028125,0.03125,74.18596006207368,575.0192310977442,1.0,67.7936045943304,18.89540566959922
67.8125,40,72,0,0.028125,0.03125,52.450755064453276,578.594023001745,1.0,67.79376099706745,18.73900293255132
67.84375,55,73,1,0.028125,0.03125,54.1600637689071,584.6755558703483,1.0,67.8251673998045,18.58260019550342
67.84375,60,77,0,0.028125,0.03125,83.07253078067592,621.6748036138417,1.0,67.82579301075269,17.956989247311828
67.875,86,69,1,0.028125,0.03125,86.1095718291043,553.3195485828999,1.0,67.85579178885631,19.208211143695017
67.90625,48,82,0,0.028125,0.03125,71.05972068946116,661.9736700582174,1.0,67.88907502443793,17.174975562072337
67.90625,55,83,1,0.028125,0.03125,54.74103631126311,664.1014575150363,1.0,67.88923142717498,17.01857282502444
67.9375,50,73,1,0.028125,0.03125,51.61485814846645,589.2823483789158,1.0,67.9189173998045,18.58260019550342
67.9375,40,75,0,0.028125,0.03125,53.405488740488295,604.3191208437776,1.0,67.9192302052786,18.269794721407624
67.96875,57,73,1,0.028125,0.03125,58.66945138810725,589.7936275505486,1.0,67.9501673998045,18.58260019550342
67.96875,31,79,0,0.028125,0.03125,44.500842188788276,637.6638136229708,1.0,67.95110581622679,17.64418377321603
68.0,60,64,1,0.028125,0.03125,71.93749225432212,514.2831376767033,1.0,67.98000977517107,19.990224828934508
68.0,36,76,0,0.028125,0.03125,59.05043395745273,609.7485444364479,1.0,67.98188660801564,18.113391984359726
68.03125,62,68,0,0.028125,0.03125,74.49082289590913,547.1312304330306,1.0,68.01188538611926,19.364613880742915
68.03125,52,71,1,0.028125,0.03125,52.374889670799284,574.6924680563656,1.0,68.0123545943304,18.89540566959922
68.0625,64,70,0,0.028125,0.03125,77.82195151783176,560.5335241262626,1.0,68.04344819159336,19.05180840664712
68.0625,36,75,1,0.028125,0.03125,47.18738063231108,601.4228581179837,1.0,68.0442302052786,18.269794721407624
68.09375,52,73,1,0.028125,0.03125,52.71129150710917,587.590594298234,1.0,68.0751673998045,18.58260019550342
68.09375,48,77,0,0.028125,0.03125,61.85891558373342,623.7009640067413,1.0,68.07579301075269,17.956989247311828
68.125,36,76,1,0.028125,0.03125,47.652968524098995,614.684335473825,1.0,68.10688660801564,18.113391984359726
68.15625,57,80,1,0.028125,0.03125,57.461476572370955,646.6194767605655,1.0,68.13876221896383,17.487781036168133
68.1875,43,76,0,0.028125,0.03125,55.33638397745027,608.718431053447,1.0,68.16938660801564,18.113391984359726
68.1875,76,81,1,0.028125,0.03125,77.99352621839633,655.7686913836233,1.0,68.17016862170088,17.331378299120235
68.21875,33,75,0,0.028125,0.03125,45.59579233568317,607.7971980821372,1.0,68.2004802052786,18.269794721407624
68.21875,55,76,1,0.028125,0.03125,54.654889682306404,612.969280367568,1.0,68.20063660801564,18.113391984359726
68.25,67,64,1,0.028125,0.03125,66.97090459206592,515.8933388150319,1.0,68.23000977517107,19.990224828934508
68.28125,64,59,1,0.028125,0.03125,65.77251927783293,479.0103404456004,1.0,68.26047776148583,20.772238514174
68.28125,43,67,0,0.028125,0.03125,55.5346867598205,538.6752971145316,1.0,68.26172898338221,19.521016617790814
68.3125,45,77,1,0.028125,0.03125,46.459824645535065,618.8796937939806,1.0,68.29454301075269,17.956989247311828
68.3125,57,79,0,0.028125,0.03125,69.76550756243599,635.7700957271918,1.0,68.29485581622679,17.64418377321603
68.34375,40,67,0,0.028125,0.03125,53.84903263468149,540.1708741889175,1.0,68.32422898338221,19.521016617790814
68.34375,50,79,1,0.028125,0.03125,51.80147343171838,635.8858208124083,1.0,68.32610581622679,17.64418377321603
68.375,48,71,1,0.028125,0.03125,59.47472080541666,574.075189449745,1.0,68.3561045943304,18.89540566959922
68.40625,60,72,1,0.028125,0.03125,61.68494443905101,580.6722330786878,1.0,68.38751099706745,18.73900293255132
68.40625,62,73,0,0.028125,0.03125,75.02441387936294,587.4284653616086,1.0,68.3876673998045,18.58260019550342
68.4375,45,68,1,0.028125,0.03125,45.84413422070783,544.5300350236904,1.0,68.41813538611926,19.364613880742915
68.4375,50,77,0,0.028125,0.03125,63.39125475832652,623.9378698821632,1.0,68.41954301075269,17.956989247311828
68.46875,40,72,0,0.028125,0.03125,52.03362161469028,580.3060347656868,1.0,68.45001099706745,18.73900293255132
68.46875,57,83,1,0.028125,0.03125,58.038935676486005,669.4089912712801,1.0,68.45173142717498,17.01857282502444
68.5,60,88,1,0.028125,0.03125,61.77351493389779,707.0033601993118,1.0,68.48376344086022,16.236559139784944
68.53125,74,72,1,0.028125,0.03125,74.61613104995632,583.2569613600139,1.0,68.51251099706745,18.73900293255132
68.53125,62,78,0,0.028125,0.03125,75.88168308102271,628.2964628619592,1.0,68.51344941348974,17.80058651026393
68.5625,52,77,0,0.028125,0.03125,65.95822457137321,619.7722183170887,1.0,68.54454301075269,17.956989247311828
68.5625,69,77,1,0.028125,0.03125,69.79714961854535,620.8004104431761,1.0,68.54454301075269,17.956989247311828
68.59375,43,67,1,0.028125,0.03125,43.75570357062229,538.2018767115998,1.0,68.57422898338221,19.521016617790814
68.59375,60,70,0,0.028125,0.03125,73.22452195232171,563.6931056206622,1.0,68.57469819159336,19.05180840664712
68.625,40,69,0,0.028125,0.03125,52.947727121609525,558.3772016374742,1.0,68.60579178885631,19.208211143695017
68.625,52,73,1,0.028125,0.03125,53.86557829410692,587.7413769518605,1.0,68.6064173998045,18.58260019550342
68.65625,45,64,0,0.028125,0.03125,58.121444209732246,513.5933055502027,1.0,68.63625977517107,19.990224828934508
68.65625,55,66,1,0.028125,0.03125,56.950621567699066,528.4394111160348,1.0,68.63657258064516,19.67741935483871
68.6875,67,71,1,0.028125,0.03125,68.1443297000617,570.8097741353562,1.0,68.6686045943304,18.89540566959922
68.6875,24,74,0,0.028125,0.03125,47.760829337560274,595.0779288029402,1.0,68.66907380254155,18.426197458455523
68.71875,62,69,1,0.028125,0.03125,62.008635536773625,553.4138248836484,1.0,68.69954178885631,19.208211143695017
68.71875,50,82,0,0.028125,0.03125,63.762288179608305,658.5025414034901,1.0,68.70157502443793,17.174975562072337
68.75,55,76,1,0.028125,0.03125,56.08308227469802,615.455356648741,1.0,68.73188660801564,18.113391984359726
68.75,38,83,0,0.028125,0.03125,51.651403613991015,667.0382791592672,1.0,68.73298142717498,17.01857282502444
68.78125,50,75,1,0.028125,0.03125,50.794452895270666,601.3313246949507,1.0,68.7629802052786,18.269794721407624
68.78125,45,82,0,0.028125,0.03125,57.83578613794284,661.1922936545869,1.0,68.76407502443793,17.174975562072337
68.8125,43,74,0,0.028125,0.03125,55.30945298024268,599.7538541785216,1.0,68.79407380254155,18.426197458455523
68.8125,52,79,1,0.028125,0.03125,53.48076694710383,634.5552876471031,1.0,68.79485581622679,17.64418377321603
68.84375,33,69,0,0.028125,0.03125,46.505145476264396,554.6427031664276,1.0,68.82454178885631,19.208211143695017
68.84375,48,75,1,0.028125,0.03125,49.56245760279211,600.7116625734825,1.0,68.8254802052786,18.269794721407624
68.875,24,70,0,0.028125,0.03125,36.715996233726145,564.872820512309,1.0,68.85594819159336,19.05180840664712
68.875,60,77,1,0.028125,0.03125,61.58011175893582,618.1896473830583,1.0,68.85704301075269,17.956989247311828
68.90625,43,73,0,0.028125,0.03125,54.46679363851814,588.145361799418,1.0,68.8876673998045,18.58260019550342
68.9375,60,69,1,0.028125,0.03125,60.44704749092915,559.4656098525082,1.0,68.91829178885631,19.208211143695017
68.9375,40,83,0,0.028125,0.03125,52.81526977252906,668.3629165213538,1.0,68.92048142717498,17.01857282502444
68.96875,72,71,1,0.028125,0.03125,72.65311814825453,571.5502077133791,1.0,68.9498545943304,18.89540566959922
68.96875,55,79,0,0.028125,0.03125,68.91388990904125,637.0992293359722,1.0,68.95110581622679,17.64418377321603
69.0,24,73,0,0.028125,0.03125,47.17417607459514,586.3346208325081,1.0,68.9814173998045,18.58260019550342
69.0,50,86,1,0.028125,0.03125,50.42949259745028,688.4658994526261,1.0,68.98345063538612,16.549364613880744
69.03125,62,75,1,0.028125,0.03125,63.52439570743179,606.114475326419,1.0,69.0129802052786,18.269794721407624
69.03125,60,79,0,0.028125,0.03125,73.4095042105063,637.5558251445589,1.0,69.01360581622679,17.64418377321603
69.0625,45,79,0,0.028125,0.03125,58.08023078088794,635.0187082756219,1.0,69.04485581622679,17.64418377321603
69.09375,38,74,0,0.028125,0.03125,50.79742494542029,595.9288584353717,1.0,69.07532380254155,18.426197458455523
69.09375,60,77,1,0.028125,0.03125,61.06836142779549,623.1962112579433,1.0,69.07579301075269,17.956989247311828
69.125,48,63,1,0.028125,0.03125,48.66265368035275,508.43044074818096,1.0,69.10485337243402,20.146627565982406
69.125,52,68,0,0.028125,0.03125,65.40616145274728,551.4549293295721,1.0,69.10563538611926,19.364613880742915
69.15625,45,69,0,0.028125,0.03125,57.789919674131426,556.5803112933096,1.0,69.13704178885631,19.208211143695017
69.15625,57,70,1,0.028125,0.03125,57.1374157972992,560.3130986282946,1.0,69.13719819159336,19.05180840664712
69.1875,55,61,1,0.028125,0.03125,55.78609460069633,494.1780174420961,1.0,69.16704056695993,20.459433040078203
69.1875,38,70,0,0.028125,0.03125,50.39185710086795,563.6144565702392,1.0,69.16844819159336,19.05180840664712
69.21875,48,79,0,0.028125,0.03125,60.1890860544195,633.6001618605669,1.0,69.20110581622679,17.64418377321603
69.25,43,78,0,0.028125,0.03125,56.97422720219875,626.7205027009354,1.0,69.23219941348974,17.80058651026393
69.28125,33,76,0,0.028125,0.03125,45.99095546699586,613.3396591011226,1.0,69.26313660801564,18.113391984359726
69.28125,40,81,1,0.028125,0.03125,40.9564468771251,649.3195970615785,1.0,69.26391862170088,17.331378299120235
69.3125,52,73,1,0.028125,0.03125,52.41546479797841,588.5594549313123,1.0,69.2939173998045,18.58260019550342
69.3125,24,85,0,0.028125,0.03125,47.820158200751074,685.5124365622921,1.0,69.29579423264907,16.705767350928642
69.34375,76,78,0,0.028125,0.03125,88.81101090964702,624.7141616138463,1.0,69.32594941348974,17.80058651026393
69.34375,50,81,1,0.028125,0.03125,51.86833679335549,654.7459204435748,1.0,69.32641862170088,17.331378299120235
69.375,74,64,1,0.028125,0.03125,74.83379338755707,512.6894400417152,1.0,69.35500977517107,19.990224828934508
69.375,57,77,0,0.028125,0.03125,69.06629448386917,617.4305408324115,1.0,69.35704301075269,17.956989247311828
69.40625,60,69,0,0.028125,0.03125,72.47670366641142,552.1677349508915,1.0,69.38704178885631,19.208211143695017
69.40625,50,77,1,0.028125,0.03125,50.958637707093715,616.7246251252493,1.0,69.38829301075269,17.956989247311828
69.4375,36,72,1,0.028125,0.03125,47.555200436304425,576.5207397364039,1.0,69.41876099706745,18.73900293255132
69.4375,52,84,0,0.028125,0.03125,65.06012908457741,674.4364968536975,1.0,69.42063782991202,16.86217008797654
69.46875,24,69,0,0.028125,0.03125,47.047117713255716,556.7231550803928,1.0,69.44954178885631,19.208211143695017
69.46875,62,77,1,0.028125,0.03125,62.782711099305324,618.0127918435977,1.0,69.45079301075269,17.956989247311828
69.5,48,65,0,0.028125,0.03125,71.75724436166294,525.6354696869321,1.0,69.48016617790812,19.83382209188661
69.53125,60,74,0,0.028125,0.03125,73.27585008242914,596.2925680640395,1.0,69.51282380254155,18.426197458455523
69.5625,69,75,0,0.028125,0.03125,81.03797524031492,605.062674939621,1.0,69.5442302052786,18.269794721407624
69.59375,48,75,1,0.028125,0.03125,48.40850584411265,606.0885453178976,1.0,69.5754802052786,18.269794721407624
69.59375,50,82,0,0.028125,0.03125,63.624888006496754,658.9359118351412,1.0,69.57657502443793,17.174975562072337
69.625,36,72,0,0.028125,0.03125,59.237411187766305,579.7165541372525,1.0,69.60626099706745,18.73900293255132
69.65625,38,73,1,0.028125,0.03125,38.9932778346663,591.293392345064,1.0,69.6376673998045,18.58260019550342
69.6875,69,75,0,0.028125,0.03125,81.11336753543259,605.477090502987,1.0,69.6692302052786,18.269794721407624
69.6875,62,82,1,0.028125,0.03125,63.693674049845164,657.3544517519056,1.0,69.67032502443793,17.174975562072337
69.71875,43,71,0,0.028125,0.03125,54.803989050430445,574.6955892948488,1.0,69.6998545943304,18.89540566959922
69.75,57,67,1,0.028125,0.03125,58.34826790013942,542.9271032938138,1.0,69.73047898338221,19.521016617790814
69.75,33,74,0,0.028125,0.03125,46.94900495670001,597.5159008011161,1.0,69.73157380254155,18.426197458455523
69.78125,60,70,1,0.028125,0.03125,60.41627800238861,562.1287796399212,1.0,69.76219819159336,19.05180840664712
69.78125,52,75,0,0.028125,0.03125,64.04129265829755,601.959889512474,1.0,69.7629802052786,18.269794721407624
69.8125,55,72,0,0.028125,0.03125,68.93697254155896,582.0800156128654,1.0,69.79376099706745,18.73900293255132
69.8125,43,78,1,0.028125,0.03125,44.84380896612166,631.0338648528515,1.0,69.79469941348974,17.80058651026393
69.84375,50,67,0,0.028125,0.03125,62.155531024078506,543.059721374005,1.0,69.82422898338221,19.521016617790814
69.84375,74,74,1,0.028125,0.03125,75.57824176646824,592.391506244504,1.0,69.82532380254155,18.426197458455523
69.875,55,78,0,0.028125,0.03125,68.03816046337663,629.1870375059439,1.0,69.85719941348974,17.80058651026393
69.875,48,79,1,0.028125,0.03125,48.33098757774306,638.061538542045,1.0,69.85735581622679,17.64418377321603
69.90625,64,71,1,0.028125,0.03125,65.19805797638145,574.7144494475739,1.0,69.8873545943304,18.89540566959922
69.90625,38,77,0,0.028125,0.03125,51.77603159991714,618.1950394588408,1.0,69.88829301075269,17.956989247311828
69.9375,40,68,0,0.028125,0.03125,53.24492891846933,550.2240745592285,1.0,69.91813538611926,19.364613880742915
69.9375,60,73,1,0.028125,0.03125,60.60892243095941,584.6499393691173,1.0,69.9189173998045,18.58260019550342
69.96875,43,70,1,0.028125,0.03125,42.88538935999165,567.3889148051435,1.0,69.94969819159336,19.05180840664712
69.96875,55,79,0,0.028125,0.03125,66.60500792506635,639.0199914986317,1.0,69.95110581622679,17.64418377321603
70.0,50,70,1,0.028125,0.03125,50.066836364688605,566.2127246316354,1.0,69.98094819159336,19.05180840664712
70.03125,67,74,1,0.028125,0.03125,68.16997991617002,594.3068326719342,1.0,70.01282380254155,18.426197458455523
70.03125,55,84,0,0.028125,0.03125,66.90462258247396,675.2596261445956,1.0,70.01438782991202,16.86217008797654
70.0625,43,69,0,0.028125,0.03125,56.305626643235875,554.338669461282,1.0,70.04329178885631,19.208211143695017
70.0625,50,83,1,0.028125,0.03125,51.31310235958204,664.996536825143,1.0,70.04548142717498,17.01857282502444
70.09375,31,80,0,0.028125,0.03125,44.5868143810379,645.7867434743224,1.0,70.07626221896383,17.487781036168133
70.09375,48,82,1,0.028125,0.03125,48.08893012363593,660.6083207703603,1.0,70.07657502443793,17.174975562072337
70.125,28,81,1,0.028125,0.03125,28.66364324808032,655.698594489889,1.0,70.10766862170088,17.331378299120235
70.15625,55,78,1,0.028125,0.03125,56.26425258275742,625.5219249346982,1.0,70.13844941348974,17.80058651026393
70.1875,52,82,0,0.028125,0.03125,64.64048079557762,657.8407375616428,1.0,70.17032502443793,17.174975562072337
70.21875,43,64,0,0.028125,0.03125,55.41852212085635,516.4481453117937,1.0,70.19875977517107,19.990224828934508
70.21875,50,72,1,0.028125,0.03125,50.48748701313711,577.870145695011,1.0,70.20001099706745,18.73900293255132
70.25,72,74,1,0.028125,0.03125,73.40724919430991,597.7425938659802,1.0,70.23157380254155,18.426197458455523
70.28125,52,72,1,0.028125,0.03125,52.18621181810374,580.197659149876,1.0,70.26251099706745,18.73900293255132
70.28125,60,80,0,0.028125,0.03125,73.44061371373681,642.7540961532802,1.0,70.26376221896383,17.487781036168133
70.3125,48,63,0,0.028125,0.03125,61.87323291178733,508.80033875544683,1.0,70.29235337243402,20.146627565982406
70.3125,57,85,1,0.028125,0.03125,57.382238603752235,686.2459929883846,1.0,70.29579423264907,16.705767350928642
70.34375,38,69,0,0.028125,0.03125,50.42525509382496,552.715983578119,1.0,70.32454178885631,19.208211143695017
70.34375,62,72,1,0.028125,0.03125,62.035401182762186,581.5134735572176,1.0,70.32501099706745,18.73900293255132
70.375,57,71,1,0.028125,0.03125,57.86539825721573,571.8701783414879,1.0,70.3561045943304,18.89540566959922
70.375,36,74,0,0.028125,0.03125,48.77798449291037,593.5473107679031,1.0,70.35657380254155,18.426197458455523
70.40625,40,75,0,0.028125,0.03125,53.30222448904588,606.0521654417204,1.0,70.3879802052786,18.269794721407624
70.40625,55,82,1,0.028125,0.03125,56.757431558868994,661.6293552725535,1.0,70.38907502443793,17.174975562072337
70.4375,64,72,1,0.028125,0.03125,65.88225474436064,581.8367285038457,1.0,70.41876099706745,18.73900293255132
70.46875,24,72,0,0.028125,0.03125,47.267533564811544,576.1552035358818,1.0,70.45001099706745,18.73900293255132
70.5,64,68,0,0.028125,0.03125,76.16645832763304,546.5328021068261,1.0,70.48063538611926,19.364613880742915
70.5,48,81,1,0.028125,0.03125,48.97616217707953,649.49829704986,1.0,70.48266862170088,17.331378299120235
70.53125,67,75,1,0.028125,0.03125,66.69303865154197,604.5156845828733,1.0,70.5129802052786,18.269794721407624
70.53125,45,79,0,0.028125,0.03125,58.653874645421205,633.4646660536466,1.0,70.51360581622679,17.64418377321603
70.5625,57,69,1,0.028125,0.03125,57.46916059594834,559.3128210208505,1.0,70.54329178885631,19.208211143695017
70.5625,52,71,0,0.028125,0.03125,64.59168445781245,573.8786705117178,1.0,70.5436045943304,18.89540566959922
70.59375,45,64,1,0.028125,0.03125,45.166485080028544,519.2168683569394,1.0,70.57375977517107,19.990224828934508
70.59375,48,67,0,0.028125,0.03125,60.247085649197594,541.7549617434021,1.0,70.57422898338221,19.521016617790814
70.625,55,69,1,0.028125,0.03125,54.05036897162233,556.9907536374618,1.0,70.60579178885631,19.208211143695017
70.625,57,81,0,0.028125,0.03125,69.89306716369043,648.3881488255942,1.0,70.60766862170088,17.331378299120235
70.65625,43,76,1,0.028125,0.03125,43.759365911582194,615.223921758383,1.0,70.63813660801564,18.113391984359726
70.6875,67,73,1,0.028125,0.03125,67.53742037094355,590.7161686701548,1.0,70.6689173998045,18.58260019550342
70.6875,48,79,0,0.028125,0.03125,61.869706233890675,634.2292208338831,1.0,70.66985581622679,17.64418377321603
70.71875,62,63,1,0.028125,0.03125,62.20419284602208,510.72212273322543,1.0,70.69860337243402,20.146627565982406
70.71875,50,66,0,0.028125,0.03125,63.0092275365487,531.1068263257989,1.0,70.69907258064516,19.67741935483871
70.75,79,70,1,0.028125,0.03125,78.17714222513034,561.6299124637484,1.0,70.73094819159336,19.05180840664712
70.75,52,89,0,0.028125,0.03125,65.6510148202714,714.6559867524802,1.0,70.73391984359726,16.080156402737046
70.78125,60,71,1,0.028125,0.03125,71.85083102985324,571.160861865121,1.0,70.7623545943304,18.89540566959922
70.8125,55,65,1,0.028125,0.03125,56.80346497092967,520.2502856235526,1.0,70.79266617790812,19.83382209188661
70.8125,57,74,0,0.028125,0.03125,69.02488568964299,592.851370039812,1.0,70.79407380254155,18.426197458455523
70.84375,60,69,1,0.028125,0.03125,60.88240214574607,558.7008823959311,1.0,70.82454178885631,19.208211143695017
70.84375,38,73,0,0.028125,0.03125,51.77569314104516,590.9400817364258,1.0,70.8251673998045,18.58260019550342
70.875,67,63,1,0.028125,0.03125,66.97551185142883,509.99003207248694,1.0,70.85485337243402,20.146627565982406
70.875,52,75,0,0.028125,0.03125,65.28713054077843,605.4855656641034,1.0,70.8567302052786,18.269794721407624
70.90625,40,65,1,0.028125,0.03125,40.867370417348226,524.4407474680424,1.0,70.88641617790812,19.83382209188661
70.90625,55,74,0,0.028125,0.03125,67.11514646962296,599.0184336708737,1.0,70.88782380254155,18.426197458455523
70.9375,67,77,1,0.028125,0.03125,66.30239667776395,616.3406444695464,1.0,70.91954301075269,17.956989247311828
70.9375,31,79,0,0.028125,0.03125,43.321685009655454,636.6874050300158,1.0,70.91985581622679,17.64418377321603
70.96875,60,69,1,0.028125,0.03125,61.25513881332462,558.5112549343456,1.0,70.94954178885631,19.208211143695017
70.96875,43,73,0,0.028125,0.03125,54.64143487324923,590.8939704815012,1.0,70.9501673998045,18.58260019550342
71.0,36,76,0,0.028125,0.03125,59.56779929417207,608.3545706370454,1.0,70.98188660801564,18.113391984359726
71.0,55,80,1,0.028125,0.03125,55.87017723461737,644.444030305625,1.0,70.98251221896383,17.487781036168133
71.03125,60,77,1,0.028125,0.03125,71.03611239796123,621.1072853788181,1.0,71.01329301075269,17.956989247311828
71.03125,48,82,0,0.028125,0.03125,60.43655124603355,663.8751167707785,1.0,71.01407502443793,17.174975562072337
71.0625,55,81,1,0.028125,0.03125,55.093510087174245,651.2448393068399,1.0,71.04516862170088,17.331378299120235
71.09375,48,74,0,0.028125,0.03125,71.30387706151622,599.0174075981006,1.0,71.07532380254155,18.426197458455523
71.125,36,76,0,0.028125,0.03125,59.3076988144511,612.338753943333,1.0,71.10688660801564,18.113391984359726
71.125,62,77,1,0.028125,0.03125,62.072666662728885,618.6022924244031,1.0,71.10704301075269,17.956989247311828
71.15625,45,63,0,0.028125,0.03125,57.96600958463104,504.1666421830819,1.0,71.13610337243402,20.146627565982406
71.15625,72,73,1,0.028125,0.03125,72.96344113241605,588.4869896418107,1.0,71.1376673998045,18.58260019550342
71.1875,79,66,1,0.028125,0.03125,78.16324887612654,528.3913865357282,1.0,71.16782258064516,19.67741935483871
71.1875,55,70,0,0.028125,0.03125,66.66555124163914,567.8409770167831,1.0,71.16844819159336,19.05180840664712
71.21875,36,66,0,0.028125,0.03125,48.54954820787838,533.5350254319741,1.0,71.19907258064516,19.67741935483871
71.25,43,70,1,0.028125,0.03125,42.50384814930385,565.5528042452507,1.0,71.23094819159336,19.05180840664712
71.25,52,78,0,0.028125,0.03125,64.79280269792211,625.0910106133931,1.0,71.23219941348974,17.80058651026393
71.28125,24,76,0,0.028125,0.03125,47.41075229462327,615.8567136101199,1.0,71.26313660801564,18.113391984359726
71.3125,45,78,1,0.028125,0.03125,46.876744571066375,629.025492302378,1.0,71.29469941348974,17.80058651026393
71.3125,43,82,0,0.028125,0.03125,54.770145961795635,660.0170318574616,1.0,71.29532502443793,17.174975562072337
71.34375,72,79,1,0.028125,0.03125,73.28177226446313,638.3007183637537,1.0,71.32610581622679,17.64418377321603
71.375,67,58,1,0.028125,0.03125,68.9799569343236,467.0472175127152,1.0,71.35407135874878,20.928641251221897
71.375,43,73,0,0.028125,0.03125,55.82903897787256,584.2560595868266,1.0,71.3564173998045,18.58260019550342
71.40625,57,74,0,0.028125,0.03125,70.08339279364438,596.0731263035194,1.0,71.38782380254155,18.426197458455523
71.40625,52,74,1,0.028125,0.03125,52.78264791481311,592.3262593917732,1.0,71.38782380254155,18.426197458455523
71.4375,55,68,1,0.028125,0.03125,54.54221334484225,547.167512791376,1.0,71.41813538611926,19.364613880742915
71.4375,38,69,0,0.028125,0.03125,51.0809222447663,558.342663498881,1.0,71.41829178885631,19.208211143695017
71.46875,48,65,1,0.028125,0.03125,59.26835427349472,527.3703742732421,1.0,71.44891617790812,19.83382209188661
71.46875,24,68,0,0.028125,0.03125,47.62054612385771,550.786093966567,1.0,71.44938538611926,19.364613880742915
71.5,64,75,1,0.028125,0.03125,64.06003333426715,603.2992236541306,1.0,71.4817302052786,18.269794721407624
71.53125,52,74,1,0.028125,0.03125,53.99371382567871,598.3538349788847,1.0,71.51282380254155,18.426197458455523
71.53125,43,80,0,0.028125,0.03125,54.63091275569739,647.6579893206058,1.0,71.51376221896383,17.487781036168133
71.5625,74,77,1,0.028125,0.03125,74.1531220450203,621.756120739809,1.0,71.54454301075269,17.956989247311828
71.5625,36,84,0,0.028125,0.03125,49.49783626402704,675.0997070153601,1.0,71.54563782991202,16.86217008797654
71.59375,64,67,0,0.028125,0.03125,77.2268376241974,542.7187060528092,1.0,71.57422898338221,19.521016617790814
71.59375,67,77,1,0.028125,0.03125,66.40429639959356,621.214345685694,1.0,71.57579301075269,17.956989247311828
71.625,60,66,1,0.028125,0.03125,60.165931458023536,531.0662752808105,1.0,71.60532258064516,19.67741935483871
71.625,55,71,0,0.028125,0.03125,68.02085109139131,574.5629121246398,1.0,71.6061045943304,18.89540566959922
71.65625,43,73,0,0.028125,0.03125,56.56894800684574,584.3710216302387,1.0,71.6376673998045,18.58260019550342
71.6875,45,66,1,0.028125,0.03125,45.02594375763505,531.5032764445725,1.0,71.66782258064516,19.67741935483871
71.6875,57,70,0,0.028125,0.03125,69.58052646295114,561.6161403347496,1.0,71.66844819159336,19.05180840664712
71.71875,43,68,0,0.028125,0.03125,55.34438645604343,544.2443847849312,1.0,71.69938538611926,19.364613880742915
71.71875,64,80,1,0.028125,0.03125,65.29131316031439,645.6719456335768,1.0,71.70126221896383,17.487781036168133
71.75,50,63,0,0.028125,0.03125,62.80306502850039,507.6457691874357,1.0,71.72985337243402,20.146627565982406
71.75,76,68,1,0.028125,0.03125,76.05021481531722,544.2449106861205,1.0,71.73063538611926,19.364613880742915
71.78125,67,66,1,0.028125,0.03125,68.11269612963306,531.0539422522194,1.0,71.76157258064516,19.67741935483871
71.78125,52,80,0,0.028125,0.03125,65.30101152768154,646.3408748797183,1.0,71.76376221896383,17.487781036168133
71.8125,60,77,0,0.028125,0.03125,73.20437612912826,623.8059958866334,1.0,71.79454301075269,17.956989247311828
71.8125,62,81,1,0.028125,0.03125,63.2049992722988,655.0901868715047,1.0,71.79516862170088,17.331378299120235
71.84375,36,74,0,0.028125,0.03125,59.30695596579562,592.1483811196041,1.0,71.82532380254155,18.426197458455523
71.84375,55,81,1,0.028125,0.03125,55.71330647100714,653.5649503849786,1.0,71.82641862170088,17.331378299120235
71.875,79,78,1,0.028125,0.03125,80.85417945582532,626.2569633058968,1.0,71.85719941348974,17.80058651026393
71.875,40,85,0,0.028125,0.03125,52.67966088001168,686.4440720090695,1.0,71.85829423264907,16.705767350928642
71.90625,33,79,0,0.028125,0.03125,45.22666753988862,636.1288874889173,1.0,71.88860581622679,17.64418377321603
71.90625,52,83,1,0.028125,0.03125,53.766288455164435,665.8269153163374,1.0,71.88923142717498,17.01857282502444
71.9375,48,75,0,0.028125,0.03125,61.518010648075126,604.2927044391579,1.0,71.9192302052786,18.269794721407624
71.9375,62,75,1,0.028125,0.03125,62.68394993422464,607.5138366083229,1.0,71.9192302052786,18.269794721407624
71.96875,52,67,0,0.028125,0.03125,64.51510172616968,537.394758757925,1.0,71.94922898338221,19.521016617790814
71.96875,57,69,1,0.028125,0.03125,57.16767150676261,554.729760328973,1.0,71.94954178885631,19.208211143695017
72.0,43,68,0,0.05625,0.0625,54.225649647854354,550.0,1.0,71.98063538611926,19.364613880742915
72.0,67,68,1,0.05625,0.0625,66.01816265296554,550.0,1.0,71.98063538611926,19.364613880742915
72.0625,45,68,0,0.05625,0.0625,57.84204461046845,550.0,1.0,72.04313538611926,19.364613880742915
72.0625,55,68,1,0.05625,0.0625,55.68388834366547,550.0,1.0,72.04313538611926,19.364613880742915
72.125,36,68,0,0.05625,0.0625,48.22459619696266,550.0,1.0,72.10563538611926,19.364613880742915
72.125,60,68,1,0.05625,0.0625,60.54911643455585,550.0,1.0,72.10563538611926,19.364613880742915
72.1875,55,68,0,0.05625,0.0625,67.66300825937857,550.0,1.0,72.16813538611926,19.364613880742915
72.1875,62,68,1,0.05625,0.0625,63.6360400094849,550.0,1.0,72.16813538611926,19.364613880742915
72.25,45,68,0,0.05625,0.0625,57.12909880872625,550.0,1.0,72.23063538611926,19.364613880742915
72.25,48,68,1,0.05625,0.0625,59.373465589897485,550.0,1.0,72.23063538611926,19.364613880742915
72.3125,55,68,0,0.05625,0.0625,66.79876285063338,550.0,1.0,72.29313538611926,19.364613880742915
72.3125,67,68,1,0.05625,0.0625,67.05636902930837,550.0,1.0,72.29313538611926,19.364613880742915
72.375,45,68,0,0.05625,0.0625,57.58803101759624,550.0,1.0,72.35563538611926,19.364613880742915
72.375,57,68,1,0.05625,0.0625,57.83469035279952,550.0,1.0,72.35563538611926,19.364613880742915
72.4375,40,68,0,0.05625,0.0625,53.31364439509089,550.0,1.0,72.41813538611926,19.364613880742915
72.4375,55,68,1,0.05625,0.0625,54.183508745304515,550.0,1.0,72.41813538611926,19.364613880742915
72.5,43,68,0,0.05625,0.0625,54.541576628415946,550.0,1.0,72.48063538611926,19.364613880742915
72.5,64,68,1,0.05625,0.0625,65.11136428314319,550.0,1.0,72.48063538611926,19.364613880742915
72.5625,43,68,0,0.05625,0.0625,55.81416346036222,550.0,1.0,72.54313538611926,19.364613880742915
72.5625,60,68,1,0.05625,0.0625,60.125866836505956,550.0,1.0,72.54313538611926,19.364613880742915
72.625,48,68,0,0.05625,0.0625,60.557763008714595,550.0,1.0,72.60563538611926,19.364613880742915
72.625,72,68,1,0.05625,0.0625,72.92855813111926,550.0,1.0,72.60563538611926,19.364613880742915
72.6875,57,68,0,0.05625,0.0625,70.2992351980402,550.0,1.0,72.66813538611926,19.364613880742915
72.75,52,68,0,0.05625,0.0625,64.66584487256006,550.0,1.0,72.73063538611926,19.364613880742915
72.75,57,68,1,0.05625,0.0625,58.59017850044991,550.0,1.0,72.73063538611926,19.364613880742915
72.8125,45,68,0,0.05625,0.0625,58.77863934922601,550.0,1.0,72.79313538611926,19.364613880742915
72.8125,57,68,1,0.05625,0.0625,57.474169482255775,550.0,1.0,72.79313538611926,19.364613880742915
72.875,43,68,0,0.05625,0.0625,55.88673209193474,550.0,1.0,72.85563538611926,19.364613880742915
72.9375,52,68,0,0.05625,0.0625,64.33872531763892,550.0,1.0,72.91813538611926,19.364613880742915
72.9375,57,68,1,0.05625,0.0625,58.04511827066055,550.0,1.0,72.91813538611926,19.364613880742915
73.0,50,68,0,0.05625,0.0625,63.63402789718998,550.0,1.0,72.98063538611926,19.364613880742915
73.0,69,68,1,0.05625,0.0625,70.47044515477667,550.0,1.0,72.98063538611926,19.364613880742915
73.0625,45,68,0,0.05625,0.0625,57.898153988447895,550.0,1.0,73.04313538611926,19.364613880742915
73.0625,52,68,1,0.05625,0.0625,53.52889577244926,550.0,1.0,73.04313538611926,19.364613880742915
73.125,43,68,0,0.05625,0.0625,56.77876663930393,550.0,1.0,73.10563538611926,19.364613880742915
73.125,64,68,1,0.05625,0.0625,65.62431375272426,550.0,1.0,73.10563538611926,19.364613880742915
73.1875,48,68,0,0.05625,0.0625,61.57508101812738,550.0,1.0,73.16813538611926,19.364613880742915
73.1875,55,68,1,0.05625,0.0625,56.35113656471861,550.0,1.0,73.16813538611926,19.364613880742915
73.25,43,68,0,0.05625,0.0625,56.72123164965433,550.0,1.0,73.23063538611926,19.364613880742915
73.25,48,68,1,0.05625,0.0625,59.02579690153101,550.0,1.0,73.23063538611926,19.364613880742915
73.3125,36,68,0,0.05625,0.0625,59.8638533168373,550.0,1.0,73.29313538611926,19.364613880742915
73.3125,60,68,1,0.05625,0.0625,61.9309452724586,550.0,1.0,73.29313538611926,19.364613880742915
73.375,52,68,0,0.05625,0.0625,64.00255031698313,550.0,1.0,73.35563538611926,19.364613880742915
73.375,72,68,1,0.05625,0.0625,72.03420489023725,550.0,1.0,73.35563538611926,19.364613880742915
73.4375,36,68,0,0.05625,0.0625,59.255448460565724,550.0,1.0,73.41813538611926,19.364613880742915
73.4375,67,68,1,0.05625,0.0625,68.1062976195952,550.0,1.0,73.41813538611926,19.364613880742915
73.5,55,68,0,0.05625,0.0625,66.18567118960421,550.0,1.0,73.48063538611926,19.364613880742915
73.5625,43,68,0,0.05625,0.0625,55.26506481619345,550.0,1.0,73.54313538611926,19.364613880742915
73.5625,64,68,1,0.05625,0.0625,65.90817412516571,550.0,1.0,73.54313538611926,19.364613880742915
73.625,50,68,0,0.05625,0.0625,62.07249891515673,550.0,1.0,73.60563538611926,19.364613880742915
73.625,60,68,1,0.05625,0.0625,60.76295498406247,550.0,1.0,73.60563538611926,19.364613880742915
73.6875,50,68,0,0.05625,0.0625,63.17210277588131,550.0,1.0,73.66813538611926,19.364613880742915
73.6875,60,68,1,0.05625,0.0625,61.36595110604125,550.0,1.0,73.66813538611926,19.364613880742915
73.75,52,68,0,0.05625,0.0625,64.95808694410125,550.0,1.0,73.73063538611926,19.364613880742915
73.75,62,68,1,0.05625,0.0625,63.307785651406945,550.0,1.0,73.73063538611926,19.364613880742915
73.8125,43,68,0,0.05625,0.0625,55.01366199260082,550.0,1.0,73.79313538611926,19.364613880742915
73.8125,48,68,1,0.05625,0.0625,59.88018766385314,550.0,1.0,73.79313538611926,19.364613880742915
73.875,45,68,0,0.05625,0.0625,57.5920251781571,550.0,1.0,73.85563538611926,19.364613880742915
73.875,62,68,1,0.05625,0.0625,62.30046524416891,550.0,1.0,73.85563538611926,19.364613880742915
73.9375,48,68,0,0.05625,0.0625,71.6126512923009,550.0,1.0,73.91813538611926,19.364613880742915
73.9375,72,68,1,0.05625,0.0625,73.14896221704787,550.0,1.0,73.91813538611926,19.364613880742915
74.0,45,68,0,0.05625,0.0625,57.9480364873139,550.0,1.0,73.98063538611926,19.364613880742915
74.0,74,68,1,0.05625,0.0625,74.35737289342622,550.0,1.0,73.98063538611926,19.364613880742915
74.0625,55,68,0,0.05625,0.0625,67.6121396476016,550.0,1.0,74.04313538611926,19.364613880742915
74.0625,52,68,1,0.05625,0.0625,53.04089036670945,550.0,1.0,74.04313538611926,19.364613880742915
74.125,43,68,0,0.05625,0.0625,56.08199883591653,550.0,1.0,74.10563538611926,19.364613880742915
74.125,52,68,1,0.05625,0.0625,53.56130894193144,550.0,1.0,74.10563538611926,19.364613880742915
74.1875,43,68,0,0.05625,0.0625,56.06638458218119,550.0,1.0,74.16813538611926,19.364613880742915
74.1875,60,68,1,0.05625,0.0625,61.38889529577957,550.0,1.0,74.16813538611926,19.364613880742915
74.25,45,68,0,0.05625,0.0625,57.71570112585493,550.0,1.0,74.23063538611926,19.364613880742915
74.25,50,68,1,0.05625,0.0625,51.645322000505345,550.0,1.0,74.23063538611926,19.364613880742915
74.3125,43,68,0,0.05625,0.0625,56.49582175182029,550.0,1.0,74.29313538611926,19.364613880742915
74.3125,64,68,1,0.05625,0.0625,64.74825239654082,550.0,1.0,74.29313538611926,19.364613880742915
74.375,57,68,0,0.05625,0.0625,70.1270779956679,550.0,1.0,74.35563538611926,19.364613880742915
74.375,67,68,1,0.05625,0.0625,66.11269620300229,550.0,1.0,74.35563538611926,19.364613880742915
74.4375,50,68,0,0.05625,0.0625,62.194801460657715,550.0,1.0,74.41813538611926,19.364613880742915
74.4375,60,68,1,0.05625,0.0625,61.69167218413735,550.0,1.0,74.41813538611926,19.364613880742915
74.5,48,68,0,0.05625,0.0625,60.992003739785645,550.0,1.0,74.48063538611926,19.364613880742915
74.5,57,68,1,0.05625,0.0625,58.34447483242369,550.0,1.0,74.48063538611926,19.364613880742915
74.5625,43,68,0,0.05625,0.0625,54.25468933973987,550.0,1.0,74.54313538611926,19.364613880742915
74.5625,57,68,1,0.05625,0.0625,58.847141071652445,550.0,1.0,74.54313538611926,19.364613880742915
74.625,50,68,0,0.05625,0.0625,63.215733240246685,550.0,1.0,74.60563538611926,19.364613880742915
74.625,67,68,1,0.05625,0.0625,67.92940408098902,550.0,1.0,74.60563538611926,19.364613880742915
74.6875,36,68,0,0.05625,0.0625,59.29155037009871,550.0,1.0,74.66813538611926,19.364613880742915
74.6875,52,68,1,0.05625,0.0625,52.58811974517366,550.0,1.0,74.66813538611926,19.364613880742915
74.75,50,68,0,0.05625,0.0625,63.30648306687418,550.0,1.0,74.73063538611926,19.364613880742915
74.75,60,68,1,0.05625,0.0625,71.90602602442172,550.0,1.0,74.73063538611926,19.364613880742915
74.8125,36,68,0,0.05625,0.0625,59.14802763330411,550.0,1.0,74.79313538611926,19.364613880742915
74.8125,52,68,1,0.05625,0.0625,52.733714790144184,550.0,1.0,74.79313538611926,19.364613880742915
74.875,50,68,0,0.05625,0.0625,63.33673815075088,550.0,1.0,74.85563538611926,19.364613880742915
74.875,48,68,1,0.05625,0.0625,59.832109608655465,550.0,1.0,74.85563538611926,19.364613880742915
74.9375,45,68,0,0.05625,0.0625,58.906212927446646,550.0,1.0,74.91813538611926,19.364613880742915
74.9375,52,68,1,0.05625,0.0625,53.961260592886035,550.0,1.0,74.91813538611926,19.364613880742915
75.0,36,68,0,0.05625,0.0625,49.5605256145954,550.0,1.0,74.98063538611926,19.364613880742915
75.0,48,68,1,0.05625,0.0625,49.296811775810816,550.0,1.0,74.98063538611926,19.364613880742915
75.0625,57,68,0,0.05625,0.0625,69.8116853444469,550.0,1.0,75.04313538611926,19.364613880742915
75.0625,52,68,1,0.05625,0.0625,53.79871134728886,550.0,1.0,75.04313538611926,19.364613880742915
75.125,43,68,0,0.05625,0.0625,55.67542208757958,550.0,1.0,75.10563538611926,19.364613880742915
75.125,67,68,1,0.05625,0.0625,68.39593428749383,550.0,1.0,75.10563538611926,19.364613880742915
75.1875,48,68,0,0.05625,0.0625,61.201109142918625,550.0,1.0,75.16813538611926,19.364613880742915
75.1875,67,68,1,0.05625,0.0625,66.69874823671611,550.0,1.0,75.16813538611926,19.364613880742915
75.25,48,68,0,0.05625,0.0625,60.969160710306056,550.0,1.0,75.23063538611926,19.364613880742915
75.25,67,68,1,0.05625,0.0625,66.867745529599,550.0,1.0,75.23063538611926,19.364613880742915
75.3125,36,68,0,0.05625,0.0625,59.467293443666556,550.0,1.0,75.29313538611926,19.364613880742915
75.3125,64,68,1,0.05625,0.0625,64.48663928716611,550.0,1.0,75.29313538611926,19.364613880742915
75.375,55,68,0,0.05625,0.0625,67.49821807097847,550.0,1.0,75.35563538611926,19.364613880742915
75.375,57,68,1,0.05625,0.0625,58.00752569685296,550.0,1.0,75.35563538611926,19.364613880742915
75.4375,43,68,0,0.05625,0.0625,55.92443503226336,550.0,1.0,75.41813538611926,19.364613880742915
75.4375,52,68,1,0.05625,0.0625,53.81976307768206,550.0,1.0,75.41813538611926,19.364613880742915
75.5,50,68,0,0.05625,0.0625,62.65958617588451,550.0,1.0,75.48063538611926,19.364613880742915
75.5,74,68,1,0.05625,0.0625,74.15448674542601,550.0,1.0,75.48063538611926,19.364613880742915
75.5625,43,68,0,0.05625,0.0625,54.9319029417544,550.0,1.0,75.54313538611926,19.364613880742915
75.5625,60,68,1,0.05625,0.0625,60.940542887088405,550.0,1.0,75.54313538611926,19.364613880742915
75.625,43,68,0,0.05625,0.0625,55.31751223235288,550.0,1.0,75.60563538611926,19.364613880742915
75.625,55,68,1,0.05625,0.0625,56.74233304722973,550.0,1.0,75.60563538611926,19.364613880742915
75.6875,50,68,0,0.05625,0.0625,63.37034153477555,550.0,1.0,75.66813538611926,19.364613880742915
75.75,40,68,0,0.05625,0.0625,53.53364542696731,550.0,1.0,75.73063538611926,19.364613880742915
75.75,57,68,1,0.05625,0.0625,57.51264638111504,550.0,1.0,75.73063538611926,19.364613880742915
75.8125,48,68,0,0.05625,0.0625,61.79030921563461,550.0,1.0,75.79313538611926,19.364613880742915
75.875,60,68,0,0.05625,0.0625,72.8745432166478,550.0,1.0,75.85563538611926,19.364613880742915
75.875,43,68,1,0.05625,0.0625,44.28515712460019,550.0,1.0,75.85563538611926,19.364613880742915
75.9375,38,68,0,0.05625,0.0625,50.8846489712533,550.0,1.0,75.91813538611926,19.364613880742915
75.9375,55,68,1,0.05625,0.0625,55.29713863657892,550.0,1.0,75.91813538611926,19.364613880742915
76.0,50,68,0,0.05625,0.0625,63.24245138931581,550.0,1.0,75.98063538611926,19.364613880742915
76.0,55,68,1,0.05625,0.0625,55.488803473055405,550.0,1.0,75.98063538611926,19.364613880742915
76.0625,38,68,0,0.05625,0.0625,51.09633030365506,550.0,1.0,76.04313538611926,19.364613880742915
76.0625,62,68,1,0.05625,0.0625,62.236430484730214,550.0,1.0,76.04313538611926,19.364613880742915
76.125,50,68,0,0.05625,0.0625,62.19389852204234,550.0,1.0,76.10563538611926,19.364613880742915
76.125,55,68,1,0.05625,0.0625,56.7709367075419,550.0,1.0,76.10563538611926,19.364613880742915
76.1875,50,68,0,0.05625,0.0625,62.49819946118213,550.0,1.0,76.16813538611926,19.364613880742915
76.1875,48,68,1,0.05625,0.0625,48.13641960244347,550.0,1.0,76.16813538611926,19.364613880742915
76.25,36,68,0,0.05625,0.0625,59.55448994519568,550.0,1.0,76.23063538611926,19.364613880742915
76.25,64,68,1,0.05625,0.0625,65.25310517622619,550.0,1.0,76.23063538611926,19.364613880742915
76.3125,36,68,0,0.05625,0.0625,59.89099933973038,550.0,1.0,76.29313538611926,19.364613880742915
76.3125,48,68,1,0.05625,0.0625,49.47973561324064,550.0,1.0,76.29313538611926,19.364613880742915
76.375,55,68,0,0.05625,0.0625,66.70269081525711,550.0,1.0,76.35563538611926,19.364613880742915
76.375,52,68,1,0.05625,0.0625,52.84979488405308,550.0,1.0,76.35563538611926,19.364613880742915
76.4375,55,68,0,0.05625,0.0625,67.05280287315337,550.0,1.0,76.41813538611926,19.364613880742915
76.4375,57,68,1,0.05625,0.0625,58.05081252974963,550.0,1.0,76.41813538611926,19.364613880742915
76.5,48,68,0,0.05625,0.0625,61.10680082389366,550.0,1.0,76.48063538611926,19.364613880742915
76.5,55,68,1,0.05625,0.0625,56.28709975530628,550.0,1.0,76.48063538611926,19.364613880742915
76.5625,50,68,0,0.05625,0.0625,63.73339220066993,550.0,1.0,76.54313538611926,19.364613880742915
76.5625,67,68,1,0.05625,0.0625,66.47811210531557,550.0,1.0,76.54313538611926,19.364613880742915
76.625,24,68,0,0.05625,0.0625,47.491528370693814,550.0,1.0,76.60563538611926,19.364613880742915
76.625,67,68,1,0.05625,0.0625,68.82632043157109,550.0,1.0,76.60563538611926,19.364613880742915
76.6875,36,68,0,0.05625,0.0625,59.97857549391036,550.0,1.0,76.66813538611926,19.364613880742915
76.6875,50,68,1,0.05625,0.0625,51.54036625497635,550.0,1.0,76.66813538611926,19.364613880742915
76.75,45,68,0,0.05625,0.0625,58.079172993187676,550.0,1.0,76.73063538611926,19.364613880742915
76.75,67,68,1,0.05625,0.0625,66.02907335878484,550.0,1.0,76.73063538611926,19.364613880742915
76.8125,57,68,0,0.05625,0.0625,70.34156688707243,550.0,1.0,76.79313538611926,19.364613880742915
76.875,36,68,0,0.05625,0.0625,48.011841852584276,550.0,1.0,76.85563538611926,19.364613880742915
76.875,55,68,1,0.05625,0.0625,56.66120587759484,550.0,1.0,76.85563538611926,19.364613880742915
76.9375,52,68,0,0.05625,0.0625,64.27555111262488,550.0,1.0,76.91813538611926,19.364613880742915
76.9375,64,68,1,0.05625,0.0625,64.94620201346994,550.0,1.0,76.91813538611926,19.364613880742915
77.0,57,68,0,0.05625,0.0625,70.8665022264662,550.0,1.0,76.98063538611926,19.364613880742915
77.0,55,68,1,0.05625,0.0625,56.944859359977784,550.0,1.0,76.98063538611926,19.364613880742915
77.0625,55,68,0,0.05625,0.0625,68.41899663093122,550.0,1.0,77.04313538611926,19.364613880742915
77.125,38,68,0,0.05625,0.0625,51.33192056444112,550.0,1.0,77.10563538611926,19.364613880742915
77.125,50,68,1,0.05625,0.0625,50.344375778988336,550.0,1.0,77.10563538611926,19.364613880742915
77.1875,45,68,0,0.05625,0.0625,58.12017320127971,550.0,1.0,77.16813538611926,19.364613880742915
77.1875,55,68,1,0.05625,0.0625,55.076396407144756,550.0,1.0,77.16813538611926,19.364613880742915
77.25,50,68,0,0.05625,0.0625,62.669734533793054,550.0,1.0,77.23063538611926,19.364613880742915
77.25,57,68,1,0.05625,0.0625,58.106561209917274,550.0,1.0,77.23063538611926,19.364613880742915
77.3125,48,68,0,0.05625,0.0625,61.6717695879782,550.0,1.0,77.29313538611926,19.364613880742915
77.3125,55,68,1,0.05625,0.0625,56.58357867839989,550.0,1.0,77.29313538611926,19.364613880742915
77.375,45,68,0,0.05625,0.0625,57.553247252004354,550.0,1.0,77.35563538611926,19.364613880742915
77.375,48,68,1,0.05625,0.0625,49.008410216011654,550.0,1.0,77.35563538611926,19.364613880742915
77.4375,36,68,0,0.05625,0.0625,59.67934994587841,550.0,1.0,77.41813538611926,19.364613880742915
77.4375,57,68,1,0.05625,0.0625,57.56001449950755,550.0,1.0,77.41813538611926,19.364613880742915
77.5,40,68,0,0.05625,0.0625,53.99382757539006,550.0,1.0,77.48063538611926,19.364613880742915
77.5,62,68,1,0.05625,0.0625,63.93215859433561,550.0,1.0,77.48063538611926,19.364613880742915
77.5625,50,68,0,0.05625,0.0625,63.82721819625788,550.0,1.0,77.54313538611926,19.364613880742915
77.5625,62,68,1,0.05625,0.0625,63.40435948685141,550.0,1.0,77.54313538611926,19.364613880742915
77.625,43,68,0,0.05625,0.0625,54.01904662048128,550.0,1.0,77.60563538611926,19.364613880742915
77.625,67,68,1,0.05625,0.0625,67.1362004747468,550.0,1.0,77.60563538611926,19.364613880742915
77.6875,45,68,0,0.05625,0.0625,58.69612073366747,550.0,1.0,77.66813538611926,19.364613880742915
77.6875,62,68,1,0.05625,0.0625,62.426557499082,550.0,1.0,77.66813538611926,19.364613880742915
77.75,48,68,0,0.05625,0.0625,60.44561012697716,550.0,1.0,77.73063538611926,19.364613880742915
77.75,60,68,1,0.05625,0.0625,61.56676846996132,550.0,1.0,77.73063538611926,19.364613880742915
77.8125,48,68,0,0.05625,0.0625,60.09217625080827,550.0,1.0,77.79313538611926,19.364613880742915
77.8125,60,68,1,0.05625,0.0625,61.34977245971754,550.0,1.0,77.79313538611926,19.364613880742915
77.875,50,68,0,0.05625,0.0625,62.0628372018255,550.0,1.0,77.85563538611926,19.364613880742915
77.875,64,68,1,0.05625,0.0625,64.60549083877653,550.0,1.0,77.85563538611926,19.364613880742915
77.9375,50,68,0,0.05625,0.0625,63.586329162961555,550.0,1.0,77.91813538611926,19.364613880742915
77.9375,60,68,1,0.05625,0.0625,60.60229521343403,550.0,1.0,77.91813538611926,19.364613880742915
78.0,43,68,0,0.05625,0.0625,55.96529015627549,550.0,1.0,77.98063538611926,19.364613880742915
78.0,36,68,1,0.05625,0.0625,47.20230235181099,550.0,1.0,77.98063538611926,19.364613880742915
78.0625,48,68,0,0.05625,0.0625,61.66890188689229,550.0,1.0,78.04313538611926,19.364613880742915
78.0625,64,68,1,0.05625,0.0625,65.28738876550572,550.0,1.0,78.04313538611926,19.364613880742915
78.125,43,68,0,0.05625,0.0625,56.38262578332689,550.0,1.0,78.10563538611926,19.364613880742915
78.125,55,68,1,0.05625,0.0625,54.28253770191238,550.0,1.0,78.10563538611926,19.364613880742915
78.1875,52,68,0,0.05625,0.0625,65.95644354737445,550.0,1.0,78.16813538611926,19.364613880742915
78.25,48,68,0,0.05625,0.0625,61.17026058350852,550.0,1.0,78.23063538611926,19.364613880742915
78.25,62,68,1,0.05625,0.0625,62.65459499521431,550.0,1.0,78.23063538611926,19.364613880742915
78.3125,48,68,0,0.05625,0.0625,71.03391067121838,550.0,1.0,78.29313538611926,19.364613880742915
78.3125,55,68,1,0.05625,0.0625,54.62062757218934,550.0,1.0,78.29313538611926,19.364613880742915
78.375,48,68,0,0.05625,0.0625,61.47003167025751,550.0,1.0,78.35563538611926,19.364613880742915
78.375,36,68,1,0.05625,0.0625,47.821917893769154,550.0,1.0,78.35563538611926,19.364613880742915
78.4375,64,68,0,0.05625,0.0625,77.27583871743344,550.0,1.0,78.41813538611926,19.364613880742915
78.4375,52,68,1,0.05625,0.0625,53.570712370565374,550.0,1.0,78.41813538611926,19.364613880742915
78.5,48,68,0,0.05625,0.0625,60.7365090274954,550.0,1.0,78.48063538611926,19.364613880742915
78.5,64,68,1,0.05625,0.0625,65.85473801876661,550.0,1.0,78.48063538611926,19.364613880742915
78.5625,50,68,0,0.05625,0.0625,63.12257881173195,550.0,1.0,78.54313538611926,19.364613880742915
78.5625,52,68,1,0.05625,0.0625,53.52515931147167,550.0,1.0,78.54313538611926,19.364613880742915
78.625,52,68,0,0.05625,0.0625,64.2588893786726,550.0,1.0,78.60563538611926,19.364613880742915
78.625,57,68,1,0.05625,0.0625,58.52527816591351,550.0,1.0,78.60563538611926,19.364613880742915
78.6875,57,68,0,0.05625,0.0625,69.12995590109819,550.0,1.0,78.66813538611926,19.364613880742915
78.6875,60,68,1,0.05625,0.0625,61.947142182062954,550.0,1.0,78.66813538611926,19.364613880742915
78.75,55,68,0,0.05625,0.0625,67.4116943441468,550.0,1.0,78.73063538611926,19.364613880742915
78.75,48,68,1,0.05625,0.0625,59.64785637005931,550.0,1.0,78.73063538611926,19.364613880742915
78.8125,43,68,0,0.05625,0.0625,56.8243767589701,550.0,1.0,78.79313538611926,19.364613880742915
78.8125,60,68,1,0.05625,0.0625,61.432203147888615,550.0,1.0,78.79313538611926,19.364613880742915
78.875,36,68,0,0.05625,0.0625,59.93375749456177,550.0,1.0,78.85563538611926,19.364613880742915
78.875,62,68,1,0.05625,0.0625,62.452812209143225,550.0,1.0,78.85563538611926,19.364613880742915
78.9375,50,68,0,0.05625,0.0625,63.95011506220645,550.0,1.0,78.91813538611926,19.364613880742915
78.9375,67,68,1,0.05625,0.0625,68.98965686803685,550.0,1.0,78.91813538611926,19.364613880742915
79.0,50,68,0,0.05625,0.0625,62.15230219693159,550.0,1.0,78.98063538611926,19.364613880742915
79.0,69,68,1,0.05625,0.0625,69.62221690351933,550.0,1.0,78.98063538611926,19.364613880742915
79.0625,45,68,0,0.05625,0.0625,57.70727697740862,550.0,1.0,79.04313538611926,19.364613880742915
79.0625,62,68,1,0.05625,0.0625,62.82421170505355,550.0,1.0,79.04313538611926,19.364613880742915
79.125,40,68,0,0.05625,0.0625,53.63190091710171,550.0,1.0,79.10563538611926,19.364613880742915
79.125,50,68,1,0.05625,0.0625,50.00005963453689,550.0,1.0,79.10563538611926,19.364613880742915
79.1875,38,68,0,0.05625,0.0625,50.78541950709818,550.0,1.0,79.16813538611926,19.364613880742915
79.1875,67,68,1,0.05625,0.0625,68.97417854127863,550.0,1.0,79.16813538611926,19.364613880742915
79.25,50,68,0,0.05625,0.0625,62.33449219652526,550.0,1.0,79.23063538611926,19.364613880742915
79.25,52,68,1,0.05625,0.0625,52.200754395077645,550.0,1.0,79.23063538611926,19.364613880742915
79.3125,48,68,0,0.05625,0.0625,61.78895374652783,550.0,1.0,79.29313538611926,19.364613880742915
79.3125,60,68,1,0.05625,0.0625,71.93922483160655,550.0,1.0,79.29313538611926,19.364613880742915
79.375,45,68,0,0.05625,0.0625,57.70837492523359,550.0,1.0,79.35563538611926,19.364613880742915
79.375,48,68,1,0.05625,0.0625,48.63471488903565,550.0,1.0,79.35563538611926,19.364613880742915
79.4375,48,68,0,0.05625,0.0625,60.09432807579148,550.0,1.0,79.41813538611926,19.364613880742915
79.4375,69,68,1,0.05625,0.0625,70.89881355962133,550.0,1.0,79.41813538611926,19.364613880742915
79.5,60,68,0,0.05625,0.0625,72.85452917775763,550.0,1.0,79.48063538611926,19.364613880742915
79.5,52,68,1,0.05625,0.0625,53.46676019550516,550.0,1.0,79.48063538611926,19.364613880742915
79.5625,50,68,0,0.05625,0.0625,63.930820837758354,550.0,1.0,79.54313538611926,19.364613880742915
79.5625,64,68,1,0.05625,0.0625,65.25193862378069,550.0,1.0,79.54313538611926,19.364613880742915
79.625,57,68,0,0.05625,0.0625,69.56907301603052,550.0,1.0,79.60563538611926,19.364613880742915
79.625,55,68,1,0.05625,0.0625,54.77723226864988,550.0,1.0,79.60563538611926,19.364613880742915
79.6875,48,68,0,0.05625,0.0625,60.35045002548012,550.0,1.0,79.66813538611926,19.364613880742915
79.75,43,68,0,0.05625,0.0625,54.96485149198431,550.0,1.0,79.73063538611926,19.364613880742915
79.75,72,68,1,0.05625,0.0625,73.38613215103344,550.0,1.0,79.73063538611926,19.364613880742915
79.8125,50,68,0,0.05625,0.0625,62.93643033373922,550.0,1.0,79.79313538611926,19.364613880742915
79.8125,60,68,1,0.05625,0.0625,60.27633837074938,550.0,1.0,79.79313538611926,19.364613880742915
79.875,48,68,0,0.05625,0.0625,60.71155171637861,550.0,1.0,79.85563538611926,19.364613880742915
79.9375,38,68,0,0.05625,0.0625,50.703053864068096,550.0,1.0,79.91813538611926,19.364613880742915
79.9375,57,68,1,0.05625,0.0625,57.674918312333105,550.0,1.0,79.91813538611926,19.364613880742915
