onset_time,pitch,velocity_xp,velocity,duration,voice_id,trigger_time
0.0,62,427.5920316416905,53,0.042,100,-0.021710654936461387
0.0,86,425.64160979808287,53,0.0315,101,-0.021710654936461387
0.0,50,487.5920316416905,61,0.042,0,-0.020459433040078204
0.0,74,485.64160979808287,61,0.0315,1,-0.020459433040078204
0.03,88,451.3664784170471,56,0.0315,101,0.008758553274682303
0.03,76,511.3664784170471,64,0.0315,1,0.01000977517106549
0.04,64,458.69407502448223,57,0.042,100,0.018914956011730204
0.04,52,518.6940750244822,65,0.042,0,0.02016617790811339
0.06,86,531.4441548806143,66,0.0315,101,0.04032258064516128
0.06,74,591.4441548806143,74,0.0315,1,0.041573802541544476
0.08,62,531.7938896181685,66,0.042,100,0.060322580645161286
0.08,50,591.7938896181685,74,0.042,0,0.06157380254154448
0.09,90,538.7932551484436,67,0.0315,101,0.07047898338220918
0.09,78,598.7932551484436,75,0.0315,1,0.07173020527859238
0.12,66,517.234918788241,65,0.042,100,0.10016617790811339
0.12,91,559.5736075530056,70,0.063,101,0.10094819159335287
0.12,54,577.234918788241,72,0.042,0,0.10126099706744868
0.12,79,619.5736075530056,77,0.063,1,0.10204301075268817
0.16,67,540.2798627795271,68,0.084,100,0.14063538611925708
0.16,55,600.2798627795271,75,0.084,0,0.14173020527859237
0.18,90,460.62673910286253,58,0.0315,101,0.1590713587487781
0.18,78,520.6267391028625,65,0.0315,1,0.16016617790811338
0.21,96,402.222277852689,50,0.096,101,0.1878201368523949
0.21,84,462.222277852689,58,0.096,1,0.1890713587487781
0.24,66,464.47802941768543,58,0.042,100,0.2190713587487781
0.24,54,524.4780294176854,66,0.042,0,0.22032258064516128
0.27999999999999997,72,407.5316075224832,51,0.128,100,0.2579765395894428
0.27999999999999997,60,467.5316075224832,58,0.128,0,0.25907135874877807
0.38999999999999996,86,433.12819415900594,54,0.0315,101,0.3684457478005865
0.38999999999999996,74,493.12819415900594,62,0.0315,1,0.36969696969696964
0.41999999999999993,84,471.6861991257256,59,0.0315,101,0.39922776148582595
0.41999999999999993,72,531.6861991257256,66,0.0315,1,0.40032258064516124
0.44999999999999996,86,532.4837349236527,67,0.0315,101,0.43047898338220913
0.44999999999999996,74,592.4837349236527,74,0.0315,1,0.4315738025415444
0.48,83,530.6815178150854,66,0.0315,101,0.4603225806451613
0.48,71,590.6815178150854,74,0.0315,1,0.46157380254154445
0.51,81,538.0742330985926,67,0.063,101,0.4904789833822092
0.51,69,598.0742330985926,75,0.063,1,0.4917302052785924
0.5199999999999999,62,470.03727660827224,59,0.042,100,0.4992277614858259
0.5199999999999999,50,530.0372766082722,66,0.042,0,0.5003225806451612
0.5599999999999999,64,464.3832791675095,58,0.042,100,0.5390713587487781
0.5599999999999999,52,524.3832791675095,66,0.042,0,0.5403225806451613
0.5700000000000001,83,474.7277765216612,59,0.0315,101,0.5492277614858261
0.5700000000000001,71,534.7277765216612,67,0.0315,1,0.5504789833822092
0.6000000000000001,76,447.6244325461922,56,0.096,101,0.5787585532746824
0.6000000000000001,88,507.6244325461922,63,0.096,1,0.5798533724340177
0.6,62,560.7102221632657,70,0.042,100,0.5809481915933529
0.6,50,620.7102221632657,78,0.042,0,0.582199413489736
0.64,66,543.5067384568715,68,0.042,100,0.6206353861192571
0.64,54,603.5067384568715,75,0.042,0,0.6217302052785924
0.68,67,552.1477995696237,69,0.084,100,0.6607917888563051
0.68,55,612.1477995696237,77,0.084,0,0.6620430107526882
0.76,66,478.1947823214131,60,0.042,100,0.7393841642228739
0.76,54,538.1947823214131,67,0.042,0,0.7404789833822092
0.78,86,481.1241887983208,60,0.0315,101,0.7593841642228739
0.78,74,541.1241887983208,68,0.0315,1,0.7606353861192571
0.8,72,459.9466126840059,57,0.128,100,0.7789149560117302
0.8,60,519.9466126840059,65,0.128,0,0.7801661779081135
0.81,88,487.05474706742075,61,0.0315,101,0.7895405669599218
0.81,76,547.0547470674207,68,0.0315,1,0.7906353861192571
0.8400000000000001,86,550.251656736134,69,0.0315,101,0.8207917888563051
0.8400000000000001,74,610.251656736134,76,0.0315,1,0.8218866080156404
0.8700000000000001,90,535.9637810515071,67,0.0315,101,0.8504789833822093
0.8700000000000001,78,595.9637810515071,74,0.0315,1,0.8515738025415446
0.9000000000000001,91,559.9295012513638,70,0.063,101,0.880948191593353
0.9000000000000001,79,619.9295012513638,77,0.063,1,0.8820430107526883
0.9600000000000002,90,496.0147547144005,62,0.0315,101,0.9396969696969699
0.9600000000000002,78,556.0147547144005,70,0.0315,1,0.9409481915933531
0.9900000000000002,96,476.2361640108711,60,0.096,101,0.9693841642228741
0.9900000000000002,84,536.2361640108711,67,0.096,1,0.9704789833822094
1.04,62,490.6974279198547,61,0.042,100,1.0195405669599218
1.04,50,550.6974279198547,69,0.042,0,1.020791788856305
1.08,60,497.5901143768332,62,0.042,100,1.0596969696969698
1.08,48,557.5901143768332,70,0.042,0,1.060948191593353
1.12,62,572.6792193782769,72,0.042,100,1.1012609970674487
1.12,50,632.6792193782769,79,0.042,0,1.1023558162267841
1.1600000000000001,59,577.1205696112636,72,0.042,100,1.1412609970674488
1.1600000000000001,47,637.1205696112636,80,0.042,0,1.142512218963832
1.1700000000000004,86,500.62120220866245,63,0.0315,101,1.1498533724340179
1.1700000000000004,74,560.6212022086625,70,0.0315,1,1.1509481915933533
1.2000000000000004,79,520.5007980258733,65,0.063,101,1.1801661779081138
1.2000000000000002,57,585.2646938933922,73,0.084,100,1.1814173998044968
1.2000000000000004,67,580.5007980258733,73,0.063,1,1.181417399804497
1.2000000000000002,45,645.2646938933922,81,0.084,0,1.18266862170088
1.2600000000000005,81,577.8392092333826,72,0.0315,101,1.241260997067449
1.2600000000000005,69,637.8392092333826,80,0.0315,1,1.2425122189638322
1.2800000000000002,59,517.5900445722631,65,0.042,100,1.2601661779081137
1.2800000000000002,47,577.5900445722631,72,0.042,0,1.2612609970674489
1.2900000000000005,79,562.912507335179,70,0.0315,101,1.2709481915933534
1.2900000000000005,67,622.912507335179,78,0.0315,1,1.2721994134897365
1.3200000000000003,52,476.58922063315663,60,0.128,100,1.2993841642228743
1.3200000000000003,40,536.5892206331566,67,0.128,0,1.3004789833822095
1.3200000000000005,76,575.1741162211115,72,0.0315,101,1.3012609970674491
1.3200000000000005,64,635.1741162211115,79,0.0315,1,1.3023558162267845
1.3500000000000005,78,507.3333863680102,63,0.0315,101,1.329853372434018
1.3500000000000005,66,567.3333863680102,71,0.0315,1,1.3311045943304014
1.3800000000000006,76,499.85794988205555,62,0.096,101,1.3596969696969703
1.3800000000000006,64,559.8579498820556,70,0.096,1,1.3609481915933535
1.5600000000000005,86,507.9719186218807,63,0.0315,101,1.539853372434018
1.5600000000000003,62,543.5283299830189,68,0.042,100,1.5406353861192574
1.5600000000000005,74,567.9719186218807,71,0.0315,1,1.5411045943304014
1.5600000000000003,50,603.5283299830189,75,0.042,0,1.5417302052785926
1.5900000000000005,88,537.4462879412037,67,0.0315,101,1.5704789833822097
1.5900000000000005,76,597.4462879412037,75,0.0315,1,1.5717302052785929
1.6000000000000003,64,522.9693275028588,65,0.042,100,1.5801661779081138
1.6000000000000003,52,582.9693275028588,73,0.042,0,1.581417399804497
1.6200000000000006,86,590.103631674792,74,0.0315,101,1.6015738025415451
1.6200000000000006,74,650.103631674792,81,0.0315,1,1.6026686217008803
1.6400000000000003,62,595.7091240184853,74,0.042,100,1.621573802541545
1.6400000000000003,50,655.7091240184853,82,0.042,0,1.622825024437928
1.6500000000000006,90,605.327433209138,76,0.0315,101,1.631886608015641
1.6500000000000006,78,665.327433209138,83,0.0315,1,1.632981427174976
1.6800000000000004,66,585.7492594414737,73,0.042,100,1.661417399804497
1.6800000000000006,91,608.2986513171298,76,0.063,101,1.661886608015641
1.6800000000000004,54,645.7492594414737,81,0.042,0,1.6626686217008801
1.6800000000000006,79,668.2986513171298,84,0.063,1,1.663137829912024
1.7200000000000004,67,612.878782245438,77,0.084,100,1.7020430107526885
1.7200000000000004,55,672.878782245438,84,0.084,0,1.703137829912024
1.7400000000000007,90,532.3339458995583,67,0.0315,101,1.7204789833822098
1.7400000000000007,78,592.3339458995583,74,0.0315,1,1.7215738025415452
1.7700000000000007,96,491.89929552755973,61,0.096,101,1.7495405669599224
1.7700000000000007,84,551.8992955275597,69,0.096,1,1.7507917888563056
1.8000000000000005,66,550.4312933056204,69,0.042,100,1.7807917888563054
1.8000000000000005,54,610.4312933056204,76,0.042,0,1.7818866080156408
1.8400000000000005,72,494.11115403445547,62,0.128,100,1.8196969696969703
1.8400000000000005,60,554.1111540344555,69,0.128,0,1.8207917888563054
1.9500000000000006,86,527.3729350688161,66,0.0315,101,1.9303225806451618
1.9500000000000006,74,587.3729350688161,73,0.0315,1,1.9314173998044972
1.9800000000000006,88,550.0211523543366,69,0.0315,101,1.9607917888563056
1.9800000000000006,76,610.0211523543366,76,0.0315,1,1.961886608015641
2.0100000000000007,86,612.6431119085278,77,0.0315,101,1.9920430107526887
2.0100000000000007,74,672.6431119085278,84,0.0315,1,1.9931378299120242
2.0400000000000005,90,596.4839909300534,75,0.0315,101,2.021730205278593
2.0400000000000005,78,656.4839909300534,82,0.0315,1,2.022825024437928
2.0700000000000003,91,605.2635111255739,76,0.063,101,2.0518866080156406
2.0700000000000003,79,665.2635111255739,83,0.063,1,2.052981427174976
2.0800000000000005,62,530.5926985988694,66,0.042,100,2.060322580645162
2.0800000000000005,50,590.5926985988694,74,0.042,0,2.061573802541545
2.1200000000000006,55,540.5817293250635,68,0.084,100,2.1006353861192575
2.1200000000000006,43,600.5817293250635,75,0.084,0,2.101730205278593
2.1300000000000003,90,552.9526828330173,69,0.0315,101,2.1107917888563055
2.1300000000000003,78,612.9526828330173,77,0.0315,1,2.1120430107526884
2.16,96,527.8772791680259,66,0.096,101,2.1403225806451616
2.16,84,587.8772791680259,73,0.096,1,2.1414173998044967
2.2000000000000006,57,633.6697101857189,79,0.042,100,2.1823558162267847
2.2000000000000006,45,693.6697101857189,87,0.042,0,2.1836070381231676
2.2400000000000007,55,628.195791183536,79,0.042,100,2.2223558162267847
2.2400000000000007,43,688.195791183536,86,0.042,0,2.22345063538612
2.2800000000000007,52,635.5184553246096,79,0.042,100,2.2623558162267847
2.2800000000000007,40,695.5184553246096,87,0.042,0,2.2636070381231677
2.3200000000000007,54,550.3822242853969,69,0.042,100,2.300791788856306
2.3200000000000007,42,610.3822242853969,76,0.042,0,2.301886608015641
2.3400000000000003,95,552.8855431253022,69,0.0315,101,2.3207917888563054
2.3400000000000003,83,612.8855431253022,77,0.0315,1,2.3220430107526884
2.3600000000000008,52,519.5084920364685,65,0.128,100,2.340166177908114
2.3600000000000008,40,579.5084920364685,72,0.128,0,2.3412609970674496
2.37,93,558.8401375198252,70,0.0315,101,2.350948191593353
2.37,81,618.8401375198252,77,0.0315,1,2.352043010752688
2.4,95,636.9870127936521,80,0.0315,101,2.3825122189638317
2.4,83,696.9870127936521,87,0.0315,1,2.383607038123167
2.4299999999999997,91,642.1745735206081,80,0.0315,101,2.4125122189638315
2.4299999999999997,79,702.1745735206081,88,0.0315,1,2.413763440860215
2.4599999999999995,90,638.3981992551901,80,0.063,101,2.4425122189638313
2.4599999999999995,78,698.3981992551901,87,0.063,1,2.4436070381231665
2.5199999999999996,91,560.8238592533561,70,0.0315,101,2.5009481915933525
2.5199999999999996,79,620.8238592533561,78,0.0315,1,2.502199413489736
2.5499999999999994,84,536.9279928561614,67,0.096,101,2.5304789833822086
2.5499999999999994,72,596.9279928561614,75,0.08453079178885792,1,2.531730205278592
2.600000000000001,71,561.7958993812986,70,0.042,100,2.580948191593354
2.600000000000001,59,621.7958993812986,78,0.042,0,2.5821994134897372
2.640000000000001,72,572.5543233691576,72,0.042,100,2.62126099706745
2.640000000000001,60,632.5543233691576,79,0.042,0,2.622355816226785
2.680000000000001,71,653.9059908656092,82,0.042,100,2.662825024437929
2.680000000000001,59,713.9059908656092,89,0.042,0,2.663919843597264
2.720000000000001,74,639.2920469164421,80,0.042,100,2.702512218963833
2.720000000000001,62,699.2920469164421,87,0.042,0,2.703607038123168
2.7299999999999995,95,569.9101704807103,71,0.0315,101,2.7111045943304
2.7299999999999995,83,629.9101704807103,79,0.0315,1,2.7123558162267836
2.7599999999999993,96,592.3331803644968,74,0.0315,101,2.7415738025415437
2.7599999999999993,84,652.3331803644968,82,0.0315,1,2.742825024437927
2.760000000000001,76,654.2225124448343,82,0.084,100,2.742825024437929
2.760000000000001,64,714.2225124448343,89,0.084,0,2.743919843597264
2.789999999999999,95,649.2357019982255,81,0.0315,101,2.772668621700879
2.789999999999999,83,709.2357019982255,89,0.0315,1,2.773919843597262
2.819999999999999,98,625.1268257884057,78,0.0315,101,2.8021994134897352
2.819999999999999,86,685.1268257884057,86,0.0315,1,2.803450635386118
2.840000000000001,74,577.2495448137787,72,0.042,100,2.82126099706745
2.840000000000001,62,637.2495448137787,80,0.042,0,2.822512218963833
2.8499999999999988,100,632.502362036152,79,0.063,101,2.832355816226783
2.8499999999999988,88,692.502362036152,87,0.063,1,2.8336070381231657
2.8800000000000012,81,537.9754100998382,67,0.128,100,2.8604789833822104
2.8800000000000012,69,597.9754100998382,75,0.128,0,2.861730205278594
2.909999999999999,98,598.3903231847299,75,0.0315,101,2.8917302052785914
2.909999999999999,86,658.3903231847299,82,0.0315,1,2.8928250244379266
2.9399999999999986,105,556.9935296112307,70,0.096,101,2.9209481915933515
2.9399999999999986,93,616.9935296112307,77,0.096,1,2.9220430107526867
3.1199999999999988,95,574.2383928186923,72,0.0315,101,3.1012609970674476
3.1200000000000014,71,583.968082088146,73,0.042,100,3.101417399804498
3.1199999999999988,83,634.2383928186923,79,0.0315,1,3.102355816226783
3.1200000000000014,59,643.968082088146,80,0.042,0,3.1025122189638332
3.1499999999999986,88,580.7575816616353,73,0.063,101,3.131417399804495
3.1499999999999986,76,640.7575816616353,80,0.063,1,3.1325122189638304
3.1600000000000015,72,568.132989897815,71,0.042,100,3.141104594330402
3.1600000000000015,60,628.132989897815,79,0.042,0,3.1423558162267855
3.2000000000000015,71,654.9906084663389,82,0.042,100,3.1828250244379293
3.2000000000000015,59,714.9906084663389,89,0.042,0,3.1839198435972644
3.2099999999999986,90,676.6191308044326,85,0.0315,101,3.19329423264907
3.2099999999999986,78,736.6191308044326,92,0.0315,1,3.1943890518084053
3.2399999999999984,88,638.3884159199916,80,0.0315,101,3.22251221896383
3.2400000000000015,74,646.0284922530001,81,0.042,100,3.2226686217008815
3.2399999999999984,76,698.3884159199916,87,0.0315,1,3.2236070381231654
3.2400000000000015,62,706.0284922530001,88,0.042,0,3.2237634408602167
3.2699999999999982,84,649.8424558213949,81,0.0315,101,3.2526686217008782
3.2699999999999982,72,709.8424558213949,89,0.0315,1,3.253919843597261
3.2800000000000016,64,653.1566103119637,82,0.084,100,3.2628250244379293
3.2800000000000016,52,713.1566103119637,89,0.084,0,3.2639198435972645
3.299999999999998,86,596.8547296290768,75,0.0315,101,3.2817302052785906
3.299999999999998,74,656.8547296290768,82,0.0315,1,3.282825024437926
3.329999999999998,84,541.9473955007264,68,0.096,101,3.310635386119255
3.329999999999998,72,601.9473955007264,75,0.096,1,3.3117302052785904
3.3600000000000017,74,587.2436288389257,73,0.042,100,3.3414173998044983
3.3600000000000017,62,647.2436288389257,81,0.042,0,3.3426686217008816
3.4000000000000017,81,566.227742475822,71,0.128,100,3.3811045943304023
3.4000000000000017,69,626.227742475822,78,0.128,0,3.382199413489738
3.509999999999998,95,585.5878215737383,73,0.0315,101,3.4914173998044946
3.509999999999998,83,645.5878215737383,81,0.0315,1,3.492668621700878
3.539999999999998,96,592.4617036927533,74,0.0315,101,3.521573802541542
3.539999999999998,84,652.4617036927533,82,0.0315,1,3.5228250244379256
3.5699999999999976,95,671.239332238109,84,0.0315,101,3.553137829912021
3.5699999999999976,83,731.239332238109,91,0.0315,1,3.5542326490713565
3.5999999999999974,98,676.4923811654309,85,0.0315,101,3.583294232649069
3.5999999999999974,86,736.4923811654309,92,0.0315,1,3.584389051808404
3.6299999999999972,100,669.4180260565761,84,0.063,101,3.6131378299120205
3.6299999999999972,88,729.4180260565761,91,0.063,1,3.614232649071356
3.640000000000002,71,577.7894047099998,72,0.042,100,3.6212609970674507
3.640000000000002,59,637.7894047099998,80,0.042,0,3.6225122189638337
3.680000000000002,69,608.684546516744,76,0.042,100,3.6618866080156423
3.680000000000002,57,668.684546516744,84,0.042,0,3.663137829912025
3.6899999999999973,98,604.9685022408495,76,0.0315,101,3.6718866080156376
3.6899999999999973,86,664.9685022408495,83,0.0315,1,3.672981427174973
3.719999999999997,105,529.9923242717443,66,0.096,101,3.7003225806451585
3.719999999999997,93,589.9923242717443,74,0.096,1,3.7015738025415414
3.720000000000002,71,649.7361009955649,81,0.042,100,3.702668621700882
3.720000000000002,59,709.7361009955649,89,0.042,0,3.703919843597265
3.760000000000002,67,658.4137461937154,82,0.042,100,3.7428250244379297
3.760000000000002,55,718.4137461937154,90,0.042,0,3.7440762463343127
3.800000000000002,66,673.1891716570593,84,0.084,100,3.7831378299120253
3.800000000000002,54,733.1891716570593,92,0.084,0,3.7843890518084087
3.880000000000002,67,607.2946022176661,76,0.042,100,3.8618866080156424
3.880000000000002,55,667.2946022176661,83,0.042,0,3.8629814271749776
3.8999999999999972,95,591.7920701556628,74,0.0315,101,3.8815738025415416
3.8999999999999972,83,651.7920701556628,81,0.0315,1,3.8826686217008772
3.920000000000002,60,566.1859100343082,71,0.128,100,3.901104594330403
3.920000000000002,48,626.1859100343082,78,0.128,0,3.9021994134897384
3.929999999999997,96,590.8317699793699,74,0.0315,101,3.9115738025415414
3.929999999999997,84,650.8317699793699,81,0.0315,1,3.912668621700877
3.959999999999997,95,658.8896416064961,82,0.0315,101,3.9428250244379246
3.959999999999997,83,718.8896416064961,90,0.0315,1,3.9440762463343075
3.9899999999999967,98,655.1905355584207,82,0.0315,101,3.9728250244379244
3.9899999999999967,86,715.1905355584207,89,0.0315,1,3.9739198435972596
4.019999999999997,100,670.2454743905366,84,0.063,101,4.003137829912021
4.019999999999997,88,730.2454743905366,91,0.063,1,4.004232649071356
4.0799999999999965,98,613.7506011510197,77,0.0315,101,4.062043010752685
4.0799999999999965,86,673.7506011510197,84,0.0315,1,4.06313782991202
4.109999999999997,105,543.9926539394048,68,0.096,101,4.090635386119254
4.109999999999997,93,603.9926539394048,75,0.096,1,4.091730205278589
4.160000000000002,71,604.9179660769258,76,0.042,100,4.141886608015642
4.160000000000002,59,664.9179660769258,83,0.042,0,4.142981427174978
4.200000000000002,72,599.7366074710694,75,0.042,100,4.181730205278594
4.200000000000002,60,659.7366074710694,82,0.042,0,4.182825024437929
4.240000000000002,71,670.8748639663536,84,0.042,100,4.223137829912026
4.240000000000002,59,730.8748639663536,91,0.042,0,4.224232649071361
4.280000000000002,74,678.8558992544313,85,0.042,100,4.2632942326490735
4.280000000000002,62,738.8558992544313,92,0.042,0,4.264389051808409
4.2899999999999965,95,596.827314503516,75,0.0315,101,4.271730205278589
4.2899999999999965,83,656.827314503516,82,0.0315,1,4.272825024437924
4.319999999999997,93,599.0166529716703,75,0.0315,101,4.301730205278589
4.319999999999997,81,659.0166529716703,82,0.0315,1,4.302825024437924
4.320000000000002,76,674.7024755005206,84,0.084,100,4.303137829912026
4.320000000000002,64,734.7024755005206,92,0.084,0,4.304389051808409
4.349999999999997,95,673.2521884875597,84,0.0315,101,4.333137829912021
4.349999999999997,83,733.2521884875597,92,0.0315,1,4.334389051808404
4.379999999999997,91,681.2226675136786,85,0.0315,101,4.363294232649069
4.379999999999997,79,741.2226675136786,93,0.0315,1,4.364545454545452
4.400000000000002,74,589.9789821067968,74,0.042,100,4.3815738025415465
4.400000000000002,62,649.9789821067968,81,0.042,0,4.382668621700882
4.4099999999999975,90,683.965542006193,85,0.063,101,4.393294232649069
4.4099999999999975,78,743.965542006193,93,0.063,1,4.394545454545452
4.440000000000002,81,548.7102815060052,69,0.128,100,4.420791788856307
4.440000000000002,69,608.7102815060052,76,0.128,0,4.421886608015642
4.469999999999997,91,621.6447635003638,78,0.0315,101,4.452199413489733
4.469999999999997,79,681.6447635003638,85,0.0315,1,4.4532942326490685
4.499999999999997,84,560.6825792973053,70,0.096,101,4.48094819159335
4.499999999999997,72,620.6825792973053,78,0.096,1,4.482199413489734
4.680000000000002,67,586.795131340554,73,0.042,100,4.661417399804499
4.679999999999997,95,589.4772474325249,74,0.0315,101,4.661573802541541
4.679999999999997,83,649.4772474325249,81,0.0315,1,4.662668621700877
4.680000000000002,55,646.795131340554,81,0.042,0,4.662668621700882
4.709999999999997,96,603.2988494672218,75,0.0315,101,4.691730205278589
4.709999999999997,84,663.2988494672218,83,0.0315,1,4.692981427174973
4.720000000000002,60,611.9447757017052,76,0.084,100,4.701886608015642
4.720000000000002,48,671.9447757017052,84,0.084,0,4.703137829912026
4.7399999999999975,95,681.0422256762419,85,0.0315,101,4.723294232649069
4.7399999999999975,83,741.0422256762419,93,0.0315,1,4.724545454545452
4.769999999999998,98,672.0458858197699,84,0.0315,101,4.7531378299120215
4.769999999999998,86,732.0458858197699,92,0.0315,1,4.754389051808404
4.799999999999998,100,665.022290384062,83,0.063,101,4.782981427174974
4.8000000000000025,62,679.7440560837092,85,0.042,100,4.783294232649074
4.799999999999998,88,725.022290384062,91,0.063,1,4.784232649071357
4.8000000000000025,50,739.7440560837092,92,0.042,0,4.784389051808409
4.8400000000000025,60,678.0551635390759,85,0.042,100,4.823294232649074
4.8400000000000025,48,738.0551635390759,92,0.042,0,4.824389051808409
4.859999999999998,98,606.7872323712501,76,0.0315,101,4.8418866080156375
4.859999999999998,86,666.7872323712501,83,0.0315,1,4.842981427174974
4.880000000000003,57,672.6773171498729,84,0.042,100,4.863137829912026
4.880000000000003,45,732.6773171498729,92,0.042,0,4.864389051808409
4.889999999999998,105,565.1700186293062,71,0.096,101,4.871104594330399
4.889999999999998,93,625.1700186293062,78,0.096,1,4.872199413489734
4.920000000000003,59,607.3769119103789,76,0.042,100,4.9018866080156425
4.920000000000003,47,667.3769119103789,83,0.042,0,4.9029814271749785
4.960000000000003,57,569.6295951710484,71,0.128,100,4.941104594330404
4.960000000000003,45,629.6295951710484,79,0.128,0,4.942355816226787
5.069999999999998,91,626.6694250427901,78,0.0315,101,5.052199413489734
5.069999999999998,79,686.6694250427901,86,0.0315,1,5.053450635386117
5.099999999999998,84,626.928254125151,78,0.063,101,5.082199413489734
5.099999999999998,72,686.928254125151,86,0.063,1,5.083450635386117
5.1599999999999975,86,665.8538293587715,83,0.0315,101,5.142981427174973
5.1599999999999975,74,725.8538293587715,91,0.0315,1,5.144232649071356
5.189999999999998,84,664.2130057317787,83,0.0315,101,5.172981427174974
5.189999999999998,72,724.2130057317787,91,0.0315,1,5.174232649071357
5.200000000000003,67,591.6856407778838,74,0.042,100,5.181573802541547
5.200000000000003,55,651.6856407778838,81,0.042,0,5.182668621700882
5.219999999999998,81,657.9825886329103,82,0.0315,101,5.202825024437925
5.219999999999998,69,717.9825886329103,90,0.0315,1,5.204076246334309
5.240000000000003,57,608.65660715318,76,0.042,100,5.221886608015643
5.240000000000003,45,668.65660715318,84,0.042,0,5.223137829912027
5.249999999999998,83,595.9855899281291,74,0.0315,101,5.231573802541543
5.249999999999998,71,655.9855899281291,82,0.0315,1,5.2328250244379255
5.2799999999999985,81,563.3823231424203,70,0.096,101,5.260948191593351
5.2799999999999985,69,623.3823231424203,78,0.096,1,5.262199413489735
5.280000000000003,67,666.9881005773743,83,0.042,100,5.262981427174979
5.280000000000003,55,726.9881005773743,91,0.042,0,5.264232649071362
5.320000000000003,71,661.9660682415098,83,0.042,100,5.302981427174979
5.320000000000003,59,721.9660682415098,90,0.042,0,5.304076246334314
5.360000000000003,72,669.43460101312,84,0.084,100,5.343137829912027
5.360000000000003,60,729.43460101312,91,0.084,0,5.344232649071362
5.440000000000003,71,586.4658228731367,73,0.042,100,5.4214173998045
5.440000000000003,59,646.4658228731367,81,0.042,0,5.422668621700883
5.459999999999998,91,606.8469344294832,76,0.0315,101,5.441886608015638
5.459999999999998,79,666.8469344294832,83,0.0315,1,5.442981427174974
5.480000000000003,78,562.9388964673703,70,0.128,100,5.4609481915933555
5.480000000000003,66,622.9388964673703,78,0.128,0,5.462199413489739
5.489999999999998,93,591.367588430664,74,0.0315,101,5.471573802541543
5.489999999999998,81,651.367588430664,81,0.0315,1,5.472668621700878
5.519999999999999,91,663.9978481236172,83,0.0315,101,5.502981427174975
5.519999999999999,79,723.9978481236172,90,0.0315,1,5.50407624633431
5.549999999999999,95,637.45941758402,80,0.0315,101,5.532512218963831
5.549999999999999,83,697.45941758402,87,0.0315,1,5.533607038123166
5.579999999999999,96,668.9680551382397,84,0.063,101,5.563137829912023
5.579999999999999,84,728.9680551382397,91,0.063,1,5.564232649071358
5.639999999999999,95,585.0101240852134,73,0.0315,101,5.621417399804495
5.639999999999999,83,645.0101240852134,81,0.0315,1,5.622668621700878
5.669999999999999,102,547.723256049723,68,0.096,101,5.650635386119256
5.669999999999999,90,607.723256049723,76,0.096,1,5.651886608015639
5.720000000000003,67,582.546550015886,73,0.042,100,5.7014173998045
5.720000000000003,55,642.546550015886,80,0.042,0,5.702512218963835
5.760000000000003,69,595.7457945703833,74,0.042,100,5.741573802541548
5.760000000000003,57,655.7457945703833,82,0.042,0,5.742825024437931
5.800000000000003,67,672.7610807701762,84,0.042,100,5.783137829912027
5.800000000000003,55,732.7610807701762,92,0.042,0,5.78438905180841
5.840000000000003,71,663.383776631547,83,0.042,100,5.822981427174979
5.840000000000003,59,723.383776631547,90,0.042,0,5.8240762463343145
5.849999999999999,91,575.1269546363682,72,0.0315,101,5.831260997067448
5.849999999999999,79,635.1269546363682,79,0.0315,1,5.832355816226783
5.879999999999999,93,592.0588266503659,74,0.0315,101,5.861573802541543
5.879999999999999,81,652.0588266503659,82,0.0315,1,5.862825024437926
5.8800000000000034,72,673.3460398364966,84,0.084,100,5.863137829912027
5.8800000000000034,60,733.3460398364966,92,0.084,0,5.86438905180841
5.909999999999999,91,643.6297396246143,80,0.0315,101,5.892512218963831
5.909999999999999,79,703.6297396246143,88,0.0315,1,5.893763440860214
5.9399999999999995,95,638.2994324140426,80,0.0315,101,5.922512218963831
5.9399999999999995,83,698.2994324140426,87,0.0315,1,5.9236070381231665
5.9600000000000035,71,590.2713284703075,74,0.042,100,5.941573802541548
5.9600000000000035,59,650.2713284703075,81,0.042,0,5.942668621700883
5.97,96,688.9510579041817,86,0.063,101,5.953450635386119
5.97,84,748.9510579041817,94,0.063,1,5.954701857282502
6.0000000000000036,78,542.3010485657046,68,0.128,100,5.9806353861192605
6.0000000000000036,66,602.3010485657046,75,0.128,0,5.981730205278596
6.029999999999999,95,574.3982935431646,72,0.0315,101,6.011260997067448
6.029999999999999,83,634.3982935431646,79,0.0315,1,6.012355816226783
6.06,102,532.8086736079413,67,0.096,101,6.040478983382209
6.06,90,592.8086736079413,74,0.096,1,6.041573802541544
6.240000000000004,67,575.4360048472067,72,0.042,100,6.221260997067453
6.239999999999999,91,598.4355857179394,75,0.0315,101,6.221730205278591
6.240000000000004,55,635.4360048472067,79,0.042,0,6.222355816226788
6.239999999999999,79,658.4355857179394,82,0.0315,1,6.222825024437927
6.27,90,618.605589614492,77,0.0315,101,6.252043010752688
6.27,78,678.605589614492,85,0.0315,1,6.253294232649071
6.280000000000004,66,563.2228135184429,70,0.042,100,6.260948191593356
6.280000000000004,54,623.2228135184429,78,0.042,0,6.26219941348974
6.3,91,641.0309115657387,80,0.0315,101,6.282512218963832
6.3,79,701.0309115657387,88,0.0315,1,6.2837634408602145
6.320000000000004,67,637.1656345439395,80,0.042,100,6.302512218963836
6.320000000000004,55,697.1656345439395,87,0.042,0,6.303607038123171
6.33,88,641.6656198245164,80,0.0315,101,6.312512218963832
6.33,76,701.6656198245164,88,0.0315,1,6.313763440860215
6.360000000000004,64,629.3580183387543,79,0.042,100,6.342355816226788
6.36,86,657.4937878417046,82,0.063,101,6.342825024437928
6.360000000000004,52,689.3580183387543,86,0.042,0,6.343450635386123
6.36,74,717.4937878417046,90,0.063,1,6.344076246334311
6.400000000000004,62,640.2679218071664,80,0.084,100,6.382512218963836
6.400000000000004,50,700.2679218071664,88,0.084,0,6.383763440860219
6.42,88,600.2186202381097,75,0.0315,101,6.401730205278592
6.42,76,660.2186202381097,83,0.0315,1,6.402981427174976
6.45,81,523.5721955134048,65,0.096,101,6.430166177908114
6.45,69,583.5721955134048,73,0.096,1,6.431417399804497
6.480000000000004,64,582.4679755796509,73,0.042,100,6.461417399804501
6.480000000000004,52,642.4679755796509,80,0.042,0,6.462512218963836
6.520000000000004,57,522.4081397721797,65,0.128,100,6.500166177908118
6.520000000000004,45,582.4081397721797,73,0.128,0,6.501417399804501
6.63,91,561.8217590678657,70,0.0315,101,6.610948191593352
6.63,79,621.8217590678657,78,0.0315,1,6.612199413489736
6.66,93,581.2706741261736,73,0.0315,101,6.641417399804497
6.66,81,641.2706741261736,80,0.0315,1,6.642512218963832
6.69,91,648.3313100221559,81,0.0315,101,6.67266862170088
6.69,79,708.3313100221559,89,0.0315,1,6.673919843597264
6.720000000000001,95,629.4229210376635,79,0.0315,101,6.702355816226785
6.720000000000001,83,689.4229210376635,86,0.0315,1,6.70345063538612
6.750000000000001,96,639.4704444556636,80,0.063,101,6.732512218963833
6.750000000000001,84,699.4704444556636,87,0.063,1,6.733607038123168
6.760000000000004,67,555.857719023137,69,0.042,100,6.740791788856309
6.760000000000004,55,615.857719023137,77,0.042,0,6.742043010752693
6.800000000000004,69,582.759341773606,73,0.042,100,6.781417399804501
6.800000000000004,57,642.759341773606,80,0.042,0,6.782512218963836
6.8100000000000005,95,550.3184861784143,69,0.0315,101,6.790791788856305
6.8100000000000005,83,610.3184861784143,76,0.0315,1,6.79188660801564
6.840000000000001,102,519.7321935522535,65,0.096,101,6.820166177908114
6.840000000000001,90,579.7321935522535,72,0.096,1,6.82126099706745
6.840000000000004,67,633.6512595980503,79,0.042,100,6.822355816226788
6.840000000000004,55,693.6512595980503,87,0.042,0,6.823607038123171
6.880000000000004,71,637.1767039864428,80,0.042,100,6.862512218963836
6.880000000000004,59,697.1767039864428,87,0.042,0,6.863607038123171
6.920000000000004,72,623.8312823269251,78,0.084,100,6.902199413489741
6.920000000000004,60,683.8312823269251,85,0.084,0,6.903294232649076
7.000000000000004,71,557.4220130086675,70,0.042,100,6.980948191593357
7.000000000000004,59,617.4220130086675,77,0.042,0,6.982043010752693
7.0200000000000005,93,547.7689938823136,68,0.0315,101,7.000635386119257
7.0200000000000005,81,607.7689938823136,76,0.0315,1,7.00188660801564
7.0400000000000045,78,503.8033685705226,63,0.128,100,7.019853372434022
7.0400000000000045,66,563.8033685705226,70,0.128,0,7.020948191593357
7.050000000000001,86,560.7714731024992,70,0.063,101,7.030948191593353
7.050000000000001,74,620.7714731024992,78,0.063,1,7.032199413489737
7.11,88,621.1691684911895,78,0.0315,101,7.092199413489737
7.11,76,681.1691684911895,85,0.0315,1,7.093294232649072
7.140000000000001,86,624.1482217892442,78,0.0315,101,7.122199413489737
7.140000000000001,74,684.1482217892442,86,0.0315,1,7.12345063538612
7.170000000000001,83,637.6174292529062,80,0.0315,101,7.152512218963833
7.170000000000001,71,697.6174292529062,87,0.0315,1,7.153607038123168
7.200000000000001,84,553.9580435665335,69,0.0315,101,7.180791788856306
7.200000000000001,72,613.9580435665335,77,0.0315,1,7.18204301075269
7.230000000000001,83,511.93799717773095,64,0.096,101,7.210009775171067
7.230000000000001,71,571.937997177731,71,0.096,1,7.211104594330402
7.280000000000005,69,536.6061794116127,67,0.042,100,7.260478983382214
7.280000000000005,57,596.6061794116127,75,0.042,0,7.261730205278597
7.320000000000005,62,557.2682240607336,70,0.084,100,7.300948191593357
7.320000000000005,50,617.2682240607336,77,0.084,0,7.302043010752693
7.400000000000005,64,595.2641917598248,74,0.042,100,7.381573802541549
7.400000000000005,52,655.2641917598248,82,0.042,0,7.382825024437932
7.410000000000001,93,535.8682515849031,67,0.0315,101,7.39047898338221
7.410000000000001,81,595.8682515849031,74,0.0315,1,7.391573802541545
7.440000000000001,95,542.1130413111582,68,0.0315,101,7.420635386119258
7.440000000000001,83,602.1130413111582,75,0.0315,1,7.421730205278593
7.440000000000005,62,611.3318460006267,76,0.042,100,7.421886608015645
7.440000000000005,50,671.3318460006267,84,0.042,0,7.4231378299120285
7.4700000000000015,93,604.3319617591397,76,0.0315,101,7.451886608015641
7.4700000000000015,81,664.3319617591397,83,0.0315,1,7.4529814271749775
7.480000000000005,59,615.4104051750979,77,0.042,100,7.462043010752693
7.480000000000005,47,675.4104051750979,84,0.042,0,7.463137829912029
7.500000000000002,96,607.3214558776618,76,0.0315,101,7.481886608015642
7.500000000000002,84,667.3214558776618,83,0.0315,1,7.482981427174978
7.520000000000005,60,531.5134316013637,66,0.042,100,7.500322580645166
7.520000000000005,48,591.5134316013637,74,0.042,0,7.501573802541549
7.530000000000002,98,609.2088850490005,76,0.063,101,7.511886608015642
7.530000000000002,86,669.2088850490005,84,0.063,1,7.513137829912026
7.560000000000005,59,476.3662239968967,60,0.128,100,7.539384164222879
7.560000000000005,47,536.3662239968967,67,0.128,0,7.540478983382214
7.590000000000002,96,560.6711730917634,70,0.0315,101,7.570948191593354
7.590000000000002,84,620.6711730917634,78,0.0315,1,7.572199413489738
7.620000000000002,103,509.92915195774685,64,0.096,101,7.600009775171068
7.620000000000002,91,569.9291519577469,71,0.096,1,7.601104594330403
7.800000000000002,93,522.4587174032513,65,0.0315,101,7.780166177908115
7.800000000000005,69,518.6941128651396,65,0.042,100,7.780166177908119
7.800000000000005,57,578.6941128651396,72,0.042,0,7.781260997067454
7.800000000000002,81,582.4587174032513,73,0.0315,1,7.781417399804498
7.830000000000002,95,515.4373175730677,64,0.0315,101,7.810009775171068
7.830000000000002,83,575.4373175730677,72,0.0315,1,7.811260997067451
7.840000000000005,71,517.7718928808046,65,0.042,100,7.820166177908119
7.840000000000005,59,577.7718928808046,72,0.042,0,7.821260997067454
7.860000000000002,93,582.009276248761,73,0.0315,101,7.841417399804499
7.860000000000002,81,642.009276248761,80,0.0315,1,7.842512218963834
7.880000000000005,69,597.2078172830768,75,0.042,100,7.861730205278597
7.880000000000005,57,657.2078172830768,82,0.042,0,7.8628250244379325
7.890000000000002,96,600.0721639007445,75,0.0315,101,7.8717302052785945
7.890000000000002,84,660.0721639007445,83,0.0315,1,7.872981427174978
7.920000000000005,72,584.6179332732839,73,0.042,100,7.901417399804502
7.920000000000003,98,595.6734057721799,74,0.063,101,7.901573802541547
7.920000000000005,60,644.6179332732839,81,0.042,0,7.902668621700885
7.920000000000003,86,655.6734057721799,82,0.063,1,7.90282502443793
7.960000000000005,74,609.833071898404,76,0.084,100,7.941886608015645
7.960000000000005,62,669.833071898404,84,0.084,0,7.943137829912029
7.980000000000002,96,523.2427414769442,65,0.0315,101,7.960166177908116
7.980000000000002,84,583.2427414769442,73,0.0315,1,7.961417399804499
8.010000000000002,103,451.93635975533743,56,0.096,101,7.988758553274684
8.010000000000002,91,511.93635975533743,64,0.096,1,7.9900097751710675
8.040000000000004,72,511.711808610797,64,0.042,100,8.02000977517107
8.040000000000004,60,571.711808610797,71,0.042,0,8.021104594330405
8.080000000000004,79,457.1905757782371,57,0.128,100,8.058914956011733
8.080000000000004,67,517.1905757782371,65,0.128,0,8.060166177908117
8.190000000000001,93,510.1871697296858,64,0.0315,101,8.170009775171067
8.190000000000001,81,570.1871697296858,71,0.0315,1,8.171104594330401
8.22,91,511.1841432277763,64,0.0315,101,8.200009775171067
8.22,79,571.1841432277763,71,0.0315,1,8.2011045943304
8.25,93,563.0797991544372,70,0.0315,101,8.230948191593352
8.25,81,623.0797991544372,78,0.0315,1,8.232199413489736
8.28,90,561.0784842374063,70,0.0315,101,8.260948191593352
8.28,78,621.0784842374063,78,0.0315,1,8.262199413489736
8.309999999999999,88,576.5568655920604,72,0.063,101,8.291260997067447
8.309999999999999,76,636.5568655920604,80,0.063,1,8.29251221896383
8.320000000000004,69,494.70308932415594,62,0.042,100,8.299696969696974
8.320000000000004,57,554.7030893241559,69,0.042,0,8.300791788856309
8.360000000000003,71,501.33302691277834,63,0.042,100,8.339853372434021
8.360000000000003,59,561.3330269127783,70,0.042,0,8.340948191593355
8.37,90,498.81531417159886,62,0.0315,101,8.34969696969697
8.37,78,558.8153141715989,70,0.0315,1,8.350948191593352
8.399999999999999,83,449.9893835511664,56,0.096,101,8.37875855327468
8.399999999999999,95,509.9893835511664,64,0.096,1,8.380009775171064
8.400000000000002,69,585.141837454532,73,0.042,100,8.381417399804498
8.400000000000002,57,645.141837454532,81,0.042,0,8.382668621700882
8.440000000000001,72,568.6461601628544,71,0.042,100,8.421104594330401
8.440000000000001,60,628.6461601628544,79,0.042,0,8.422355816226785
8.48,74,569.0211673217995,71,0.084,100,8.4611045943304
8.48,62,629.0211673217995,79,0.084,0,8.462355816226784
8.56,72,506.0004588579636,63,0.042,100,8.539853372434019
8.56,60,566.0004588579636,71,0.042,0,8.5411045943304
8.579999999999998,93,477.9977467721852,60,0.0315,101,8.559384164222871
8.579999999999998,81,537.9977467721852,67,0.0315,1,8.560478983382207
8.6,79,428.9360726589747,54,0.128,100,8.578445747800586
8.6,67,488.9360726589747,61,0.128,0,8.579540566959922
8.609999999999998,95,482.8223348279456,60,0.0315,101,8.58938416422287
8.609999999999998,83,542.8223348279456,68,0.0315,1,8.590635386119255
8.639999999999997,93,558.2859639746504,70,0.0315,101,8.62094819159335
8.639999999999997,81,618.2859639746504,77,0.0315,1,8.622043010752686
8.669999999999996,96,564.3822369966757,71,0.0315,101,8.651104594330397
8.669999999999996,84,624.3822369966757,78,0.0315,1,8.652199413489733
8.699999999999996,98,522.5192431981906,65,0.063,101,8.68016617790811
8.699999999999996,86,582.5192431981906,73,0.063,1,8.681417399804491
8.759999999999996,96,475.15517414603585,59,0.0315,101,8.739227761485822
8.759999999999996,84,535.1551741460358,67,0.0315,1,8.740478983382205
8.789999999999996,103,435.3707086717161,54,0.096,101,8.768445747800582
8.789999999999996,91,495.3707086717161,62,0.096,1,8.769696969696966
8.84,69,457.93524880628524,57,0.042,100,8.81891495601173
8.84,57,517.9352488062852,65,0.042,0,8.820166177908114
8.879999999999999,67,460.54015995636007,58,0.042,100,8.859071358748777
8.879999999999999,55,520.5401599563601,65,0.042,0,8.860166177908113
8.919999999999998,69,537.0302652386167,67,0.042,100,8.900478983382207
8.919999999999998,57,597.0302652386167,75,0.042,0,8.901730205278591
8.959999999999997,66,514.8962684173662,64,0.042,100,8.940009775171063
8.959999999999997,54,574.8962684173662,72,0.042,0,8.941260997067445
8.969999999999995,93,462.264677404027,58,0.0315,101,8.949071358748773
8.969999999999995,81,522.264677404027,65,0.0315,1,8.950166177908109
8.999999999999995,86,460.8161601809812,58,0.063,101,8.979071358748772
8.999999999999995,74,520.8161601809812,65,0.063,1,8.980166177908108
8.999999999999996,64,545.0723877460359,68,0.084,100,8.980635386119253
8.999999999999996,52,605.0723877460359,76,0.084,0,8.981886608015637
9.059999999999995,88,513.1675673433513,64,0.0315,101,9.040009775171061
9.059999999999995,76,573.1675673433513,72,0.0315,1,9.041260997067443
9.079999999999997,66,458.34115225530843,57,0.042,100,9.058914956011726
9.079999999999997,54,518.3411522553084,65,0.042,0,9.06016617790811
9.089999999999995,86,528.4157659373117,66,0.0315,101,9.070322580645156
9.089999999999995,74,588.4157659373117,74,0.0315,1,9.07157380254154
9.119999999999996,59,398.0535342332179,50,0.128,100,9.097820136852391
9.119999999999996,47,458.0535342332179,57,0.128,0,9.098914956011726
9.119999999999994,83,551.767561108058,69,0.0315,101,9.100791788856299
9.119999999999994,71,611.767561108058,76,0.0315,1,9.101886608015635
9.149999999999993,84,438.8551059774894,55,0.0315,101,9.128602150537628
9.149999999999993,72,498.8551059774894,62,0.0315,1,9.129696969696964
9.179999999999993,83,422.85505452451775,53,0.096,101,9.158289345063531
9.179999999999993,71,482.85505452451775,60,0.096,1,9.159384164222866
9.36,42,820.0,102,0.9,20,9.345953079178885
9.36,45,820.0,102,0.9,20,9.345953079178885
9.36,48,820.0,102,0.9,20,9.345953079178885
9.36,66,820.0,102,0.1902815373324377,20,9.345953079178885
9.36,69,820.0,102,0.4518012810925328,20,9.345953079178885
9.36,72,820.0,102,0.9,20,9.345953079178885
9.398091404296236,88,481.2924642163978,60,0.5449999999999999,10,9.37747556851911
9.43869273226082,57,429.6318542454877,54,0.5449248667750461,11,9.417138480061407
9.499003055893251,60,451.89113349265244,56,0.290195320608828,12,9.477761609167933
9.563101674184832,66,415.77570525210035,52,0.06248410520530257,12,9.541234616511323
9.631837001286518,66,351.1656552088321,44,0.0651929465232407,12,9.608718721716626
9.642777317077227,79,476.11172634144475,60,0.5411848031141918,10,9.6221614813001
9.701717142335664,66,367.2999463592998,46,0.2719628201142673,13,9.678911668239866
9.705305155112795,78,463.9900846054133,58,0.23971090126451677,13,9.684376513861572
9.739727032312029,59,434.4545894361364,54,0.5388552312278868,11,9.718172780112615
9.794354779239127,60,442.76269881342574,55,0.5375766188524047,11,9.772956929776761
9.824934223419023,69,398.4697669321606,50,0.3654733837215084,12,9.802754360271418
9.950641667325502,78,432.02829231449385,54,0.5339038993681813,10,9.929087415126089
9.977115935079452,66,444.4343626090787,56,0.5271889499636053,13,9.955874488354134
10.133817520857516,57,489.8997038221548,61,0.2621408535170343,11,10.113358087817439
10.194625593455292,69,441.50823628071373,55,0.26431785823615683,13,10.173227743992927
10.242022768344167,74,467.82634872547663,58,0.5099357409661324,13,10.221094127092945
10.287767215769342,72,403.20578502937065,50,0.5020086733399831,12,10.265587352621738
10.287253139480077,71,431.1606884978381,54,0.5059701398582176,13,10.265698887280664
10.401427582585695,57,464.3668045491579,58,0.5019626693999837,11,10.380498941334473
10.411221918930757,48,444.7132098892055,56,0.49126640496381363,11,10.389980472205439
10.463317840743258,69,470.0446130237896,59,0.45981698319139397,10,10.442545602229083
10.464063763267026,81,441.396385721448,55,0.4850173789205799,10,10.44266591380466
10.484658137138302,67,490.5039990717935,61,0.48494030328905313,13,10.464198704098225
10.487407336393824,60,391.9933784864436,49,0.4827960486160314,13,10.465071070509172
10.701067379258005,66,501.97020787869843,63,0.3638839809580706,13,10.680920751692023
10.759679535219723,76,548.1723819086038,69,0.2142573311197723,10,10.740471324076028
10.762073944106897,45,556.0302486637571,70,0.06494539544566968,11,10.743022135700249
10.822824776090346,78,442.9481784840674,55,0.16925057387603182,10,10.80142692662798
10.830579102911752,83,454.16247314757146,57,0.13068554232139185,10,10.809494058923482
10.8331141587119,45,505.1495790167605,63,0.18162903016180365,11,10.812967531145919
10.850758519920774,42,467.91200993082776,58,0.08193420020598274,11,10.829829878669551
10.897730920210426,86,526.0087819167497,66,0.3329108056642366,10,10.878053500855588
10.902295924068378,84,561.3774128399876,70,0.43386612898217886,10,10.88324411566173
10.915705979725814,72,514.0149147025737,64,0.4332704000930131,13,10.89571575489688
10.927040004775316,69,527.3537007018064,66,0.4124432112844961,13,10.907362585420477
10.93659790096742,42,521.342766701662,65,0.22759708569096737,11,10.916764078875534
10.965795437022,83,478.8933985821504,60,0.4287617051023598,10,10.945179601244874
10.967105782512142,36,571.554597036755,71,0.424880351832851,11,10.948210376842543
10.978259278828407,43,534.8959859963275,67,0.24478756818281588,11,10.958738262210616
10.980344490972927,76,483.23924260333763,60,0.4232116961989232,12,10.9597286551958
10.995198517121803,78,532.8462267967542,67,0.2550332517649093,12,10.975677500504013
11.019899591610752,45,499.92512977921035,62,0.16595712465056678,11,10.999596561307722
11.032630601344968,90,560.9391029796359,70,0.2921499545478533,12,11.01357879293832
11.069012943793789,66,554.1389604856412,69,0.17383475440799756,13,11.049804732650093
11.077515558556186,81,461.1394255617261,58,0.41086259857636875,12,11.056586917304964
11.169351389395436,42,513.1196041276759,64,0.409688735980138,11,11.149361164566502
11.180792489929352,74,571.623869068299,71,0.29630168423766257,12,11.161897084259753
11.189918299839032,45,543.8904504972418,68,0.39522564061963833,11,11.17055368595829
11.227108430588936,43,583.7594152143562,73,0.3939308599062121,11,11.208525830393432
11.23579812861171,86,523.3101286830689,65,0.26699188934309503,10,11.215964306519824
11.248004100938834,66,545.6092899238818,68,0.21865766464696434,13,11.228639487058091
11.253511338779186,78,627.5807098939862,78,0.2608207653411466,13,11.235710752268922
11.25816212967825,48,503.121422008471,63,0.3848418907336546,11,11.238015502112269
11.277358336147511,88,470.6235894028894,59,0.38417291500113726,10,11.256586097633337
11.281145407584779,55,561.8811543523027,70,0.38140602148927827,11,11.262093599178131
11.330406166841012,90,529.233813335245,66,0.10590973002059456,10,11.310728747486174
11.343231994163428,69,588.2896581323046,74,0.37371568947921024,13,11.324805796704974
11.363692273073076,57,548.0853493554995,69,0.37184744523979735,11,11.34448406192938
11.400603175252893,59,545.5418568557274,68,0.1882462567035369,11,11.38123856137215
11.416225995897692,67,555.662635707308,69,0.3634541179119827,11,11.397017784753997
11.43458941624472,64,610.424139650344,76,0.27403803602738186,11,11.41647602426036
11.439908272228175,90,601.5620484400835,75,0.07719301263825329,10,11.421638477506768
11.469784932741224,66,641.7506180490061,80,0.3576743555764283,12,11.452297151705055
11.48240697964111,74,549.8086988107038,69,0.3532681195611279,12,11.463198768497415
11.49194630067887,60,550.7877792935924,69,0.16097929971445424,11,11.472738089535175
11.507164407006615,86,550.3109809250923,69,0.12136649297693658,13,11.48795619586292
11.52105253422786,78,535.2964833730254,67,0.2808761067821902,13,11.501531517610069
11.521475673918237,90,635.8443939081515,79,0.3456871433354108,12,11.503831490145021
11.59165979363776,59,654.3783785512503,82,0.2754511668440668,11,11.574484818075687
11.631294332721833,81,643.9051392509394,80,0.11430242940118418,13,11.613806551685665
11.631966872613072,86,628.4436474960384,79,0.1803113634005119,10,11.614322688839856
11.641934805969182,62,567.8229884695833,71,0.32924127658332897,11,11.623039400299582
11.656987183971037,60,602.9216452528523,75,0.3277627686295395,11,11.63871738924963
11.657189308991327,91,641.5361131708518,80,0.04915336851185515,10,11.63970152795516
11.699232132720224,79,526.2082190608797,66,0.32550059135618814,12,11.679554713365386
11.705887494519548,83,551.226599530501,69,0.11966687637412654,13,11.686679283375852
11.711029872029087,91,652.828436855897,82,0.047915650156538876,10,11.693854896467014
11.711594216690479,64,712.4840321498484,89,0.31752434075832,11,11.695514060287742
11.752160789493496,81,561.229941023942,70,0.317440827870593,13,11.733108981086849
11.758495115417771,71,629.2462479171201,79,0.09646259330428542,11,11.740850931644555
11.76504034134496,91,602.3487549948171,75,0.19372964584392782,10,11.746770546623553
11.798333976967227,103,570.3590743522726,71,0.3095441871676426,10,11.779438571297627
11.80614662732481,78,574.5190079786994,72,0.3046405243548749,12,11.787407624392259
11.81899866612111,86,541.2579846901285,68,0.09079074612219784,12,11.799634052240368
11.828051927100908,83,679.0921674327333,85,0.047113915998333485,12,11.811346159749979
11.830597672035587,98,663.7424493830846,83,0.1259491680491419,12,11.813579099210562
11.833808356523106,95,697.3622260019577,87,0.0567103117788389,12,11.817415394646273
11.841041525296118,84,630.3286978553194,79,0.1881343234556273,13,11.823397341522902
11.85166128561108,88,631.7712292805209,79,0.20973669765115666,10,11.834017101837864
11.861365333355488,71,560.1829948708661,70,0.1919437771047655,12,11.84231352494884
11.862370619314174,67,615.0094625975513,77,0.23060105927780838,11,11.844413630066862
11.86825191198883,107,610.5241224636167,76,0.29525346742243447,10,11.85013852000447
11.871798155007731,59,674.9229659837054,84,0.294394783736733,13,11.854935984919754
11.880165843099242,83,681.14430646864,85,0.2938773327655652,10,11.863460075748312
11.897551903883567,95,591.7098708300415,74,0.05053829603381644,10,11.879125706425112
11.90917057556357,90,652.8311448113247,82,0.29012676844973123,10,11.891995600001497
11.911348552028254,86,716.7455881327138,90,0.13607826821106783,12,11.895424798362566
11.95262099170624,95,613.820393387671,77,0.2578013291157991,10,11.934664002458929
11.962798061981111,98,600.8835708042179,75,0.17261518269072595,10,11.944528267259704
11.962362362555458,91,675.4574719335181,84,0.09166275062734008,10,11.945500192467481
11.976797318400811,72,591.3452157935155,74,0.08718335662860432,11,11.958371120942356
11.976933993618434,93,688.321717920621,86,0.27867727600358017,10,11.960384629004555
12.034332251488793,84,627.0859289852123,78,0.16915129570316878,13,12.01653166497853
12.044619896480391,74,638.7188608041866,80,0.2704657534202585,13,12.027132115444223
12.052739625713418,86,702.3675084248887,88,0.0573577902380017,12,12.036503066573633
12.057370694037965,71,606.7108100626288,76,0.1658948121198741,13,12.039257302053606
12.057617488549367,91,747.843039221042,93,0.08425134558845115,12,12.042162943094821
12.063021121682999,96,679.1987996795782,85,0.12366961511153896,10,12.04631535433207
12.066554385999284,88,627.3424477334186,78,0.2664077787429197,12,12.04875379948902
12.066634633973697,72,715.6951179711864,89,0.14288531330993492,12,12.05055447757096
12.071336328554219,100,636.6403500196614,80,0.2658985021716741,12,12.05384854751805
12.07364881904692,69,701.0218366334709,88,0.22619204330596865,13,12.057412259907135
12.07638836722578,66,723.254237186118,90,0.26491115871847387,13,12.060464613560091
12.079125246727417,64,637.9071173598036,80,0.19148748624324774,13,12.061637465691248
12.0967204566956,67,676.3351084522748,85,0.2641414013400817,13,12.08001468934467
12.115723026899612,86,675.9086057523915,84,0.19749889405907062,12,12.098860856811635
12.131235815687752,79,698.9955761239435,87,0.25902347630020234,11,12.11484285381092
12.139631230986598,98,643.0291658687598,80,0.256868410507893,12,12.12214344995043
12.14890206971944,91,643.2392640093589,80,0.23378522262874923,12,12.131414288683272
12.19137793132044,96,692.1886924050267,87,0.254424998662793,10,12.174984969443608
12.205792257768243,108,759.0020146763942,95,0.2485994931205716,10,12.190650517787793
12.207701533506723,84,662.6526231597203,83,0.24663909895539432,12,12.190682960681698
12.212294266081082,95,774.8775325233543,97,0.051294041685355014,10,12.197465331574728
12.21467635002068,72,704.5149797016477,88,0.18779564162961904,10,12.198439790880895
12.225763062365074,71,738.3421684404234,92,0.24543515246938635,11,12.21015211417348
12.269995932399867,95,702.2635038364879,88,0.18144108640471834,12,12.253759373260083
12.275769135707712,64,629.2263803566311,79,0.23801556493245024,13,12.258124951934496
12.278546600530792,93,710.8000260296462,89,0.23724918135722078,10,12.262466444128055
12.305153667826984,69,684.399247904347,86,0.23688102781076353,11,12.288604303213104
12.316814296325251,86,740.1335404096658,93,0.16162902467129292,10,12.301359750870706
12.386436070451806,91,703.7893059551694,88,0.052655045284777276,12,12.370199511312022
12.406377172490965,72,759.1490097216004,95,0.2228718486170122,11,12.391235432510515
12.422992053394982,67,773.4635217136611,97,0.1053276146392993,11,12.408163118888627
12.427352106550828,60,692.3467476443124,87,0.13067978854760554,13,12.410959144673996
12.442839893840201,91,768.1648846237819,96,0.13662897390391648,12,12.427854556596799
12.447418833696144,103,666.6154280950059,83,0.21579050948744727,10,12.430400260871119
12.456437018804586,95,703.6972076136958,88,0.10714705191976115,10,12.440200459664801
12.461182085308891,62,732.4510997739719,92,0.2141100869435637,13,12.445571137117298
12.484225334681783,86,705.3281749490301,88,0.21352616358416632,12,12.467988775541999
12.493311885642429,96,694.4024668053208,87,0.07881346777050957,10,12.476918923765597
12.500817815429729,98,699.2970944015811,87,0.20960697431821018,12,12.484424853552897
12.53033792760353,108,810.1347655136848,101,0.20870023926508052,10,12.516134604045368
12.53410168171952,67,738.4800149255944,92,0.20009600693407215,11,12.518490733527926
12.55668539577989,84,692.6334848109484,87,0.2047207654391967,12,12.540292433903058
12.561467867727956,60,776.6783733451942,97,0.20205977608075387,13,12.546638933221601
12.568337808238125,64,673.5650958542881,84,0.20072538317655747,13,12.551475638150148
12.568114862513204,95,727.5316776387166,91,0.05814892097003622,10,12.552347511584562
12.57410031201082,71,714.04445845958,89,0.13179809184956504,13,12.558020155608084
12.575874131516557,96,759.492721499242,95,0.20002992247500906,10,12.560732391536106
12.584091139912438,79,738.9796096435758,92,0.19002515789868013,13,12.568480191720845
12.584156062270022,91,781.2550513662958,98,0.19887422804291832,12,12.569483530500715
12.585651070724017,78,753.2128109964785,94,0.1988667393122584,13,12.57035292800652
12.618315413872349,83,727.9599322904207,91,0.11386658272154448,12,12.602548062943708
12.628556766957105,69,686.8050522627788,86,0.19496493484057598,11,12.612007402343226
12.63188939443143,95,692.9713761552636,87,0.06585282842475848,10,12.615496432554599
12.665970990621652,90,737.3965931429138,92,0.19343605883152953,12,12.650360042430059
12.700552584537519,95,805.7257275198117,101,0.1336687388988026,10,12.686349260979357
12.709959987438099,71,761.5864856371783,95,0.0481255016032457,11,12.694818247457649
12.736869191119798,83,741.1272856956036,93,0.18488936632391884,11,12.721414645665252
12.738259272231305,67,787.2410677168186,98,0.18204385622007185,11,12.723586740461998
12.748784940922766,107,818.2698274430625,102,0.11763000453418548,12,12.734738020101652
12.76225300214074,86,720.7894929154503,90,0.13893861589595857,12,12.746329248475051
12.762772683567249,71,776.5630471414717,97,0.05129977687903498,13,12.747943749060894
12.780211116970454,79,678.7012189054005,85,0.17935484106614769,11,12.763505349619525
12.78643837458913,88,806.551471675297,101,0.17757272845446903,12,12.772235051030968
12.797974740672323,98,784.7422328957163,98,0.1477697094274636,12,12.783302208903017
12.801910835078898,74,798.6773920418702,100,0.04937416718173083,12,12.787551108783688
12.81089226767142,72,794.7709131598301,99,0.17538722984898963,13,12.796376138639163
12.818759654972187,71,789.3903237847937,99,0.14102610566078944,13,12.80424352593993
12.831532480864247,59,760.2707283138047,95,0.17371513365483465,11,12.816390740883797
12.839846934384514,95,775.630011834197,97,0.08678649146005035,10,12.82501799987816
12.848898758611012,57,764.2653420990839,96,0.17165338929837015,11,12.83391342136761
12.851650055372206,91,768.842045440925,96,0.17077904239898295,12,12.836664718128803
12.856910613208822,74,768.4117719728796,96,0.07997480109123323,13,12.84192527596542
12.868076359163812,90,735.4747655024319,92,0.17001053648834896,12,12.852465410972219
12.872666167353335,107,749.5465260044117,94,0.16894799020078366,10,12.857368024635838
12.905096798877365,86,775.9031263230804,97,0.054376315593658194,12,12.89026786437101
12.932884647740947,95,714.5783231105779,89,0.07084077063305905,10,12.91680449133821
12.933621893933708,96,810.5374501244439,101,0.04535378868220164,10,12.919418570375546
12.940298928218736,48,776.1203142685689,97,0.16291307140560402,11,12.925469993712381
12.940790595140719,74,824.5786710150124,103,0.1623180225428834,12,12.926900077056652
12.945744919365197,62,735.5231152670378,92,0.16227435182404215,12,12.930133971173603
12.950118839151594,98,813.4468031351505,102,0.16183542017980979,12,12.93607191833048
12.96462951720807,86,770.5908897901327,96,0.16144960659068086,13,12.949644179964668
12.964785760632976,71,795.507527857586,99,0.07654789322313682,12,12.950269631600719
12.966511328326677,83,751.4466356224224,94,0.08393510046036823,13,12.951213185609179
12.984601293564102,96,777.6449941263257,97,0.0868092139966884,10,12.969772359057748
12.98812232148676,108,772.5515040098494,97,0.1584641239707255,10,12.973293386980405
13.007317793740576,95,785.8298617205044,98,0.05402696259929208,10,12.99264526197127
13.011054558395566,84,853.6615586556425,107,0.15655233486078324,10,12.99778965125969
13.03426519879257,47,812.8117805795305,102,0.156242079594823,11,13.020218277971455
13.034357380274056,91,828.2395932450236,104,0.09326301827579442,10,13.020623264927037
13.04586444564497,71,814.9516062013823,102,0.15433444516522693,12,13.031817524823856
13.052714351274474,78,689.8917024339653,86,0.15340980460878256,13,13.036164986660594
13.055915636998188,83,728.1566986654179,91,0.15286487023297934,12,13.040148286069547
13.065453114917085,59,784.6864439312225,98,0.151914946471288,12,13.050780583147779
13.064780728969389,95,860.7625377156351,108,0.15261160436901122,10,13.051672224570561
13.076723313034886,96,758.9331279326093,95,0.09280367608180462,10,13.061581573054436
13.084295432988824,79,824.439538387726,103,0.06456806803400361,13,13.070404914904758
13.118975795447493,43,735.7549274357364,92,0.1504058047928602,11,13.1033648472559
13.12677075380196,76,854.5760265557664,107,0.14780742611278724,13,13.113505846666085
13.131838384864611,91,871.2030214435192,109,0.052326274287087034,12,13.118886283202832
13.139346067603245,55,751.8724467829011,94,0.14687115748290974,11,13.124047924885748
13.141121711576488,103,790.6258090037459,99,0.14633158617896908,10,13.126605582544231
13.152612279126444,79,886.1087845404496,111,0.14620471932353424,10,13.139972982938762
13.158062105926458,31,788.1866934627994,99,0.14539066609349854,11,13.1435459768942
13.17193939867775,67,706.0002223079712,88,0.14500877768121312,12,13.155702839537966
13.172806559009164,96,848.5358804997785,106,0.144048614576113,10,13.15938524913624
13.190103075573985,91,826.1189350330428,103,0.048503195527799366,10,13.176212557489919
13.210992125188326,78,776.1120204876953,97,0.1428186194448972,13,13.196163190681972
13.22492653955008,48,802.8761038148978,100,0.1414417894395425,11,13.21056681325487
13.237536106052286,47,823.0973933618708,103,0.14054592508715485,11,13.22364558796822
13.240932033098368,81,868.3825922814209,109,0.13975089177093752,13,13.227979931436588
13.244388284787025,91,784.7562689667297,98,0.0699095408350815,10,13.229715753017718
13.25636023489533,74,862.1195893239496,108,0.13932512183502116,12,13.243251730496503
13.266589468985332,52,777.0124421491773,97,0.13859184233890737,11,13.251760534478978
13.276233810855363,86,842.7164613043271,105,0.10401025723723556,10,13.262656098245392
13.28004490423929,50,801.3093066854552,100,0.07910349460062249,11,13.26568517794408
13.283975358535791,98,827.248316253741,103,0.137181116190085,12,13.270084840451725
13.285825067112697,62,818.6480160817962,102,0.13695216318288644,13,13.271778146291583
13.293956701432771,103,723.6941057896748,90,0.08878151564622427,10,13.278032947767082
13.307124771742876,38,803.3483852313254,100,0.1363773607652708,11,13.292765045447666
13.319297825622106,91,787.4295725408421,98,0.05030694957243654,10,13.3046252938528
13.35871708441718,95,742.6127937306887,93,0.045114677449592196,10,13.343262538962634
13.363991996102865,50,809.7739918602167,101,0.13288049292985343,11,13.349788672544703
13.369743745620825,107,797.846897022739,100,0.13261354109977558,10,13.355384019325616
13.375073983405686,91,760.9674436958436,95,0.12362754839813916,10,13.359932243425236
13.384931262618503,86,856.4842491892505,107,0.13159613889843663,13,13.371666355482628
13.384610162338038,103,881.8699554137312,110,0.13206153976611418,10,13.371814463413306
13.387513155769966,84,818.0334032078833,102,0.1315806228638272,12,13.373466234948852
13.389046467046036,83,804.049648320837,101,0.04946640277198256,12,13.374843143487874
13.394600788957726,47,819.876459615007,102,0.13138266432592138,11,13.380553868136612
13.402422531803753,35,835.6421340601951,104,0.0768245409558731,11,13.388688416456734
13.407267734496292,95,827.2389740736015,103,0.07337142043948475,13,13.393377216412226
13.433554719119677,78,822.9686686559661,103,0.13052611474953618,12,13.41966420103561
13.443043661606875,83,833.5168053897635,104,0.10773834952181083,12,13.429309546259857
13.48315225360029,35,887.9362168387097,111,0.12893955778183364,11,13.470512957412607
13.48610836314692,95,802.822088259287,100,0.07710760400159777,12,13.47174863685171
13.501981101696298,91,847.5696666430237,106,0.06506761837802422,12,13.488559791823375
13.503133648231445,79,863.486341191938,108,0.057743390865875883,12,13.490025143832618
13.505568217246154,40,829.8956834159768,104,0.12656095842651205,11,13.491834101899135
13.529657496225214,86,820.8771419603894,103,0.07173282836379513,12,13.515766978141148
13.545814586539477,84,699.9167536301775,87,0.04651532352588717,10,13.529421624662644
13.555156400180495,83,865.0626054785578,108,0.12509135981027342,13,13.542047895781668
13.558682386803566,43,788.5210674182131,99,0.04847490648936315,11,13.544166257771309
13.565407830886176,79,889.9957133410397,111,0.11174570192093547,10,13.552768534698494
13.568997980833759,95,759.3080397612712,95,0.12447831570918383,10,13.553856240853309
13.573143539233657,91,792.5785508026021,99,0.07037833308433405,12,13.5586274102014
13.578973305935012,103,815.5711044829658,102,0.07675801495441525,10,13.564926385113898
13.584357082930344,96,866.5238921666607,108,0.08901781021742827,12,13.571248578531517
13.590773154591677,67,856.0540654271587,107,0.12392244363609789,13,13.577508247455802
13.59467106353555,84,832.028426703637,104,0.12374249703035795,13,13.580936948188532
13.605862223153515,81,779.6240535754011,97,0.12335039556184979,13,13.59103328864716
13.605306136270833,45,849.4872709102958,106,0.12363522040114927,11,13.59188482639791
13.606546727326057,86,813.4596617683001,102,0.062372823033032605,12,13.592499806504943
13.61215729329293,43,790.2297557472806,99,0.12331792109395223,11,13.597641164260672
13.613243271013985,55,811.192798883165,101,0.12317301532775826,13,13.599039947455823
13.613716474854675,88,793.2516677797041,99,0.12314533835987657,12,13.599200345822418
13.614955491614577,98,801.1822508002565,100,0.12313331604125488,13,13.600595765319367
13.62355794532775,50,888.4348680328458,111,0.12310194555848264,11,13.610918649140068
13.641935718012624,90,783.0767068788097,98,0.12288846272676451,12,13.627263186243317
13.649147483266184,91,763.2302466250889,95,0.08726862421253123,12,13.634005743285734
13.650906861966375,74,862.7955404572657,108,0.12229814209484918,13,13.637798357567547
13.6590108907819,103,901.6703327309746,113,0.08348758054131167,10,13.646684400068313
13.673606744884994,86,835.9941665048902,104,0.05256861629907562,12,13.659872629537976
13.679938920518252,96,785.8958123050534,98,0.08913892596297657,10,13.665266388748945
13.683404754703496,79,825.539947158024,103,0.12167676184732196,13,13.66951423661943
13.687620328000326,52,804.3070118424605,101,0.1216129150968685,11,13.673417004442165
13.706659574358538,108,847.003636740966,106,0.08074506744023402,10,13.693238264485615
13.728833074964792,47,832.0437845050166,104,0.12121647220796583,11,13.715098959617773
13.731488166658165,86,817.4199438940647,102,0.06882662418893382,13,13.717441245837051
13.73953927463414,91,855.0037263440472,107,0.10254537695823174,10,13.726274367498265
13.742582801832864,48,790.6839796914327,99,0.12075099774236142,11,13.728066672800606
13.751252137012361,103,709.327952049363,89,0.12071354913063953,12,13.735171980609625
13.772513819110749,96,862.5675264460257,108,0.12061211991162901,12,13.759405314711922
13.774021705896898,95,841.8340281586865,105,0.04505500058428858,12,13.760443993286927
13.783135051332401,107,899.9828298384132,112,0.06395985697537199,10,13.770652157881766
13.79177903085058,108,880.3610976615784,110,0.12030588354941157,10,13.778983331925849
13.805314790847099,86,815.5703455682317,102,0.08384343975757502,13,13.791267870025985
13.816251500650957,83,841.8990201814088,105,0.12015484267360321,12,13.802673788040986
13.82089582628919,71,796.6360050892094,100,0.12009910514864652,13,13.80653609999398
13.823920303744138,95,850.7853162929531,106,0.12007918135158713,10,13.810498993871215
13.82702340385388,59,825.5322615468249,103,0.1200674072236872,13,13.813132885769814
13.843076058453137,79,773.4069890890656,97,0.12005631137421191,13,13.828247123946783
13.847710262540563,91,820.9909096656635,103,0.12001483206560182,13,13.833819744456497
13.852710155955464,93,769.496919472218,96,0.059761621639334524,12,13.837724818712061
13.85278072767912,81,833.8264213282458,104,0.11305957810876677,13,13.839046612332101
13.853658935678252,107,815.222761068265,102,0.1200026989173541,13,13.839612014857138
13.86433641642513,90,780.5982039568269,98,0.0933227912598732,12,13.849663884655824
13.870151145291873,52,790.8159773962259,99,0.12000097378994606,11,13.855635016259615
13.885788765292064,50,829.5389088871661,104,0.11013396532058095,11,13.872054649945046
13.89306341144534,86,870.5485307437984,109,0.12003443919762824,13,13.88011130978356
13.896136220651014,98,840.2688202920364,105,0.12005660824575654,12,13.882558508041043
13.916689763909558,93,809.8401211585459,101,0.04820815538136614,10,13.902486440351396
13.920051498222126,84,841.1254298727273,105,0.12016640112763571,13,13.906473785612155
13.922801187758465,45,842.9168531798296,105,0.1201867186676463,11,13.909223475148494
13.93297459772724,74,827.5008063622737,103,0.12020420661297249,13,13.919084079643174
13.941804630806894,105,862.8490522508127,108,0.12027571039478596,10,13.928696126408067
13.962033596736811,90,818.9858917951384,102,0.12034645065766991,13,13.947986675915697
13.969741516553876,93,819.8139345204085,102,0.12053889778948806,10,13.955694595732762
13.973029944106557,81,722.8372683526862,90,0.12062335167299199,13,13.957106190440868
13.974121484424868,95,866.1467264300258,108,0.12066124943930168,13,13.961012980026041
13.989097618910234,96,870.26819797409,109,0.06433986820123117,10,13.976145517248455
14.000922730612645,50,834.7109927812661,104,0.12086247422166208,11,13.987188615265627
14.06031431995604,96,775.0081015390903,97,0.08203465736267013,12,14.045485385449686
14.064374989680214,86,826.9671481978457,103,0.1220745301428044,12,14.050484471596148
14.137210170214324,48,814.3542116418862,102,0.12215934609383794,11,14.12316324939321
14.145136314559126,47,751.5896105065224,94,0.12396703528133968,11,14.129838171841628
14.146723366370518,96,804.7474635706099,101,0.10645733420224068,13,14.132520042812356
14.157680591786683,93,790.3465262680655,99,0.08000545062864617,13,14.143164462754426
14.160967751442659,90,809.9547077833638,101,0.12457236680300421,12,14.146764427884497
14.18893896962589,105,760.2354481058762,95,0.07058542413343438,13,14.173797229645439
14.204224765838516,81,831.0530285918576,104,0.12557859587012965,10,14.190490650491498
14.243155250626474,93,769.0195791402726,96,0.08747634202271726,13,14.228169913383072
14.257867895098663,96,822.2181128029042,103,0.12755722069647585,10,14.243977377014597
14.263585977337035,105,805.6227265270636,101,0.08969537329331245,10,14.249382653778873
14.295258739408764,45,807.4292642332997,101,0.12837916601827543,11,14.281055415850602
14.334380370752807,93,834.9056506200685,104,0.08173176523164549,10,14.320646255405789
14.339514554264891,90,782.4064454188449,98,0.0476173024265777,13,14.324842022495584
14.358750558841493,105,787.5046129284799,98,0.06257722648509911,10,14.344078027072186
14.37139248066232,95,806.5247815719542,101,0.13275199777570668,10,14.357189157104159
14.378586857995531,86,752.4029363699707,94,0.13339967888331727,13,14.363288715278033
14.380758680514072,81,791.2304860708598,99,0.08394376736555642,12,14.366242551481815
14.388121239875156,88,775.6799675299746,97,0.13388953981202378,13,14.373292305368802
14.391037037532133,90,842.0048846802134,105,0.0453182910596216,13,14.377459324922162
14.420799330510357,93,850.1082581540112,106,0.05039408108801425,12,14.407378020637434
14.426796993537735,105,763.3352992603939,95,0.13607918693990878,13,14.411655253557285
14.43049151484129,47,761.950190062822,95,0.13642043226213224,11,14.41534977486084
14.441355328591754,90,837.7180237449352,105,0.13663234856309386,12,14.427777615981784
14.451928444742594,91,785.3721068598345,98,0.137263036564156,13,14.437255912973287
14.459384025870659,102,847.6079000523541,106,0.13788763247891928,12,14.445962715997736
14.468537104354485,45,762.5430181350791,95,0.07354103149294111,11,14.453395364374035
14.468294823246199,81,860.8931481812076,108,0.048084186549423154,13,14.455186318847371
14.476819022546563,93,813.9275299788878,102,0.13889016905586282,12,14.462772101725449
14.483261172668277,42,812.3298696376929,102,0.13939981905692217,11,14.469214251847163
14.522786634429051,81,795.0684140756152,99,0.1398007184817444,12,14.508270505396794
14.535676731446493,78,816.246575556093,102,0.14234542566947433,12,14.52162981062538
14.54598331668809,45,816.8029604411778,102,0.13835425097854503,11,14.531936395866976
14.55246513724521,52,718.9372270061153,90,0.14390640811661964,11,14.536541383579522
14.558305732041973,74,778.137524587271,97,0.08514382759839101,12,14.543476797535618
14.576177974453433,54,827.0039127174301,103,0.0822774901259099,11,14.562287456369367
14.582844573361038,66,829.4493466320233,104,0.14601233509003586,11,14.56911045801402
14.61450101947466,67,824.4619239087872,103,0.1464884980593239,12,14.600610501390594
14.619044093871517,96,795.8663114840293,99,0.04948400307133383,10,14.60452796483926
14.627031119916483,55,755.9939529489287,94,0.14914412469017108,11,14.611732977198985
14.63155622418529,64,739.0320767302708,92,0.14974588883240791,12,14.615945275993697
14.63529878443496,108,775.7322242072242,97,0.05616174946322417,10,14.620469849928606
14.641069423793605,93,817.7247819644667,102,0.052333432838991174,10,14.62702250297249
14.642050498255339,105,832.1650976700614,104,0.07218791089537546,10,14.62831638290832
14.643835956433758,62,846.8433738920914,106,0.15089286344411335,12,14.630414646560835
14.648293156903316,74,781.8493887936561,98,0.14332862658616896,12,14.633620625134009
14.65354023426894,50,767.4072834211304,96,0.15137547378942295,11,14.638554897025537
14.658189028967156,79,716.3517600105475,90,0.15178377867895032,12,14.642265275301467
14.665645102898013,54,708.3756718339405,89,0.1526131313894507,11,14.649564946495277
14.664103698647079,90,818.132535066313,102,0.15214755395409885,13,14.650056777825965
14.673215291468756,96,810.2887594501825,101,0.14737361753828793,10,14.659011967910594
14.676278815125706,69,701.7561765453013,88,0.1533363559923953,12,14.660042255985921
14.676856157527821,102,769.7632803136052,96,0.15358115042896764,13,14.661870820284419
14.689806775877779,45,792.6171963117511,99,0.06424836912779675,11,14.675290646845522
14.689687276578058,81,811.8351974301703,101,0.1292782695049003,10,14.675483953019896
14.695834922949992,108,807.1078149647593,101,0.1546718889023806,13,14.68163159939183
14.697212796591591,84,761.601517161912,95,0.15516304355816973,10,14.682071056611141
14.699810481266027,93,742.3857977934736,93,0.05255719449016361,13,14.684355935811482
14.713268709413587,72,738.2350550151732,92,0.13970119662537683,10,14.697657761221993
14.71955121462481,105,814.1600182893926,102,0.07508308015935483,13,14.705504293803696
14.721551821417403,78,730.3552908126214,91,0.125065330100539,12,14.705784470488762
14.725593488816134,57,757.1072249385552,95,0.06428185514811069,11,14.710451748835684
14.749673399775242,43,696.657159991892,87,0.157633532977688,11,14.73328043789841
14.757367675756191,93,745.5355122850909,93,0.05477166343454421,13,14.741913130301645
14.760619172376055,45,710.203612554116,89,0.16035464124186682,11,14.744539015973318
14.779682152373608,48,817.310133197675,102,0.16063789639900466,11,14.765635231552494
14.795031746701293,57,753.7567090775322,94,0.1392641841751442,11,14.779733603983795
14.796308978015388,74,797.4615911431702,100,0.12912740362991648,12,14.781949251720178
14.799246585413801,42,768.5139162569894,96,0.16380491040671175,11,14.784261248170399
14.801354724891691,105,724.0782854146045,91,0.16407027735890356,10,14.78558737396305
14.815622685734983,86,797.0560355315563,100,0.1642611515074332,13,14.801262959439773
14.816670130979592,93,766.1774366302931,96,0.05785040304888945,10,14.80168479373619
14.825216767979342,81,743.9163309564499,93,0.16565874605850295,10,14.809762222524796
14.826058117218189,96,784.6773320000387,98,0.16644696434314787,10,14.811385585448882
14.844344664948638,95,771.6745160364609,96,0.16652487831959467,10,14.829359327705236
14.851304346043847,78,747.0617647647472,93,0.16823242374003683,13,14.835849800589301
14.857344295090773,72,769.2984432574585,96,0.1688893476338627,12,14.84235895784737
14.880458950450768,93,721.9342347165067,90,0.1694625891724758,10,14.864535196785079
14.901308154614322,38,833.9930259880231,104,0.11604673802106624,11,14.887574039267303
14.902132166234207,50,791.7010710643225,99,0.17372181927912567,11,14.88761603720195
14.919598451615247,62,765.5570818020074,96,0.17380309038281994,12,14.904613114371845
14.93309522817512,74,662.6079130151822,83,0.17553807748203148,12,14.916076655350095
14.937928179136348,33,791.760401141374,99,0.09029578798804117,11,14.92341205010409
14.939452333613485,57,746.4092025505465,93,0.17738392582965662,12,14.923997788158939
14.946059967638455,69,791.1644821177534,99,0.17535342321142522,12,14.931543838606197
14.950379378195715,45,724.3440656535302,91,0.17821096875694276,12,14.934612027267073
14.968098680917805,42,794.3684857187368,99,0.048574266678298346,11,14.953582551885548
14.980366951969534,90,776.5998014854,97,0.18047733789318954,10,14.96553801746318
14.98972658773572,83,716.9997910534335,90,0.18175458260689215,13,14.973802834070032
15.01541970309531,79,747.4121116268785,93,0.18273645183882442,13,14.999965157640764
15.022454961281344,42,749.313887259696,94,0.1854645216942743,11,15.007156818563846
15.023420296719378,54,745.9665101441831,93,0.1862198060553759,12,15.007965751264832
15.02376251726882,38,758.4793338951733,95,0.10362920658775365,11,15.00862077728837
15.033693175335534,33,771.7762012218977,96,0.1863605707853459,11,15.018707838092132
15.039184198253903,36,751.4522930338613,94,0.08020271946285618,11,15.023886055536405
15.053652686275816,78,762.4954113259171,95,0.1880299454164568,13,15.038510946295366
15.06972834277188,48,784.560635958138,98,0.08198817052644436,11,15.055055811002573
15.080777215366046,86,813.2095908317347,102,0.129764014958483,13,15.066730294544932
15.097023644607159,93,739.1022719369847,92,0.0636228059677525,10,15.081412696415565
15.1097180080386,96,716.6128476799271,90,0.19443856042695784,10,15.093794254372911
15.115129050896906,81,755.1025797542661,94,0.13880712064133405,13,15.099830908179408
15.124386917716759,36,750.8696248671914,94,0.196491398265577,11,15.109088774999261
15.12797741822036,69,713.1874442664371,89,0.19754949618325146,13,15.111897261817623
15.130984099223141,38,833.4180871281769,104,0.05706315675569663,11,15.117249983876123
15.145082089431593,57,838.3391402903915,105,0.19830694216301575,12,15.131504376821622
15.157811332457658,48,729.2013112926228,91,0.19993510343921417,11,15.142043981529017
15.15944344946511,64,738.041810735425,92,0.2014162258759043,12,15.143832501273517
15.166115658786055,93,712.8781299754102,89,0.2016068835265083,10,15.150035502383318
15.169024210875703,50,746.0019516489484,93,0.0692832588877551,11,15.153569665421157
15.17548745810342,62,697.5567982109985,87,0.06636725721679937,12,15.159094496226588
15.194298477875222,38,766.9489069839801,96,0.0578406141076443,11,15.17931314063182
15.216776548172424,74,666.8455753064176,83,0.04539676833162865,13,15.1997579753474
15.216010438535672,86,789.7564033316376,99,0.11992439469113492,10,15.201494309503415
15.224689075813448,98,692.022733581646,87,0.20841035053563073,13,15.208296113936616
15.24315106702641,50,753.4505980214693,94,0.06659548932034631,11,15.227852924308912
15.244508674264502,62,816.9025142197498,102,0.21160752279749662,10,15.230461753443388
15.257764702931057,38,732.5911005302795,92,0.21177321316226322,11,15.242153754739464
15.25893617153824,81,752.2984511101574,94,0.1719373193434376,10,15.243638028820742
15.265765691870621,74,737.1212132770553,92,0.21354070032191008,13,15.250154743679028
15.26793743512515,83,720.7877047222477,90,0.21438159234052828,10,15.252013681459461
15.27695647266236,66,753.3280913019257,94,0.21464955416676768,12,15.261658329944861
15.311681439662546,71,745.5715723821354,93,0.21576526516587174,12,15.296226894208
15.312948536779414,72,775.5678330933544,97,0.22010377659686725,12,15.29811960227306
15.3152157645579,50,724.1982904675132,91,0.22026335145545128,11,15.299448413629259
15.342811666071382,86,692.7386383750717,87,0.20777040748050524,10,15.32641870419455
15.34766142748202,76,729.48452083046,91,0.1165601412493541,12,15.331894076553379
15.405927840772103,79,738.9212869397539,92,0.22466873306542834,12,15.39031689258051
15.418592276626335,84,675.3446873914397,84,0.23220429313669588,10,15.401730106538357
15.419450998555005,54,698.4910884817656,87,0.23386456538511496,11,15.403058036678173
15.43289453933672,78,748.2854196873885,94,0.23397742202979488,13,15.417596396619222
15.436811907303964,81,706.6929591572925,88,0.23574881600910058,12,15.42057534816418
15.46394602523064,93,735.3898502659448,92,0.08730509795188979,10,15.448335077039047
15.46953437420547,76,714.7895893612549,89,0.19055619021955017,13,15.453454217802733
15.492038959153568,59,672.8141222414222,84,0.240619487367019,11,15.475176789065591
15.507583720151072,90,725.6426015741516,91,0.0529247046351874,10,15.49181636922243
15.558084517344655,86,570.301424947337,71,0.12718087311556736,10,15.539189111675055
15.556720331393674,93,715.9432556788157,89,0.2457411148403567,10,15.540640174990937
15.562277688289779,55,613.3068842887204,77,0.2526326945688747,11,15.544320699042467
15.565821230260354,90,710.4612487553733,89,0.049551664555251736,10,15.549741073857618
15.590324160593253,57,730.4906849657492,91,0.25369746715897745,11,15.574556809664612
15.592725046157588,67,671.3344614457258,84,0.25708472836657326,11,15.57586287606961
15.623023988391253,52,573.72814569098,72,0.26142170216882316,11,15.604284985458701
15.621467713974942,90,658.0788160440696,82,0.15592602271115907,10,15.60429273841287
15.639338067098679,88,761.4414966636325,95,0.21558024584373825,10,15.624196327118229
15.662724391091952,72,693.0010992285796,87,0.26392558638412794,13,15.64633142921512
15.665403369899115,76,693.3236560059074,87,0.06577520135605475,13,15.649010408022283
15.674819817734438,74,695.0857380165766,87,0.05355418095472409,13,15.658426855857606
15.680174650157403,50,581.6932601182101,73,0.08042702781550559,11,15.661592049961898
15.687293738456312,86,716.287641460636,90,0.07589888449517701,13,15.671369984790623
15.733843206900307,74,673.987216192126,84,0.1702162271060893,13,15.71698103681233
15.73534650727509,38,710.9381476711421,89,0.2773352047535318,11,15.719266350872353
15.738368209573842,76,586.5609637082816,73,0.2775506083174027,13,15.719785609378338
15.73850140448448,33,640.6647986097463,80,0.2779837621564178,11,15.721013623448313
15.739142767144836,84,693.1813060349673,87,0.2780028609269494,12,15.722749805268004
15.763881247865381,50,674.2322062215313,84,0.27809483228361415,11,15.747019077777404
15.76803622021444,86,727.6154820837747,91,0.28165047637102414,13,15.7522688692858
15.777800458975934,26,723.4447514201285,90,0.28224918409211275,11,15.761876705310245
15.781341877311135,42,694.4448173662189,87,0.28365781038449034,11,15.764948915434303
15.782550139423149,90,648.2096056242032,81,0.28416927318480184,10,15.765218761124029
15.861795145786992,88,663.9351526988767,83,0.1245581311593672,10,15.844776572961967
15.877972893787964,91,630.4918529533851,79,0.29586206046712554,10,15.860328710014748
15.888767189442111,66,675.6429276967997,84,0.2982284229515309,13,15.871905019354134
15.910779864113923,74,580.9870924399977,73,0.21826009575376204,12,15.892197263918419
15.924935268999533,67,626.6049212466306,78,0.30304028965643937,13,15.90713468248927
15.928790885946555,69,681.4910786747553,85,0.11129196398795294,13,15.912085118595625
15.933740233945754,79,664.77820813422,83,0.1973717186523406,12,15.916721661120729
15.969396534521229,55,546.1515924201059,68,0.3064172775597433,13,15.950031920640486
15.993230109790934,88,567.8812999951925,71,0.12134091209420184,10,15.974334704121334
16.04649047456794,69,607.3283889213361,76,0.31519601892323695,13,16.028377082583578
16.06686858312757,72,613.812655392442,77,0.16136898813862544,13,16.048911593880256
16.085402292021655,38,706.4171886292643,88,0.3261022923977725,11,16.06916573288187
16.119727424622184,88,558.6150345181244,70,0.32885103591064424,10,16.100675616215536
16.1301597222599,100,576.2941778271758,72,0.33394308140080736,10,16.11142071932735
16.13372495444038,78,573.8230242819882,72,0.33595023416405556,13,16.114985951507826
16.133257946182447,74,624.1855445527669,78,0.33549065626810753,13,16.11545735967218
16.137363174494478,79,597.5771057377689,75,0.33601950691650817,13,16.11909337977307
16.18181021254107,84,595.9766976334349,74,0.20746268939003698,13,16.163384015082613
16.210270458921862,93,609.3608650516222,76,0.3431487975449117,13,16.1921570669375
16.234488793162576,72,551.3547323176517,69,0.3473632760563572,12,16.21528058201888
16.30932964941163,36,570.1825596690637,71,0.21620245670081573,11,16.29043424374203
16.31815500867476,48,588.3484085790589,74,0.36197580003331387,11,16.299728811216305
16.39396009645701,84,609.8257925117439,76,0.13109124536325722,10,16.37584670447265
16.463622648766233,40,606.3090628624819,76,0.10901010352102858,11,16.44550925678187
16.465449423334412,67,574.8451001762857,72,0.3844297046206717,12,16.44671042040186
16.484582432654182,42,599.8135948133977,75,0.38469245304703165,11,16.466312637932774
16.507224645168293,83,563.1683503568756,70,0.38743920819058136,10,16.488172836761645
16.511933347553768,66,648.5756708958065,81,0.3906770460415866,12,16.49460196925465
16.529750092427207,36,608.7803573212545,76,0.04987866759041538,11,16.511636700442846
16.53005134182027,84,605.7805943065678,76,0.3938837637411226,10,16.511937949835907
16.577945557761357,40,593.2408895587995,74,0.11173820460536532,11,16.5595193603029
16.585097968228766,36,582.7300697043706,73,0.40069286763554635,11,16.56651536803326
16.585700072036154,86,607.0106649860502,76,0.40169697471318583,10,16.567586680051793
16.6223245124972,88,540.9379584735259,68,0.21914116500908676,10,16.602959898616458
16.639474021478254,60,541.7805904030117,68,0.35127778607329574,12,16.62010940759751
16.66103492839769,100,563.9862437950279,70,0.18263176590415398,13,16.641983119991043
16.69484016510377,40,581.2692189944582,73,0.4122462352228254,11,16.676257564908266
16.843453428543697,38,554.2123682271739,69,0.41687216445135084,11,16.8242452174
16.84709128845448,88,514.2252619135301,64,0.20507761961111626,10,16.827101063625545
16.849135902512987,100,535.5877838684046,67,0.4370872294827368,10,16.829614885895197
16.872259765782154,95,431.9417490150356,54,0.4082417719332935,10,16.85070551358274
16.94092354673466,96,569.8919022127143,71,0.3741303023914381,10,16.92202814106506
16.988273203763114,47,557.31333045768,70,0.4489718066439082,11,16.969221395356467
16.996221015762693,60,516.1894977806375,65,0.45478244582397886,12,16.976387193670806
17.02209551563154,84,523.2823832223115,65,0.329043269134213,13,17.002261693539655
17.038388243089063,90,462.06939756420803,58,0.08076175709687206,13,17.017459601837842
17.05826372722493,88,453.2004451221966,57,0.4607867731815723,13,17.03717868323666
17.122898778289553,90,530.3740277033701,66,0.4631249906475028,13,17.103221358934714
17.17570186551978,93,508.4367880184187,64,0.2712863718346509,13,17.155711640690846
17.285814343189543,95,413.5163068663828,52,0.2938401392436124,10,17.263947285516032
17.32349470934115,96,390.1735828990609,49,0.10973010451291898,13,17.301158443456497
17.330571019443827,108,471.30746692857764,59,0.49175083386692037,13,17.309798780929654
17.357390006662136,84,454.59386674364964,57,0.49244395462544377,10,17.336304962673868
17.360327945840044,66,435.8469924481957,54,0.49503528650950435,12,17.33877369364063
17.38426318791046,67,459.39422400532254,57,0.49531571263482443,12,17.36317814392219
17.43744280016883,96,430.20461109958364,54,0.2096199613378883,13,17.415888547969416
17.453239459250813,93,446.6638957758639,56,0.5024278947676171,13,17.431998012525497
17.486880978382896,48,455.1345787851171,57,0.5038246815849852,11,17.465795934394627
17.583090455062674,95,494.34785268588837,62,0.5067297150745635,10,17.562787424759644
17.65206276150672,96,432.7199675389234,54,0.10781930817248309,10,17.630508509307305
17.764882069679203,96,432.89589070904987,54,0.08857752341828984,10,17.743327817479788
17.79989456918353,69,494.96916989326024,62,0.34779758076833545,12,17.7795915388805
17.837926122848472,71,385.10286176773843,48,0.5289600712976359,12,17.81543345422677
17.85861599583454,96,424.57239141576855,53,0.1934875378218689,13,17.836905340898078
18.05679072818231,96,442.36282290416864,55,0.18277714521792532,10,18.035392878719946
18.0716282824842,67,399.6509791862804,50,0.29150465984229157,12,18.049448419336592
18.086501484752173,47,415.32408177194515,52,0.540708178533116,11,18.064634427078662
18.113573871321414,91,435.11529131190235,54,0.11776259673515355,10,18.092019619122
18.15394337184825,69,435.3578409066255,54,0.5418630633480193,12,18.132389119648835
18.15909177149949,43,453.9325594151545,57,0.20294635166766184,11,18.138006727511222
18.238056898164093,91,343.7442876381484,43,0.24069676752506097,13,18.214782215857152
18.24597549803367,96,371.4575104765434,46,0.3201193211256691,13,18.22317002393787
18.36,62,433.4399573448188,54,0.042,100,18.338445747800584
18.36,86,440.59662640114095,55,0.0315,101,18.338602150537636
18.36,50,493.4399573448188,62,0.042,0,18.33969696969697
18.36,74,500.59662640114095,63,0.0315,1,18.339853372434018
18.36,36,820.0,102,0.9,20,18.345953079178884
18.36,40,820.0,102,0.9,20,18.345953079178884
18.36,43,820.0,102,0.9,20,18.345953079178884
18.36,60,820.0,102,0.2681182795698892,20,18.345953079178884
18.36,64,820.0,102,0.5485874877810301,20,18.345953079178884
18.36,67,820.0,102,0.1493695014662738,20,18.345953079178884
18.39,88,461.9603860720878,58,0.0315,101,18.36907135874878
18.39,76,521.9603860720878,65,0.0315,1,18.370166177908114
18.4,52,464.9309359064813,58,0.042,100,18.379071358748778
18.4,28,524.9309359064813,66,0.042,0,18.38032258064516
18.42,86,522.2914305836346,65,0.0315,101,18.400166177908115
18.42,74,582.2914305836346,73,0.0315,1,18.401417399804497
18.439999999999998,62,533.9125663421213,67,0.042,100,18.420478983382207
18.439999999999998,50,593.9125663421213,74,0.042,0,18.42157380254154
18.450000000000003,90,512.8179956150267,64,0.0315,101,18.43000977517107
18.450000000000003,78,572.8179956150267,72,0.0315,1,18.43126099706745
18.479999999999997,66,522.3858257703295,65,0.042,100,18.46016617790811
18.480000000000004,91,537.7600287576041,67,0.063,101,18.460478983382213
18.479999999999997,54,582.3858257703295,73,0.042,0,18.461417399804493
18.480000000000004,79,597.7600287576041,75,0.063,1,18.461730205278595
18.519999999999996,67,528.5005320680372,66,0.084,100,18.500322580645157
18.519999999999996,55,588.5005320680372,74,0.084,0,18.50157380254154
18.540000000000003,90,462.6185774818539,58,0.0315,101,18.519071358748782
18.540000000000003,78,522.6185774818539,65,0.0315,1,18.520166177908116
18.570000000000004,96,422.87849602492224,53,0.096,101,18.54828934506354
18.570000000000004,84,482.87849602492224,60,0.096,1,18.54938416422288
18.599999999999994,66,463.58667463447864,58,0.042,100,18.579071358748774
18.599999999999994,54,523.5866746344786,65,0.042,0,18.580166177908108
18.639999999999993,60,467.4993288133212,58,0.05333333333333334,0,18.619071358748773
18.693333333333328,62,427.4993288133212,53,0.05333333333333334,0,18.671622678396865
18.74666666666666,60,467.4993288133212,58,0.05333333333333334,0,18.72573802541544
18.750000000000004,86,446.1695961510002,56,0.0315,101,18.728758553274687
18.750000000000004,74,506.1695961510002,63,0.0315,1,18.72985337243402
18.780000000000005,84,461.6609958585673,58,0.0315,101,18.759071358748784
18.780000000000005,72,521.6609958585673,65,0.0315,1,18.76016617790812
18.810000000000006,86,534.7891714392099,67,0.0315,101,18.790478983382215
18.810000000000006,74,594.7891714392099,74,0.0315,1,18.79157380254155
18.840000000000007,83,545.100196161077,68,0.0315,101,18.820635386119264
18.840000000000007,71,605.100196161077,76,0.0315,1,18.821886608015646
18.870000000000008,81,557.1312032908393,70,0.063,101,18.85094819159336
18.870000000000008,69,617.1312032908393,77,0.063,1,18.852043010752695
18.879999999999992,62,452.2677361469714,57,0.042,100,18.858914956011724
18.879999999999992,50,512.2677361469714,64,0.042,0,18.860009775171058
18.91999999999999,64,485.91439430428375,61,0.042,100,18.899540566959914
18.91999999999999,52,545.9143943042837,68,0.042,0,18.900635386119248
18.930000000000007,83,474.55570368426936,59,0.0315,101,18.909227761485834
18.930000000000007,71,534.5557036842694,67,0.0315,1,18.910478983382216
18.960000000000008,76,452.0036980026331,57,0.096,101,18.93891495601174
18.960000000000008,88,512.0036980026331,64,0.096,1,18.940009775171074
18.95999999999999,62,564.4025285730038,71,0.042,100,18.94110459433039
18.95999999999999,50,624.4025285730038,78,0.042,0,18.942199413489725
18.99999999999999,66,546.636224613763,68,0.042,100,18.980635386119246
18.99999999999999,54,606.636224613763,76,0.042,0,18.98188660801563
19.03999999999999,67,552.2515912246225,69,0.084,100,19.020791788856293
19.03999999999999,55,612.2515912246225,77,0.084,0,19.022043010752675
19.119999999999987,66,491.1696557539757,61,0.042,100,19.09954056695991
19.119999999999987,54,551.1696557539757,69,0.042,0,19.10079178885629
19.140000000000008,86,482.1603929857836,60,0.0315,101,19.119384164222883
19.140000000000008,74,542.1603929857836,68,0.0315,1,19.120635386119265
19.159999999999986,60,470.9378961787088,59,0.05333333333333334,0,19.139227761485813
19.17000000000001,88,479.09566385336893,60,0.0315,101,19.149384164222884
19.17000000000001,76,539.0956638533689,67,0.0315,1,19.150478983382218
19.20000000000001,86,581.5840215632707,73,0.0315,101,19.181417399804506
19.20000000000001,74,641.5840215632707,80,0.0315,1,19.182512218963844
19.21333333333332,62,430.9378961787088,54,0.05333333333333334,0,19.191779081133905
19.23000000000001,90,555.3277681756191,69,0.0315,101,19.210791788856316
19.23000000000001,78,615.3277681756191,77,0.0315,1,19.212043010752698
19.260000000000012,91,567.2791785174161,71,0.063,101,19.241104594330412
19.260000000000012,79,627.2791785174161,78,0.063,1,19.242199413489747
19.26666666666665,60,470.9378961787088,59,0.05333333333333334,0,19.24589442815248
19.32000000000001,90,492.58488501694217,62,0.0315,101,19.29969696969698
19.32000000000001,78,552.5848850169422,69,0.0315,1,19.300791788856316
19.350000000000012,96,444.3435211323467,56,0.096,101,19.328758553274696
19.350000000000012,84,504.3435211323467,63,0.096,1,19.32985337243403
19.399999999999984,62,491.1915337306019,61,0.042,100,19.379540566959907
19.399999999999984,50,551.1915337306019,69,0.042,0,19.38079178885629
19.439999999999984,60,502.1225108861057,63,0.042,100,19.419853372434
19.439999999999984,48,562.1225108861057,70,0.042,0,19.420948191593336
19.479999999999983,62,585.3832121389088,73,0.042,100,19.46141739980448
19.479999999999983,50,645.3832121389088,81,0.042,0,19.462668621700864
19.519999999999982,59,569.8356323258458,71,0.042,100,19.501104594330382
19.519999999999982,47,629.8356323258458,79,0.042,0,19.502355816226764
19.530000000000012,86,506.6523278336758,63,0.0315,101,19.50985337243403
19.530000000000012,74,566.6523278336758,71,0.0315,1,19.511104594330412
19.560000000000013,79,499.30711124683796,62,0.063,101,19.539696969696983
19.560000000000013,67,559.307111246838,70,0.063,1,19.540948191593365
19.55999999999998,57,567.1968828412084,71,0.084,100,19.54110459433038
19.55999999999998,45,627.1968828412084,78,0.084,0,19.542199413489715
19.62000000000001,81,620.5451311638149,78,0.0315,101,19.602199413489746
19.62000000000001,69,680.5451311638149,85,0.0315,1,19.603294232649084
19.63999999999998,59,510.9404211832057,64,0.042,100,19.620009775171045
19.63999999999998,47,570.9404211832057,71,0.042,0,19.62110459433038
19.650000000000013,79,564.0989495408342,71,0.0315,101,19.631104594330413
19.650000000000013,67,624.0989495408342,78,0.0315,1,19.632199413489747
19.67999999999998,40,532.230034406031,67,0.05333333333333334,0,19.660478983382188
19.680000000000014,76,571.6669276681242,71,0.0315,101,19.661104594330414
19.680000000000014,64,631.6669276681242,79,0.0315,1,19.662355816226796
19.710000000000015,78,522.1577637298012,65,0.0315,101,19.69016617790813
19.710000000000015,66,582.1577637298012,73,0.0315,1,19.69141739980451
19.733333333333313,42,492.230034406031,62,0.05333333333333334,0,19.713030303030283
19.740000000000016,76,492.6680748404418,62,0.096,101,19.719696969696987
19.740000000000016,64,552.6680748404418,69,0.096,1,19.72079178885632
19.786666666666644,40,532.230034406031,67,0.05333333333333334,0,19.767145650048853
19.919999999999977,62,519.7715911799932,65,0.042,100,19.90016617790809
19.920000000000016,86,524.6954678148214,66,0.0315,101,19.900322580645177
19.919999999999977,50,579.7715911799932,72,0.042,0,19.901260997067425
19.920000000000016,74,584.6954678148214,73,0.0315,1,19.90141739980451
19.950000000000017,88,505.26184848686376,63,0.0315,101,19.929853372434035
19.950000000000017,76,565.2618484868638,71,0.0315,1,19.931104594330417
19.959999999999976,64,540.3187362384958,68,0.042,100,19.940635386119233
19.959999999999976,52,600.3187362384958,75,0.042,0,19.941730205278567
19.980000000000018,86,592.8086192635361,74,0.0315,101,19.96157380254156
19.980000000000018,74,652.8086192635361,82,0.0315,1,19.962825024437947
19.999999999999975,62,588.8236221309329,74,0.042,100,19.98157380254152
19.999999999999975,50,648.8236221309329,81,0.042,0,19.982668621700856
20.01000000000002,90,581.2651683049972,73,0.0315,101,19.991417399804515
20.01000000000002,78,641.2651683049972,80,0.0315,1,19.992512218963853
20.04000000000002,91,580.9386895244859,73,0.063,101,20.021417399804516
20.039999999999974,66,597.6229376544253,75,0.042,100,20.021730205278566
20.04000000000002,79,640.9386895244859,80,0.063,1,20.022512218963854
20.039999999999974,54,657.6229376544253,82,0.042,0,20.022825024437903
20.079999999999973,67,620.9661855579496,78,0.084,100,20.062199413489708
20.079999999999973,55,680.9661855579496,85,0.084,0,20.063294232649046
20.10000000000002,90,535.617363479743,67,0.0315,101,20.08047898338223
20.10000000000002,78,595.617363479743,74,0.0315,1,20.081573802541563
20.13000000000002,84,525.4745143818607,66,0.04,1,20.11032258064518
20.15999999999997,66,516.0682878297222,65,0.042,100,20.140166177908085
20.15999999999997,54,576.0682878297222,72,0.042,0,20.14126099706742
20.17000000000002,86,485.4745143818607,61,0.04,1,20.149540566959942
20.19999999999997,72,497.6342836956734,62,0.128,100,20.17969696969694
20.19999999999997,60,557.6342836956734,70,0.128,0,20.180948191593323
20.21000000000002,84,525.4745143818607,66,0.04,1,20.19032258064518
20.31000000000002,86,528.7840618858086,66,0.0315,101,20.29032258064518
20.31000000000002,74,588.7840618858086,74,0.0315,1,20.291573802541564
20.34000000000002,88,534.6928559051396,67,0.0315,101,20.32047898338223
20.34000000000002,76,594.6928559051396,74,0.0315,1,20.321573802541565
20.370000000000022,86,622.8598156991028,78,0.0315,101,20.352199413489757
20.370000000000022,74,682.8598156991028,85,0.0315,1,20.353294232649095
20.400000000000023,90,614.8582223980911,77,0.0315,101,20.38204301075271
20.400000000000023,78,674.8582223980911,84,0.0315,1,20.383137829912048
20.430000000000025,91,631.324346968636,79,0.063,101,20.412355816226807
20.430000000000025,79,691.324346968636,86,0.063,1,20.413450635386145
20.43999999999997,62,536.2260517087412,67,0.042,100,20.42047898338218
20.43999999999997,50,596.2260517087412,75,0.042,0,20.42173020527856
20.47999999999997,55,539.6178138747839,67,0.084,100,20.460478983382178
20.47999999999997,43,599.6178138747839,75,0.084,0,20.46173020527856
20.490000000000023,90,559.9102326129051,70,0.0315,101,20.470948191593376
20.490000000000023,78,619.9102326129051,77,0.0315,1,20.47204301075271
20.520000000000024,96,522.6179375634381,65,0.096,101,20.500166177908138
20.520000000000024,84,582.6179375634381,73,0.096,1,20.50141739980452
20.559999999999967,57,623.8279881434158,78,0.042,100,20.5421994134897
20.559999999999967,45,683.8279881434158,85,0.042,0,20.54329423264904
20.599999999999966,55,641.3718085022163,80,0.042,100,20.5825122189638
20.599999999999966,43,701.3718085022163,88,0.042,0,20.58376344086018
20.639999999999965,52,613.8274397708193,77,0.042,100,20.622043010752652
20.639999999999965,40,673.8274397708193,84,0.042,0,20.62313782991199
20.679999999999964,54,544.3330207431139,68,0.042,100,20.66063538611922
20.679999999999964,42,604.3330207431139,76,0.042,0,20.661886608015603
20.700000000000024,95,554.6072465722219,69,0.0315,101,20.68079178885633
20.700000000000024,83,614.6072465722219,77,0.0315,1,20.68204301075271
20.719999999999963,52,501.09934131770444,63,0.128,100,20.69985337243398
20.719999999999963,40,561.0993413177044,70,0.128,0,20.700948191593316
20.730000000000025,93,566.401961856175,71,0.0315,101,20.711104594330425
20.730000000000025,81,626.401961856175,78,0.0315,1,20.71219941348976
20.760000000000026,95,635.256979487115,79,0.0315,101,20.74235581622681
20.760000000000026,83,695.256979487115,87,0.0315,1,20.743607038123194
20.790000000000028,91,621.7362209011222,78,0.0315,101,20.772199413489762
20.790000000000028,79,681.7362209011222,85,0.0315,1,20.7732942326491
20.82000000000003,90,631.7762988267477,79,0.063,101,20.80235581622681
20.82000000000003,78,691.7762988267477,86,0.063,1,20.80345063538615
20.880000000000027,91,555.9442852434024,69,0.0315,101,20.860791788856332
20.880000000000027,79,615.9442852434024,77,0.0315,1,20.862043010752714
20.91000000000003,72,588.7119302943618,74,0.04,1,20.891573802541572
20.950000000000028,74,548.7119302943618,69,0.04,1,20.930791788856332
20.95999999999996,71,554.8475932053532,69,0.042,100,20.940791788856266
20.95999999999996,59,614.8475932053532,77,0.042,0,20.94204301075265
20.990000000000027,72,588.7119302943618,74,0.04,1,20.97157380254157
20.99999999999996,84,569.622391484236,71,0.042,100,20.98110459433036
20.99999999999996,60,629.622391484236,79,0.042,0,20.982355816226743
21.03999999999996,71,638.6154502369546,80,0.042,100,21.022512218963794
21.03999999999996,59,698.6154502369546,87,0.042,0,21.023607038123128
21.07999999999996,74,625.2758257903075,78,0.042,100,21.062199413489694
21.07999999999996,62,685.2758257903075,86,0.042,0,21.06345063538608
21.09000000000003,95,556.8070082115307,70,0.0315,101,21.07094819159338
21.09000000000003,83,616.8070082115307,77,0.0315,1,21.072043010752715
21.12000000000003,96,565.9571706286507,71,0.0315,101,21.10110459433043
21.12000000000003,84,625.9571706286507,78,0.0315,1,21.102199413489764
21.11999999999996,76,643.2537419285969,80,0.084,100,21.102512218963792
21.11999999999996,64,703.2537419285969,88,0.084,0,21.103763440860174
21.15000000000003,95,632.5121040181701,79,0.0315,101,21.132355816226813
21.15000000000003,83,692.5121040181701,87,0.0315,1,21.1336070381232
21.18000000000003,98,651.5665502638991,81,0.0315,101,21.162668621700913
21.18000000000003,86,711.5665502638991,89,0.0315,1,21.163919843597295
21.199999999999957,74,605.9375192487493,76,0.042,100,21.181886608015596
21.199999999999957,62,665.9375192487493,83,0.042,0,21.182981427174933
21.210000000000033,100,649.8636844614825,81,0.063,101,21.192668621700914
21.210000000000033,88,709.8636844614825,89,0.063,1,21.193919843597296
21.239999999999956,69,611.2108283672482,76,0.05333333333333334,0,21.221886608015595
21.27000000000003,98,568.2255877630768,71,0.0315,101,21.25110459433043
21.27000000000003,86,628.2255877630768,79,0.0315,1,21.252355816226814
21.29333333333329,71,571.2108283672482,71,0.05333333333333334,0,21.27443792766369
21.300000000000033,93,606.0121139570565,76,0.04,1,21.28188660801567
21.340000000000032,95,566.0121139570565,71,0.04,1,21.321104594330432
21.34666666666662,69,611.2108283672482,76,0.05333333333333334,0,21.32855327468226
21.38000000000003,93,606.0121139570565,76,0.04,1,21.36188660801567
21.480000000000032,95,559.5146158539376,70,0.0315,101,21.460948191593385
21.479999999999954,71,584.1635126148226,73,0.042,100,21.46141739980445
21.480000000000032,83,619.5146158539376,77,0.0315,1,21.46204301075272
21.479999999999954,59,644.1635126148226,81,0.042,0,21.462668621700836
21.510000000000034,88,597.6104969858976,75,0.063,101,21.491730205278625
21.510000000000034,76,657.6104969858976,82,0.063,1,21.492825024437963
21.519999999999953,72,575.6405864640852,72,0.042,100,21.5012609970674
21.519999999999953,60,635.6405864640852,79,0.042,0,21.502355816226736
21.559999999999953,71,637.5102513964706,80,0.042,100,21.542512218963786
21.559999999999953,59,697.5102513964706,87,0.042,0,21.54360703812312
21.570000000000032,90,652.6366354227338,82,0.0315,101,21.55282502443796
21.570000000000032,78,712.6366354227338,89,0.0315,1,21.553919843597296
21.600000000000033,88,646.766175022009,81,0.0315,101,21.582668621700915
21.59999999999995,74,663.907095116488,83,0.042,100,21.58298142717493
21.600000000000033,76,706.766175022009,88,0.0315,1,21.58376344086025
21.59999999999995,62,723.907095116488,90,0.042,0,21.584076246334263
21.630000000000035,84,661.0733402930557,83,0.0315,101,21.61298142717501
21.630000000000035,72,721.0733402930557,90,0.0315,1,21.614076246334346
21.63999999999995,64,674.7442586506052,84,0.084,100,21.623137829911975
21.63999999999995,52,734.7442586506052,92,0.084,0,21.624389051808357
21.660000000000036,86,602.8458787662905,75,0.0315,101,21.641730205278627
21.660000000000036,74,662.8458787662905,83,0.0315,1,21.642981427175012
21.690000000000037,84,546.9231044654381,68,0.096,101,21.670635386119294
21.690000000000037,72,606.9231044654381,76,0.096,1,21.671886608015676
21.71999999999995,74,603.0979628662196,75,0.042,100,21.70173020527854
21.71999999999995,62,663.0979628662196,83,0.042,0,21.702981427174926
21.75999999999995,69,602.6500637503731,75,0.05333333333333334,0,21.74173020527854
21.813333333333283,71,562.6500637503731,70,0.05333333333333334,0,21.794281524926635
21.866666666666614,69,602.6500637503731,75,0.05333333333333334,0,21.848396871945205
21.870000000000037,95,592.1758080237262,74,0.0315,101,21.85157380254158
21.870000000000037,83,652.1758080237262,82,0.0315,1,21.852825024437966
21.900000000000038,96,588.6031417839075,74,0.0315,101,21.88157380254158
21.900000000000038,84,648.6031417839075,81,0.0315,1,21.88266862170092
21.93000000000004,95,689.8435253108762,86,0.0315,101,21.91345063538616
21.93000000000004,83,749.8435253108762,94,0.0315,1,21.91470185728254
21.96000000000004,98,659.5891621656925,82,0.0315,101,21.94282502443797
21.96000000000004,86,719.5891621656925,90,0.0315,1,21.94407624633435
21.99000000000004,100,641.5105811989719,80,0.063,101,21.972512218963875
21.99000000000004,88,701.5105811989719,88,0.063,1,21.973763440860257
21.999999999999947,71,597.1765647422153,75,0.042,100,21.981730205278538
21.999999999999947,59,657.1765647422153,82,0.042,0,21.982825024437876
22.039999999999946,69,601.7631587098225,75,0.042,100,22.021730205278537
22.039999999999946,57,661.7631587098225,83,0.042,0,22.022981427174923
22.05000000000004,98,601.529616387396,75,0.0315,101,22.03173020527863
22.05000000000004,86,661.529616387396,83,0.0315,1,22.032981427175017
22.08000000000004,105,577.9295629912401,72,0.096,101,22.06126099706749
22.08000000000004,93,637.9295629912401,80,0.096,1,22.062512218963874
22.079999999999945,71,665.2068885993891,83,0.042,100,22.062981427174922
22.079999999999945,59,725.2068885993891,91,0.042,0,22.064232649071304
22.119999999999944,67,643.0035047121257,80,0.042,100,22.102512218963778
22.119999999999944,55,703.0035047121257,88,0.042,0,22.10376344086016
22.159999999999943,66,672.6026372055026,84,0.084,100,22.143137829911968
22.159999999999943,54,732.6026372055026,92,0.084,0,22.14438905180835
22.23999999999994,67,613.2080499121872,77,0.042,100,22.22204301075263
22.23999999999994,55,673.2080499121872,84,0.042,0,22.223137829911966
22.26000000000004,95,614.3481424439036,77,0.0315,101,22.242043010752727
22.26000000000004,83,674.3481424439036,84,0.0315,1,22.243137829912065
22.27999999999994,60,543.2801316083833,68,0.128,100,22.260635386119198
22.27999999999994,48,603.2801316083833,75,0.128,0,22.261730205278532
22.290000000000042,96,588.7134109983075,74,0.0315,101,22.271573802541585
22.290000000000042,84,648.7134109983075,81,0.0315,1,22.272668621700923
22.320000000000043,95,684.4612270833015,86,0.0315,101,22.303450635386163
22.320000000000043,83,744.4612270833015,93,0.0315,1,22.304545454545497
22.350000000000044,98,657.0644294847258,82,0.0315,101,22.332825024437973
22.350000000000044,86,717.0644294847258,90,0.0315,1,22.334076246334355
22.380000000000045,100,676.9464284719498,85,0.063,101,22.363294232649118
22.380000000000045,88,736.9464284719498,92,0.063,1,22.364389051808452
22.440000000000044,98,587.4843414978714,73,0.0315,101,22.42141739980454
22.440000000000044,86,647.4843414978714,81,0.0315,1,22.422668621700925
22.470000000000045,105,552.1758973736875,69,0.096,101,22.45079178885635
22.470000000000045,93,612.1758973736875,77,0.096,1,22.452043010752732
22.51999999999994,71,599.3762995961305,75,0.042,100,22.50173020527853
22.51999999999994,59,659.3762995961305,82,0.042,0,22.50282502443787
22.55999999999994,72,612.9230874968383,77,0.042,100,22.542043010752625
22.55999999999994,60,672.9230874968383,84,0.042,0,22.543137829911963
22.599999999999937,71,686.8867914749559,86,0.042,100,22.583450635386058
22.599999999999937,59,746.8867914749559,93,0.042,0,22.584545454545392
22.639999999999937,74,660.2266057762407,83,0.042,100,22.622981427174913
22.639999999999937,62,720.2266057762407,90,0.042,0,22.624076246334248
22.650000000000045,95,607.2423999540947,76,0.0315,101,22.631886608015684
22.650000000000045,83,667.2423999540947,83,0.0315,1,22.63298142717502
22.680000000000046,93,614.4353156317095,77,0.0315,101,22.662043010752733
22.679999999999936,76,657.5946145971202,82,0.084,100,22.662825024437865
22.680000000000046,81,674.4353156317095,84,0.0315,1,22.66313782991207
22.679999999999936,64,717.5946145971202,90,0.084,0,22.664076246334247
22.710000000000047,95,680.5061023718733,85,0.0315,101,22.69329423264912
22.710000000000047,83,740.5061023718733,93,0.0315,1,22.6945454545455
22.740000000000048,91,652.9845165933589,82,0.0315,101,22.722825024437977
22.740000000000048,79,712.9845165933589,89,0.0315,1,22.72391984359731
22.759999999999934,74,598.8849836786568,75,0.042,100,22.741730205278525
22.759999999999934,62,658.8849836786568,82,0.042,0,22.742825024437863
22.77000000000005,90,673.7684835547494,84,0.063,101,22.753137829912074
22.77000000000005,78,733.7684835547494,92,0.063,1,22.754389051808456
22.799999999999933,69,632.9792558843708,79,0.05333333333333334,0,22.782355816226715
22.830000000000048,91,596.6425884157383,75,0.0315,101,22.81173020527864
22.830000000000048,79,656.6425884157383,82,0.0315,1,22.812825024437977
22.853333333333268,71,592.9792558843708,74,0.05333333333333334,0,22.83490713587481
22.86000000000005,72,632.9727565286382,79,0.04,1,22.84235581622683
22.90000000000005,74,592.9727565286382,74,0.04,1,22.881573802541592
22.9066666666666,69,632.9792558843708,79,0.05333333333333334,0,22.88902248289338
22.940000000000047,72,632.9727565286382,79,0.04,1,22.92235581622683
23.03999999999993,71,589.5000388862817,74,0.042,100,23.021573802541475
23.04000000000005,91,610.505185804944,76,0.0315,101,23.021886608015688
23.03999999999993,59,649.5000388862817,81,0.042,0,23.022668621700813
23.04000000000005,79,670.505185804944,84,0.0315,1,23.023137829912073
23.07000000000005,93,596.9225222367836,75,0.0315,101,23.05173020527864
23.07000000000005,81,656.9225222367836,82,0.0315,1,23.05282502443798
23.07999999999993,64,584.1226426699644,73,0.084,100,23.061417399804427
23.07999999999993,52,644.1226426699644,81,0.084,0,23.062668621700812
23.10000000000005,91,645.2578667135135,81,0.0315,101,23.082668621700932
23.10000000000005,79,705.2578667135135,88,0.0315,1,23.083763440860267
23.130000000000052,95,648.7234627407646,81,0.0315,101,23.112668621700934
23.130000000000052,83,708.7234627407646,89,0.0315,1,23.113919843597316
23.15999999999993,66,699.0667179054739,87,0.042,100,23.143607038123097
23.160000000000053,96,695.0944709878488,87,0.063,101,23.14360703812322
23.160000000000053,84,755.0944709878488,94,0.063,1,23.144701857282556
23.15999999999993,54,759.0667179054739,95,0.042,0,23.14485826001948
23.19999999999993,64,679.6779029873667,85,0.042,100,23.183294232649
23.19999999999993,52,739.6779029873667,92,0.042,0,23.184389051808335
23.220000000000052,95,600.8862957198775,75,0.0315,101,23.201730205278643
23.220000000000052,83,660.8862957198775,83,0.0315,1,23.20298142717503
23.239999999999927,60,687.0431006812088,86,0.042,100,23.223450635386047
23.239999999999927,48,747.0431006812088,93,0.042,0,23.22454545454538
23.250000000000053,90,613.4225832484578,77,0.04,1,23.23204301075274
23.279999999999927,62,617.0871402588124,77,0.042,100,23.262043010752613
23.279999999999927,50,677.0871402588124,85,0.042,0,23.263294232649
23.290000000000052,91,573.4225832484578,72,0.04,1,23.2712609970675
23.319999999999926,60,569.0430107819616,71,0.128,100,23.301104594330326
23.319999999999926,48,629.0430107819616,79,0.128,0,23.302355816226708
23.33000000000005,90,613.4225832484578,77,0.04,1,23.31204301075274
23.430000000000053,91,611.6416559382426,76,0.0315,101,23.411886608015692
23.430000000000053,79,671.6416559382426,84,0.0315,1,23.413137829912078
23.460000000000054,84,604.6995034528079,76,0.063,101,23.441886608015693
23.460000000000054,72,664.6995034528079,83,0.063,1,23.44298142717503
23.520000000000053,86,672.5719124727092,84,0.0315,101,23.503137829912077
23.520000000000053,74,732.5719124727092,92,0.0315,1,23.50438905180846
23.550000000000054,84,666.0763915166109,83,0.0315,101,23.53298142717503
23.550000000000054,72,726.0763915166109,91,0.0315,1,23.534232649071413
23.559999999999924,67,593.432630005061,74,0.042,100,23.541573802541468
23.559999999999924,55,653.432630005061,82,0.042,0,23.542825024437853
23.580000000000055,81,678.2698462356033,85,0.0315,101,23.563294232649127
23.580000000000055,69,738.2698462356033,92,0.0315,1,23.56438905180846
23.599999999999923,57,598.0445319273863,75,0.042,100,23.581730205278514
23.599999999999923,45,658.0445319273863,82,0.042,0,23.582825024437852
23.610000000000056,83,622.2746414715257,78,0.0315,101,23.59219941348979
23.610000000000056,71,682.2746414715257,85,0.0315,1,23.59329423264913
23.640000000000057,81,564.6646721901823,71,0.096,101,23.621104594330458
23.640000000000057,69,624.6646721901823,78,0.096,1,23.622199413489792
23.639999999999922,67,706.548100923155,88,0.042,100,23.623763440860138
23.639999999999922,55,766.548100923155,96,0.042,0,23.62501466275652
23.67999999999992,71,672.9936587758849,84,0.042,100,23.663137829911946
23.67999999999992,59,732.9936587758849,92,0.042,0,23.664389051808328
23.71999999999992,72,668.4498504448839,84,0.084,100,23.703137829911945
23.71999999999992,60,728.4498504448839,91,0.084,0,23.70423264907128
23.79999999999992,71,606.4018599102017,76,0.042,100,23.781886608015558
23.79999999999992,59,666.4018599102017,83,0.042,0,23.782981427174896
23.820000000000057,91,606.4079322876655,76,0.0315,101,23.801886608015696
23.820000000000057,79,666.4079322876655,83,0.0315,1,23.802981427175034
23.839999999999918,66,604.9647996836687,76,0.05333333333333334,0,23.821886608015557
23.85000000000006,93,586.0804824712933,73,0.0315,101,23.831417399804554
23.85000000000006,81,646.0804824712933,81,0.0315,1,23.83266862170094
23.88000000000006,91,680.9059481141185,85,0.0315,101,23.86329423264913
23.88000000000006,79,740.9059481141185,93,0.0315,1,23.864545454545514
23.893333333333253,67,564.9647996836687,71,0.05333333333333334,0,23.874437927663653
23.91000000000006,95,659.6920608849435,82,0.0315,101,23.89282502443799
23.91000000000006,83,719.6920608849435,90,0.0315,1,23.89407624633437
23.94000000000006,96,640.7269038355043,80,0.063,101,23.922512218963895
23.94000000000006,84,700.7269038355043,88,0.063,1,23.923763440860277
23.946666666666584,66,604.9647996836687,76,0.05333333333333334,0,23.928553274682223
24.00000000000006,95,572.2210625236972,72,0.0315,101,23.98126099706751
24.00000000000006,83,632.2210625236972,79,0.0315,1,23.982355816226843
24.03000000000006,90,601.8591178398905,75,0.04,1,24.011730205278653
24.07000000000006,91,561.8591178398905,70,0.04,1,24.050948191593413
24.079999999999917,67,580.2465489486347,73,0.042,100,24.061417399804412
24.079999999999917,55,640.2465489486347,80,0.042,0,24.06251221896375
24.11000000000006,90,601.8591178398905,75,0.04,1,24.09173020527865
24.119999999999916,69,601.6088903371223,75,0.042,100,24.101730205278507
24.119999999999916,57,661.6088903371223,83,0.042,0,24.102981427174893
24.159999999999915,67,679.7838524202247,85,0.042,100,24.143294232648987
24.159999999999915,55,739.7838524202247,92,0.042,0,24.14438905180832
24.199999999999914,71,662.6426250496494,83,0.042,100,24.18298142717489
24.199999999999914,59,722.6426250496494,90,0.042,0,24.184076246334225
24.21000000000006,91,587.0148787584616,73,0.0315,101,24.191417399804557
24.21000000000006,79,647.0148787584616,81,0.0315,1,24.192668621700943
24.240000000000062,93,595.4023777875032,74,0.0315,101,24.221573802541606
24.240000000000062,81,655.4023777875032,82,0.0315,1,24.22282502443799
24.239999999999913,72,666.4950584306606,83,0.084,100,24.22298142717489
24.239999999999913,60,726.4950584306606,91,0.084,0,24.224232649071272
24.270000000000064,91,688.1338021131328,86,0.0315,101,24.253450635386184
24.270000000000064,79,748.1338021131328,94,0.0315,1,24.254701857282566
24.300000000000065,95,640.6748999804153,80,0.0315,101,24.282512218963898
24.300000000000065,83,700.6748999804153,88,0.0315,1,24.28376344086028
24.31999999999991,71,591.5827793026948,74,0.042,100,24.301573802541455
24.31999999999991,59,651.5827793026948,81,0.042,0,24.302668621700793
24.330000000000066,96,663.0708923096358,83,0.063,101,24.312981427175043
24.330000000000066,84,723.0708923096358,90,0.063,1,24.314076246334377
24.35999999999991,66,606.7033351475914,76,0.05333333333333334,0,24.34188660801555
24.390000000000065,95,593.5005907922172,74,0.0315,101,24.371573802541608
24.390000000000065,83,653.5005907922172,82,0.0315,1,24.372825024437994
24.413333333333245,67,566.7033351475914,71,0.05333333333333334,0,24.394437927663645
24.420000000000066,90,597.1348231509354,75,0.04,1,24.401730205278657
24.460000000000065,91,557.1348231509354,70,0.04,1,24.440948191593417
24.466666666666576,66,606.7033351475914,76,0.05333333333333334,0,24.448553274682215
24.500000000000064,90,597.1348231509354,75,0.04,1,24.481730205278655
24.600000000000065,91,557.1932313690696,70,0.0315,101,24.580948191593418
24.59999999999991,67,570.9988222208495,71,0.042,100,24.58110459433031
24.600000000000065,79,617.1932313690696,77,0.0315,1,24.582043010752752
24.59999999999991,55,630.9988222208495,79,0.042,0,24.58235581622669
24.630000000000067,90,600.6636581909056,75,0.0315,101,24.611730205278658
24.630000000000067,78,660.6636581909056,83,0.0315,1,24.612981427175043
24.639999999999908,66,601.225911209753,75,0.042,100,24.6217302052785
24.639999999999908,54,661.225911209753,83,0.042,0,24.622981427174885
24.660000000000068,91,646.9103364812757,81,0.0315,101,24.64266862170095
24.660000000000068,79,706.9103364812757,88,0.0315,1,24.643763440860283
24.679999999999907,67,653.2285446207974,82,0.042,100,24.662825024437836
24.679999999999907,55,713.2285446207974,89,0.042,0,24.66391984359717
24.69000000000007,88,670.4614092833127,84,0.0315,101,24.673137829912093
24.69000000000007,76,730.4614092833127,91,0.0315,1,24.674232649071428
24.719999999999906,64,635.8008584544165,79,0.042,100,24.70235581622669
24.72000000000007,86,653.005429343407,82,0.063,101,24.702825024438
24.719999999999906,52,695.8008584544165,87,0.042,0,24.703607038123074
24.72000000000007,74,713.005429343407,89,0.063,1,24.703919843597333
24.759999999999906,62,646.0393125760489,81,0.084,100,24.742668621700787
24.759999999999906,50,706.0393125760489,88,0.084,0,24.74376344086012
24.78000000000007,88,591.8108912900308,74,0.0315,101,24.761573802541612
24.78000000000007,76,651.8108912900308,81,0.0315,1,24.76266862170095
24.81000000000007,69,594.7748460266477,74,0.04,1,24.791573802541613
24.839999999999904,64,590.8751330273393,74,0.042,100,24.821573802541447
24.839999999999904,52,650.8751330273393,81,0.042,0,24.822668621700785
24.85000000000007,71,554.7748460266477,69,0.04,1,24.830791788856374
24.879999999999903,45,601.3811680344772,75,0.05333333333333334,0,24.861730205278494
24.890000000000068,69,594.7748460266477,74,0.04,1,24.87157380254161
24.933333333333238,47,561.3811680344772,70,0.05333333333333334,0,24.91428152492659
24.98666666666657,45,601.3811680344772,75,0.05333333333333334,0,24.96839687194516
24.99000000000007,91,557.7567412205046,70,0.0315,101,24.970948191593422
24.99000000000007,79,617.7567412205046,77,0.0315,1,24.972043010752756
25.02000000000007,93,573.3721103658257,72,0.0315,101,25.00126099706752
25.02000000000007,81,633.3721103658257,79,0.0315,1,25.002355816226853
25.05000000000007,91,646.9301014615227,81,0.0315,101,25.032668621700953
25.05000000000007,79,706.9301014615227,88,0.0315,1,25.033763440860287
25.080000000000073,95,624.52569178544,78,0.0315,101,25.062199413489807
25.080000000000073,83,684.52569178544,86,0.0315,1,25.063450635386193
25.110000000000074,96,639.575787039535,80,0.063,101,25.092512218963908
25.110000000000074,84,699.575787039535,87,0.063,1,25.093607038123242
25.1199999999999,67,557.3054152846958,70,0.042,100,25.100948191593254
25.1199999999999,55,617.3054152846958,77,0.042,0,25.10204301075259
25.1599999999999,69,574.0489518422522,72,0.042,100,25.14126099706735
25.1599999999999,57,634.0489518422522,79,0.042,0,25.142355816226683
25.170000000000073,95,559.4960494861662,70,0.0315,101,25.150948191593425
25.170000000000073,83,619.4960494861662,77,0.0315,1,25.15204301075276
25.200000000000074,102,550.186247315325,69,0.096,101,25.18079178885638
25.200000000000074,90,610.186247315325,76,0.096,1,25.181886608015713
25.1999999999999,67,630.2036937513832,79,0.042,100,25.182355816226682
25.1999999999999,55,690.2036937513832,86,0.042,0,25.18345063538602
25.2399999999999,71,625.2111487886924,78,0.042,100,25.222199413489633
25.2399999999999,59,685.2111487886924,86,0.042,0,25.22345063538602
25.279999999999898,72,646.6723483357484,81,0.084,100,25.26266862170078
25.279999999999898,60,706.6723483357484,88,0.084,0,25.263763440860114
25.359999999999896,71,570.3785958501119,71,0.042,100,25.341104594330297
25.359999999999896,59,630.3785958501119,79,0.042,0,25.34235581622668
25.380000000000074,93,569.5084295827769,71,0.0315,101,25.361104594330474
25.380000000000074,81,629.5084295827769,79,0.0315,1,25.362355816226856
25.399999999999896,78,503.42071507804405,63,0.128,100,25.379853372433914
25.399999999999896,66,563.420715078044,70,0.128,0,25.380948191593248
25.410000000000075,86,555.6379664572889,69,0.063,101,25.39079178885638
25.410000000000075,74,615.6379664572889,77,0.063,1,25.39204301075276
25.470000000000073,88,630.9445468154337,79,0.0315,101,25.452355816226856
25.470000000000073,76,690.9445468154337,86,0.0315,1,25.453450635386194
25.500000000000075,86,602.6333906589564,75,0.0315,101,25.481730205278666
25.500000000000075,74,662.6333906589564,83,0.0315,1,25.48298142717505
25.530000000000076,83,620.0999683366509,78,0.0315,101,25.51219941348981
25.530000000000076,71,680.0999683366509,85,0.0315,1,25.513294232649148
25.560000000000077,84,554.6193076839799,69,0.0315,101,25.54079178885638
25.560000000000077,72,614.6193076839799,77,0.0315,1,25.542043010752764
25.590000000000078,71,586.7489662484558,73,0.04,1,25.571417399804574
25.630000000000077,72,546.7489662484558,68,0.04,1,25.610635386119334
25.639999999999894,69,541.9790021561848,68,0.042,100,25.62063538611915
25.639999999999894,57,601.9790021561848,75,0.042,0,25.621730205278485
25.670000000000076,71,586.7489662484558,73,0.04,1,25.651417399804572
25.679999999999893,62,567.8981149072836,71,0.084,100,25.661104594330293
25.679999999999893,50,627.8981149072836,78,0.084,0,25.662199413489628
25.75999999999989,64,593.0052548645099,74,0.042,100,25.741573802541435
25.75999999999989,52,653.0052548645099,82,0.042,0,25.74282502443782
25.770000000000078,93,551.8350317482813,69,0.0315,101,25.750791788856382
25.770000000000078,81,611.8350317482813,76,0.0315,1,25.751886608015717
25.80000000000008,95,549.8007779164928,69,0.0315,101,25.780791788856384
25.79999999999989,62,609.4587575529274,76,0.042,100,25.78188660801553
25.80000000000008,83,609.8007779164928,76,0.0315,1,25.781886608015718
25.79999999999989,50,669.4587575529274,84,0.042,0,25.783137829911915
25.83000000000008,93,632.5194742352267,79,0.0315,101,25.812355816226862
25.83000000000008,81,692.5194742352267,87,0.0315,1,25.813607038123248
25.83999999999989,59,596.045057968238,75,0.042,100,25.82173020527848
25.83999999999989,47,656.045057968238,82,0.042,0,25.82282502443782
25.86000000000008,96,602.815018129918,75,0.0315,101,25.841730205278672
25.86000000000008,84,662.815018129918,83,0.0315,1,25.842981427175058
25.87999999999989,60,531.0312591474237,66,0.042,100,25.86032258064505
25.87999999999989,48,591.0312591474237,74,0.042,0,25.861573802541432
25.890000000000082,98,639.0589967577805,80,0.063,101,25.872512218963916
25.890000000000082,86,699.0589967577805,87,0.063,1,25.87360703812325
25.919999999999888,47,549.3457772327923,69,0.05333333333333334,0,25.900791788856193
25.95000000000008,96,529.7283989496232,66,0.0315,101,25.930322580645242
25.95000000000008,84,589.7283989496232,74,0.0315,1,25.931573802541624
25.973333333333223,48,509.34577723279233,64,0.05333333333333334,0,25.95334310850429
25.980000000000082,91,541.8513511176684,68,0.04,1,25.96063538611934
26.02000000000008,93,501.8513511176684,63,0.04,1,25.9998533724341
26.026666666666554,47,549.3457772327923,69,0.05333333333333334,0,26.00745845552286
26.06000000000008,91,541.8513511176684,68,0.04,1,26.040635386119337
26.159999999999886,69,511.4230074966681,64,0.042,100,26.140009775170952
26.160000000000082,93,545.8008548312664,68,0.0315,101,26.14063538611934
26.159999999999886,57,571.4230074966681,71,0.042,0,26.141104594330287
26.160000000000082,81,605.8008548312664,76,0.0315,1,26.14188660801572
26.190000000000083,95,534.4273749608159,67,0.0315,101,26.170478983382292
26.190000000000083,83,594.4273749608159,74,0.0315,1,26.171573802541626
26.199999999999886,71,524.2122901140923,66,0.042,100,26.180322580645047
26.199999999999886,59,584.2122901140923,73,0.042,0,26.18141739980438
26.220000000000084,93,591.3487651119945,74,0.0315,101,26.201573802541628
26.220000000000084,81,651.3487651119945,81,0.0315,1,26.202668621700965
26.239999999999885,69,587.9926359472589,73,0.042,100,26.22141739980438
26.239999999999885,57,647.9926359472589,81,0.042,0,26.222668621700766
26.250000000000085,96,600.7667208261562,75,0.0315,101,26.231730205278676
26.250000000000085,84,660.7667208261562,83,0.0315,1,26.232981427175062
26.279999999999884,72,566.8062189087586,71,0.042,100,26.261104594330284
26.280000000000086,98,600.7727212918235,75,0.063,101,26.261730205278678
26.279999999999884,60,626.8062189087586,78,0.042,0,26.26219941348962
26.280000000000086,86,660.7727212918235,83,0.063,1,26.262981427175063
26.319999999999883,74,599.9701605528321,75,0.084,100,26.301730205278474
26.319999999999883,62,659.9701605528321,82,0.084,0,26.302825024437812
26.340000000000085,96,541.0745502927479,68,0.0315,101,26.320635386119342
26.340000000000085,84,601.0745502927479,75,0.0315,1,26.321730205278676
26.370000000000086,103,454.2973976061447,57,0.096,101,26.348914956011818
26.370000000000086,91,514.2973976061447,64,0.096,1,26.350009775171152
26.39999999999988,72,523.6185421462658,65,0.042,100,26.380166177907995
26.39999999999988,60,583.6185421462658,73,0.042,0,26.381417399804377
26.43999999999988,67,539.5906374099775,67,0.05333333333333334,0,26.42047898338209
26.493333333333215,69,499.5906374099775,62,0.05333333333333334,0,26.473030303030185
26.546666666666546,67,539.5906374099775,67,0.05333333333333334,0,26.527145650048755
26.550000000000086,93,493.5076513436695,62,0.0315,101,26.529696969697056
26.550000000000086,81,553.5076513436695,69,0.0315,1,26.53079178885639
26.580000000000087,91,482.04690705229643,60,0.0315,101,26.559384164222962
26.580000000000087,79,542.0469070522964,68,0.0315,1,26.560635386119344
26.61000000000009,93,589.1288938247628,74,0.0315,101,26.59157380254163
26.61000000000009,81,649.1288938247628,81,0.0315,1,26.59266862170097
26.64000000000009,90,563.4920232571609,70,0.0315,101,26.620948191593442
26.64000000000009,78,623.4920232571609,78,0.0315,1,26.622199413489824
26.67000000000009,88,582.2678335996162,73,0.063,101,26.651417399804586
26.67000000000009,76,642.2678335996162,80,0.063,1,26.652512218963924
26.67999999999988,69,496.1387995356963,62,0.042,100,26.65969696969685
26.67999999999988,57,556.1387995356963,70,0.042,0,26.66094819159323
26.719999999999878,71,506.8048129748066,63,0.042,100,26.699853372433896
26.719999999999878,59,566.8048129748066,71,0.042,0,26.70110459433028
26.73000000000009,90,526.5029758032747,66,0.0315,101,26.71032258064525
26.73000000000009,78,586.5029758032747,73,0.0315,1,26.711417399804585
26.76000000000009,83,449.256513478873,56,0.096,101,26.738758553274774
26.76000000000009,95,509.256513478873,64,0.096,1,26.740009775171156
26.759999999999877,69,556.4571617303781,70,0.042,100,26.74094819159323
26.759999999999877,57,616.4571617303781,77,0.042,0,26.742043010752564
26.799999999999876,72,558.7349041900713,70,0.042,100,26.78094819159323
26.799999999999876,60,618.7349041900713,77,0.042,0,26.782043010752563
26.839999999999876,74,563.3435148682873,70,0.084,100,26.820948191593228
26.839999999999876,62,623.3435148682873,78,0.084,0,26.82219941348961
26.919999999999874,72,510.54663206615453,64,0.042,100,26.90000977517094
26.919999999999874,60,570.5466320661545,71,0.042,0,26.901104594330274
26.94000000000009,93,480.66357602565995,60,0.0315,101,26.919384164222965
26.94000000000009,81,540.66357602566,68,0.0315,1,26.920635386119347
26.959999999999873,79,466.2951817550064,58,0.128,100,26.939071358748652
26.959999999999873,67,526.2951817550064,66,0.128,0,26.940322580645034
26.97000000000009,95,497.6930316022242,62,0.0315,101,26.94969696969706
26.97000000000009,83,557.6930316022242,70,0.0315,1,26.950948191593444
27.000000000000092,93,549.6546575256939,69,0.0315,101,26.980791788856397
27.000000000000092,81,609.6546575256939,76,0.0315,1,26.98188660801573
27.030000000000094,96,539.1527941551672,67,0.0315,101,27.010478983382303
27.030000000000094,84,599.1527941551672,75,0.0315,1,27.011730205278685
27.060000000000095,98,566.0054157322575,71,0.063,101,27.041104594330495
27.060000000000095,86,626.0054157322575,78,0.063,1,27.04219941348983
27.120000000000093,96,482.5410492062034,60,0.0315,101,27.09938416422297
27.120000000000093,84,542.5410492062034,68,0.0315,1,27.10063538611935
27.150000000000095,103,408.71582045918365,51,0.096,101,27.127976539589536
27.150000000000095,91,468.71582045918365,59,0.096,1,27.12922776148592
27.19999999999987,69,495.5393912680248,62,0.042,100,27.179696969696842
27.19999999999987,57,555.5393912680248,69,0.042,0,27.180791788856176
27.23999999999987,67,460.6763625993933,58,0.042,100,27.21907135874865
27.23999999999987,55,520.6763625993933,65,0.042,0,27.220166177907984
27.27999999999987,69,553.4760624084219,69,0.042,100,27.260791788856174
27.27999999999987,57,613.4760624084219,77,0.042,0,27.262043010752556
27.31999999999987,66,543.0624779584136,68,0.042,100,27.300635386119126
27.31999999999987,54,603.0624779584136,75,0.042,0,27.30173020527846
27.330000000000094,93,476.72757989370314,60,0.0315,101,27.30938416422297
27.330000000000094,81,536.7275798937031,67,0.0315,1,27.310478983382303
27.360000000000095,86,470.10227455377697,59,0.063,101,27.339227761485922
27.359999999999868,64,525.5022936621683,66,0.084,100,27.34032258064503
27.360000000000095,74,530.102274553777,66,0.063,1,27.340322580645257
27.359999999999868,52,585.5022936621683,73,0.084,0,27.341417399804364
27.420000000000094,88,525.1018775606419,66,0.0315,101,27.400322580645255
27.420000000000094,76,585.1018775606419,73,0.0315,1,27.40141739980459
27.439999999999866,66,466.92703814656977,58,0.042,100,27.419071358748646
27.439999999999866,54,526.9270381465698,66,0.042,0,27.420322580645028
27.450000000000095,86,522.4349042459171,65,0.0315,101,27.43016617790821
27.450000000000095,74,582.4349042459171,73,0.0315,1,27.43141739980459
27.479999999999865,59,414.41280483606397,52,0.128,100,27.458132942326355
27.479999999999865,47,474.41280483606397,59,0.128,0,27.459227761485693
27.480000000000096,83,531.1981986117022,66,0.0315,101,27.460322580645258
27.480000000000096,71,591.1981986117022,74,0.0315,1,27.46157380254164
27.510000000000097,84,466.09024315983936,58,0.0315,101,27.489071358748877
27.510000000000097,72,526.0902431598394,66,0.0315,1,27.49032258064526
27.5400000000001,83,396.1899576218284,50,0.096,101,27.517820136852492
27.5400000000001,71,456.1899576218284,57,0.096,1,27.51891495601183
27.72,86,428.510865874793,54,0.0315,101,27.698445747800584
27.72,62,441.104027830934,55,0.042,100,27.698602150537635
27.72,74,488.510865874793,61,0.0315,1,27.69954056695992
27.72,50,501.104027830934,63,0.042,0,27.699853372434017
27.72,36,820.0,102,0.9,20,27.705953079178883
27.72,40,820.0,102,0.9,20,27.705953079178883
27.72,43,820.0,102,0.9,20,27.705953079178883
27.72,60,820.0,102,0.2684310850439847,20,27.705953079178883
27.72,64,820.0,102,0.5482746823069345,20,27.705953079178883
27.72,67,820.0,102,0.1493695014662738,20,27.705953079178883
27.75,88,479.665472804725,60,0.0315,101,27.729384164222875
27.75,76,539.665472804725,67,0.0315,1,27.73047898338221
27.759999999999998,52,446.9432843601828,56,0.042,100,27.738758553274682
27.759999999999998,28,506.9432843601828,63,0.042,0,27.739853372434016
27.78,86,518.2249090637334,65,0.0315,101,27.760166177908115
27.78,74,578.2249090637334,72,0.0315,1,27.76126099706745
27.799999999999997,62,529.3226965846615,66,0.042,100,27.78032258064516
27.799999999999997,50,589.3226965846615,74,0.042,0,27.78157380254154
27.810000000000002,90,497.34865939876715,62,0.0315,101,27.789696969696973
27.810000000000002,78,557.3486593987672,70,0.0315,1,27.790948191593355
27.839999999999996,66,501.688461649191,63,0.042,100,27.819853372434014
27.840000000000003,91,516.2286004441271,65,0.063,101,27.820166177908117
27.839999999999996,54,561.688461649191,70,0.042,0,27.82094819159335
27.840000000000003,79,576.2286004441271,72,0.063,1,27.82126099706745
27.879999999999995,67,531.0385124111665,66,0.084,100,27.860322580645157
27.879999999999995,55,591.0385124111665,74,0.084,0,27.86157380254154
27.900000000000002,90,455.0350118298361,57,0.0315,101,27.878914956011734
27.900000000000002,78,515.0350118298361,64,0.0315,1,27.880009775171068
27.930000000000003,96,420.65673968446936,53,0.096,101,27.90828934506354
27.930000000000003,84,480.65673968446936,60,0.096,1,27.909384164222878
27.959999999999994,66,471.96692074319037,59,0.042,100,27.93922776148582
27.959999999999994,54,531.9669207431904,66,0.042,0,27.940322580645155
27.999999999999993,72,423.68493964287313,53,0.128,100,27.97828934506353
27.999999999999993,60,483.68493964287313,60,0.128,0,27.979384164222868
28.110000000000003,86,465.37030778848566,58,0.0315,101,28.089071358748782
28.110000000000003,74,525.3703077884857,66,0.0315,1,28.090322580645164
28.140000000000004,84,476.59303619891807,60,0.0315,101,28.11938416422288
28.140000000000004,72,536.5930361989181,67,0.0315,1,28.120478983382213
28.170000000000005,86,534.500704387729,67,0.0315,101,28.150478983382214
28.170000000000005,74,594.500704387729,74,0.0315,1,28.15157380254155
28.200000000000006,83,539.7510902592605,67,0.0315,101,28.180478983382216
28.200000000000006,71,599.7510902592605,75,0.0315,1,28.181730205278598
28.230000000000008,81,534.9066811179837,67,0.063,101,28.210478983382217
28.230000000000008,69,594.9066811179837,74,0.063,1,28.21157380254155
28.23999999999999,62,467.281608076421,58,0.042,100,28.21907135874877
28.23999999999999,50,527.281608076421,66,0.042,0,28.220322580645153
28.27999999999999,64,474.7392671466654,59,0.042,100,28.259227761485818
28.27999999999999,52,534.7392671466654,67,0.042,0,28.2604789833822
28.290000000000006,83,468.9815513624901,59,0.0315,101,28.269227761485833
28.290000000000006,71,528.9815513624901,66,0.0315,1,28.270322580645168
28.320000000000007,76,423.82016208273774,53,0.096,101,28.298289345063544
28.320000000000007,88,483.82016208273774,60,0.096,1,28.299384164222882
28.31999999999999,62,540.1506047143198,68,0.042,100,28.300635386119247
28.31999999999999,50,600.1506047143198,75,0.042,0,28.30173020527858
28.35999999999999,66,543.2418662794286,68,0.042,100,28.340635386119246
28.35999999999999,54,603.2418662794286,75,0.042,0,28.34173020527858
28.399999999999988,67,569.4826181667311,71,0.084,100,28.381104594330388
28.399999999999988,55,629.4826181667311,79,0.084,0,28.38235581622677
28.479999999999986,66,484.9375947750582,61,0.042,100,28.45954056695991
28.479999999999986,54,544.9375947750582,68,0.042,0,28.460635386119243
28.500000000000007,86,464.9789397337979,58,0.0315,101,28.479071358748786
28.500000000000007,74,524.9789397337979,66,0.0315,1,28.48032258064517
28.519999999999985,72,434.59846874773586,54,0.128,100,28.49844574780057
28.519999999999985,60,494.59846874773586,62,0.128,0,28.499696969696956
28.53000000000001,88,501.72887897818157,63,0.0315,101,28.509853372434026
28.53000000000001,76,561.7288789781816,70,0.0315,1,28.51094819159336
28.56000000000001,86,570.9428421817909,71,0.0315,101,28.54110459433041
28.56000000000001,74,630.9428421817909,79,0.0315,1,28.54235581622679
28.59000000000001,90,567.7799608276976,71,0.0315,101,28.57110459433041
28.59000000000001,78,627.7799608276976,78,0.0315,1,28.572199413489745
28.62000000000001,91,566.236952952536,71,0.063,101,28.601104594330412
28.62000000000001,79,626.236952952536,78,0.063,1,28.602199413489746
28.68000000000001,90,505.9818377106027,63,0.0315,101,28.65985337243403
28.68000000000001,78,565.9818377106027,71,0.0315,1,28.66110459433041
28.71000000000001,96,433.8855321922026,54,0.096,101,28.688445747800596
28.71000000000001,84,493.8855321922026,62,0.096,1,28.689696969696982
28.759999999999984,62,486.64481663949493,61,0.042,100,28.739540566959906
28.759999999999984,50,546.6448166394949,68,0.042,0,28.74063538611924
28.799999999999983,60,505.14025181010084,63,0.042,100,28.779853372434
28.799999999999983,48,565.1402518101008,71,0.042,0,28.781104594330383
28.839999999999982,62,572.4226540179646,72,0.042,100,28.82126099706743
28.839999999999982,50,632.4226540179646,79,0.042,0,28.822355816226764
28.87999999999998,59,576.5564987813802,72,0.042,100,28.86126099706743
28.87999999999998,47,636.5564987813802,80,0.042,0,28.862512218963815
28.89000000000001,86,509.41495816753263,64,0.0315,101,28.870009775171077
28.89000000000001,74,569.4149581675326,71,0.0315,1,28.87110459433041
28.920000000000012,79,510.8333618536577,64,0.063,101,28.90000977517108
28.920000000000012,67,570.8333618536577,71,0.063,1,28.901104594330413
28.91999999999998,57,587.1534902500107,73,0.084,100,28.901417399804476
28.91999999999998,45,647.1534902500107,81,0.084,0,28.90266862170086
28.98000000000001,81,591.356071617643,74,0.0315,101,28.961573802541555
28.98000000000001,69,651.356071617643,81,0.0315,1,28.962668621700892
28.99999999999998,59,523.3050513979659,65,0.042,100,28.980166177908092
28.99999999999998,47,583.3050513979659,73,0.042,0,28.981417399804474
29.010000000000012,79,581.6921121207673,73,0.0315,101,28.991417399804508
29.010000000000012,67,641.6921121207673,80,0.0315,1,28.992512218963846
29.039999999999978,52,488.5020822642415,61,0.128,100,29.0195405669599
29.039999999999978,40,548.5020822642415,69,0.128,0,29.020791788856283
29.040000000000013,76,574.910855513458,72,0.0315,101,29.02126099706746
29.040000000000013,64,634.910855513458,79,0.0315,1,29.022355816226796
29.070000000000014,78,498.0596218377474,62,0.0315,101,29.049696969696985
29.070000000000014,66,558.0596218377474,70,0.0315,1,29.050948191593367
29.100000000000016,76,465.7716630986388,58,0.096,101,29.079071358748795
29.100000000000016,64,525.7716630986388,66,0.096,1,29.080322580645177
29.279999999999976,62,529.7788634650407,66,0.042,100,29.260322580645138
29.280000000000015,86,524.6075661478492,66,0.0315,101,29.260322580645177
29.280000000000015,74,584.6075661478492,73,0.0315,1,29.26141739980451
29.279999999999976,50,589.7788634650407,74,0.042,0,29.26157380254152
29.310000000000016,88,535.665514478473,67,0.0315,101,29.290478983382226
29.310000000000016,76,595.665514478473,74,0.0315,1,29.29157380254156
29.319999999999975,64,516.6354389296977,65,0.042,100,29.30016617790809
29.319999999999975,52,576.6354389296977,72,0.042,0,29.301260997067423
29.340000000000018,86,584.5234504832549,73,0.0315,101,29.321417399804513
29.340000000000018,74,644.5234504832549,81,0.0315,1,29.3226686217009
29.359999999999975,62,591.0136234084274,74,0.042,100,29.341573802541518
29.359999999999975,50,651.0136234084274,81,0.042,0,29.342668621700856
29.37000000000002,90,582.3753646450294,73,0.0315,101,29.351417399804514
29.37000000000002,78,642.3753646450294,80,0.0315,1,29.352512218963852
29.399999999999974,66,594.6052744629292,74,0.042,100,29.381573802541517
29.40000000000002,91,595.0004114925704,74,0.063,101,29.381573802541563
29.399999999999974,54,654.6052744629292,82,0.042,0,29.382825024437903
29.40000000000002,79,655.0004114925704,82,0.063,1,29.38282502443795
29.439999999999973,67,600.0729248876578,75,0.084,100,29.421730205278564
29.439999999999973,55,660.0729248876578,83,0.084,0,29.42298142717495
29.46000000000002,90,529.9259399482545,66,0.0315,101,29.44032258064518
29.46000000000002,78,589.9259399482545,74,0.0315,1,29.441573802541562
29.49000000000002,96,476.0438358709541,60,0.096,101,29.469384164222895
29.49000000000002,84,536.0438358709541,67,0.096,1,29.47047898338223
29.51999999999997,66,523.2237050694372,65,0.042,100,29.500166177908085
29.51999999999997,54,583.2237050694372,73,0.042,0,29.501417399804467
29.55999999999997,72,490.17822199623686,61,0.128,100,29.539540566959893
29.55999999999997,60,550.1782219962369,69,0.128,0,29.540791788856275
29.67000000000002,86,518.165766220288,65,0.0315,101,29.650166177908133
29.67000000000002,74,578.165766220288,72,0.0315,1,29.651260997067467
29.70000000000002,88,534.8062623796618,67,0.0315,101,29.68047898338223
29.70000000000002,76,594.8062623796618,74,0.0315,1,29.681573802541564
29.73000000000002,86,619.137959707318,77,0.0315,101,29.71204301075271
29.73000000000002,74,679.137959707318,85,0.0315,1,29.713294232649094
29.760000000000023,90,597.0241280182195,75,0.0315,101,29.741730205278614
29.760000000000023,78,657.0241280182195,82,0.0315,1,29.742825024437952
29.790000000000024,91,619.2091198977492,77,0.063,101,29.77204301075271
29.790000000000024,79,679.2091198977492,85,0.063,1,29.773294232649096
29.79999999999997,62,534.98042111899,67,0.042,100,29.780478983382178
29.79999999999997,50,594.98042111899,74,0.042,0,29.781573802541512
29.839999999999968,55,542.4133310362225,68,0.084,100,29.820635386119225
29.839999999999968,43,602.4133310362225,75,0.084,0,29.82173020527856
29.850000000000023,90,563.5842616140548,70,0.0315,101,29.830948191593375
29.850000000000023,78,623.5842616140548,78,0.0315,1,29.832199413489757
29.880000000000024,96,493.30682724213943,62,0.096,101,29.859696969696994
29.880000000000024,84,553.3068272421394,69,0.096,1,29.86079178885633
29.919999999999966,57,622.0731228979612,78,0.042,100,29.9021994134897
29.919999999999966,45,682.0731228979612,85,0.042,0,29.90329423264904
29.959999999999965,55,633.4181513329133,79,0.042,100,29.942355816226748
29.959999999999965,43,693.4181513329133,87,0.042,0,29.943607038123133
29.999999999999964,52,631.3914605999367,79,0.042,100,29.982355816226747
29.999999999999964,40,691.3914605999367,86,0.042,0,29.983450635386085
30.039999999999964,54,588.0300496855255,74,0.042,100,30.021573802541507
30.039999999999964,42,648.0300496855255,81,0.042,0,30.022668621700845
30.060000000000024,95,548.4882946614954,69,0.0315,101,30.04079178885633
30.060000000000024,83,608.4882946614954,76,0.0315,1,30.041886608015663
30.079999999999963,52,518.7686543919023,65,0.128,100,30.060166177908076
30.079999999999963,40,578.7686543919023,72,0.128,0,30.06126099706741
30.090000000000025,93,572.560878238154,72,0.0315,101,30.071260997067473
30.090000000000025,81,632.560878238154,79,0.0315,1,30.072355816226807
30.120000000000026,95,628.537878434057,79,0.0315,101,30.102355816226808
30.120000000000026,83,688.537878434057,86,0.0315,1,30.103450635386146
30.150000000000027,91,619.6185163298261,77,0.0315,101,30.132043010752714
30.150000000000027,79,679.6185163298261,85,0.0315,1,30.1332942326491
30.180000000000028,90,649.7275590105027,81,0.063,101,30.16266862170091
30.180000000000028,78,709.7275590105027,89,0.063,1,30.16391984359729
30.240000000000027,91,562.0805610757034,70,0.0315,101,30.22094819159338
30.240000000000027,79,622.0805610757034,78,0.0315,1,30.22219941348976
30.270000000000028,84,536.9064686379106,67,0.096,101,30.250478983382237
30.270000000000028,72,596.9064686379106,75,0.08437438905174133,1,30.25173020527862
30.31999999999996,71,556.9148803843616,70,0.042,100,30.300948191593314
30.31999999999996,59,616.9148803843616,77,0.042,0,30.302043010752648
30.35999999999996,72,569.9796548002665,71,0.042,100,30.34110459433036
30.35999999999996,60,629.9796548002665,79,0.042,0,30.342355816226743
30.39999999999996,71,646.526749271552,81,0.042,100,30.38266862170084
30.39999999999996,59,706.526749271552,88,0.042,0,30.383763440860175
30.43999999999996,74,641.8319478171974,80,0.042,100,30.422512218963792
30.43999999999996,62,701.8319478171974,88,0.042,0,30.423763440860174
30.450000000000028,95,569.9126779126983,71,0.0315,101,30.431104594330428
30.450000000000028,83,629.9126779126983,79,0.0315,1,30.43235581622681
30.48000000000003,96,569.7899726256278,71,0.0315,101,30.46110459433043
30.48000000000003,84,629.7899726256278,79,0.0315,1,30.46235581622681
30.479999999999958,76,670.9960855982785,84,0.084,100,30.463137829911982
30.479999999999958,64,730.9960855982785,91,0.084,0,30.464232649071317
30.51000000000003,95,652.793175118734,82,0.0315,101,30.49282502443796
30.51000000000003,83,712.793175118734,89,0.0315,1,30.493919843597293
30.54000000000003,98,643.6658483352052,80,0.0315,101,30.522512218963865
30.54000000000003,86,703.6658483352052,88,0.0315,1,30.523763440860247
30.559999999999956,74,566.2947504001797,71,0.042,100,30.541104594330356
30.559999999999956,62,626.2947504001797,78,0.042,0,30.54219941348969
30.570000000000032,100,661.1708662791308,83,0.063,101,30.55298142717501
30.570000000000032,88,721.1708662791308,90,0.063,1,30.554076246334343
30.599999999999955,81,544.8145300136899,68,0.128,100,30.580635386119212
30.599999999999955,69,604.8145300136899,76,0.128,0,30.581886608015594
30.63000000000003,98,571.9990415435757,71,0.0315,101,30.61110459433043
30.63000000000003,86,631.9990415435757,79,0.0315,1,30.612355816226813
30.660000000000032,105,536.8040137632116,67,0.096,101,30.64047898338224
30.660000000000032,93,596.8040137632116,75,0.096,1,30.641730205278623
30.839999999999954,71,578.8856305494519,72,0.042,100,30.8212609970674
30.840000000000032,95,575.6544352228287,72,0.0315,101,30.82126099706748
30.840000000000032,83,635.6544352228287,79,0.0315,1,30.822355816226814
30.839999999999954,59,638.8856305494519,80,0.042,0,30.822512218963787
30.870000000000033,88,593.8056072149454,74,0.063,101,30.851573802541576
30.870000000000033,76,653.8056072149454,82,0.063,1,30.852825024437962
30.879999999999953,72,566.7656868252343,71,0.042,100,30.861104594330353
30.879999999999953,60,626.7656868252343,78,0.042,0,30.862199413489687
30.919999999999952,71,668.0750484477624,84,0.042,100,30.903137829911977
30.919999999999952,59,728.0750484477624,91,0.042,0,30.90423264907131
30.93000000000003,90,646.779648964197,81,0.0315,101,30.912668621700913
30.93000000000003,78,706.779648964197,88,0.0315,1,30.913763440860247
30.95999999999995,74,666.8844468341592,83,0.042,100,30.942981427174928
30.960000000000033,88,663.8766886833687,83,0.0315,101,30.94298142717501
30.960000000000033,76,723.8766886833687,90,0.0315,1,30.944076246334344
30.95999999999995,62,726.8844468341592,91,0.042,0,30.94423264907131
30.990000000000034,84,666.1751253149106,83,0.0315,101,30.97298142717501
30.990000000000034,72,726.1751253149106,91,0.0315,1,30.974232649071393
30.99999999999995,64,650.5370276455534,81,0.084,100,30.98266862170083
30.99999999999995,52,710.5370276455534,89,0.084,0,30.983919843597214
31.020000000000035,86,573.3317072092138,72,0.0315,101,31.001260997067483
31.020000000000035,74,633.3317072092138,79,0.0315,1,31.002355816226817
31.050000000000036,84,561.1818108808084,70,0.096,101,31.03094819159339
31.050000000000036,72,621.1818108808084,78,0.096,1,31.03219941348977
31.07999999999995,74,590.4381294389411,74,0.042,100,31.061573802541492
31.07999999999995,62,650.4381294389411,81,0.042,0,31.06266862170083
31.119999999999948,81,527.5841955969155,66,0.128,100,31.10032258064511
31.119999999999948,69,587.5841955969155,73,0.128,0,31.101417399804443
31.230000000000036,95,612.4584009439528,77,0.0315,101,31.212043010752723
31.230000000000036,83,672.4584009439528,84,0.0315,1,31.21313782991206
31.260000000000037,96,606.4450261096412,76,0.0315,101,31.241886608015676
31.260000000000037,84,666.4450261096412,83,0.0315,1,31.242981427175014
31.29000000000004,95,684.3122548592402,86,0.0315,101,31.27345063538616
31.29000000000004,83,744.3122548592402,93,0.0315,1,31.274545454545493
31.32000000000004,98,660.6270554088982,83,0.0315,101,31.302981427175016
31.32000000000004,86,720.6270554088982,90,0.0315,1,31.30407624633435
31.35000000000004,100,648.3929481368938,81,0.063,101,31.332668621700922
31.35000000000004,88,708.3929481368938,89,0.063,1,31.333919843597304
31.359999999999946,71,573.0737005821057,72,0.042,100,31.341260997067394
31.359999999999946,59,633.0737005821057,79,0.042,0,31.34235581622673
31.399999999999945,69,609.6415611930523,76,0.042,100,31.381886608015584
31.399999999999945,57,669.6415611930523,84,0.042,0,31.38313782991197
31.41000000000004,98,575.1117913075176,72,0.0315,101,31.391260997067487
31.41000000000004,86,635.1117913075176,79,0.0315,1,31.39235581622682
31.44000000000004,105,557.6553740105305,70,0.096,101,31.420948191593393
31.44000000000004,93,617.6553740105305,77,0.096,1,31.422043010752727
31.439999999999944,71,664.3335401828643,83,0.042,100,31.42298142717492
31.439999999999944,59,724.3335401828643,91,0.042,0,31.424232649071303
31.479999999999944,67,649.1267308542872,81,0.042,100,31.462668621700825
31.479999999999944,55,709.1267308542872,89,0.042,0,31.463919843597207
31.519999999999943,66,673.9896592492995,84,0.084,100,31.503137829911967
31.519999999999943,54,733.9896592492995,92,0.084,0,31.50438905180835
31.59999999999994,67,593.9909850641816,74,0.042,100,31.581573802541484
31.59999999999994,55,653.9909850641816,82,0.042,0,31.58282502443787
31.62000000000004,95,585.2729452860651,73,0.0315,101,31.601417399804536
31.62000000000004,83,645.2729452860651,81,0.0315,1,31.60266862170092
31.63999999999994,60,552.0013311834866,69,0.128,100,31.620791788856245
31.63999999999994,48,612.0013311834866,77,0.128,0,31.622043010752627
31.65000000000004,96,589.9756178829568,74,0.0315,101,31.631573802541585
31.65000000000004,84,649.9756178829568,81,0.0315,1,31.632668621700923
31.680000000000042,95,672.762438123956,84,0.0315,101,31.663137829912067
31.680000000000042,83,732.762438123956,92,0.0315,1,31.66438905180845
31.710000000000043,98,673.1153874159018,84,0.0315,101,31.693137829912068
31.710000000000043,86,733.1153874159018,92,0.0315,1,31.69438905180845
31.740000000000045,100,656.821865117801,82,0.063,101,31.722825024437974
31.740000000000045,88,716.821865117801,90,0.063,1,31.724076246334356
31.800000000000043,98,597.3732391993835,75,0.0315,101,31.781730205278635
31.800000000000043,86,657.3732391993835,82,0.0315,1,31.782825024437972
31.830000000000044,105,578.0278147497238,72,0.096,101,31.811260997067492
31.830000000000044,93,638.0278147497238,80,0.096,1,31.812512218963878
31.87999999999994,71,604.2697115626249,76,0.042,100,31.861886608015578
31.87999999999994,59,664.2697115626249,83,0.042,0,31.862981427174915
31.919999999999938,72,589.9805080308381,74,0.042,100,31.90157380254148
31.919999999999938,60,649.9805080308381,81,0.042,0,31.90266862170082
31.959999999999937,71,665.5587029261459,83,0.042,100,31.942981427174914
31.959999999999937,59,725.5587029261459,91,0.042,0,31.944232649071296
31.999999999999936,74,670.4091485851313,84,0.042,100,31.98313782991196
31.999999999999936,62,730.4091485851313,91,0.042,0,31.984232649071295
32.01000000000005,95,583.5562760297269,73,0.0315,101,31.991417399804543
32.01000000000005,83,643.5562760297269,80,0.0315,1,31.99251221896388
32.04000000000005,93,615.263820417653,77,0.0315,101,32.02204301075274
32.04000000000005,81,675.263820417653,84,0.0315,1,32.02313782991207
32.039999999999935,76,688.631044888078,86,0.084,100,32.023450635386055
32.039999999999935,64,748.631044888078,94,0.084,0,32.02470185728244
32.07000000000005,95,671.3674964813156,84,0.0315,101,32.053137829912075
32.07000000000005,83,731.3674964813156,91,0.0315,1,32.05423264907141
32.10000000000005,91,675.739098728223,84,0.0315,101,32.083137829912076
32.10000000000005,79,735.739098728223,92,0.0315,1,32.08438905180846
32.11999999999993,74,620.1451416047296,78,0.042,100,32.10219941348967
32.11999999999993,62,680.1451416047296,85,0.042,0,32.103294232649006
32.13000000000005,90,690.6760868485804,86,0.063,101,32.11345063538617
32.13000000000005,78,750.6760868485804,94,0.063,1,32.114701857282554
32.15999999999993,81,554.3289874297072,69,0.128,100,32.14079178885624
32.15999999999993,69,614.3289874297072,77,0.128,0,32.14204301075262
32.190000000000055,91,614.4913674148713,77,0.0315,101,32.172043010752745
32.190000000000055,79,674.4913674148713,84,0.0315,1,32.17313782991208
32.220000000000056,84,573.446562674871,72,0.096,101,32.20126099706751
32.220000000000056,72,633.446562674871,79,0.096,1,32.20235581622684
32.400000000000055,91,584.0094363716779,73,0.0315,101,32.381417399804555
32.39999999999993,71,609.0770823756092,76,0.042,100,32.38188660801557
32.400000000000055,79,644.0094363716779,81,0.0315,1,32.38266862170094
32.39999999999993,59,669.0770823756092,84,0.042,0,32.38313782991195
32.43000000000006,93,619.3490717506834,77,0.0315,101,32.41204301075275
32.43000000000006,81,679.3490717506834,85,0.0315,1,32.41329423264913
32.43999999999993,64,596.5691392514152,75,0.084,100,32.42173020527852
32.43999999999993,52,656.5691392514152,82,0.084,0,32.422825024437856
32.46000000000006,91,667.8999468053694,83,0.0315,101,32.442981427175035
32.46000000000006,79,727.8999468053694,91,0.0315,1,32.44423264907142
32.49000000000006,95,673.0415067051837,84,0.0315,101,32.47313782991208
32.49000000000006,83,733.0415067051837,92,0.0315,1,32.474389051808465
32.52000000000006,96,681.133901494829,85,0.063,101,32.50329423264913
32.519999999999925,66,699.9494594137442,87,0.042,100,32.50360703812309
32.52000000000006,84,741.133901494829,93,0.063,1,32.504545454545514
32.519999999999925,54,759.9494594137442,95,0.042,0,32.504858260019475
32.559999999999924,64,656.1640869852262,82,0.042,100,32.54282502443785
32.559999999999924,52,716.1640869852262,90,0.042,0,32.544076246334235
32.58000000000006,95,611.5228256981503,76,0.0315,101,32.561886608015705
32.58000000000006,83,671.5228256981503,84,0.0315,1,32.56313782991209
32.59999999999992,60,693.7460946354124,87,0.042,100,32.58360703812309
32.59999999999992,48,753.7460946354124,94,0.042,0,32.584701857282425
32.61000000000006,102,566.4747587803614,71,0.096,101,32.59110459433047
32.61000000000006,90,626.4747587803614,78,0.096,1,32.5921994134898
32.63999999999992,62,597.5966023356341,75,0.042,100,32.62173020527852
32.63999999999992,50,657.5966023356341,82,0.042,0,32.62282502443785
32.67999999999992,60,586.2814679009759,73,0.128,100,32.66141739980442
32.67999999999992,48,646.2814679009759,81,0.128,0,32.6626686217008
32.79000000000006,91,586.3340168500858,73,0.0315,101,32.77141739980456
32.79000000000006,79,646.3340168500858,81,0.0315,1,32.772668621700944
32.820000000000064,84,588.2077098422218,74,0.063,101,32.80157380254161
32.820000000000064,72,648.2077098422218,81,0.063,1,32.802668621700946
32.88000000000007,86,686.560933725018,86,0.0315,101,32.86345063538619
32.88000000000007,74,746.560933725018,93,0.0315,1,32.86454545454552
32.91000000000007,84,669.8916210005953,84,0.0315,101,32.89313782991209
32.91000000000007,72,729.8916210005953,91,0.0315,1,32.89423264907143
32.919999999999916,67,602.4936480007572,75,0.042,100,32.90173020527851
32.919999999999916,55,662.4936480007572,83,0.042,0,32.90298142717489
32.94000000000007,81,689.3364147464474,86,0.0315,101,32.92345063538619
32.94000000000007,69,749.3364147464474,94,0.0315,1,32.92470185728257
32.959999999999916,57,590.9831059495932,74,0.042,100,32.94157380254146
32.959999999999916,45,650.9831059495932,81,0.042,0,32.9426686217008
32.97000000000007,83,602.5372788854359,75,0.0315,101,32.951730205278665
32.97000000000007,71,662.5372788854359,83,0.0315,1,32.95298142717505
33.00000000000007,81,542.7330907712119,68,0.096,101,32.98063538611933
33.00000000000007,69,602.7330907712119,75,0.096,1,32.981730205278666
32.999999999999915,67,668.664350115665,84,0.042,100,32.98313782991194
32.999999999999915,55,728.664350115665,91,0.042,0,32.984232649071274
33.039999999999914,71,675.6968888629766,84,0.042,100,33.02313782991194
33.039999999999914,59,735.6968888629766,92,0.042,0,33.02438905180832
33.07999999999991,72,686.6471887524878,86,0.084,100,33.06345063538603
33.07999999999991,60,746.6471887524878,93,0.084,0,33.06454545454537
33.15999999999991,71,599.9673115195129,75,0.042,100,33.141730205278506
33.15999999999991,59,659.9673115195129,82,0.042,0,33.14282502443784
33.18000000000007,91,603.9702471508725,75,0.0315,101,33.161730205278666
33.18000000000007,79,663.9702471508725,83,0.0315,1,33.16298142717505
33.19999999999991,78,557.6311260695062,70,0.128,100,33.18094819159327
33.19999999999991,66,617.6311260695062,77,0.128,0,33.1820430107526
33.21000000000007,93,595.672147167653,74,0.0315,101,33.19157380254162
33.21000000000007,81,655.672147167653,82,0.0315,1,33.192825024438
33.24000000000007,91,675.951646893482,84,0.0315,101,33.2231378299121
33.24000000000007,79,735.951646893482,92,0.0315,1,33.22438905180848
33.270000000000074,95,655.4573727991284,82,0.0315,101,33.252825024438
33.270000000000074,83,715.4573727991284,89,0.0315,1,33.25391984359734
33.300000000000075,96,690.6516667075816,86,0.063,101,33.283450635386195
33.300000000000075,84,750.6516667075816,94,0.063,1,33.28470185728258
33.36000000000008,95,587.2403191373284,73,0.0315,101,33.34141739980458
33.36000000000008,83,647.2403191373284,81,0.0315,1,33.34266862170096
33.39000000000008,102,550.0273721288404,69,0.096,101,33.37079178885639
33.39000000000008,90,610.0273721288404,76,0.096,1,33.37188660801572
33.439999999999905,67,597.2796144900493,75,0.042,100,33.4217302052785
33.439999999999905,55,657.2796144900493,82,0.042,0,33.422825024437834
33.479999999999905,69,597.1774462697826,75,0.042,100,33.4617302052785
33.479999999999905,57,657.1774462697826,82,0.042,0,33.462825024437834
33.519999999999904,67,651.4700625512468,81,0.042,100,33.502668621700785
33.519999999999904,55,711.4700625512468,89,0.042,0,33.50391984359717
33.5599999999999,71,648.2697142235075,81,0.042,100,33.542668621700784
33.5599999999999,59,708.2697142235075,89,0.042,0,33.543919843597166
33.57000000000008,91,586.9386684067454,73,0.0315,101,33.55141739980458
33.57000000000008,79,646.9386684067454,81,0.0315,1,33.55266862170096
33.60000000000008,93,580.0837893763513,73,0.0315,101,33.58141739980458
33.60000000000008,81,640.0837893763513,80,0.0315,1,33.58251221896391
33.5999999999999,72,668.1828578466452,84,0.084,100,33.58313782991193
33.5999999999999,60,728.1828578466452,91,0.084,0,33.58423264907126
33.63000000000008,91,668.6887146639433,84,0.0315,101,33.613137829912105
33.63000000000008,79,728.6887146639433,91,0.0315,1,33.61423264907144
33.66000000000008,95,675.2469010883425,84,0.0315,101,33.643137829912106
33.66000000000008,83,735.2469010883425,92,0.0315,1,33.64438905180849
33.6799999999999,71,606.0389432823952,76,0.042,100,33.66188660801554
33.6799999999999,59,666.0389432823952,83,0.042,0,33.66298142717488
33.69000000000008,96,657.5145466315157,82,0.063,101,33.67282502443801
33.69000000000008,84,717.5145466315157,90,0.063,1,33.674076246334394
33.7199999999999,78,566.7724174001814,71,0.128,100,33.7011045943303
33.7199999999999,66,626.7724174001814,78,0.128,0,33.70219941348964
33.750000000000085,95,594.5890783468317,74,0.0315,101,33.73157380254163
33.750000000000085,83,654.5890783468317,82,0.0315,1,33.732825024438014
33.780000000000086,102,512.9768759169322,64,0.096,101,33.76000977517115
33.780000000000086,90,572.9768759169322,72,0.096,1,33.76126099706754
33.960000000000086,91,575.9254729722632,72,0.0315,101,33.94126099706754
33.959999999999894,67,585.7469764273437,73,0.042,100,33.94141739980439
33.960000000000086,79,635.9254729722632,79,0.0315,1,33.94235581622687
33.959999999999894,55,645.7469764273437,81,0.042,0,33.942668621700776
33.99000000000009,90,579.9882761524902,72,0.0315,101,33.97126099706754
33.99000000000009,78,639.9882761524902,80,0.0315,1,33.97251221896392
33.99999999999989,66,586.9183158583786,73,0.042,100,33.98141739980439
33.99999999999989,54,646.9183158583786,81,0.042,0,33.982668621700775
34.02000000000009,91,645.2677398827158,81,0.0315,101,34.00266862170097
34.02000000000009,79,705.2677398827158,88,0.0315,1,34.003763440860304
34.03999999999989,67,663.5167508448093,83,0.042,100,34.02298142717487
34.03999999999989,55,723.5167508448093,90,0.042,0,34.024076246334204
34.05000000000009,88,659.0620129415125,82,0.0315,101,34.03282502443802
34.05000000000009,76,719.0620129415125,90,0.0315,1,34.0340762463344
34.07999999999989,64,637.229403484528,80,0.042,100,34.062512218963725
34.08000000000009,86,649.4801970509299,81,0.063,101,34.06266862170097
34.07999999999989,52,697.229403484528,87,0.042,0,34.06360703812306
34.08000000000009,74,709.4801970509299,89,0.063,1,34.063919843597354
34.11999999999989,62,650.3961122152889,81,0.084,100,34.10266862170077
34.11999999999989,50,710.3961122152889,89,0.084,0,34.103919843597154
34.14000000000009,88,577.3445186601167,72,0.0315,101,34.121260997067544
34.14000000000009,76,637.3445186601167,80,0.0315,1,34.12251221896393
34.170000000000094,81,530.8881659570719,66,0.096,101,34.15032258064525
34.170000000000094,69,590.8881659570719,74,0.096,1,34.15157380254164
34.19999999999989,64,567.7811162028994,71,0.042,100,34.18110459433029
34.19999999999989,52,627.7811162028994,78,0.042,0,34.18219941348963
34.23999999999989,57,518.2889771080114,65,0.128,100,34.220166177908
34.23999999999989,45,578.2889771080114,72,0.128,0,34.22126099706734
34.350000000000094,91,541.763302757987,68,0.0315,101,34.330635386119354
34.350000000000094,79,601.763302757987,75,0.0315,1,34.33173020527869
34.380000000000095,93,558.358785932506,70,0.0315,101,34.36094819159345
34.380000000000095,81,618.358785932506,77,0.0315,1,34.362043010752785
34.410000000000096,91,654.6472389619958,82,0.0315,101,34.392825024438025
34.410000000000096,79,714.6472389619958,89,0.0315,1,34.39391984359736
34.4400000000001,95,608.6173861298618,76,0.0315,101,34.42188660801574
34.4400000000001,83,668.6173861298618,84,0.0315,1,34.42313782991212
34.4700000000001,96,631.8805358344642,79,0.063,101,34.452355816226884
34.4700000000001,84,691.8805358344642,86,0.063,1,34.45345063538622
34.47999999999988,67,564.3982578112483,71,0.042,100,34.46110459433029
34.47999999999988,55,624.3982578112483,78,0.042,0,34.46219941348962
34.51999999999988,69,569.3947618791944,71,0.042,100,34.501104594330286
34.51999999999988,57,629.3947618791944,79,0.042,0,34.50235581622667
34.5300000000001,95,562.0205952033733,70,0.0315,101,34.51094819159346
34.5300000000001,83,622.0205952033733,78,0.0315,1,34.51219941348984
34.5600000000001,102,543.5137408874446,68,0.096,101,34.54063538611936
34.5600000000001,90,603.5137408874446,75,0.096,1,34.5417302052787
34.55999999999988,67,646.1782570648999,81,0.042,100,34.54266862170076
34.55999999999988,55,706.1782570648999,88,0.042,0,34.5437634408601
34.59999999999988,71,634.8798591355516,79,0.042,100,34.582355816226666
34.59999999999988,59,694.8798591355516,87,0.042,0,34.58360703812305
34.63999999999988,72,637.9464257429345,80,0.084,100,34.62251221896371
34.63999999999988,60,697.9464257429345,87,0.084,0,34.62360703812305
34.71999999999988,71,566.5666636912144,71,0.042,100,34.70110459433028
34.71999999999988,59,626.5666636912144,78,0.042,0,34.702199413489616
34.7400000000001,93,560.1888889483736,70,0.0315,101,34.72094819159346
34.7400000000001,81,620.1888889483736,78,0.0315,1,34.72219941348984
34.75999999999988,78,514.6914360747247,64,0.128,100,34.74000977517094
34.75999999999988,66,574.6914360747247,72,0.128,0,34.74126099706733
34.7700000000001,86,551.299388102343,69,0.063,101,34.75079178885641
34.7700000000001,74,611.299388102343,76,0.063,1,34.751886608015745
34.830000000000105,88,643.4872594824001,80,0.0315,101,34.81251221896394
34.830000000000105,76,703.4872594824001,88,0.0315,1,34.81376344086032
34.860000000000106,86,609.6035696726849,76,0.0315,101,34.84188660801575
34.860000000000106,74,669.6035696726849,84,0.0315,1,34.84313782991213
34.89000000000011,83,637.574037083872,80,0.0315,101,34.87251221896394
34.89000000000011,71,697.574037083872,87,0.0315,1,34.873607038123275
34.92000000000011,84,535.7863646834314,67,0.0315,101,34.90047898338232
34.92000000000011,72,595.7863646834314,74,0.0315,1,34.901573802541655
34.95000000000011,83,520.596014258406,65,0.096,101,34.93016617790822
34.95000000000011,71,580.596014258406,73,0.096,1,34.93141739980461
34.99999999999987,69,545.6292730650938,68,0.042,100,34.98063538611913
34.99999999999987,57,605.6292730650938,76,0.042,0,34.981886608015515
35.03999999999987,62,538.470793579014,67,0.084,100,35.020478983382084
35.03999999999987,50,598.470793579014,75,0.084,0,35.021730205278466
35.11999999999987,64,620.4285079458083,78,0.042,100,35.10219941348961
35.11999999999987,52,680.4285079458083,85,0.042,0,35.10329423264894
35.13000000000011,93,530.3567836683121,66,0.0315,101,35.11032258064527
35.13000000000011,81,590.3567836683121,74,0.0315,1,35.111573802541656
35.16000000000011,95,529.7699777027613,66,0.0315,101,35.14032258064527
35.16000000000011,83,589.7699777027613,74,0.0315,1,35.14157380254166
35.15999999999987,62,614.1397745015142,77,0.042,100,35.14204301075256
35.15999999999987,50,674.1397745015142,84,0.042,0,35.14313782991189
35.19000000000011,93,610.3849348047333,76,0.0315,101,35.171886608015754
35.19000000000011,81,670.3849348047333,84,0.0315,1,35.173137829912136
35.19999999999987,59,604.5214008102502,76,0.042,100,35.18188660801551
35.19999999999987,47,664.5214008102502,83,0.042,0,35.182981427174845
35.22000000000011,96,606.8516548942198,76,0.0315,101,35.201886608015755
35.22000000000011,84,666.8516548942198,83,0.0315,1,35.20298142717509
35.23999999999987,60,539.2652162576453,67,0.042,100,35.22047898338208
35.23999999999987,48,599.2652162576453,75,0.042,0,35.22173020527846
35.250000000000114,98,604.439343063649,76,0.063,101,35.231886608015756
35.250000000000114,86,664.439343063649,83,0.063,1,35.23298142717509
35.279999999999866,59,486.23568813401187,61,0.128,100,35.259540566959785
35.279999999999866,47,546.2356881340119,68,0.128,0,35.26063538611913
35.310000000000116,96,542.200595456535,68,0.0315,101,35.29063538611938
35.310000000000116,84,602.200595456535,75,0.0315,1,35.29173020527871
35.34000000000012,103,484.05296652407003,61,0.096,101,35.319540566960036
35.34000000000012,91,544.05296652407,68,0.096,1,35.32063538611938
35.51999999999986,69,511.5104784143865,64,0.042,100,35.50000977517092
35.52000000000012,93,525.2730274997442,66,0.0315,101,35.500322580645275
35.51999999999986,57,571.5104784143865,71,0.042,0,35.501104594330265
35.52000000000012,81,585.2730274997442,73,0.0315,1,35.501417399804616
35.55000000000012,95,529.9006688338387,66,0.0315,101,35.530322580645276
35.55000000000012,83,589.9006688338387,74,0.0315,1,35.531573802541665
35.55999999999986,71,510.6266531283511,64,0.042,100,35.54000977517092
35.55999999999986,59,570.6266531283511,71,0.042,0,35.541104594330264
35.58000000000012,93,594.6271372560614,74,0.0315,101,35.561573802541666
35.58000000000012,81,654.6271372560614,82,0.0315,1,35.56282502443805
35.59999999999986,69,609.6050018488259,76,0.042,100,35.5818866080155
35.59999999999986,57,669.6050018488259,84,0.042,0,35.583137829911884
35.61000000000012,96,580.4818607152812,73,0.0315,101,35.59141739980462
35.61000000000012,84,640.4818607152812,80,0.0315,1,35.592512218963954
35.64000000000012,98,594.3389046195915,74,0.063,101,35.62157380254167
35.63999999999986,72,597.1439296236501,75,0.042,100,35.62173020527845
35.63999999999986,60,657.1439296236501,82,0.042,0,35.62282502443779
35.64000000000012,86,654.3389046195915,82,0.063,1,35.62282502443805
35.67999999999986,74,597.0609314532879,75,0.084,100,35.66173020527845
35.67999999999986,62,657.0609314532879,82,0.084,0,35.66282502443779
35.700000000000124,96,524.0840655526433,66,0.0315,101,35.68032258064528
35.700000000000124,84,584.0840655526433,73,0.0315,1,35.68141739980462
35.730000000000125,103,497.612981431801,62,0.096,101,35.70969696969709
35.730000000000125,91,557.612981431801,70,0.096,1,35.71094819159348
35.759999999999856,72,538.2504275638062,67,0.042,100,35.74047898338207
35.759999999999856,60,598.2504275638062,75,0.042,0,35.74173020527845
35.799999999999855,79,467.2015973308861,58,0.128,100,35.77907135874863
35.799999999999855,67,527.2015973308861,66,0.128,0,35.78032258064501
35.910000000000124,93,510.3309530125597,64,0.0315,101,35.89000977517119
35.910000000000124,81,570.3309530125597,71,0.0315,1,35.89110459433053
35.940000000000126,91,517.4429785669878,65,0.0315,101,35.920166177908236
35.940000000000126,79,577.4429785669878,72,0.0315,1,35.92126099706758
35.97000000000013,93,613.467113705728,77,0.0315,101,35.95204301075282
35.97000000000013,81,673.467113705728,84,0.0315,1,35.95313782991215
36.00000000000013,90,572.9282836480133,72,0.0315,101,35.98126099706758
36.00000000000013,78,632.9282836480133,79,0.0315,1,35.982355816226914
36.03000000000013,88,579.207981275516,72,0.063,101,36.01126099706758
36.03000000000013,76,639.207981275516,80,0.063,1,36.01251221896396
36.03999999999985,69,528.9329306860154,66,0.042,100,36.02032258064501
36.03999999999985,57,588.9329306860154,74,0.042,0,36.0215738025414
36.07999999999985,71,495.9627137207664,62,0.042,100,36.059696969696816
36.07999999999985,59,555.9627137207664,69,0.042,0,36.06079178885616
36.09000000000013,90,506.63389348317696,63,0.0315,101,36.069853372434146
36.09000000000013,78,566.633893483177,71,0.0315,1,36.071104594330535
36.12000000000013,83,441.3878460497431,55,0.096,101,36.098602150537765
36.12000000000013,95,501.3878460497431,63,0.096,1,36.09985337243415
36.11999999999985,69,571.8939067727268,71,0.042,100,36.10110459433025
36.11999999999985,57,631.8939067727268,79,0.042,0,36.102355816226634
36.15999999999985,72,553.8514902446047,69,0.042,100,36.140791788856156
36.15999999999985,60,613.8514902446047,77,0.042,0,36.14204301075254
36.19999999999985,74,569.2066213327369,71,0.084,100,36.18110459433025
36.19999999999985,62,629.2066213327369,79,0.084,0,36.18235581622663
36.279999999999845,72,498.46820329797174,62,0.042,100,36.25969696969681
36.279999999999845,60,558.4682032979717,70,0.042,0,36.2609481915932
36.30000000000013,93,473.91278635194476,59,0.0315,101,36.279227761485956
36.30000000000013,81,533.9127863519448,67,0.0315,1,36.280478983382345
36.319999999999844,79,441.8342325942199,55,0.128,100,36.29860215053748
36.319999999999844,67,501.8342325942199,63,0.128,0,36.29985337243386
36.33000000000013,95,479.77203216611315,60,0.0315,101,36.309384164223005
36.33000000000013,83,539.7720321661131,67,0.0315,1,36.310478983382346
36.360000000000134,93,564.2265815560481,71,0.0315,101,36.34110459433054
36.360000000000134,81,624.2265815560481,78,0.0315,1,36.34219941348987
36.390000000000136,96,544.6342385740961,68,0.0315,101,36.370635386119396
36.390000000000136,84,604.6342385740961,76,0.0315,1,36.37188660801578
36.42000000000014,98,554.9778255950504,69,0.063,101,36.400791788856445
36.42000000000014,86,614.9778255950504,77,0.063,1,36.40204301075283
36.48000000000014,96,491.0468327619261,61,0.0315,101,36.45954056696006
36.48000000000014,84,551.0468327619261,69,0.0315,1,36.46079178885645
36.51000000000014,103,443.61036847968865,55,0.096,101,36.48860215053777
36.51000000000014,91,503.61036847968865,63,0.096,1,36.489853372434155
36.55999999999984,69,486.93290536470215,61,0.042,100,36.53954056695976
36.55999999999984,57,546.9329053647022,68,0.042,0,36.5406353861191
36.59999999999984,67,474.5288626688364,59,0.042,100,36.57922776148566
36.59999999999984,55,534.5288626688364,67,0.042,0,36.58047898338205
36.63999999999984,69,544.9538075098169,68,0.042,100,36.6206353861191
36.63999999999984,57,604.9538075098169,76,0.042,0,36.62188660801548
36.679999999999836,66,520.5085298538859,65,0.042,100,36.660166177907946
36.679999999999836,54,580.5085298538859,73,0.042,0,36.661417399804336
36.69000000000014,93,456.77209749127917,57,0.0315,101,36.66891495601187
36.69000000000014,81,516.7720974912792,65,0.0315,1,36.67016617790825
36.72000000000014,86,457.2391939942901,57,0.063,101,36.69891495601187
36.72000000000014,74,517.2391939942901,65,0.063,1,36.70016617790825
36.719999999999835,64,542.4725652788763,68,0.084,100,36.700635386119096
36.719999999999835,52,602.4725652788763,75,0.084,0,36.70173020527843
36.78000000000014,88,547.8715255129246,68,0.0315,101,36.760635386119404
36.78000000000014,76,607.8715255129246,76,0.0315,1,36.761886608015786
36.799999999999834,66,459.39949797079,57,0.042,100,36.77891495601156
36.799999999999834,54,519.39949797079,65,0.042,0,36.780166177907944
36.810000000000144,86,533.7665143036526,67,0.0315,101,36.79047898338236
36.810000000000144,74,593.7665143036526,74,0.0315,1,36.79157380254169
36.83999999999983,59,408.4043330152109,51,0.128,100,36.817976539589274
36.83999999999983,47,468.4043330152109,59,0.128,0,36.81922776148566
36.840000000000146,83,511.76427671853503,64,0.0315,101,36.82000977517121
36.840000000000146,71,571.764276718535,71,0.0315,1,36.82110459433055
36.87000000000015,84,453.5035955695754,57,0.0315,101,36.848914956011875
36.87000000000015,72,513.5035955695754,64,0.0315,1,36.85000977517121
36.90000000000015,83,414.47530390433235,52,0.096,101,36.87813294232664
36.90000000000015,71,474.47530390433235,59,0.096,1,36.87922776148597
37.08,42,820.0,102,0.5831884308437293,20,37.06595307917888
37.08,45,820.0,102,0.9,20,37.06595307917888
37.08,48,820.0,102,0.5832059763970844,20,37.06595307917888
37.08,66,820.0,102,0.9,20,37.06595307917888
37.08,69,820.0,102,0.9,20,37.06595307917888
37.08,72,820.0,102,0.9,20,37.06595307917888
37.09235254177284,76,385.04593247277757,48,0.5449999999999999,13,37.06985987315114
37.26669458783226,84,396.1082521141389,50,0.5449920984257124,11,37.244514724684656
37.280884320728404,90,433.2499629626185,54,0.05448924986027038,11,37.25933006852899
37.33943515416639,90,481.50500206480535,60,0.14049905320176748,11,37.31881931838926
37.48450765623858,38,425.60228898914454,53,0.3537213754766694,12,37.462797001302114
37.485716221053394,90,436.8934502968239,55,0.5365827738481471,11,37.46431837159103
37.62745836054738,40,311.97586344575325,39,0.5365327389076179,12,37.60355806729225
37.67569576222203,42,433.3436783854681,54,0.5296675079414979,12,37.65414151002261
37.67649532146062,48,392.25527171372016,49,0.5268872531819987,10,37.65415905557597
37.68280052360937,78,441.558344655516,55,0.3751397428785336,13,37.661402674147006
37.73057463853618,88,370.7109900427942,46,0.526459053561213,11,37.707769164440386
37.843229031715246,38,421.5130685581873,53,0.5234563486180681,12,37.82151837677878
37.949516424519366,57,453.27575941431826,57,0.40863218935756407,10,37.928431380531094
38.01738668032307,81,447.5093473168632,56,0.2008880166472221,11,37.99614523359775
38.0635658774361,78,411.19799786288274,51,0.34864365427705735,13,38.04154241702554
38.16018327256645,79,482.2764622952579,60,0.4968408450013686,13,38.13956743678932
38.191622364701054,83,447.5346709025334,56,0.4873872198855821,11,38.170380917975734
38.22405671065553,81,409.78165090093904,51,0.062086549277043164,11,38.20203325024497
38.24152007134723,40,459.0145823974297,57,0.4807478765462011,12,38.22043502735896
38.28989203803619,81,473.8607704801939,59,0.281446555894166,13,38.26911979952202
38.36299221113988,57,466.2250482115643,58,0.4735962968808216,10,38.34206356988866
38.379903982665425,38,493.96930524833397,62,0.46530706882518136,12,38.35960095236239
38.414707087920384,78,532.9667709707434,67,0.15197950838472252,13,38.3951860713026
38.440511330183284,42,515.3404765096533,64,0.13922442254842593,12,38.42052110535435
38.53890602098952,84,553.4449495336668,69,0.2153157270281082,11,38.51969780984583
38.57278141546445,78,482.9192329422985,60,0.08254279212590176,13,38.55216557968732
38.57555658024512,81,514.9714974558594,64,0.25017673972105114,13,38.55556635541618
38.579884160699095,90,496.59895657352433,62,0.4393203671256746,13,38.55958113039606
38.58311248800122,66,450.7332816441,56,0.18946035858670285,11,38.5618710412759
38.5853613636799,42,480.5400442083444,60,0.3120390814043955,12,38.56474552790277
38.5924217868685,43,545.5504338243884,68,0.43806044298928315,12,38.57305717298776
38.65922938843101,78,535.1940025718815,67,0.07554717138277567,11,38.63970837181322
38.70899483516485,64,561.3790507352633,70,0.0838556690242126,10,38.68994302675821
38.72198746383439,62,477.93804179073857,60,0.42176891261848126,10,38.70137162805726
38.73018165341032,45,577.5028192780081,72,0.0664426544025386,12,38.71144265047777
38.73531405234099,83,576.3043514555917,72,0.41890691698113974,11,38.71657504940844
38.73993296255084,78,524.2272961400059,66,0.04953064144979436,13,38.720255543196
38.751729419389584,72,591.9525524887283,74,0.21997515007871982,13,38.73330322193113
38.75969095622878,84,526.6044218816123,66,0.3330366130241157,11,38.74001353687394
38.76784279157991,48,489.28689744172607,61,0.41488932538618717,12,38.74738335853983
38.7706181070173,88,555.886287024469,69,0.4137732439368059,11,38.75140989587361
38.77632162469154,66,513.3180740845552,64,0.38063835574273497,10,38.7563313998626
38.793837993052435,78,556.9532244581358,70,0.08577015949912947,11,38.77478618464579
38.79816330966316,64,543.0245347052706,68,0.4101967932467886,10,38.77879869578242
38.80099869686467,45,604.7130296387924,76,0.2237341175307347,12,38.78288530488031
38.82885648712159,81,604.8086744188411,76,0.2006775166891711,11,38.810743095137234
38.88445174981452,78,564.9248950443127,71,0.09429702731216849,11,38.86555634414492
38.90161843139906,42,520.9970197006517,65,0.21206843563812583,12,38.88178460930717
38.93998418611707,47,572.0775910182091,72,0.39510855906795533,12,38.921245183184524
38.972774445580704,60,530.7035975657071,66,0.04640350740403932,10,38.95309702622586
38.97639176399421,72,607.0024551556021,76,0.10592060483708365,10,38.95827837200985
38.98343597165259,78,582.5395227659105,73,0.05276548427265027,11,38.96485337145709
39.01254387211077,69,571.6577078372753,71,0.286701814752642,13,38.99364846644117
39.02277032835131,60,599.8514079882493,75,0.37921096907926855,10,39.0045005336299
39.026116593650926,90,601.6077374217447,75,0.37772977282396275,11,39.00784679892952
39.030827633554736,45,548.7104873572558,69,0.2400790910234346,12,39.011619422411044
39.03469040654781,81,596.0043507366902,75,0.29138866319711354,10,39.016420611826405
39.041514261399335,78,571.7730334600932,71,0.09828122498185621,11,39.02261885572974
39.071852454276076,76,583.31965890753,73,0.14749791061354045,11,39.053269854080575
39.08653035514605,72,651.4732393116167,81,0.1312184400779256,13,39.069198976846934
39.09694555556765,84,564.3898737696534,71,0.3684457781012144,13,39.078050149898054
39.11555881229622,42,679.6671189799976,85,0.0718066053385894,12,39.098853044945294
39.143857069958905,78,617.817491514899,77,0.1312922784968532,11,39.125900080711595
39.1533584093707,43,615.3687951091922,77,0.36003720041380494,12,39.135401420123394
39.16180357769723,66,516.7975050389465,65,0.11172454774353724,10,39.14196975560534
39.1810865715033,54,581.4790471483184,73,0.0554421891947311,13,39.1625039713078
39.19314743132005,42,636.9130956098428,80,0.07820510941157977,12,39.17565965028388
39.22274879522398,72,645.616885472351,81,0.35277161415113184,13,39.20541741692486
39.224506767626664,76,574.6278215985103,72,0.14182430114100952,13,39.205767764694116
39.2401211360646,54,654.4445300385676,82,0.06104522381203282,12,39.22294616050253
39.263485325769174,33,669.7989944298031,84,0.3458250499167997,12,39.2466231556812
39.2737170862595,45,663.4542654951689,83,0.34236410467218314,12,39.25669851343448
39.2757128761739,66,665.167592646295,83,0.3408475899337944,13,39.258694303348875
39.27713455441687,42,598.9563114502397,75,0.09082638827434664,12,39.25886475969546
39.28117471851085,38,545.6459203492097,68,0.33987081140966074,12,39.26181010463011
39.280305751192806,78,609.068107284782,76,0.29716490295243403,10,39.26219235920845
39.303307270441124,69,614.5226380391382,77,0.2884341570825154,10,39.285350281193814
39.30568596420541,67,557.7579946039111,70,0.3364597169581147,10,39.286634155798765
39.307573984510064,54,585.0598839902882,73,0.33610688660737287,13,39.28899138431456
39.33123547248197,81,594.8746518170875,74,0.33582683045535744,10,39.31280927502352
39.34342627751126,79,633.275196254063,79,0.0989658290017087,11,39.32578209373805
39.371956679715865,76,540.3620221506751,68,0.15026500818333488,11,39.352592065835125
39.37311734542826,42,594.0044844316403,74,0.32627649129353936,12,39.35469114796981
39.37857868043888,35,586.4786179802853,73,0.046433999238419406,12,39.35999608024338
39.38672124017212,62,613.6321668247441,77,0.2935650425605968,13,39.36876425092481
39.39205407779275,71,642.8940779523398,80,0.3240874336150698,10,39.37456629675658
39.40533348958844,47,593.5632981128084,74,0.10572301334053946,12,39.38690729212999
39.42891786051796,35,637.9581388515887,80,0.058637325520780055,12,39.411430079481796
39.44676649556478,79,666.5256951476498,83,0.2030211008698498,10,39.42974792273976
39.45509056607663,59,643.8948556112127,80,0.31519652085644,13,39.43760278504046
39.46148511128793,36,747.6043965173052,93,0.31396602008229213,12,39.44603056583338
39.47242671534916,74,696.4776528947257,87,0.1986985987532418,11,39.456033753472326
39.493180796986934,35,605.9463744281554,76,0.11726260827372215,12,39.47506740500258
39.51636930840308,47,572.5194707503854,72,0.308343970760422,12,39.49763030547053
39.525501257791674,76,631.1865188554159,79,0.30492949920102735,11,39.50785707401846
39.582157848671145,78,623.887715036522,78,0.3035867675538852,11,39.56435726216088
39.597054232997735,69,600.8526300595088,75,0.06686944839671127,11,39.57878443827633
39.61434858610132,35,665.9355372290646,83,0.05752414742178303,12,39.5973300132763
39.62333757317158,90,693.2191178269568,87,0.29059255212899465,10,39.60694461129475
39.65603881833101,79,603.7294524957799,75,0.15341158148168688,10,39.63776902360961
39.65650954357771,67,624.5813074527189,78,0.10406190295386863,11,39.63870895706745
39.66735965402397,69,677.1037934849592,85,0.10962307860533371,11,39.65065388667304
39.67549970315421,74,726.6741733258119,91,0.28174463438823183,10,39.65973235222557
39.675465108889675,35,736.5985790631194,92,0.04725686442992128,12,39.65985416069808
39.68450426904748,62,657.8806254856732,82,0.10383689957827869,13,39.66732929348541
39.705765075583734,83,653.2100298633239,82,0.28044347970266365,10,39.68859010002166
39.72070755986838,66,708.2209743579053,89,0.2773913269797554,13,39.70462740346564
39.72866038974188,35,687.0917441808188,86,0.27525344325026063,12,39.712111025128
39.73097948449441,72,662.2265413755756,83,0.12075899033041793,11,39.71396091166939
39.740174523891234,40,679.697789181632,85,0.27378739518573425,12,39.723468756540306
39.74659238463824,38,722.9006771225174,90,0.06542157611611799,12,39.73066863097255
39.74986061494826,52,708.667319090912,89,0.27156487013766817,12,39.733780458545525
39.765258641057486,67,636.243879394657,80,0.09355145175873048,11,39.74777086002132
39.781826329892255,69,688.311812364997,86,0.20344671528169556,11,39.765276965278375
39.79302836315166,62,672.5033340909991,84,0.11770317983340817,13,39.77616619306369
39.812729969705174,79,684.241468395807,86,0.052073416593866,10,39.796180605091294
39.81701396075436,38,718.1104960360096,90,0.22869972832867347,12,39.80109020708867
39.819269248345286,59,670.0965700991195,84,0.05434150101303715,13,39.80240707825731
39.841759019405124,91,684.7474912771331,86,0.05103527157224164,10,39.825209654791244
39.85720768303597,72,639.9930856827374,80,0.2581839067029737,10,39.83971990199981
39.85909865862187,71,706.0953392395788,88,0.254796681792146,11,39.84286209948208
39.86365369007917,67,648.5957789763771,81,0.12420628933230204,10,39.84632231178005
39.869490580824944,79,706.3262673452874,88,0.2551496764869818,11,39.85325402168516
39.87861074935832,59,671.4826451189306,84,0.2543438042943239,10,39.86174857927035
39.887446738624234,55,662.0103920585506,83,0.08585235556640469,10,39.87042816579921
39.892334485720106,43,664.3677095541868,83,0.06397228361390261,12,39.87531591289508
39.898576304662605,91,651.7917831237771,81,0.25120245660008805,11,39.881244926363486
39.90139120623505,50,669.4063806598061,84,0.2503476847356914,10,39.88452903614707
39.91651355667031,62,634.343225545238,79,0.06009665483625327,11,39.898869372897096
39.91679776754235,31,655.3023459613911,82,0.07828836351330437,12,39.89962279198028
39.93012133518555,48,794.1510000987815,99,0.08020252711276299,10,39.91560520615329
39.960837561122865,43,686.3354444121744,86,0.11469304176136574,12,39.944288196508985
39.97736067776835,55,715.8902227898908,89,0.0592444173539829,10,39.961280521365616
39.97969904065523,47,675.1319082185126,84,0.23942339899152737,12,39.96283687056725
39.979420573187895,62,740.6240162705872,93,0.23969821325291546,11,39.96396602773335
39.98964743422576,69,721.2486602976985,90,0.1362142666377747,11,39.97372368056007
39.990513938355754,67,765.8787196686573,96,0.12545318906137026,13,39.97552860111235
39.998522103685175,31,734.8921502664822,92,0.23794673759930662,10,39.98291115549358
40.018451917039265,48,628.9904963498847,79,0.2368842733033878,12,40.00080773326605
40.04176149785938,55,707.6692438807315,88,0.06458548086050342,12,40.0255249387196
40.05243411919056,38,633.1353935893633,79,0.07683326972187643,10,40.03478993541734
40.07896657551375,43,766.9624173453617,96,0.2298110501200149,10,40.06398123827035
40.11119057598284,55,708.2936699822269,89,0.12920636310750921,12,40.0951104195801
40.11936454862516,71,680.4336697406147,85,0.17086250669670278,11,40.10265878127423
40.12049791920598,67,790.8477431258384,99,0.2212332991784316,13,40.10598179017372
40.13023608991534,69,752.7268604964722,94,0.22109008651407797,13,40.114937947197845
40.13270336154196,38,709.8308385722402,89,0.11871806036001231,10,40.11662320513922
40.17285196677979,50,742.0268025825045,93,0.21955224592187716,10,40.15739742132524
40.1887183300164,40,687.8655173237503,86,0.21455212197402213,10,40.17216896540252
40.19730752156298,35,771.5690278734693,96,0.1972342977919962,10,40.18232218431958
40.24477132814216,55,742.238665069678,93,0.21155157848139167,12,40.22931678268761
40.25610861642787,38,725.3026168477307,91,0.12430013936264117,10,40.24034126549923
40.268887150807856,60,785.5478550811421,98,0.12755196329537,12,40.25421461903855
40.280169736639415,64,747.1822194143746,93,0.16749016545196838,12,40.26471519118487
40.28389225817642,36,728.7747956046953,91,0.12011799738519613,10,40.26812490724778
40.29522705532186,71,680.3319112237863,85,0.10819414138934291,11,40.27852128797093
40.303857035672785,83,768.6851338108105,96,0.12401233835403758,13,40.28887169842938
40.35135573655514,59,767.7451218123039,96,0.19685933733013428,11,40.33637039931174
40.356553159667634,66,837.3978200960527,105,0.10560769306821782,11,40.34297544705766
40.38509595031642,38,743.9561691619575,93,0.1929136412608547,10,40.36964140486187
40.38911468306304,69,747.067713626661,93,0.15659270874250353,11,40.373660137608496
40.399072611143836,35,789.0410903016523,99,0.1893077582909674,10,40.38455648211158
40.401595516840274,60,777.3929166387555,97,0.18821970031789975,12,40.38676658233392
40.40638796112958,71,783.3110852311906,98,0.05735640403253484,13,40.391715429360275
40.40760263092819,36,797.8125252934823,100,0.1874248248381029,10,40.39324290463298
40.41863324662938,47,722.4342619782257,90,0.18729320630334806,10,40.402709492963695
40.427819569137846,50,747.7576022163414,93,0.11578206237748645,10,40.4123650236833
40.43365138771206,83,724.5018608076564,91,0.09438839763434259,11,40.41788403678342
40.45156508293205,64,802.3910160789968,100,0.1844959140628683,12,40.43720535663684
40.46244824521668,76,759.1131400307489,95,0.10950213144712506,13,40.44730650523623
40.46809926915814,66,791.1836526401542,99,0.18146051254869816,12,40.45358314012588
40.46874436516212,71,783.6410954113998,98,0.05643559417743916,13,40.45407183339281
40.5132051212613,42,779.0784307303858,97,0.18080494520721746,10,40.498376186754946
40.51741204340396,74,840.0071546753447,105,0.17625972731214185,13,40.503834330793985
40.522088597529766,43,817.454948835452,102,0.17583738174560964,10,40.50804167670865
40.530961973024795,71,741.133961572236,93,0.1403046916497982,13,40.51550742757025
40.53131935523888,83,812.7709089038457,102,0.1744862675256732,13,40.51727243441776
40.533453566700835,62,797.032793091642,100,0.08194950422687952,12,40.519093840405624
40.54813242330419,50,764.4003993608309,96,0.1742393569035886,12,40.53314708606079
40.54945616990916,69,810.0044078970203,101,0.1727944645914457,11,40.535252846351
40.55234172717682,55,727.3302912332085,91,0.1726649856690885,10,40.536574376248176
40.55290226841118,59,781.9252446658916,98,0.17238321544589186,11,40.538229736641874
40.56314631995864,67,781.1695410502903,98,0.12092122761471813,12,40.548473788189334
40.57522994655628,76,850.4965530812242,106,0.1713339444854362,13,40.56180863668335
40.579060123915,79,830.0162473902594,104,0.17017132734177293,13,40.56532600856798
40.59373475527174,91,786.6349070892409,98,0.16980521695095718,11,40.57906222350243
40.62196709829819,62,720.2574220215625,90,0.16841332039181062,11,40.6060433446325
40.675328248252306,71,788.2133480692752,99,0.04896040657686996,13,40.66081211922005
40.68875474209926,67,800.7935209288513,100,0.05968661811699406,11,40.67439501580405
40.71676359665772,83,746.4607835333627,93,0.1598236936321359,12,40.701309051203175
40.72913225209213,71,800.4597402627999,100,0.1080465686388149,13,40.71477252579692
40.733659224556774,72,788.2231285703288,99,0.1564015347310801,13,40.719143095524515
40.75059869083973,59,800.7878902514346,100,0.14148000181918519,13,40.73623896454452
40.75240867763788,84,826.8748277264319,103,0.1546389656857064,13,40.73851815955381
40.75265934653102,67,837.9887228958313,105,0.07811631834963151,13,40.739081633921046
40.76528241164113,66,799.6386584511322,100,0.05098421441440849,11,40.75092268534592
40.797304936936385,79,872.6851862539169,109,0.07288939909350745,11,40.7843528352746
40.80140687577981,55,835.1802879401816,104,0.08073551958644998,12,40.78767276043279
40.81397382300761,48,812.7530725218497,102,0.1506270628013578,10,40.79992690218649
40.8204846123703,66,839.8977616950083,105,0.1496698608361534,13,40.80690689976033
40.835462859406555,67,856.9066418031261,107,0.08173792948345493,13,40.82219795227068
40.84145532856037,43,809.8088168524105,101,0.10231447004577177,10,40.82725200500221
40.84155320978275,71,829.6759922737637,104,0.049150206528362335,12,40.82781909443573
40.84191883701714,91,842.6591216609629,105,0.10017105628011336,12,40.82834112440717
40.84316593813894,62,790.3623584736879,99,0.1077990720623373,13,40.82864980910668
40.8518970996188,74,759.6582462792408,95,0.10964035907799541,13,40.83675535963835
40.8685988704827,54,793.129525363333,99,0.14686691789506118,10,40.85408274145044
40.87072889160122,78,763.8523967590415,95,0.14554815130421012,13,40.85558715162077
40.87037603884766,50,784.6448804315384,98,0.06844648012043109,11,40.85570350707835
40.87691476613742,79,780.7194456743937,98,0.04972881601119184,12,40.86224223436811
40.88855001999969,55,759.866651266373,95,0.05380883943468973,11,40.87340828001924
40.89726744368159,71,753.9318916029234,94,0.14370816198500413,12,40.881969300964094
40.89692228992187,59,810.3956528012691,101,0.10085673914696514,13,40.882718966363704
40.90027475587958,52,827.9100810864381,103,0.14368466415372205,11,40.88638423779551
40.92220078889001,67,853.796777017616,107,0.04549390165076773,12,40.90893588175413
40.93007955477813,79,866.5569533242652,108,0.1420163051254658,12,40.9169710503793
40.938037233116496,60,815.9128473842525,102,0.14150109171691355,13,40.92399031229538
40.943509713493995,50,802.8439511664392,100,0.0734350117893311,10,40.929149987198784
40.945462697579664,83,776.5111930896494,97,0.14052053454103208,12,40.93063376307331
40.94532562385276,55,867.2920387157297,108,0.046630500111443214,11,40.93221711945393
40.94787190698249,91,802.1624516322041,100,0.14039119723109805,12,40.93351218068728
40.9483416244817,64,824.9772379854343,103,0.14035888583895528,12,40.93445110639763
40.947362173972714,43,883.9754191857248,110,0.06138479954857957,11,40.93456647504798
40.95565220472718,62,804.4897492733943,101,0.06321466728463576,12,40.941448881169016
40.96059291054303,31,783.2271071037045,98,0.13986872414822393,12,40.94592037877372
40.96434782037813,74,874.6978157731276,109,0.058637342296523516,13,40.95139571871635
40.97332030148897,67,824.5387914156706,103,0.08139237730010762,13,40.9594297834049
40.9808615997385,57,791.9794233239472,99,0.13877675657565663,11,40.966345470706244
40.982605005204725,38,783.0211335253417,98,0.13831963593184254,10,40.96793247343542
40.99038761389033,86,818.7990572748857,102,0.13821472380567218,12,40.97634069306921
40.99805094312354,55,806.517512301772,101,0.07325573406611852,10,40.983847619565374
41.00309183454293,59,788.8896462737997,99,0.09722550700133581,11,40.98857570551067
41.014998195417675,43,817.2364193245586,102,0.04954275681760379,10,41.00095127459656
41.02147551707218,50,822.2671737547312,103,0.13631793174533746,11,41.007584998988115
41.0251180939082,62,742.4989665412369,93,0.05558660173858499,12,41.00966354845365
41.03095681467856,74,716.7762478427505,90,0.13574588178316122,11,41.01503306101287
41.04252994774576,66,752.2212228708081,94,0.1354203008397044,12,41.027231805028265
41.05955627605203,67,834.6977128871544,104,0.13478463854163092,12,41.04582216070501
41.0670962064083,52,741.522085368087,93,0.08226310107013546,11,41.051641660953756
41.070479368657566,43,770.1343743882912,96,0.08187950254417131,10,41.05549403141416
41.07661948266375,55,788.6528397906598,99,0.06140412845152355,11,41.06210335363149
41.084922681961544,62,780.1078158300468,98,0.045510761273486085,13,41.07025015019224
41.0887673556064,79,786.6058592510581,98,0.13256672233503547,11,41.07409482383709
41.10516093880722,59,802.7146158030152,100,0.0757398174045062,13,41.090801212512005
41.118340497227834,71,774.219156065165,97,0.1315695307686467,13,41.10351156272148
41.118717630800994,72,855.7496264435745,107,0.13094169315873594,12,41.10545272366512
41.135746248709125,62,769.3574552597784,96,0.13092397843725778,11,41.12076091146572
41.13811977536013,83,750.5023655947275,94,0.13013868851720967,12,41.12282163264263
41.142398000167084,55,825.4882653245867,103,0.09201027489040114,13,41.128507482083016
41.15420290474139,52,754.6473339584268,94,0.12983969875392304,13,41.13890476202389
41.1565768575165,43,809.5665181686354,101,0.049706259110616886,10,41.142373533958335
41.185744353474675,59,811.9248080988745,101,0.07366632671029094,11,41.17154102991651
41.194145286384455,57,802.4458743649965,100,0.06454909509687468,11,41.17978556008924
41.20465553821346,60,787.7696623869001,98,0.12766343540512887,11,41.18998300644415
41.21081390841597,43,828.3037871367669,104,0.04737075990713436,10,41.19707979306895
41.221249937111104,48,834.8014638079707,104,0.1270192191017423,10,41.20751582176408
41.240190288742724,55,780.9548140429886,98,0.09696346481144758,10,41.22551775697342
41.24328264761659,67,787.1524197322562,98,0.09594556687576528,11,41.22861011584728
41.25503421818624,79,844.7160235431858,106,0.12584431786035538,13,41.241612908313314
41.261664581572425,72,823.9480958765873,103,0.12544521935740727,12,41.24777406348836
41.26306877053314,57,832.0883047166114,104,0.12522619170685245,13,41.24933465518612
41.26427948748244,43,776.2341170912085,97,0.12518037539408167,10,41.249450552976086
41.26597470755544,59,728.9699766593022,91,0.059456899454981456,13,41.2502073566268
41.2770898853214,31,762.8105793394875,95,0.1250861924219947,11,41.26194814534095
41.27995427185459,64,845.4375502649647,106,0.12473382426258456,12,41.26653296198167
41.290473848100326,71,808.7670561317408,101,0.12464504540354643,12,41.27627052454216
41.30153757429734,54,854.0320214551344,107,0.12432613571974765,11,41.288272667161465
41.329649593325186,59,769.3962266779928,96,0.10897964987961017,12,41.314664256081784
41.32953014956453,47,773.9074700437001,97,0.12400284401009593,13,41.31470121505818
41.34074612892074,55,853.235581838532,107,0.12323738565207709,12,41.327481221784865
41.34360260354416,67,816.8518343488704,102,0.07051252914557693,12,41.32955568272305
41.35580585890652,52,844.8504135133435,106,0.12288737418502776,11,41.342384549033596
41.358070015338,38,778.834602654156,97,0.07400924486936844,10,41.343241080831646
41.37209609441925,35,867.2695715473991,108,0.048118567843490896,11,41.35898759002042
41.40126242822191,50,790.753348514945,99,0.06209957716884674,10,41.38674629918965
41.40614073331631,62,832.8023145292915,104,0.05496140547228635,13,41.39240661796929
41.41848952174155,67,844.2650833408615,106,0.12156338556793528,13,41.405068211868624
41.42284734321998,66,823.4287021328147,103,0.12134941298692048,13,41.40895682513591
41.42568387047388,35,836.6105912466573,105,0.0751745011376056,10,41.41210615786391
41.435984441048035,38,831.2722174123456,104,0.080845071790132,11,41.422250325701015
41.4433164377307,59,783.0490749252925,98,0.06963804076059688,12,41.428643905961394
41.447127509486464,43,851.1190709463401,106,0.12096673327596774,11,41.43370619961354
41.450877170671525,60,837.8275243943729,105,0.06667731938885424,12,41.43729945806155
41.46657134699974,62,811.9748969934394,101,0.12086281087746792,13,41.45236802344158
41.46804919991666,50,807.6525499446117,101,0.12066592029013412,11,41.4538458763585
41.4799692750923,26,804.9907907766654,101,0.12064868966316905,11,41.46576595153414
41.485161260349585,71,849.2069593347654,106,0.1205179573277565,13,41.47173995047666
41.49347231766372,36,827.1386402831287,103,0.11017576466449952,11,41.479581799579655
41.50664038529673,35,802.343435328431,100,0.12038759818067546,10,41.492280659001516
41.511117828071164,47,797.6998416259262,100,0.12027862675075218,10,41.49675810177595
41.51513922922444,59,929.0157152122855,116,0.1202456595355173,12,41.50328194672199
41.51713896152593,48,853.6359046075557,107,0.12021781794652958,10,41.50387405439005
41.52151670736407,38,851.2869655609417,106,0.05780258085184443,10,41.50809539749115
41.523649309219714,60,783.9721822981929,98,0.12017709526753767,12,41.50897677745041
41.52838094849031,23,694.095507812245,87,0.12016441677788037,11,41.51198798661348
41.58541410737525,38,795.325848858443,99,0.12013796746874056,10,41.57089797834299
41.60284594845921,62,786.5833312160838,98,0.1008752386467745,12,41.588173416689905
41.60943009601346,36,782.1889358565543,98,0.10843636231904241,10,41.594757564244155
41.61023399792136,33,782.1575304528251,98,0.12004699596080298,10,41.595561466152056
41.61012565113086,42,825.7766649604679,103,0.12004485095931722,11,41.59623513304679
41.615028063751105,40,792.1681846510501,99,0.12004733459770378,11,41.600511934718845
41.63317524047755,54,717.509510799159,90,0.12006353518176693,11,41.61725148681186
41.647460072092144,74,830.8783502030878,104,0.07163502360794893,13,41.633725956745124
41.65197877590621,57,775.9580547146714,97,0.12023562262154908,12,41.637149841399854
41.66176335630096,45,794.88671125745,99,0.047514038085128336,11,41.6472472272687
41.66212371595253,50,811.867567705738,101,0.07554883274346025,11,41.64792039239437
41.665698022729664,48,830.2775156182837,104,0.12034915790087036,11,41.651963907382644
41.69584231462512,69,815.8793319144991,102,0.12038020315079834,13,41.681795393804
41.696497254111144,60,799.739146921384,100,0.12069454659901041,12,41.68213752781593
41.70762636794665,62,836.2131451815121,105,0.12070241799581821,11,41.69404865533668
41.7133389779638,45,836.2486733543618,105,0.055287051544918316,11,41.69976126535383
41.72083322275088,36,884.573775062082,111,0.12092003482456726,10,41.7081939265632
41.72425149843714,74,825.2064651936312,103,0.08290391009952003,12,41.71036098035307
41.725341284748104,86,828.8505121606482,104,0.1210766567005922,13,41.711607169401084
41.73964578903719,33,831.9448133003555,104,0.0814777498264786,10,41.72591167369017
41.74423657606647,50,729.1061020681946,91,0.1091760134634282,11,41.72846922513783
41.773313224034624,45,854.6535453385361,107,0.06962419675267995,10,41.76004831689875
41.7812188166602,57,813.9535559442332,102,0.12193226865609824,12,41.767171895839084
41.78666235865755,59,848.1189374747265,106,0.12209327616498772,12,41.77324104878463
41.791297293862634,54,827.8933792882676,103,0.12220786712432385,12,41.777406775778566
41.79554662129029,48,793.4304466612731,99,0.12230783022178399,11,41.78103049225803
41.80429133711951,47,824.8615168261764,103,0.10863915040499961,11,41.79040081903544
41.81434504685533,74,711.3306084634978,89,0.07590484649940776,13,41.79826489045259
41.81158647594331,66,865.7311110852144,108,0.12259980700256645,12,41.79847797154448
41.825810733389574,33,845.8761670356989,106,0.12283756812921248,10,41.81238942351665
41.843662729410674,38,803.0681520260603,100,0.09492878772266777,10,41.82930300311546
41.84871943447254,45,819.2725566886974,102,0.1097300728212528,10,41.83467251365143
41.854827576033145,78,839.5914855255604,105,0.12372844473999167,13,41.84124986342317
41.85669215942237,50,812.408090242328,102,0.08915525499471044,12,41.84264523860126
41.86129287720506,83,834.2528663982788,104,0.1239522691625271,13,41.84755876185804
41.88137755527556,42,832.4266792833826,104,0.1240843689697001,11,41.86764343992854
41.88472440542738,62,762.3654198938103,95,0.06777272109455168,12,41.86958266544693
41.89045798394876,86,812.7690003709436,102,0.12479048623559275,13,41.87641106312764
41.89306025503607,74,822.2199014461961,103,0.06557313256878217,12,41.879169736952
41.89877620463356,90,838.3720050874207,105,0.1250551038442278,13,41.88519849202359
41.9185560984727,47,791.5364654266257,99,0.12524061489576988,11,41.90403996944044
41.943435114396294,38,804.5062911090855,101,0.12590802321134076,10,41.92923179083813
41.95178583083937,50,769.9686466708854,96,0.12680340472776724,12,41.93680049359597
41.954784626782576,36,732.5782697152607,92,0.05999234556297751,10,41.93917367859098
41.95718432104783,62,772.9456628951745,97,0.12723249463923014,12,41.94235538654148
41.962823896345604,45,847.6951950333522,106,0.11476293104236646,12,41.94940258647268
41.964102595815994,74,799.9038349465848,100,0.12754423317908897,12,41.94974286952078
41.96592775810757,40,803.3222912330377,100,0.12759441263549137,10,41.95156803181236
41.97106799778198,54,803.7087443317614,100,0.08367872091661155,12,41.95670827148677
41.972916979477446,26,832.7792184951982,104,0.12787061927658316,10,41.959182864130426
41.98646926928721,66,757.7779973516515,95,0.09528877649872924,12,41.97132752930676
42.01231780578568,42,834.9773573969453,104,0.12274544663037801,11,41.99858369043866
42.01805654223803,36,821.6589620498872,103,0.11283293732816702,10,42.00416602415396
42.02623911324465,88,819.5767922541057,102,0.1298599909478908,13,42.012192192423534
42.050074915357335,33,832.5551791426655,104,0.13022877453086334,10,42.036340800010315
42.05186004505426,81,805.5014205863905,101,0.04702543961877382,13,42.0376567214961
42.05990312143564,54,791.2037340662323,99,0.10126505280963272,12,42.04538699240338
42.06751048745472,57,892.9069284793616,112,0.13181529523830404,12,42.05502759400408
42.076281933690794,83,787.778575632044,98,0.13218920250008992,13,42.06160940192149
42.07661412660735,79,764.3454443805853,96,0.1326273373929448,13,42.06162878936395
42.07895255083153,93,805.8079709042163,101,0.09403458533241149,13,42.06474922727337
42.08321243833616,45,815.2339442287663,102,0.046899942356129716,10,42.069165517515046
42.086601643048894,66,771.0014013146684,96,0.08273885350402821,12,42.07161630580549
42.08497388507936,21,855.3797015535547,107,0.13297881831428765,10,42.07170897794348
42.08887855226078,86,780.6428927973973,98,0.07640355639167751,13,42.074206020491474
42.10357267919894,81,822.0854638976922,103,0.13326964630758253,13,42.08968216111487
42.11566057116123,52,800.0739833034147,100,0.07738438781212664,12,42.10130084486602
42.13683281079982,45,731.9682230241948,91,0.13578484145112713,11,42.121065459871176
42.1355766740921,36,839.6690870639479,105,0.1346864172539245,10,42.12199896148213
42.13761565559175,38,829.1344387874636,104,0.055937243357905404,11,42.12388154024473
42.14037605789015,42,814.9186967292916,102,0.1358994461366847,11,42.126329137069035
42.16078451939319,50,760.2174897454184,95,0.05412521195685372,10,42.14564277941274
42.16710659066756,54,746.9192218847423,93,0.13722961894305225,11,42.15165204521301
42.16794746047669,30,809.0297447093307,101,0.13760146917242283,10,42.153744136918526
42.16950009496722,86,826.5181285323949,103,0.13765121350098364,13,42.15560957688315
42.16989624174516,98,819.7463795509517,102,0.13774324098066343,13,42.15584932092404
42.17293287191949,66,836.0340183968075,105,0.1377667579675132,12,42.15935515930952
42.177830733426894,93,819.9202922801205,102,0.1379475200187722,13,42.16378381260578
42.18424062537925,105,804.478345259637,101,0.1382409180814031,13,42.17003730182109
42.19773215349926,52,819.2561275733962,102,0.13862832247170542,12,42.183685232678144
42.19886570442375,38,818.3092279544771,102,0.08585279207702967,11,42.18481878360264
42.22022253682414,50,744.7928177913435,93,0.05084402373265363,10,42.20476799136959
42.23015388955435,26,783.1905126147333,98,0.1408748553316,11,42.215481357785045
42.23328874519887,43,768.2743305604157,96,0.1415162742659703,11,42.21830340795547
42.26527247938918,95,782.0961148294017,98,0.14172064755213143,13,42.250599947619875
42.269812530334576,62,721.6442795640922,90,0.10397463203720292,12,42.25388877666889
42.275027934581495,90,794.6890432161466,99,0.09700600894906841,13,42.260511805549235
42.27637936603089,50,730.3965901346957,91,0.05570991380325097,12,42.26061201510225
42.28461308401425,45,811.4057559506948,101,0.05200772935247045,12,42.27040976045608
42.290969718397164,38,755.4389602999237,94,0.08991979470457323,12,42.27567157567967
42.32214314743324,57,812.1506054293723,102,0.0773701873437983,11,42.30809622661212
42.32381403720775,86,792.5120583814974,99,0.14788957925709056,13,42.30929790817549
42.33583805793776,50,794.4843322708177,99,0.04601623415489343,10,42.3213219289055
42.34209002157786,45,780.4407724387722,98,0.06286977179748277,11,42.32741748980855
42.36039541544326,42,764.7223621115421,96,0.07538804097558482,10,42.345410078199855
42.362630091832145,33,779.3716015788445,97,0.06445730374096115,10,42.34780115732579
42.373494378239926,55,793.0983187980402,99,0.15093752581084874,12,42.35897824920767
42.37703394353056,90,793.4794231977518,99,0.15178019984917906,13,42.362517814498304
42.37816155142359,62,750.1917568372365,94,0.11890875045963412,10,42.36286340870609
42.381373215388315,83,808.3325105208003,101,0.15214539820964884,13,42.36716989183015
42.385420304890594,38,778.7877872557925,97,0.15239781783628165,10,42.37059137038424
42.38763630577789,50,753.4812582123493,94,0.1527171866317788,11,42.37233816306039
42.39725535777035,74,789.8854266498877,99,0.07914003538025127,10,42.38273922873809
42.40190305660145,54,812.0386107486459,102,0.12310745066569495,10,42.38785613578033
42.404513334777036,57,819.1428325619142,102,0.11122142978438887,10,42.39046641395592
42.40667533530729,66,758.8146205587847,95,0.1265887976945973,12,42.39153359532684
42.41011619611239,45,773.835943407734,97,0.1544179913075439,11,42.395287261606036
42.43087692835093,60,785.5792004618331,98,0.04996200312457944,10,42.41620439658163
42.430836173676724,33,841.6178547393116,105,0.15469702289191073,11,42.41725846106675
42.44015784547065,42,803.5077993506052,100,0.1006342702927111,11,42.42579811917544
42.444024011124945,40,669.5256510765705,84,0.15717661242628256,11,42.42716184103697
42.44518781651963,72,847.4091586060008,106,0.15750134370980273,12,42.4317665066467
42.452075558796,43,848.9938743698806,106,0.1575993451006899,11,42.43865424892307
42.4550924279685,84,748.3204113555145,94,0.15818170765064166,13,42.439794285251004
42.48327222599517,74,698.4097339365397,87,0.1584380558110824,13,42.46687926411834
42.48662094516075,60,744.5581105440651,93,0.16086967415228315,13,42.471166399706206
42.50066267724979,62,821.1363832099868,103,0.1298557249787703,10,42.486772159165724
42.51189686900545,47,741.0328151562428,93,0.16240349197989862,11,42.4964423235509
42.52042195908733,57,834.0694088185354,104,0.09530375398818591,12,42.50668784374031
42.52582047386273,69,775.1778434734684,97,0.16417665250206392,13,42.510991539356375
42.53079252095238,54,777.0570971301021,97,0.13546351780540788,12,42.51596358644603
42.5376385220537,66,789.788702833501,99,0.1088566946900994,12,42.52312239302144
42.546261323974505,42,778.933936283904,97,0.10142505593440176,11,42.53143238946815
42.559137757043686,38,756.1847326746154,95,0.06446708697424242,11,42.543996017063236
42.6219769349719,57,764.768231884452,96,0.16774347912975535,10,42.606991597728495
42.628135635806785,38,783.5538224583476,98,0.17378777612666696,11,42.61346310403748
42.636144013176754,62,789.2762747237202,99,0.12469232023343835,10,42.621627884144495
42.65022970674282,59,791.076646744119,99,0.17519307640587273,12,42.63571357771056
42.651651619480845,66,781.3411474644931,98,0.12142890316921295,10,42.63697908771154
42.65252997717186,42,780.2067485779519,98,0.14803325776061882,11,42.63785744540255
42.66643528232045,79,743.7728106364133,93,0.17683766134564122,13,42.650980736865904
42.67125603875779,54,777.5145369684493,97,0.1175996242703431,11,42.656427104251435
42.746029669866914,83,735.6571045616652,92,0.16334610453849308,13,42.73041872167532
42.76395950056562,62,885.7096309596598,111,0.18660492929105382,10,42.75132020437793
42.77599472225207,84,750.309376175399,94,0.18855026957253673,13,42.760696579534574
42.779644550020535,66,702.6996112116185,88,0.07783439397994385,10,42.76340799088075
42.79078383427051,78,712.0712882497871,89,0.19139855036512282,10,42.77470367786778
42.78984558714121,74,762.1066069365597,95,0.10920382483547086,10,42.77470384716076
42.793699260291085,54,780.9831567138809,98,0.049463898981595096,10,42.77902672852178
42.805719637669526,42,774.6589666474732,97,0.14666431290025173,11,42.79089070316317
42.816779821767476,38,730.9237196671394,91,0.19316804702523982,11,42.801012470838835
42.82527719200864,50,708.7730881589918,89,0.19441106495335225,11,42.809197035605905
42.84277584206647,57,709.8476284664856,89,0.19537165294731668,12,42.826695685663736
42.845892466657965,69,709.8328123397723,89,0.19736495711392749,12,42.82981231025523
42.847850353798584,54,803.860416344285,100,0.1899822441180089,12,42.83349062750337
42.86232254126343,66,714.5155346489194,89,0.19794678973607732,10,42.846242384860695
42.90311099555439,74,804.054967424655,101,0.09304606169637963,10,42.88890767199623
42.913750163457216,83,767.5077859856774,96,0.10645023875820214,13,42.898764826213814
42.956485445959274,55,730.6817434692748,91,0.20565340632433865,12,42.94071809503063
42.959729991625494,42,655.5747897277702,82,0.21079558960134914,11,42.94255501606342
42.96326295098564,86,706.261316793743,88,0.21119047661860224,13,42.94702639184585
42.97087821866675,76,699.4721711546222,87,0.04639145967417136,10,42.954485256789916
43.002408279147154,74,747.1092314380417,93,0.21255203536617467,10,42.98695373369261
43.00621945830283,78,759.2445859890099,95,0.06905919622521395,10,42.99107771832238
43.02148766465568,76,734.4836291055437,92,0.2169159711108518,10,43.00587671646409
43.02660802684885,83,698.3996952397582,87,0.2188232101896448,13,43.010215064972016
43.04439662528707,54,723.3196590800283,90,0.2194657267522811,12,43.02847287162138
43.05386711050532,90,714.3776405292049,89,0.22170905964363852,10,43.037786954102586
43.05387648712031,38,718.9032434288355,90,0.10350903755333263,11,43.037952733454624
43.079496640842805,78,798.1499786169247,100,0.07021436999007136,13,43.065136914547594
43.08183622802109,66,696.0614540571587,87,0.22618533625826992,13,43.06544326614426
43.11639428767138,33,730.057773408127,91,0.22648600114080208,11,43.10062693674274
43.11888735915584,36,749.373207545442,94,0.16350495435691215,11,43.103589216438344
43.12484768926684,45,703.1353980324952,88,0.2312846881254103,11,43.10861113012706
43.137239985603784,81,685.6759583561445,86,0.1019846303659716,13,43.120690620989905
43.142782542649556,50,700.2975239377646,88,0.23368691381516765,12,43.12654598350977
43.14856843947172,48,653.2569965290535,82,0.23441560158294356,11,43.131393463909646
43.15596223272926,78,734.2594586484754,92,0.11621256162917859,10,43.140351284537665
43.15981592349504,24,755.5193535696208,94,0.2361542318329375,11,43.14451778077754
43.16363674657003,38,655.0654004711499,82,0.2029514978421031,11,43.14646177100796
43.245006629654995,81,644.1062303553189,81,0.10557060979650401,13,43.227675251355876
43.24502393160706,93,748.5041128560898,94,0.2481069758794101,10,43.22972578888956
43.25019185647854,79,631.2851628895332,79,0.24810933157942522,13,43.23254767270532
43.27717479435844,78,734.057264642406,92,0.2327981421678612,10,43.261563846166844
43.28092942126339,40,721.4141823319247,90,0.15483107549902086,11,43.2650056675977
43.28676670256456,36,783.7950003450027,98,0.25302395800117,11,43.272094170795256
43.287861241329374,47,732.2778126461149,92,0.253827746960578,12,43.27225029313778
43.35418004020488,76,704.3084383369506,88,0.2539786099347892,13,43.337943481065096
43.35432601755512,81,711.6377541608989,89,0.2632017623453215,10,43.33824586115238
43.35580413668386,83,681.1456143096485,85,0.2632222349823214,10,43.33909836933293
43.36726901424269,74,647.493727550826,81,0.09106613325870938,13,43.34993763594357
43.37252666083442,38,606.5205182164879,76,0.26504026477920883,11,43.35441326885006
43.39725621000969,72,702.3755365101676,88,0.045188953122003,13,43.3810196508699
43.39758223862803,86,696.1438354119705,87,0.2692733093657135,13,43.3811892767512
43.41182255434577,48,713.6363060000185,89,0.08694361046584731,12,43.39574239794303
43.4413861077106,40,685.4813827556587,86,0.2713396341640079,11,43.42483674309672
43.44744516313169,72,706.1370848760353,88,0.146391737850453,13,43.431208603991905
43.46177112013092,74,726.5154117901271,91,0.15446397974270354,13,43.44600376920228
43.46865607629751,43,639.7118487803721,80,0.27847185164337074,11,43.45116829526135
43.4737397996612,45,658.6209720620676,82,0.06942526841088437,11,43.45656482409913
43.505173789445045,48,642.1888146876676,80,0.28019095854329057,11,43.48768600840888
43.518100991267254,78,572.8513707325308,72,0.19432713798412038,10,43.499361988334705
43.520359380529214,50,622.254806573591,78,0.08094960997028522,11,43.50255879401895
43.5213435677132,90,675.850630705558,84,0.28692081586586965,10,43.50448139762523
43.5281838598621,62,597.9761819926714,75,0.2870634355700758,12,43.50991406514069
43.53264358777309,71,715.6886061022262,89,0.220550800062301,13,43.51656343137035
43.547695859860944,45,683.6577381910992,85,0.2887024547036774,11,43.53099009251002
43.58271343719264,66,622.294246245825,78,0.2959815985402463,13,43.564912850682376
43.58261312298712,67,674.1537686353014,84,0.2908899378647753,13,43.565750952899144
43.600713733826716,72,604.8601666465494,76,0.2959962591420809,13,43.58260034184236
43.60677819871064,50,600.0270157194168,75,0.08549869725620851,11,43.58850840398924
43.62026624470902,47,645.0560104866876,81,0.2995182549871716,12,43.6029348664099
43.62264272450705,74,659.2631513696829,82,0.07407647473633261,13,43.60546774894498
43.66115200351465,69,620.1148129071295,78,0.25470132907589516,13,43.64335141700439
43.6874039031133,55,659.7403974116772,82,0.30750886579867986,11,43.67022892755123
43.69461804943704,50,735.8450140032348,92,0.06666670916998185,12,43.679007101245446
43.701719199243385,74,655.6169535466009,82,0.08289669023216362,13,43.684544223681314
43.704620868909984,79,668.8283324350566,84,0.19291067989770283,13,43.68775869882201
43.71539489366975,78,678.8253994553365,85,0.19564785055207323,10,43.698689126318826
43.75897640152063,71,673.3615480118071,84,0.31551612417716834,13,43.74211423143265
43.767634327771184,54,583.9172628033778,73,0.06224558764884137,12,43.74905172757568
43.76863079966274,50,617.3832735465867,77,0.10924142137084913,12,43.75067381041543
43.7894594867385,74,662.1247408567745,83,0.3233984808948738,13,43.77244091391348
43.83472351268298,54,593.124198561011,74,0.26749402734246075,11,43.816297315224524
43.88177740187425,50,669.0145756857659,84,0.225184017593956,11,43.86491523178628
43.90393917344112,79,599.9806379280766,75,0.0822642251638851,10,43.88566937871971
43.916824757907065,78,642.3275504200241,80,0.23401637489901617,13,43.8993369768709
43.92147894353874,69,588.0112494723502,74,0.3453728258774135,13,43.903052746080284
43.953609060904476,72,621.8878507366206,78,0.22059098274747668,13,43.935808474394214
43.991672606816145,79,579.0215792750971,72,0.35081502188932234,10,43.9729336038836
43.99235244443015,90,632.0291290310903,79,0.3564337217001448,10,43.97470826065694
44.01430906203593,48,653.7029311512271,82,0.21965930493834207,12,43.99713408647386
44.10909437287002,54,495.8244357640082,62,0.35976741211063246,11,44.088791342566985
44.11415105778688,50,560.0356777850171,70,0.09541292437724536,11,44.09509924938023
44.12673153096726,86,620.9796638734451,78,0.37437871905797204,10,44.108930944457
44.13516496638069,84,575.8090414257463,72,0.2789458535689374,10,44.116425963448144
44.14457621814862,76,565.965898642988,71,0.12976702909760263,13,44.125680812479025
44.156935951965416,78,586.7127581812318,73,0.3787940815620575,13,44.138353351769915
44.17951284912605,72,609.922657141364,76,0.28245017463511857,13,44.16139945714169
44.21409477395298,50,587.6304414358023,73,0.38383827629260614,12,44.19551217375748
44.23701443822888,47,549.7934681835193,69,0.3311468432049719,12,44.21780622708519
44.237961907408966,62,568.0722412460259,71,0.39207253308865303,12,44.21906650173937
44.24115800529294,48,543.4914162963495,68,0.09760000172756633,12,44.2217933914122
44.27579906909807,52,613.086845485111,77,0.15546632076945144,11,44.25784207985076
44.279968858194415,76,539.4610463158231,67,0.35265648987024434,13,44.26044784157663
44.34344520154641,48,562.9136416826434,70,0.08518264398264364,11,44.324393393139765
44.391037908189894,45,533.2877891846165,67,0.4070503957324326,12,44.37151689157211
44.39493053302561,79,547.1999200888808,68,0.39072152769918744,10,44.37556591914487
44.42051844458307,84,505.7345818334893,63,0.05196632982890293,10,44.40037181701708
44.435348275636585,48,473.9262063918204,59,0.09939679636991883,12,44.41457603712241
44.43614779532643,91,573.7854311814399,72,0.35742139460409816,10,44.41740879239388
44.43829862544915,52,510.30041970977175,64,0.05720697549657217,12,44.41830840062021
44.43759736623339,60,659.4212053263149,82,0.1418224218597527,12,44.42042239067132
44.45349514462804,64,586.7772017974955,73,0.4200547692723996,11,44.43491254443254
44.4680578429205,72,548.0703267569128,69,0.42210399807414056,13,44.44884963177681
44.47607714977853,84,573.396672599929,72,0.2114228721873016,10,44.457338146845984
44.49956718452343,52,561.8136589978479,70,0.24015033772334504,11,44.480515376116784
44.538493850110115,48,539.6014827923491,67,0.09420009214057756,11,44.51897283349233
44.574412503330244,47,484.26599890038074,61,0.43337353829986197,11,44.55395307029016
44.58989388388982,60,378.34144388179277,47,0.4380313261034788,12,44.56724481253107
44.636530528905325,76,589.8769377257958,74,0.35791363254431985,13,44.61810433144687
44.63831955319889,48,502.9094635559947,63,0.31531206473617146,12,44.618172925632905
44.69390764659927,84,504.71955714280176,63,0.4461526252623286,10,44.673761019033286
44.745812341406115,52,507.1130497779005,63,0.12542803378925782,12,44.72566571384013
44.75338019014966,90,432.77954695107684,54,0.4592945157123516,10,44.73182593795025
44.76784986689117,50,514.8537643447041,64,0.4601936956794841,12,44.74785964206223
44.78191550741605,43,536.8375552026916,67,0.06984165765914241,11,44.762394490798265
44.79143407441004,79,505.8714145235974,63,0.08814529861583764,10,44.771287446844056
44.80091523098625,91,458.1014762192603,57,0.12466197683959279,10,44.77983018699798
44.82621723230603,54,532.7846408927446,67,0.46575909909296276,12,44.80669621568824
44.829982185093975,55,479.2870572434283,60,0.46866199868528025,12,44.809366349316846
44.83126162282069,67,507.7690755469297,63,0.4690903424731712,12,44.811114995254705
44.85753917876044,43,495.63584140627177,62,0.38924681674107375,12,44.83723614845741
44.87538614051359,74,428.7192962622961,54,0.24700899033249868,13,44.853831888314176
44.87624037519537,52,500.29285528650473,63,0.4741808494469208,12,44.85609374762939
44.88598699765931,79,435.5188954033006,54,0.47427527435326017,10,44.864432745459894
44.930264402351746,91,471.86770429194985,59,0.4728133081070379,10,44.90949216383757
44.9594136316203,48,463.0789613244205,58,0.06806866234620912,12,44.938484990369076
45.00116459155718,76,500.6148635309942,63,0.4832224731039375,13,44.98101796399119
45.03170028028127,48,507.54138656662883,63,0.1896916600565629,12,45.011553652715286
45.05049178933627,40,430.5781250126349,54,0.44311292637044886,11,45.028937537136855
45.12583110347561,74,515.0706981201373,64,0.49243621565586865,13,45.105840878646674
45.227017551286025,48,474.9174429644239,59,0.07572376752245702,12,45.20624531277185
45.23292980441693,83,465.5439031153931,58,0.5084226846764015,10,45.21200116316571
45.25256800918675,43,453.7442096467535,57,0.508913166014509,11,45.23148296519848
45.308836137967816,48,419.2181869960723,52,0.5105207369037277,12,45.286969080294305
45.40901612688107,91,426.3694676296099,53,0.5149405073001988,10,45.38730547194461
45.417609370699495,52,448.7015760981932,56,0.5221086313643157,12,45.396367923974175
45.42051937214626,79,466.5748968321269,58,0.3992820693185547,13,45.399590730895035
45.49860471570672,40,434.26890212029076,54,0.522872995860447,11,45.477050463507304
45.67241096234939,88,445.9255267160315,56,0.43211982943946736,10,45.65116951562407
45.697507356223284,86,398.0675306885636,50,0.3781182547249057,13,45.67532749307568
45.71467096567177,84,409.6414590454169,51,0.22738431110941348,10,45.69264750526121
45.77589832484149,54,483.57906041384075,60,0.42113491074013154,12,45.75528248906436
45.78052299148859,36,437.70090740975326,55,0.10487216119366394,11,45.75912514202622
45.82433223325367,79,484.73689723374605,61,0.37223179411681684,13,45.80387280021359
45.891646374578634,36,376.95484589517,47,0.1919557759589975,11,45.868997303219885
45.91058581065423,48,434.9185744502302,54,0.5431654660709226,11,45.88903155845482
45.94815009594052,84,350.0565212310145,44,0.045546697418546674,13,45.92503181637063
45.97177490264101,96,437.3060782774617,55,0.31291229188490177,10,45.95037705317864
45.9804065396585,81,301.4352160270335,38,0.5443937482357546,13,45.956349843666324
45.996663557777445,84,454.4490517259614,57,0.2888056504337041,13,45.97557851378917
46.07830312632716,38,340.01865291385633,43,0.5446404568149938,11,46.055028444020216
46.08,62,435.34729280995066,54,0.042,100,46.05844574780058
46.08,86,428.07974486989497,54,0.0315,101,46.05844574780058
46.08,74,488.07974486989497,61,0.0315,1,46.05954056695992
46.08,50,495.34729280995066,62,0.042,0,46.059696969696965
46.08,36,820.0,102,0.9,20,46.06595307917888
46.08,40,820.0,102,0.9,20,46.06595307917888
46.08,43,820.0,102,0.9,20,46.06595307917888
46.08,60,820.0,102,0.2682746823069334,20,46.06595307917888
46.08,64,820.0,102,0.5487438905180707,20,46.06595307917888
46.08,67,820.0,102,0.14905669599217475,20,46.06595307917888
46.11,88,421.1701196575292,53,0.0315,101,46.08828934506354
46.11,76,481.1701196575292,60,0.0315,1,46.08938416422287
46.12,52,449.69868719567035,56,0.042,100,46.09875855327468
46.12,28,509.69868719567035,64,0.042,0,46.10000977517106
46.14,86,525.7321357771942,66,0.0315,101,46.12032258064516
46.14,74,585.7321357771942,73,0.0315,1,46.1214173998045
46.16,62,511.5201510770821,64,0.042,100,46.14000977517106
46.16,50,571.5201510770821,71,0.042,0,46.1411045943304
46.17,90,501.6174025984076,63,0.0315,101,46.149853372434016
46.17,78,561.6174025984076,70,0.0315,1,46.15094819159336
46.2,91,511.7312561117377,64,0.063,101,46.180009775171065
46.199999999999996,66,525.8090437314643,66,0.042,100,46.180322580645154
46.2,79,571.7312561117377,71,0.063,1,46.18110459433041
46.199999999999996,54,585.8090437314643,73,0.042,0,46.181417399804495
46.239999999999995,67,509.37267424026606,64,0.084,100,46.22000977517106
46.239999999999995,55,569.3726742402661,71,0.084,0,46.2211045943304
46.260000000000005,90,439.18365529745813,55,0.0315,101,46.23860215053764
46.260000000000005,78,499.18365529745813,62,0.0315,1,46.23969696969697
46.290000000000006,96,423.42499604592604,53,0.096,101,46.26828934506354
46.290000000000006,84,483.42499604592604,60,0.096,1,46.26938416422288
46.31999999999999,66,473.7675644654456,59,0.042,100,46.29922776148582
46.31999999999999,54,533.7675644654456,67,0.042,0,46.300478983382206
46.35999999999999,72,412.9321133977595,52,0.128,100,46.33813294232648
46.35999999999999,60,472.9321133977595,59,0.128,0,46.339227761485816
46.470000000000006,86,467.25031334659263,58,0.0315,101,46.44907135874878
46.470000000000006,74,527.2503133465926,66,0.0315,1,46.450322580645164
46.50000000000001,84,490.21806827054536,61,0.0315,101,46.479540566959926
46.50000000000001,72,550.2180682705454,69,0.0315,1,46.480791788856315
46.53000000000001,86,534.0105486145014,67,0.0315,101,46.51047898338222
46.53000000000001,74,594.0105486145014,74,0.0315,1,46.511573802541555
46.56000000000001,83,538.2916373898038,67,0.0315,101,46.54047898338222
46.56000000000001,71,598.2916373898038,75,0.0315,1,46.541730205278604
46.59000000000001,81,529.9473723184874,66,0.063,101,46.57032258064517
46.59000000000001,69,589.9473723184874,74,0.063,1,46.57157380254156
46.59999999999999,62,448.7799790704446,56,0.042,100,46.57875855327467
46.59999999999999,50,508.7799790704446,64,0.042,0,46.58000977517105
46.639999999999986,64,495.0291122575452,62,0.042,100,46.61969696969695
46.639999999999986,52,555.0291122575452,69,0.042,0,46.620791788856295
46.65000000000001,83,472.39679888583487,59,0.0315,101,46.629227761485836
46.65000000000001,71,532.3967988858349,67,0.0315,1,46.630478983382226
46.680000000000014,76,428.6065260173672,54,0.096,101,46.6584457478006
46.680000000000014,88,488.6065260173672,61,0.096,1,46.65954056695993
46.679999999999986,62,549.3607067138679,69,0.042,100,46.660791788856294
46.679999999999986,50,609.3607067138679,76,0.042,0,46.66188660801563
46.719999999999985,66,566.9974810340102,71,0.042,100,46.70110459433039
46.719999999999985,54,626.9974810340102,78,0.042,0,46.70219941348972
46.759999999999984,67,569.0224214839262,71,0.084,100,46.74110459433039
46.759999999999984,55,629.0224214839262,79,0.084,0,46.74235581622677
46.83999999999998,66,476.7881883968222,60,0.042,100,46.81938416422285
46.83999999999998,54,536.7881883968222,67,0.042,0,46.820478983382195
46.860000000000014,86,484.8130054789225,61,0.0315,101,46.83954056695993
46.860000000000014,74,544.8130054789225,68,0.0315,1,46.840635386119274
46.87999999999998,72,444.2562390086756,56,0.128,100,46.85875855327466
46.87999999999998,60,504.2562390086756,63,0.128,0,46.859853372433996
46.890000000000015,88,501.16262678890405,63,0.0315,101,46.86985337243403
46.890000000000015,76,561.162626788904,70,0.0315,1,46.87094819159337
46.920000000000016,86,574.5723020600226,72,0.0315,101,46.90126099706747
46.920000000000016,74,634.5723020600226,79,0.0315,1,46.9023558162268
46.95000000000002,90,545.946229121349,68,0.0315,101,46.93063538611928
46.95000000000002,78,605.946229121349,76,0.0315,1,46.93188660801566
46.98000000000002,91,577.7468110157208,72,0.063,101,46.96126099706747
46.98000000000002,79,637.7468110157208,80,0.063,1,46.96251221896385
47.04000000000002,90,496.1311236789279,62,0.0315,101,47.01969696969699
47.04000000000002,78,556.1311236789279,70,0.0315,1,47.02094819159338
47.07000000000002,96,451.12584229714946,56,0.096,101,47.0487585532747
47.07000000000002,84,511.12584229714946,64,0.096,1,47.050009775171084
47.119999999999976,62,494.0042369806421,62,0.042,100,47.09969696969694
47.119999999999976,50,554.0042369806421,69,0.042,0,47.100791788856284
47.159999999999975,60,521.0456866426265,65,0.042,100,47.140166177908085
47.159999999999975,48,581.0456866426265,73,0.042,0,47.141417399804475
47.199999999999974,62,582.15503454454,73,0.042,100,47.181417399804474
47.199999999999974,50,642.15503454454,80,0.042,0,47.18251221896381
47.239999999999974,59,572.8483708377797,72,0.042,100,47.221260997067425
47.239999999999974,47,632.8483708377797,79,0.042,0,47.22235581622676
47.25000000000002,86,490.5557701091619,61,0.0315,101,47.22954056695994
47.25000000000002,74,550.5557701091619,69,0.0315,1,47.23079178885633
47.28000000000002,79,501.98869436125926,63,0.063,101,47.25985337243404
47.28000000000002,67,561.9886943612593,70,0.063,1,47.26094819159338
47.27999999999997,57,578.4808100758423,72,0.084,100,47.261260997067424
47.27999999999997,45,638.4808100758423,80,0.084,0,47.262512218963806
47.340000000000025,81,604.7385225702085,76,0.0315,101,47.32188660801567
47.340000000000025,69,664.7385225702085,83,0.0315,1,47.322981427175
47.35999999999997,59,512.0305688028542,64,0.042,100,47.34000977517103
47.35999999999997,47,572.0305688028542,72,0.042,0,47.34126099706742
47.370000000000026,79,580.8207617301128,73,0.0315,101,47.351417399804525
47.370000000000026,67,640.8207617301128,80,0.0315,1,47.35251221896386
47.39999999999997,52,487.07447362520065,61,0.128,100,47.37954056695989
47.39999999999997,40,547.0744736252007,68,0.128,0,47.38063538611923
47.40000000000003,76,588.8508595379158,74,0.0315,101,47.381573802541574
47.40000000000003,64,648.8508595379158,81,0.0315,1,47.38266862170091
47.43000000000003,78,512.8891368399973,64,0.0315,101,47.41000977517109
47.43000000000003,66,572.8891368399973,72,0.0315,1,47.41126099706748
47.46000000000003,76,503.6680564300914,63,0.096,101,47.439853372434044
47.46000000000003,64,563.6680564300914,70,0.096,1,47.440948191593385
47.639999999999965,62,517.8730229821415,65,0.042,100,47.620166177908075
47.64000000000003,86,533.4886846387319,67,0.0315,101,47.62047898338224
47.639999999999965,50,577.8730229821415,72,0.042,0,47.62126099706742
47.64000000000003,74,593.4886846387319,74,0.0315,1,47.621573802541576
47.67000000000003,88,518.7316721187834,65,0.0315,101,47.65016617790814
47.67000000000003,76,578.7316721187834,72,0.0315,1,47.65126099706748
47.679999999999964,64,523.1063404438946,65,0.042,100,47.660166177908074
47.679999999999964,52,583.1063404438946,73,0.042,0,47.66141739980446
47.70000000000003,86,597.6553771553823,75,0.0315,101,47.681730205278626
47.70000000000003,74,657.6553771553823,82,0.0315,1,47.68282502443796
47.71999999999996,62,595.0819507799778,74,0.042,100,47.70157380254151
47.71999999999996,50,655.0819507799778,82,0.042,0,47.70282502443789
47.73000000000003,90,591.5776225341976,74,0.0315,101,47.71157380254158
47.73000000000003,78,651.5776225341976,81,0.0315,1,47.712668621700914
47.75999999999996,66,588.8693503344126,74,0.042,100,47.74157380254151
47.76000000000003,91,605.4297034632523,76,0.063,101,47.741886608015676
47.75999999999996,54,648.8693503344126,81,0.042,0,47.742668621700844
47.76000000000003,79,665.4297034632523,83,0.063,1,47.74298142717501
47.79999999999996,67,588.6618772220172,74,0.084,100,47.78157380254151
47.79999999999996,55,648.6618772220172,81,0.084,0,47.78266862170084
47.820000000000036,90,525.7988887598799,66,0.0315,101,47.800322580645194
47.820000000000036,78,585.7988887598799,73,0.0315,1,47.801417399804535
47.85000000000004,96,497.6542441215271,62,0.096,101,47.829696969697004
47.85000000000004,84,557.6542441215271,70,0.096,1,47.83094819159339
47.87999999999996,66,527.8791220930502,66,0.042,100,47.86032258064512
47.87999999999996,54,587.8791220930502,73,0.042,0,47.86141739980446
47.91999999999996,72,513.4595668341162,64,0.128,100,47.90000977517102
47.91999999999996,60,573.4595668341162,72,0.128,0,47.90126099706741
48.03000000000004,86,552.6554449984421,69,0.0315,101,48.010791788856345
48.03000000000004,74,612.6554449984421,77,0.0315,1,48.01204301075273
48.06000000000004,88,528.9047486285033,66,0.0315,101,48.040322580645196
48.06000000000004,76,588.9047486285033,74,0.0315,1,48.041573802541585
48.09000000000004,86,604.565152827514,76,0.0315,101,48.07188660801568
48.09000000000004,74,664.565152827514,83,0.0315,1,48.072981427175016
48.12000000000004,90,605.3933574316944,76,0.0315,101,48.10188660801568
48.12000000000004,78,665.3933574316944,83,0.0315,1,48.10298142717502
48.15000000000004,91,615.3572152961171,77,0.063,101,48.13204301075273
48.15000000000004,79,675.3572152961171,84,0.063,1,48.133137829912066
48.159999999999954,62,538.1953851956079,67,0.042,100,48.14047898338217
48.159999999999954,50,598.1953851956079,75,0.042,0,48.14173020527855
48.19999999999995,55,558.9284439360296,70,0.084,100,48.18094819159331
48.19999999999995,43,618.9284439360296,77,0.084,0,48.18204301075264
48.21000000000004,90,574.8632183173049,72,0.0315,101,48.191260997067495
48.21000000000004,78,634.8632183173049,79,0.0315,1,48.19235581622683
48.240000000000045,96,520.9486947312805,65,0.096,101,48.220166177908155
48.240000000000045,84,580.9486947312805,73,0.096,1,48.221417399804544
48.27999999999995,57,596.1175185170106,75,0.042,100,48.261730205278546
48.27999999999995,45,656.1175185170106,82,0.042,0,48.26282502443788
48.31999999999995,55,626.0964768366833,78,0.042,100,48.30219941348969
48.31999999999995,43,686.0964768366833,86,0.042,0,48.30345063538607
48.35999999999995,52,627.0643716525159,78,0.042,100,48.34219941348969
48.35999999999995,40,687.0643716525159,86,0.042,0,48.34345063538607
48.39999999999995,54,552.5910604981732,69,0.042,100,48.38079178885626
48.39999999999995,42,612.5910604981732,77,0.042,0,48.38204301075264
48.420000000000044,95,562.2975119878419,70,0.0315,101,48.4009481915934
48.420000000000044,83,622.2975119878419,78,0.0315,1,48.40219941348978
48.43999999999995,52,518.8940756487196,65,0.128,100,48.42016617790806
48.43999999999995,40,578.8940756487196,72,0.128,0,48.4212609970674
48.450000000000045,93,557.0914091109847,70,0.0315,101,48.4309481915934
48.450000000000045,81,617.0914091109847,77,0.0315,1,48.432043010752736
48.48000000000005,95,630.1213382369816,79,0.0315,101,48.46235581622683
48.48000000000005,83,690.1213382369816,86,0.0315,1,48.46345063538617
48.51000000000005,91,609.0820876549432,76,0.0315,101,48.49188660801569
48.51000000000005,79,669.0820876549432,84,0.0315,1,48.49313782991207
48.54000000000005,90,645.1464919753995,81,0.063,101,48.52266862170093
48.54000000000005,78,705.1464919753995,88,0.063,1,48.523763440860264
48.60000000000005,91,571.6476412810682,71,0.0315,101,48.581104594330455
48.60000000000005,79,631.6476412810682,79,0.0315,1,48.58235581622684
48.63000000000005,84,539.084496711584,67,0.096,101,48.610478983382265
48.63000000000005,72,599.084496711584,75,0.08390518084055543,1,48.61173020527865
48.67999999999994,71,554.4457666258636,69,0.042,100,48.66079178885625
48.67999999999994,59,614.4457666258636,77,0.042,0,48.66204301075263
48.71999999999994,72,544.4435611697472,68,0.042,100,48.7006353861192
48.71999999999994,60,604.4435611697472,76,0.042,0,48.701886608015585
48.75999999999994,71,654.5158208242922,82,0.042,100,48.74282502443787
48.75999999999994,59,714.5158208242922,89,0.042,0,48.743919843597205
48.79999999999994,74,639.5251110673223,80,0.042,100,48.782512218963774
48.79999999999994,62,699.5251110673223,87,0.042,0,48.78360703812311
48.81000000000005,95,562.2351366588987,70,0.0315,101,48.79094819159341
48.81000000000005,83,622.2351366588987,78,0.0315,1,48.79219941348979
48.84000000000005,96,572.2027587061418,72,0.0315,101,48.821260997067505
48.84000000000005,84,632.2027587061418,79,0.0315,1,48.82235581622684
48.83999999999994,76,642.3082402309954,80,0.084,100,48.82251221896377
48.83999999999994,64,702.3082402309954,88,0.084,0,48.823763440860155
48.870000000000054,95,649.0774350942921,81,0.0315,101,48.852668621700936
48.870000000000054,83,709.0774350942921,89,0.0315,1,48.85391984359732
48.900000000000055,98,650.5232250751386,81,0.0315,101,48.88266862170094
48.900000000000055,86,710.5232250751386,89,0.0315,1,48.88391984359732
48.91999999999994,74,564.8443715150407,71,0.042,100,48.90110459433034
48.91999999999994,62,624.8443715150407,78,0.042,0,48.902199413489676
48.93000000000006,100,631.2776849619321,79,0.063,101,48.91235581622684
48.93000000000006,88,691.2776849619321,86,0.063,1,48.91345063538618
48.95999999999994,81,516.8676871222709,65,0.128,100,48.94016617790805
48.95999999999994,69,576.8676871222709,72,0.128,0,48.94126099706739
48.99000000000006,98,587.4118616028173,73,0.0315,101,48.97141739980456
48.99000000000006,86,647.4118616028173,81,0.0315,1,48.97266862170094
49.02000000000006,105,536.063594215759,67,0.096,101,49.00047898338227
49.02000000000006,93,596.063594215759,75,0.096,1,49.001730205278655
49.20000000000006,95,563.6889761626409,70,0.0315,101,49.180948191593416
49.19999999999993,71,579.0793358628985,72,0.042,100,49.18126099706738
49.20000000000006,83,623.6889761626409,78,0.0315,1,49.1821994134898
49.19999999999993,59,639.0793358628985,80,0.042,0,49.182512218963765
49.23000000000006,88,560.3405604834201,70,0.063,101,49.21094819159342
49.23000000000006,76,620.3405604834201,78,0.063,1,49.2121994134898
49.23999999999993,72,604.9801512587854,76,0.042,100,49.22188660801557
49.23999999999993,60,664.9801512587854,83,0.042,0,49.22298142717491
49.27999999999993,71,661.2646607835171,83,0.042,100,49.26298142717491
49.27999999999993,59,721.2646607835171,90,0.042,0,49.26407624633424
49.29000000000006,90,657.4441147549876,82,0.0315,101,49.27282502443799
49.29000000000006,78,717.4441147549876,90,0.0315,1,49.274076246334374
49.31999999999993,74,635.0798248313979,79,0.042,100,49.302355816226715
49.320000000000064,88,669.0455199038041,84,0.0315,101,49.30313782991209
49.31999999999993,62,695.0798248313979,87,0.042,0,49.3036070381231
49.320000000000064,76,729.0455199038041,91,0.0315,1,49.30423264907142
49.350000000000065,84,680.6753960497632,85,0.0315,101,49.33329423264914
49.350000000000065,72,740.6753960497632,93,0.0315,1,49.33454545454552
49.35999999999993,64,663.5245452153429,83,0.084,100,49.342981427174905
49.35999999999993,52,723.5245452153429,90,0.084,0,49.34407624633424
49.38000000000007,86,593.3993226208511,74,0.0315,101,49.36157380254161
49.38000000000007,74,653.3993226208511,82,0.0315,1,49.362825024437996
49.41000000000007,84,570.2267249411501,71,0.096,101,49.39110459433047
49.41000000000007,72,630.2267249411501,79,0.096,1,49.39235581622685
49.43999999999993,74,589.9052203066835,74,0.042,100,49.421573802541474
49.43999999999993,62,649.9052203066835,81,0.042,0,49.42266862170081
49.479999999999926,81,558.6569702538983,70,0.128,100,49.46094819159328
49.479999999999926,69,618.6569702538983,77,0.128,0,49.462043010752616
49.59000000000007,95,585.1339909788998,73,0.0315,101,49.57141739980457
49.59000000000007,83,645.1339909788998,81,0.0315,1,49.57266862170095
49.62000000000007,96,605.8626610947623,76,0.0315,101,49.60188660801571
49.62000000000007,84,665.8626610947623,83,0.0315,1,49.602981427175045
49.65000000000007,95,661.7736669856461,83,0.0315,101,49.63298142717505
49.65000000000007,83,721.7736669856461,90,0.0315,1,49.63407624633438
49.68000000000007,98,653.4274127582579,82,0.0315,101,49.662825024438
49.68000000000007,86,713.4274127582579,89,0.0315,1,49.663919843597334
49.71000000000007,100,660.2008977711888,83,0.063,101,49.69298142717505
49.71000000000007,88,720.2008977711888,90,0.063,1,49.69407624633438
49.71999999999992,71,595.4601762272581,74,0.042,100,49.70157380254147
49.71999999999992,59,655.4601762272581,82,0.042,0,49.70282502443785
49.75999999999992,69,561.2353358523258,70,0.042,100,49.740948191593276
49.75999999999992,57,621.2353358523258,78,0.042,0,49.74219941348966
49.770000000000074,98,572.5148893560369,72,0.0315,101,49.751260997067526
49.770000000000074,86,632.5148893560369,79,0.0315,1,49.75235581622686
49.800000000000075,105,570.0394966034809,71,0.096,101,49.78110459433048
49.800000000000075,93,630.0394966034809,79,0.096,1,49.78235581622686
49.79999999999992,71,676.4734447080947,85,0.042,100,49.78329423264899
49.79999999999992,59,736.4734447080947,92,0.042,0,49.784389051808326
49.83999999999992,67,650.3906136394943,81,0.042,100,49.8226686217008
49.83999999999992,55,710.3906136394943,89,0.042,0,49.82391984359718
49.87999999999992,66,654.1753899784136,82,0.084,100,49.862825024437846
49.87999999999992,54,714.1753899784136,89,0.084,0,49.86391984359718
49.959999999999916,67,597.9982533168708,75,0.042,100,49.94173020527851
49.959999999999916,55,657.9982533168708,82,0.042,0,49.942825024437845
49.980000000000075,95,584.6771017091693,73,0.0315,101,49.961417399804574
49.980000000000075,83,644.6771017091693,81,0.0315,1,49.962668621700956
49.999999999999915,60,562.582844385153,70,0.128,100,49.98094819159327
49.999999999999915,48,622.582844385153,78,0.128,0,49.98219941348965
50.010000000000076,96,591.3332678658231,74,0.0315,101,49.99157380254162
50.010000000000076,84,651.3332678658231,81,0.0315,1,49.99266862170096
50.04000000000008,95,659.3557381522285,82,0.0315,101,50.022825024438006
50.04000000000008,83,719.3557381522285,90,0.0315,1,50.02407624633439
50.07000000000008,98,663.2760507231313,83,0.0315,101,50.052981427175055
50.07000000000008,86,723.2760507231313,90,0.0315,1,50.05407624633439
50.10000000000008,100,695.4168634056641,87,0.063,101,50.08360703812325
50.10000000000008,88,755.4168634056641,94,0.063,1,50.08470185728258
50.16000000000008,98,627.8851168526212,78,0.0315,101,50.14219941348982
50.16000000000008,86,687.8851168526212,86,0.0315,1,50.1434506353862
50.19000000000008,105,539.9789640426555,67,0.096,101,50.170478983382296
50.19000000000008,93,599.9789640426555,75,0.096,1,50.17173020527868
50.23999999999991,71,575.7089839310839,72,0.042,100,50.22126099706736
50.23999999999991,59,635.7089839310839,79,0.042,0,50.222355816226695
50.27999999999991,72,612.3762253427406,77,0.042,100,50.2620430107526
50.27999999999991,60,672.3762253427406,84,0.042,0,50.26313782991193
50.31999999999991,71,685.5831516487068,86,0.042,100,50.30345063538603
50.31999999999991,59,745.5831516487068,93,0.042,0,50.30454545454536
50.35999999999991,74,669.1239030349387,84,0.042,100,50.34313782991193
50.35999999999991,62,729.1239030349387,91,0.042,0,50.344232649071266
50.37000000000008,95,592.2063606406683,74,0.0315,101,50.35157380254163
50.37000000000008,83,652.2063606406683,82,0.0315,1,50.35282502443801
50.400000000000084,93,592.4143929305494,74,0.0315,101,50.38157380254163
50.400000000000084,81,652.4143929305494,82,0.0315,1,50.38282502443801
50.399999999999906,76,666.5866438363747,83,0.084,100,50.38298142717488
50.399999999999906,64,726.5866438363747,91,0.084,0,50.384232649071265
50.430000000000085,95,689.044318514442,86,0.0315,101,50.413450635386205
50.430000000000085,83,749.044318514442,94,0.0315,1,50.41470185728259
50.460000000000086,91,672.6286961775509,84,0.0315,101,50.44313782991211
50.460000000000086,79,732.6286961775509,92,0.0315,1,50.44438905180849
50.479999999999905,74,593.5346819365798,74,0.042,100,50.46157380254145
50.479999999999905,62,653.5346819365798,82,0.042,0,50.462825024437834
50.49000000000009,90,669.8693248335883,84,0.063,101,50.47313782991211
50.49000000000009,78,729.8693248335883,91,0.063,1,50.474232649071446
50.519999999999904,81,574.6209136530093,72,0.128,100,50.501260997067355
50.519999999999904,69,634.6209136530093,79,0.128,0,50.50235581622669
50.55000000000009,91,606.4668631781434,76,0.0315,101,50.53188660801573
50.55000000000009,79,666.4668631781434,83,0.0315,1,50.532981427175066
50.58000000000009,84,556.807623991412,70,0.096,101,50.56094819159345
50.58000000000009,72,616.807623991412,77,0.096,1,50.56204301075278
50.7599999999999,71,579.6938865346225,72,0.042,100,50.74126099706735
50.76000000000009,91,617.1995119050722,77,0.0315,101,50.74204301075278
50.7599999999999,59,639.6938865346225,80,0.042,0,50.74251221896373
50.76000000000009,79,677.1995119050722,85,0.0315,1,50.74329423264916
50.79000000000009,93,612.5486694499803,77,0.0315,101,50.77204301075278
50.79000000000009,81,672.5486694499803,84,0.0315,1,50.773137829912116
50.7999999999999,64,618.7524923028902,77,0.084,100,50.78204301075259
50.7999999999999,52,678.7524923028902,85,0.084,0,50.78329423264897
50.82000000000009,91,686.1701452319845,86,0.0315,101,50.80345063538621
50.82000000000009,79,746.1701452319845,93,0.0315,1,50.80454545454555
50.850000000000094,95,637.9239957819303,80,0.0315,101,50.83251221896393
50.850000000000094,83,697.9239957819303,87,0.0315,1,50.83360703812326
50.879999999999896,66,676.0525573412974,85,0.042,100,50.86329423264897
50.880000000000095,96,677.2334831049164,85,0.063,101,50.86329423264917
50.879999999999896,54,736.0525573412974,92,0.042,0,50.8643890518083
50.880000000000095,84,737.2334831049164,92,0.063,1,50.8643890518085
50.919999999999895,64,668.6193252945487,84,0.042,100,50.90313782991192
50.919999999999895,52,728.6193252945487,91,0.042,0,50.904232649071254
50.9400000000001,95,630.6998865004238,79,0.0315,101,50.92235581622688
50.9400000000001,83,690.6998865004238,86,0.0315,1,50.92345063538622
50.959999999999894,60,657.3072964409517,82,0.042,100,50.94282502443782
50.959999999999894,48,717.3072964409517,90,0.042,0,50.944076246334205
50.9700000000001,102,578.3448275080792,72,0.096,101,50.95126099706755
50.9700000000001,90,638.3448275080792,80,0.096,1,50.95251221896393
50.99999999999989,62,603.7138360559157,75,0.042,100,50.98173020527849
50.99999999999989,50,663.7138360559157,83,0.042,0,50.98298142717487
51.03999999999989,60,569.4855366355774,71,0.128,100,51.021104594330296
51.03999999999989,48,629.4855366355774,79,0.128,0,51.02235581622668
51.1500000000001,91,574.2946615613387,72,0.0315,101,51.13126099706755
51.1500000000001,79,634.2946615613387,79,0.0315,1,51.132355816226884
51.1800000000001,84,600.645008797567,75,0.063,101,51.161730205278694
51.1800000000001,72,660.645008797567,83,0.063,1,51.162981427175076
51.2400000000001,86,661.6745159744518,83,0.0315,101,51.22298142717508
51.2400000000001,74,721.6745159744518,90,0.0315,1,51.22407624633441
51.2700000000001,84,688.1948247947224,86,0.0315,101,51.25345063538622
51.2700000000001,72,748.1948247947224,94,0.0315,1,51.254701857282605
51.27999999999989,67,579.360878200304,72,0.042,100,51.26126099706734
51.27999999999989,55,639.360878200304,80,0.042,0,51.26251221896372
51.300000000000104,81,678.4752320422641,85,0.0315,101,51.283294232649176
51.300000000000104,69,738.4752320422641,92,0.0315,1,51.28438905180851
51.31999999999989,57,609.1589347095143,76,0.042,100,51.30188660801553
51.31999999999989,45,669.1589347095143,84,0.042,0,51.30313782991191
51.330000000000105,83,593.8605273789127,74,0.0315,101,51.31157380254165
51.330000000000105,71,653.8605273789127,82,0.0315,1,51.312825024438034
51.360000000000106,81,560.0049584218244,70,0.096,101,51.34094819159346
51.360000000000106,69,620.0049584218244,78,0.096,1,51.342199413489844
51.359999999999886,67,675.9993589143236,84,0.042,100,51.34313782991191
51.359999999999886,55,735.9993589143236,92,0.042,0,51.34438905180829
51.399999999999885,71,658.5976470343044,82,0.042,100,51.382825024437814
51.399999999999885,59,718.5976470343044,90,0.042,0,51.384076246334196
51.439999999999884,72,684.2715327789971,86,0.084,100,51.423450635386004
51.439999999999884,60,744.2715327789971,93,0.084,0,51.42454545454534
51.51999999999988,71,574.3888173924643,72,0.042,100,51.501260997067334
51.51999999999988,59,634.3888173924643,79,0.042,0,51.50235581622667
51.540000000000106,91,561.088304630001,70,0.0315,101,51.52094819159346
51.540000000000106,79,621.088304630001,78,0.0315,1,51.522199413489844
51.55999999999988,78,561.2553956828696,70,0.128,100,51.54094819159324
51.55999999999988,66,621.2553956828696,78,0.128,0,51.54219941348962
51.57000000000011,93,587.0970588421068,73,0.0315,101,51.551417399804606
51.57000000000011,81,647.0970588421068,81,0.0315,1,51.55266862170099
51.60000000000011,91,672.284930114345,84,0.0315,101,51.58313782991213
51.60000000000011,79,732.284930114345,92,0.0315,1,51.584389051808515
51.63000000000011,95,673.3749903623219,84,0.0315,101,51.613137829912134
51.63000000000011,83,733.3749903623219,92,0.0315,1,51.614389051808516
51.66000000000011,96,647.6242767376086,81,0.063,101,51.64266862170099
51.66000000000011,84,707.6242767376086,88,0.063,1,51.643763440860326
51.72000000000011,95,593.185233335097,74,0.0315,101,51.70157380254166
51.72000000000011,83,653.185233335097,82,0.0315,1,51.70282502443804
51.750000000000114,102,566.1927580403396,71,0.096,101,51.73110459433052
51.750000000000114,90,626.1927580403396,78,0.096,1,51.73219941348985
51.799999999999876,67,607.6125999952005,76,0.042,100,51.78188660801552
51.799999999999876,55,667.6125999952005,83,0.042,0,51.78298142717485
51.839999999999876,69,612.8751828148612,77,0.042,100,51.822043010752566
51.839999999999876,57,672.8751828148612,84,0.042,0,51.8231378299119
51.879999999999875,67,671.6698015097701,84,0.042,100,51.8631378299119
51.879999999999875,55,731.6698015097701,91,0.042,0,51.86423264907123
51.919999999999874,71,654.4052332056201,82,0.042,100,51.9028250244378
51.919999999999874,59,714.4052332056201,89,0.042,0,51.90391984359714
51.93000000000011,91,568.2318440818976,71,0.0315,101,51.91110459433052
51.93000000000011,79,628.2318440818976,79,0.0315,1,51.9123558162269
51.960000000000115,93,595.9401713188041,74,0.0315,101,51.94157380254166
51.95999999999987,72,657.7317878502542,82,0.084,100,51.9428250244378
51.960000000000115,81,655.9401713188041,82,0.0315,1,51.942825024438044
51.95999999999987,60,717.7317878502542,90,0.084,0,51.944076246334184
51.990000000000116,91,665.5141743581632,83,0.0315,101,51.97298142717509
51.990000000000116,79,725.5141743581632,91,0.0315,1,51.974232649071475
52.02000000000012,95,676.4765392030109,85,0.0315,101,52.00329423264919
52.02000000000012,83,736.4765392030109,92,0.0315,1,52.00438905180852
52.03999999999987,71,587.8180447575556,73,0.042,100,52.02141739980437
52.03999999999987,59,647.8180447575556,81,0.042,0,52.02266862170075
52.05000000000012,96,660.6384582424997,83,0.063,101,52.032981427175095
52.05000000000012,84,720.6384582424997,90,0.063,1,52.03407624633443
52.07999999999987,78,553.9063152852524,69,0.128,100,52.06079178885618
52.07999999999987,66,613.9063152852524,77,0.128,0,52.06204301075256
52.11000000000012,95,587.7881573379492,73,0.0315,101,52.09141739980462
52.11000000000012,83,647.7881573379492,81,0.0315,1,52.092668621701
52.14000000000012,102,556.2296175873703,70,0.096,101,52.12094819159348
52.14000000000012,90,616.2296175873703,77,0.096,1,52.12204301075281
52.32000000000012,91,560.476439361488,70,0.0315,101,52.30094819159348
52.319999999999865,67,566.7056977125742,71,0.042,100,52.30110459433027
52.319999999999865,55,626.7056977125742,78,0.042,0,52.3021994134896
52.32000000000012,79,620.476439361488,78,0.0315,1,52.30219941348986
52.35000000000012,90,581.0941851049935,73,0.0315,101,52.33141739980462
52.35000000000012,78,641.0941851049935,80,0.0315,1,52.332512218963956
52.359999999999864,66,592.5599125425475,74,0.042,100,52.34157380254141
52.359999999999864,54,652.5599125425475,82,0.042,0,52.34282502443779
52.38000000000012,91,649.6210109815532,81,0.0315,101,52.362668621701005
52.38000000000012,79,709.6210109815532,89,0.0315,1,52.36391984359739
52.399999999999864,67,680.1289104290604,85,0.042,100,52.383294232648936
52.399999999999864,55,740.1289104290604,93,0.042,0,52.38454545454532
52.410000000000124,88,644.4176655535081,81,0.0315,101,52.392668621701006
52.410000000000124,76,704.4176655535081,88,0.0315,1,52.39376344086034
52.43999999999986,64,644.4878148654823,81,0.042,100,52.422668621700744
52.440000000000126,86,663.5759986179688,83,0.063,101,52.4229814271751
52.43999999999986,52,704.4878148654823,88,0.042,0,52.42376344086008
52.440000000000126,74,723.5759986179688,90,0.063,1,52.42407624633444
52.47999999999986,62,636.1021460989886,80,0.084,100,52.462512218963695
52.47999999999986,50,696.1021460989886,87,0.084,0,52.46360703812303
52.50000000000013,88,586.1241863262248,73,0.0315,101,52.48141739980463
52.50000000000013,76,646.1241863262248,81,0.0315,1,52.48266862170101
52.53000000000013,81,526.4302927521956,66,0.096,101,52.51032258064529
52.53000000000013,69,586.4302927521956,73,0.096,1,52.51141739980463
52.55999999999986,64,561.5337479031771,70,0.042,100,52.540948191593216
52.55999999999986,52,621.5337479031771,78,0.042,0,52.5421994134896
52.59999999999986,57,542.5926750570438,68,0.128,100,52.58063538611912
52.59999999999986,45,602.5926750570438,75,0.128,0,52.581730205278454
52.71000000000013,91,566.4054836590933,71,0.0315,101,52.69110459433053
52.71000000000013,79,626.4054836590933,78,0.0315,1,52.69219941348987
52.74000000000013,93,589.8279225826346,74,0.0315,101,52.72157380254168
52.74000000000013,81,649.8279225826346,81,0.0315,1,52.72266862170101
52.77000000000013,91,633.1377287429843,79,0.0315,101,52.75235581622692
52.77000000000013,79,693.1377287429843,87,0.0315,1,52.7536070381233
52.80000000000013,95,635.6787952571843,79,0.0315,101,52.78235581622692
52.80000000000013,83,695.6787952571843,87,0.0315,1,52.7836070381233
52.83000000000013,96,638.758391906588,80,0.063,101,52.81251221896397
52.83000000000013,84,698.758391906588,87,0.063,1,52.8136070381233
52.839999999999854,67,559.6787155240895,70,0.042,100,52.82094819159321
52.839999999999854,55,619.6787155240895,77,0.042,0,52.822043010752544
52.87999999999985,69,577.6905729529472,72,0.042,100,52.861260997067305
52.87999999999985,57,637.6905729529472,80,0.042,0,52.86251221896369
52.890000000000136,95,566.0611756888079,71,0.0315,101,52.87110459433054
52.890000000000136,83,626.0611756888079,78,0.0315,1,52.872199413489874
52.92000000000014,102,503.02238701295187,63,0.096,101,52.89985337243415
52.92000000000014,90,563.0223870129519,70,0.096,1,52.90094819159349
52.91999999999985,67,631.5228162608805,79,0.042,100,52.90235581622664
52.91999999999985,55,691.5228162608805,86,0.042,0,52.90345063538597
52.95999999999985,71,638.2939997353212,80,0.042,100,52.942512218963685
52.95999999999985,59,698.2939997353212,87,0.042,0,52.94360703812302
52.99999999999985,72,633.1351044056524,79,0.084,100,52.98235581622664
52.99999999999985,60,693.1351044056524,87,0.084,0,52.98360703812302
53.07999999999985,71,551.0972150391975,69,0.042,100,53.06079178885616
53.07999999999985,59,611.0972150391975,76,0.042,0,53.06188660801549
53.100000000000136,93,567.8947980141622,71,0.0315,101,53.08110459433054
53.100000000000136,81,627.8947980141622,78,0.0315,1,53.082199413489874
53.11999999999985,78,510.391651483827,64,0.128,100,53.10000977517091
53.11999999999985,66,570.391651483827,71,0.128,0,53.10110459433025
53.13000000000014,86,548.6932116163206,69,0.063,101,53.110791788856446
53.13000000000014,74,608.6932116163206,76,0.063,1,53.11188660801578
53.19000000000014,88,640.1459587588545,80,0.0315,101,53.17251221896397
53.19000000000014,76,700.1459587588545,88,0.0315,1,53.173763440860355
53.22000000000014,86,611.0332402221268,76,0.0315,101,53.20188660801578
53.22000000000014,74,671.0332402221268,84,0.0315,1,53.203137829912166
53.25000000000014,83,617.9587836163134,77,0.0315,101,53.23204301075283
53.25000000000014,71,677.9587836163134,85,0.0315,1,53.233294232649214
53.28000000000014,84,566.6503706400918,71,0.0315,101,53.26110459433055
53.28000000000014,72,626.6503706400918,78,0.0315,1,53.26219941348988
53.310000000000144,83,519.6435355186698,65,0.096,101,53.290166177908254
53.310000000000144,71,579.6435355186698,72,0.096,1,53.291260997067596
53.35999999999984,69,526.3099240573473,66,0.042,100,53.340322580645
53.35999999999984,57,586.3099240573473,73,0.042,0,53.34141739980434
53.39999999999984,62,571.0568411142309,71,0.084,100,53.381104594330246
53.39999999999984,50,631.0568411142309,79,0.084,0,53.38235581622663
53.47999999999984,64,614.8354550754381,77,0.042,100,53.46204301075253
53.47999999999984,52,674.8354550754381,84,0.042,0,53.463137829911865
53.490000000000144,93,537.7343782015303,67,0.0315,101,53.47047898338236
53.490000000000144,81,597.7343782015303,75,0.0315,1,53.47173020527874
53.520000000000145,95,551.2458351917309,69,0.0315,101,53.50079178885645
53.520000000000145,83,611.2458351917309,76,0.0315,1,53.50188660801579
53.51999999999984,62,613.8529313422698,77,0.042,100,53.50204301075253
53.51999999999984,50,673.8529313422698,84,0.042,0,53.503137829911864
53.550000000000146,93,609.5280247985709,76,0.0315,101,53.53188660801579
53.550000000000146,81,669.5280247985709,84,0.0315,1,53.53313782991217
53.55999999999984,59,606.1151483526683,76,0.042,100,53.54188660801548
53.55999999999984,47,666.1151483526683,83,0.042,0,53.542981427174816
53.58000000000015,96,603.423113204949,75,0.0315,101,53.56173020527874
53.58000000000015,84,663.423113204949,83,0.0315,1,53.562981427175124
53.59999999999984,60,526.0200972059746,66,0.042,100,53.580322580644996
53.59999999999984,48,586.0200972059746,73,0.042,0,53.58141739980434
53.61000000000015,98,602.4368315203901,75,0.063,101,53.59173020527874
53.61000000000015,86,662.4368315203901,83,0.063,1,53.592981427175125
53.63999999999984,59,490.9123521185503,61,0.128,100,53.619540566959756
53.63999999999984,47,550.9123521185503,69,0.128,0,53.620791788856145
53.67000000000015,96,546.4019327761927,68,0.0315,101,53.65063538611941
53.67000000000015,84,606.4019327761927,76,0.0315,1,53.65188660801579
53.70000000000015,103,482.72793315402896,60,0.096,101,53.67938416422302
53.70000000000015,91,542.727933154029,68,0.096,1,53.68063538611941
53.87999999999983,69,531.0428691731315,66,0.042,100,53.86032258064499
53.88000000000015,93,535.6504349118204,67,0.0315,101,53.860478983382365
53.87999999999983,57,591.0428691731315,74,0.042,0,53.86157380254138
53.88000000000015,81,595.6504349118204,74,0.0315,1,53.8615738025417
53.91000000000015,95,520.80399406956,65,0.0315,101,53.89016617790826
53.91000000000015,83,580.80399406956,73,0.0315,1,53.89141739980465
53.91999999999983,71,517.8770238927989,65,0.042,100,53.90016617790794
53.91999999999983,59,577.8770238927989,72,0.042,0,53.90126099706728
53.940000000000154,93,595.6043166807509,74,0.0315,101,53.9215738025417
53.940000000000154,81,655.6043166807509,82,0.0315,1,53.92282502443808
53.95999999999983,69,583.9693190740754,73,0.042,100,53.94141739980433
53.95999999999983,57,643.9693190740754,80,0.042,0,53.942512218963664
53.970000000000155,96,594.8831847115229,74,0.0315,101,53.9515738025417
53.970000000000155,84,654.8831847115229,82,0.0315,1,53.952825024438084
53.99999999999983,72,586.2212784594407,73,0.042,100,53.98141739980433
54.000000000000156,98,592.8067881246817,74,0.063,101,53.9815738025417
53.99999999999983,60,646.2212784594407,81,0.042,0,53.98266862170071
54.000000000000156,86,652.8067881246817,82,0.063,1,53.982825024438085
54.03999999999983,74,596.5999964111743,75,0.084,100,54.02173020527842
54.03999999999983,62,656.5999964111743,82,0.084,0,54.02282502443776
54.06000000000016,96,513.9061208648135,64,0.0315,101,54.04000977517122
54.06000000000016,84,573.9061208648135,72,0.0315,1,54.04126099706761
54.09000000000016,103,472.51111022531836,59,0.096,101,54.06922776148598
54.09000000000016,91,532.5111102253184,67,0.096,1,54.07047898338237
54.11999999999983,72,534.29825416672,67,0.042,100,54.10047898338204
54.11999999999983,60,594.29825416672,74,0.042,0,54.101573802541374
54.159999999999826,79,473.7175514301782,59,0.128,100,54.13922776148565
54.159999999999826,67,533.7175514301782,67,0.128,0,54.14047898338204
54.27000000000016,93,509.78372819367075,64,0.0315,101,54.25000977517122
54.27000000000016,81,569.7837281936708,71,0.0315,1,54.25110459433056
54.30000000000016,91,497.7768725035554,62,0.0315,101,54.27969696969713
54.30000000000016,79,557.7768725035554,70,0.0315,1,54.28094819159352
54.33000000000016,93,574.8901232801237,72,0.0315,101,54.31126099706761
54.33000000000016,81,634.8901232801237,79,0.0315,1,54.31235581622695
54.36000000000016,90,566.8602226548471,71,0.0315,101,54.34110459433057
54.36000000000016,78,626.8602226548471,78,0.0315,1,54.3421994134899
54.390000000000164,88,583.7672814861056,73,0.063,101,54.37141739980466
54.390000000000164,76,643.7672814861056,80,0.063,1,54.372512218964
54.39999999999982,69,500.2796938470642,63,0.042,100,54.379853372433836
54.39999999999982,57,560.2796938470642,70,0.042,0,54.38094819159318
54.43999999999982,71,507.32436954817024,63,0.042,100,54.419853372433835
54.43999999999982,59,567.3243695481702,71,0.042,0,54.421104594330224
54.450000000000166,90,496.98756810485804,62,0.0315,101,54.42969696969713
54.450000000000166,78,556.987568104858,70,0.0315,1,54.43094819159352
54.48000000000017,83,475.19502691472496,59,0.096,101,54.45922776148599
54.48000000000017,95,535.195026914725,67,0.096,1,54.46047898338238
54.47999999999982,69,554.9954019684644,69,0.042,100,54.46079178885613
54.47999999999982,57,614.9954019684644,77,0.042,0,54.46204301075251
54.51999999999982,72,547.0648403662542,68,0.042,100,54.50063538611908
54.51999999999982,60,607.0648403662542,76,0.042,0,54.50188660801546
54.55999999999982,74,551.7319591367468,69,0.084,100,54.540791788856126
54.55999999999982,62,611.7319591367468,76,0.084,0,54.54188660801546
54.639999999999816,72,472.45507509503864,59,0.042,100,54.61922776148564
54.639999999999816,60,532.4550750950386,67,0.042,0,54.62047898338203
54.66000000000017,93,477.3611430563868,60,0.0315,101,54.63938416422304
54.66000000000017,81,537.3611430563868,67,0.0315,1,54.64047898338238
54.679999999999815,79,452.7467478093033,57,0.128,100,54.65891495601154
54.679999999999815,67,512.7467478093033,64,0.128,0,54.66000977517088
54.69000000000017,95,482.993859705556,60,0.0315,101,54.66938416422304
54.69000000000017,83,542.993859705556,68,0.0315,1,54.67063538611943
54.72000000000017,93,554.4028283699988,69,0.0315,101,54.70079178885648
54.72000000000017,81,614.4028283699988,77,0.0315,1,54.70204301075286
54.75000000000017,96,530.9246361768526,66,0.0315,101,54.73032258064533
54.75000000000017,84,590.9246361768526,74,0.0315,1,54.73157380254172
54.78000000000017,98,540.8784223282528,68,0.063,101,54.76063538611943
54.78000000000017,86,600.8784223282528,75,0.063,1,54.76173020527877
54.840000000000174,96,471.62937464327354,59,0.0315,101,54.819227761486
54.840000000000174,84,531.6293746432735,66,0.0315,1,54.82032258064533
54.870000000000175,103,446.88251780143867,56,0.096,101,54.848758553274855
54.870000000000175,91,506.88251780143867,63,0.096,1,54.84985337243419
54.91999999999981,69,469.09286829925725,59,0.042,100,54.89922776148563
54.91999999999981,57,529.0928682992572,66,0.042,0,54.90032258064497
54.95999999999981,67,472.6130240103337,59,0.042,100,54.93922776148563
54.95999999999981,55,532.6130240103337,67,0.042,0,54.94047898338202
54.99999999999981,69,510.59538469166876,64,0.042,100,54.98000977517087
54.99999999999981,57,570.5953846916688,71,0.042,0,54.98110459433021
55.03999999999981,66,556.0822244914755,70,0.042,100,55.02094819159316
55.03999999999981,54,616.0822244914755,77,0.042,0,55.0220430107525
55.050000000000175,93,458.3152368154282,57,0.0315,101,55.0289149560119
55.050000000000175,81,518.3152368154282,65,0.0315,1,55.030166177908285
55.080000000000176,86,459.46340488143846,57,0.063,101,55.058914956011904
55.080000000000176,74,519.4634048814385,65,0.063,1,55.060166177908286
55.07999999999981,64,526.7193123344305,66,0.084,100,55.060322580644964
55.07999999999981,52,586.7193123344305,73,0.084,0,55.061417399804306
55.14000000000018,88,548.9666456803635,69,0.0315,101,55.12079178885649
55.14000000000018,76,608.9666456803635,76,0.0315,1,55.12188660801582
55.159999999999805,66,485.62957769177126,61,0.042,100,55.139540566959724
55.159999999999805,54,545.6295776917713,68,0.042,0,55.140635386119065
55.17000000000018,86,543.0939457274395,68,0.0315,101,55.15063538611944
55.17000000000018,74,603.0939457274395,75,0.0315,1,55.151730205278774
55.199999999999804,59,398.3123119994441,50,0.128,100,55.1778201368522
55.199999999999804,47,458.3123119994441,57,0.128,0,55.17891495601153
55.20000000000018,83,546.1039480689708,68,0.0315,101,55.18063538611944
55.20000000000018,71,606.1039480689708,76,0.0315,1,55.18188660801582
55.23000000000018,84,447.024362869651,56,0.0315,101,55.20875855327486
55.23000000000018,72,507.024362869651,63,0.0315,1,55.209853372434196
55.26000000000018,83,406.5461349178054,51,0.096,101,55.237976539589624
55.26000000000018,71,466.5461349178054,58,0.096,1,55.23907135874896
55.44,42,820.0,102,0.9,20,55.42595307917888
55.44,45,820.0,102,0.5630399337225381,20,55.42595307917888
55.44,48,820.0,102,0.9,20,55.42595307917888
55.44,66,820.0,102,0.2417838953922552,20,55.42595307917888
55.44,69,820.0,102,0.16112603164488604,20,55.42595307917888
55.44,72,820.0,102,0.9,20,55.42595307917888
55.61378976576023,69,420.77759834479724,53,0.5449999999999999,12,55.59207911082377
55.66637309446029,47,368.92406579361887,46,0.5434378625878672,11,55.64356762036449
55.68171183277334,71,388.60553756312635,49,0.5423518098313932,12,55.659375566888684
55.69366561582236,66,460.1530803128801,58,0.47408535440979704,12,55.67273697457114
55.69899414677458,33,436.6632279164844,55,0.5416765316119065,13,55.67759629731221
56.01523445962674,45,445.0698896164578,56,0.08411920652077753,11,55.99399301290142
56.10278963877704,45,531.107265309355,66,0.13271154567206878,10,56.0831122194222
56.174314997602636,66,382.2243095833389,48,0.16261508543915937,12,56.151822328980934
56.24269082276778,45,416.36658932647214,52,0.5176828003870919,10,56.220823765094266
56.31022971954762,64,397.39245242894674,50,0.5124983632662337,12,56.288049856400015
56.32826975261404,50,426.0901754860387,53,0.5069747550177847,10,56.30655909767758
56.34146087483065,66,406.80105031384477,51,0.5054332092423595,12,56.31943741442009
56.443388008611436,48,380.61023285235296,48,0.48824263846622784,11,56.420895339989734
56.46615599197009,52,482.70488226024753,60,0.15478381338925373,10,56.44554015619296
56.478947468349894,54,532.5834015275597,67,0.3252219390236232,10,56.45942645173211
56.523482228976164,57,426.55050350676186,53,0.19648417493197712,10,56.5017715740397
56.55073674231173,60,447.5102295424978,56,0.1895473066940906,10,56.52949529558641
56.55212121628169,33,452.90478041325747,57,0.22501876299758095,13,56.53103617229342
56.583883807678724,69,460.5221739268749,58,0.17367367726856997,12,56.5629551664275
56.5983548605102,72,488.83796384320885,61,0.4807662529251674,10,56.57789542747012
56.62672181904458,52,441.39383022254424,55,0.4792207987180023,11,56.605323969582216
56.716334281867965,67,525.6319040985532,66,0.4574226110762919,12,56.69665686251312
56.72340237653766,57,503.086900567938,63,0.07757658146976609,10,56.70325574897168
56.74325081342419,60,550.7914738496477,69,0.1539469914515078,10,56.7240426022805
56.76271388768434,69,457.14526486342515,57,0.14245422093827187,10,56.74162884369607
56.78167077106813,33,482.62214841790444,60,0.18901461125179508,13,56.761054935291
56.806917374429716,57,454.964772329186,57,0.45840192356833936,10,56.785832330441444
56.80823099095123,54,582.8641437952708,73,0.40297408320514705,10,56.78964839075573
56.87084825659111,59,427.2381576380593,53,0.45520622340684225,10,56.84913760165465
56.90051402662796,66,489.9785184436399,61,0.44750719642955566,12,56.88005459358788
56.90141579119046,60,592.1472903062277,74,0.20844603700780595,10,56.882989593732006
56.908760483989184,69,526.1366952727026,66,0.3026480023323498,12,56.88908306463434
56.93272057865146,48,586.7445481664233,73,0.06737149692488742,11,56.91413797845596
56.97584178505697,33,471.98311723885024,59,0.23435593825335388,13,56.955069546542795
56.979842323502474,38,463.1889688278346,58,0.29561709033035555,13,56.95891368225125
56.99510966804308,74,508.99152021634677,64,0.4335907203603137,12,56.97511944321414
57.00634329747274,48,523.7879374101443,65,0.43159276901931354,11,56.98650947538085
57.06238698366215,42,481.72274624002915,60,0.14663158835467527,11,57.04177114788502
57.116113050094654,60,528.0095944552575,66,0.4226575601011278,10,57.09643563073981
57.1786004902072,67,534.4773321315861,67,0.41537834202705815,10,57.159079473589415
57.21080909065794,45,478.9602691882619,60,0.2755435354778041,11,57.19019325488081
57.21245454464634,42,556.9041650734298,70,0.24015501841217712,11,57.1934027362397
57.21300808499165,33,585.2673146403528,73,0.4020401757019425,13,57.19442548479615
57.21547006989924,69,573.6632266659399,72,0.40196257276105374,10,57.19673106696669
57.215579463208186,54,618.5104762220418,77,0.27917980458054614,11,57.19762247396088
57.25745905403919,81,608.1890722642005,76,0.40160194556681184,12,57.23934566205483
57.271899085875646,72,554.4616196514377,69,0.1216320778467076,10,57.252690874731954
57.278895386462345,38,542.2806845405876,68,0.17864840672251858,11,57.259530772581606
57.315180171735996,40,588.4843029410067,74,0.3926547471109668,11,57.29675397427754
57.37173075213716,76,569.070966371139,71,0.3874732284032697,10,57.352835346467565
57.38016535517109,36,577.5933959008371,72,0.17814228787675546,13,57.36142635223854
57.39356224017103,66,570.308313158294,71,0.37269015319751986,12,57.37466683450143
57.3986875664594,72,547.6134456204147,68,0.24211563531138125,10,57.37932295257866
57.45050173473834,64,552.3849926548478,69,0.37541976694711066,10,57.43129352359465
57.45635834116214,42,622.4705943874891,78,0.1363667110679313,13,57.438557754651875
57.461761779499625,38,587.5927645286547,73,0.36700794332969816,11,57.443179179304124
57.48759896044659,45,672.8237499187751,84,0.3662167236343998,13,57.470736790358615
57.49975926778873,54,617.5963524540632,77,0.3624269771009591,11,57.48180227854142
57.50440744610511,30,563.0766074103578,70,0.36063988215261406,11,57.48535563769847
57.56268203209965,36,606.1809442963652,76,0.3599562369040157,11,57.544568640115294
57.59897627412645,42,562.5725095118272,70,0.35136313983709777,11,57.579924465719806
57.64408277166326,72,633.1573000373172,79,0.3459945550837017,12,57.62643858789004
57.65889227201166,48,646.238151978186,81,0.18012306081404972,13,57.641560893712544
57.664216500635334,60,599.9514939060923,75,0.33711456159196845,10,57.64594670591393
57.698709012833724,50,668.7748284941048,84,0.3363248525748606,13,57.68184684274575
57.734507358633444,62,604.5120612130168,76,0.10421001202810742,10,57.716393966649086
57.75872142410198,40,604.9994544784115,76,0.17470595802385958,11,57.74060803211762
57.77234721252789,66,512.4136818508354,64,0.32230888212899583,10,57.75235698769895
57.79145804039468,67,622.6783162412987,78,0.11884510699477857,12,57.77365745388442
57.801652960850255,79,620.9868020646046,78,0.3174609793064119,12,57.78385237433999
57.80207969307325,43,650.347546974922,81,0.09343964491439294,11,57.784748314774134
57.81423937224959,47,678.74863590007,85,0.15008217281352187,11,57.79753360489866
57.8250467160037,55,683.7560704765344,85,0.11588477947799702,10,57.80834094865277
57.84324816245041,62,632.1568927388075,79,0.11240589194142359,10,57.825603978677194
57.84573576293324,48,559.8222739766202,70,0.06183194097514189,11,57.826683954526594
57.868805545381456,59,632.4673154543395,79,0.139097336805018,10,57.85116136160824
57.88839691829409,45,642.90811516181,80,0.10471981114396811,11,57.870909137257925
57.89958092156536,43,692.7474819088807,87,0.26071302135853613,11,57.88318795968853
57.91162928748609,48,605.420893841503,76,0.1756629029125375,13,57.893515895501736
57.91436473096717,67,673.1068261000554,84,0.11014914286996003,12,57.8975025608792
57.9376453684406,40,645.5017262092448,81,0.2993507632026285,13,57.92031399014148
57.947339120115124,55,607.825942492904,76,0.12161330048742058,11,57.92922572813077
57.96018484618069,62,655.7143197233999,82,0.2945280119227706,10,57.94300987061862
57.9699471560113,47,648.640295632657,81,0.06443523099621273,11,57.95261577771218
57.998429534912155,45,627.3154931318966,78,0.20588142678130594,11,57.98062894840189
58.012746479449426,59,638.2087092981288,80,0.16051739600402726,11,57.99525869841326
58.01871194002098,38,608.1347701475296,76,0.23235451100129978,13,58.00059854803662
58.02951387383713,67,670.3557885419626,84,0.18182122683748048,10,58.01265170374916
58.03340947555755,35,622.1450703606127,78,0.09453856175346231,13,58.015608889047286
58.03891317879637,47,668.2830989508996,84,0.05843328863422926,13,58.022051008708395
58.04550783016418,71,631.7205202792393,79,0.2812480558247969,10,58.02786364639097
58.073170406917306,55,649.9898638763979,81,0.12756212963226232,10,58.05583902861819
58.07367862355186,72,767.6862029725013,96,0.27633105116724327,12,58.058693286308454
58.08163311271594,36,659.4011220172632,82,0.12061687087426065,13,58.06445813715387
58.091197371239296,48,664.1962194384745,83,0.08170727634743968,11,58.07417879841427
58.10078244006012,47,752.1036352349832,94,0.05010428363160003,10,58.085484297342624
58.13154041267758,35,695.6280571718195,87,0.2723910947827772,13,58.11514745080075
58.158389167484486,47,622.527599541421,78,0.26802860768566444,10,58.140588580974224
58.16638876208323,43,638.0721643950689,80,0.058567654391341935,11,58.14890098104706
58.175911386539056,23,700.1617881446297,88,0.26312199736676845,10,58.15967482739927
58.17763826450526,59,672.3098866664259,84,0.2232567431429925,10,58.16077609441729
58.178061050323784,48,652.7028572615721,82,0.26154670732604013,11,58.16088607476171
58.20495052286433,55,684.1313857250938,86,0.15110369949339286,11,58.18840115825045
58.20740638632725,36,648.3755647151796,81,0.04787955318273419,13,58.19007500802813
58.206964920637745,45,747.7621721983413,93,0.15669531016340954,11,58.1915103751832
58.217586322570995,67,611.6237899166978,76,0.1547238818440232,12,58.19947293058664
58.23011281921162,43,633.5759020478221,79,0.15150559100922123,11,58.212468635438405
58.23251898065651,79,682.5688494614523,85,0.2542579710658522,12,58.21581321330558
58.24214471342261,66,678.1888288528627,85,0.1715695764772559,12,58.225438946071684
58.25293839628132,38,764.1079775022483,96,0.2526011818504034,13,58.23795305903792
58.25825270392836,36,753.0540736224464,94,0.04887092411400829,13,58.242954561210865
58.30877038278627,40,689.7991884972976,86,0.25039196130950414,13,58.29222101817239
58.31306204446466,36,700.7903921782752,88,0.24353205969609665,10,58.296825485324874
58.352768200522675,64,670.030513169078,84,0.24295426633475936,12,58.3359060304347
58.355196452630075,50,658.6936837332241,82,0.12693040527963262,11,58.338021477068004
58.36105422235772,55,691.8554427938245,86,0.06271489078186476,11,58.34450485774384
58.367878217115916,45,783.0023942671869,98,0.11417157489926211,10,58.35320568534661
58.3749641633593,67,729.7065046849285,91,0.23564676106922033,12,58.35919681243066
58.384272369165124,43,753.1699469995522,94,0.06920074579349034,13,58.36897422644763
58.403861772066634,59,773.326978686639,97,0.048473653322882344,11,58.38903283756028
58.408122261719626,31,698.8735135751848,87,0.17875256371928827,13,58.391729299842794
58.41918349811101,66,655.8577936105125,82,0.23037154321696857,12,58.40200852254894
58.42876911313959,55,686.4884599366208,86,0.14768551138247943,13,58.41221974852571
58.43967406865143,62,702.6722367012594,88,0.07913822916268998,12,58.42343750951164
58.458743050022946,59,702.1531386525717,88,0.08755724813836252,11,58.44250649088316
58.45831671222157,43,759.9811435190884,95,0.10944850646781645,13,58.44317497224112
58.48556283053923,50,734.2852568565547,92,0.12955517856229448,12,58.46995188234764
58.48800263563069,47,699.2061609700671,87,0.05110888416456561,12,58.47160967375386
58.487988208437464,45,733.4693788015836,92,0.22045093811038347,13,58.47237726024587
58.50143293545088,48,766.2269335193125,96,0.22014355509272382,10,58.48644759820748
58.51683811737317,60,709.5092769280113,89,0.1883541424190821,13,58.50075796097043
58.522561075917736,62,764.1424008920875,96,0.06735585619400097,13,58.50757573867433
58.53794133847727,57,707.2170468954888,88,0.1528681800431667,10,58.52170477933748
58.542860297898876,47,759.5452607891604,95,0.06074394972379594,10,58.527718557918426
58.552864325531786,59,623.9342282269554,78,0.049698020624272206,12,58.535063739021524
58.5718268022671,43,807.0832677399231,101,0.16813090627266092,10,58.55762347870893
58.57918658830765,35,693.5231653313921,87,0.20978677676792046,12,58.56279362643082
58.58051620809978,55,734.2243231046039,92,0.12764252825723588,12,58.56490525990819
58.58334187822441,54,754.0598191031909,94,0.20873660879561529,13,58.56804373550691
58.59218763091301,31,677.4410807973878,85,0.20839608871748522,12,58.57548186356208
58.596480959482214,62,687.6674116615021,86,0.20733322000710386,11,58.579931594868334
58.59702318115053,71,736.6955805138083,92,0.206819069718222,11,58.58141223295894
58.605685513311485,59,721.5824314257331,90,0.10933975121960315,11,58.589761759645796
58.609855469519054,47,696.4876195590645,87,0.10969399417577363,13,58.59346250764222
58.62121282826086,50,682.919078369424,85,0.09832587439722118,10,58.60450706090993
58.623972392901514,38,743.1663835245491,93,0.08379130422980807,13,58.60851784744697
58.69408908841291,57,794.081879701437,99,0.20355377464432844,11,58.67957295938065
58.70894103789587,60,777.9556034879172,97,0.19544348577355375,11,58.694112103389514
58.71385851629066,38,684.3684113518019,86,0.11038150740344832,12,58.69730915167678
58.71237672267178,55,774.4006112112945,97,0.05886443616707283,13,58.69754778816542
58.72049447274223,59,697.5440165631342,87,0.08910477866499888,11,58.7041015108654
58.72234906433941,50,792.2588522762126,99,0.07203433247537816,13,58.70783293530715
58.724080255483685,47,720.3430076443094,90,0.07016909245651248,13,58.708156501817996
58.74605252769909,43,755.4313173705914,94,0.0922375746397418,12,58.730754384981594
58.75612106938383,45,731.231464546646,91,0.189643739916124,12,58.74035371845519
58.77827439442047,55,673.2767717054478,84,0.18854147726378112,12,58.761412224332496
58.79705970962153,47,834.7237750358983,104,0.08777855496077336,13,58.78332559427451
58.7987577858666,50,826.8278037519624,103,0.0854275540974524,11,58.78486726778253
58.803725886400464,67,756.9513758281016,95,0.18395326347223123,11,58.788584146420014
58.809899656162884,54,751.4657150801124,94,0.18342712138405332,11,58.794601513445386
58.812253210351514,59,818.0467058954001,102,0.18277579363859991,11,58.7982062895304
58.82404955652952,66,749.4765507957629,94,0.1814363063056847,11,58.808751413812026
58.82268022582586,40,855.8679654892917,107,0.18252822718189204,12,58.809415318689986
58.82736319084953,38,782.4452836098951,98,0.15955286486350928,13,58.812690659080225
58.84344650507588,43,743.6090559081063,93,0.13057017466163046,11,58.827991959621336
58.858963433867366,36,718.5925887851583,90,0.16305137946563775,13,58.84303968020168
58.89012375638634,50,778.0767913905865,97,0.11767917268349748,10,58.87529482187998
58.890307472793445,47,810.9101954866452,101,0.14644828649736297,11,58.87610414923528
58.92141392229451,35,709.2018298458971,89,0.1038587027264225,13,58.905333765891775
58.97901667973751,43,740.1171387432624,93,0.10077931484576197,11,58.96356213428297
58.99222886118714,38,768.7603278436254,96,0.07163421869717979,11,58.977243523943734
59.01311573454393,50,761.2175117450757,95,0.045974816144957915,11,58.99797399456348
59.013651819901014,42,746.4754622655313,93,0.1629583301133497,12,58.99819727444647
59.018170071472746,45,754.7907224811275,94,0.13704247926413415,12,59.00287192875525
59.024825175014335,36,830.8286091793552,104,0.16250734263148026,11,59.011091059667315
59.02902140312455,35,772.5419176027684,97,0.1619167513668177,11,59.0141924686182
59.03648969236726,48,731.5941677586572,91,0.13259365491522856,12,59.02072234143862
59.03846661844268,57,729.0277155430717,91,0.16089050239256814,12,59.02269926751404
59.03876571590444,62,763.8996024318221,95,0.1373672656915258,10,59.02362397592399
59.03934997581615,74,791.8914390917304,99,0.16069158170693426,10,59.02483384678389
59.04081734286852,47,859.5704560200962,107,0.06373448941770732,13,59.027552435732645
59.04465046169449,52,758.134096810226,95,0.1470061521260132,10,59.02950872171404
59.051799290068345,59,806.457676181469,101,0.0847120653123764,12,59.03759596651018
59.062995731529554,50,819.4593006738376,102,0.04861497381902325,12,59.04894881070844
59.06855027441022,38,784.8946128062539,98,0.15860090770326174,13,59.053877742640914
59.07822547641436,40,770.041125601,96,0.15812862641589365,13,59.06324013917096
59.08181120353221,26,778.7757216352269,97,0.15731224700886248,11,59.06698226902586
59.08526520279442,43,717.3172310549276,90,0.057480946705420595,13,59.06934144912873
59.11002104049737,47,834.333940365356,104,0.047980260584128305,11,59.09628692515035
59.116141497137434,50,836.2679606721615,105,0.12201233307614501,10,59.10256378452746
59.13384617093005,55,779.7222013311382,97,0.1541903292818651,13,59.119017236423694
59.14151135538072,59,810.9870049753025,101,0.04658323445899527,10,59.12730803182256
59.14618212212936,43,796.5590937899274,100,0.05928621574168858,13,59.13182239583415
59.159743342525736,45,775.0612442041844,97,0.1518054513049324,13,59.14491440801938
59.161026888821155,67,724.6440443069301,91,0.15075482197968765,10,59.145259537892514
59.16308726388802,69,758.5108487872297,95,0.15065622414900964,10,59.14794552390757
59.16362691202969,47,796.6400107277759,100,0.1504982582179331,13,59.14926718573448
59.1734577363343,48,759.932325391071,95,0.150456946405209,12,59.15831599635385
59.17477678421097,54,736.2802354678641,92,0.14970889364165418,11,59.159165836019376
59.18082017612187,62,773.9833548994908,97,0.1496091782509717,10,59.165991241615515
59.1895841961301,64,809.4086559241293,101,0.09304204352031575,10,59.175380872571935
59.19199977068038,59,864.7052699446946,108,0.14850045232204756,12,59.17889126628155
59.19587460013526,52,798.3008978483975,100,0.06261989415561231,11,59.18151487384005
59.19954007295242,72,806.5931030910132,101,0.14803539339289024,10,59.18533674939426
59.20122174384194,71,738.6560865009908,92,0.1106770760482857,10,59.18561079565035
59.21093754608219,43,773.9263804202764,97,0.10026078893315826,12,59.19610861157584
59.244092246635866,50,789.841200531797,99,0.14115362406458842,11,59.22957611760361
59.26396370250202,52,778.7478778062922,97,0.14458938782905206,11,59.24913476799566
59.287641310878946,74,772.9328013790696,97,0.10283337250217073,10,59.27281237637259
59.2885646560727,64,756.3244075920071,95,0.14165991824275598,13,59.27342291609225
59.29893273518362,78,849.4805899702754,106,0.14159970671790645,10,59.285511425310695
59.30685813898226,40,833.7775576440681,104,0.14092905429539015,12,59.29312402363524
59.31289240639821,86,779.4186888226518,97,0.11804800535149951,10,59.29806347189186
59.31596040346794,71,784.310943308787,98,0.13986390637671375,10,59.301287871698634
59.31572912680421,43,802.3530056353371,100,0.14004194280582116,12,59.301369400508996
59.3208668675517,90,797.5407537215169,100,0.1398494244390483,10,59.30650714125649
59.325543568306415,36,827.2679336500756,103,0.06385538653980205,12,59.31165305022235
59.32936040111123,79,806.0810818552867,101,0.13925377186485194,10,59.31515707755307
59.33726009425672,54,838.4711192717613,105,0.13901893936414245,11,59.32368238164675
59.38977666248931,50,817.4416159483382,102,0.0528211655811316,11,59.375729741668195
59.39330413568688,36,878.643413974072,110,0.13548584505978983,12,59.38050843676215
59.3967259052775,74,711.6535604198525,89,0.10029510740968106,10,59.38064574887476
59.41319132344122,72,822.580238360511,103,0.13510181882401712,10,59.39930080535715
59.42360614225034,55,767.7254505553078,96,0.11931849508671888,13,59.40862080500694
59.42458388906945,62,873.8605798363608,109,0.13366019767824172,13,59.41163178740767
59.432199894130534,81,854.25950271914,107,0.13360907669039873,10,59.41893498699466
59.435001995327426,86,824.161673522469,103,0.1332140519001042,10,59.42111147724336
59.448849049966825,50,749.6576850221489,94,0.13239921946213068,11,59.43355090724933
59.44826622854422,38,881.9523616490321,110,0.13307013045110705,11,59.43547052961949
59.46489222251342,26,797.9942077342718,100,0.1323701332076832,12,59.45053249621821
59.47959902126124,47,793.4912545651567,99,0.0752479974135366,11,59.46508289222898
59.49873655520918,74,880.5805943359672,110,0.13088263224860547,10,59.485940856284444
59.501919183845686,59,821.2082105154362,103,0.08783431445729206,11,59.48802866576162
59.50730881856644,71,813.3839564451839,102,0.12986107518537365,11,59.49326189774533
59.52044553564332,83,808.9727988378885,101,0.12962176615904125,11,59.506242212085155
59.527430054977614,35,782.0928575353862,98,0.12905051261276645,11,59.51275752320831
59.53401030310781,40,818.6671835926962,102,0.12875375368368736,12,59.5199633822867
59.53544191334024,42,805.0678594587899,101,0.1284786032264657,12,59.52123858978208
59.54589140175544,55,870.47451754211,109,0.10930475795288686,13,59.53293930009366
59.55624352433188,43,839.2464962730087,105,0.1279927090558025,12,59.54266581172191
59.55750097761906,47,912.4833313392189,114,0.07967961087614384,12,59.545330889642514
59.56797516495894,67,763.8984774186579,95,0.12719139901147203,10,59.55283342497849
59.566287767350296,31,866.211693995107,108,0.12753151030754284,12,59.55317926295147
59.59459709556593,59,835.4076755405499,104,0.12712696860248046,11,59.58086298021891
59.596278341292475,50,838.9262114993714,105,0.09927974318272248,13,59.5827006286825
59.614614841057666,72,816.4398461210906,102,0.12608881085109575,10,59.60056792023655
59.61936170411091,60,761.0489886164981,95,0.12545922230437656,11,59.60421996413046
59.6359825718766,52,796.4071546867026,100,0.1253017618977229,13,59.62162284558139
59.63715911057451,48,833.9370405205009,104,0.12476836705176586,12,59.62342499522749
59.63807250238049,74,839.7068060959946,105,0.09037337138552004,10,59.624494789770516
59.643083180676335,64,772.9033746549449,97,0.12470327536959919,12,59.62825424616998
59.644057421339774,47,812.8558882239543,102,0.12454901781592742,13,59.63001050051866
59.64498920792981,84,809.1964217621336,101,0.12451932049674264,12,59.63078588437165
59.66129097886766,55,812.0623059629409,102,0.07334688823790259,12,59.647244058046546
59.702122111845675,50,762.4563087905516,95,0.12400991428208369,12,59.686980371865225
59.704474812592714,62,853.4971958858182,107,0.08289822067304697,13,59.69120990545684
59.70877650854911,38,757.9952887841982,95,0.12286615498520448,13,59.69363476856866
59.72911275632926,59,741.7081132019022,93,0.05889568229599263,11,59.71365821087471
59.73454069292534,74,781.3265630778193,98,0.12229889778690689,10,59.719868161156036
59.74057628352785,55,765.0421623087755,96,0.11457624730789717,12,59.72559094628445
59.74840187044618,86,826.5986315544704,103,0.12205615404415615,11,59.73451135236211
59.74877283652021,54,826.4453452063943,103,0.08732636447119801,12,59.73488231843614
59.754287379229574,98,860.115356449959,108,0.1218908527142431,10,59.741178874830744
59.75671371887111,67,848.399198037704,106,0.12178352026757389,12,59.74329240899819
59.77119007514027,43,788.524308114607,99,0.12173728442972337,11,59.75667394610801
59.77303259899957,64,839.5805764994371,105,0.1214739979929611,12,59.7594548863896
59.79238282767706,59,774.6820352320044,97,0.12113236766602431,12,59.777553893170705
59.792060227791666,62,868.5127016988594,109,0.10633578933307575,11,59.779108126129884
59.79821742823003,71,877.7004864879033,110,0.12112743889849698,11,59.7854217293053
59.823948543967916,47,833.0379776296343,104,0.09120609792144563,11,59.810214428620895
59.84250682562484,54,755.5766413080449,94,0.12069705535481268,13,59.82720868290734
59.859057711676414,55,825.4860006473582,103,0.12049202187743319,11,59.845167193592346
59.88466055457475,50,794.4435123881914,99,0.0690292594188503,13,59.87014442554249
59.9017778590007,52,827.0823104115725,103,0.10345967556813462,13,59.887887340916635
59.90433443354703,62,824.6438829580554,103,0.08889116026623156,13,59.89044391546296
59.919998239152314,47,838.54836100879,105,0.12006586875744124,13,59.90642052654234
59.92475619197113,74,811.7992498294093,101,0.12002071729548208,10,59.910552868412964
59.94694164091774,64,880.3358442974683,110,0.12001203334863597,12,59.93414594199301
59.95743859209722,50,857.4421294853112,107,0.120002495324872,13,59.94417368496134
59.977624926975835,69,795.5893008609534,99,0.0867235917366952,10,59.963108797943576
59.98431880251687,48,789.9793082754524,99,0.12007330439558445,13,59.96980267348461
59.989849899366575,81,831.94153356135,104,0.08270976190155721,10,59.976115784019555
59.99838199655031,62,812.9876681209557,102,0.10824951806674477,13,59.98433507572919
60.003250005077206,38,834.9324510315619,104,0.120176482407367,12,59.989515889730185
60.010432748009826,54,801.4060374364543,100,0.12020713534798422,11,59.996073021714615
60.01055034004293,52,807.0722472436485,101,0.12025684162995653,13,59.99634701648477
60.02783041949345,57,837.8750524279425,105,0.10394723361978009,11,60.014252706883475
60.05696902377756,66,811.7804776405766,101,0.12039935349969211,10,60.0427657002194
60.06997412966072,69,763.5889090022035,95,0.10825014434324032,11,60.05483238968027
60.07724685579404,81,849.4662643940433,106,0.08650891468335231,10,60.06382554592111
60.089014464608994,59,845.8731350555189,106,0.1209747116918175,11,60.07559315473607
60.09166904677527,79,880.1130021840501,110,0.12114886445219408,10,60.07887334785054
60.09557234247902,50,786.5445867112658,98,0.12119012278778601,13,60.08089981070971
60.112100722828195,62,792.7381738769426,99,0.06821018186925698,12,60.097584593795936
60.13662125037618,57,844.1814700093397,106,0.08689877553681213,12,60.123199940503255
60.138701190585344,86,810.3735886887374,101,0.06996321376380166,10,60.12449786702718
60.14731842198487,74,861.461791840556,108,0.12204130571530414,11,60.13420991758604
60.168442965003294,81,862.5322986654793,108,0.12222188289685937,10,60.155334460604465
60.18056542747415,69,896.4666824069172,112,0.1226967365274278,11,60.16808253402351
60.185154501960405,62,800.3249440801084,100,0.07776504065670309,12,60.17079477566519
60.20438665806268,48,801.2017130598681,100,0.06463162902654573,13,60.19002693176747
60.21288239066391,86,850.5943863397872,106,0.08098097501886314,10,60.19946108079098
60.21661608677033,47,769.6828185851539,96,0.1238445081443933,13,60.20163074952693
60.22428996806849,98,800.0036942739433,100,0.12395010297586767,10,60.20993024177328
60.22805081770185,57,869.0662665661498,109,0.12417158067921025,12,60.21509871604007
60.24930850019215,52,815.4548080567306,102,0.12492228600379529,13,60.235261579371034
60.248903976559106,50,845.8066743325489,106,0.053038799843025404,13,60.23548266668618
60.24986723396942,88,803.1400218450678,100,0.12493513618781737,10,60.23550750767421
60.26682472345777,62,853.6480427799859,107,0.04915418274597528,12,60.253559816321896
60.27279336621299,38,798.3039530139238,100,0.12550742418593275,11,60.258433639917776
60.27433109256332,48,781.5710351386549,98,0.12570950604009562,11,60.259658560794016
60.27580326586693,54,869.4471836285201,109,0.12576215105322563,13,60.262851164205145
60.28725918621734,74,813.6315417086743,102,0.07048977229973274,11,60.273212265396225
60.29661396370692,59,769.7127765488353,96,0.12621416832637283,12,60.281628626463515
60.29886336568277,86,849.768207781342,106,0.05385447306138048,10,60.285442055809845
60.30678637366508,50,856.6247671493396,107,0.06068034701968628,12,60.29352146652921
60.308691682409034,26,821.7356928469102,103,0.1269287630473413,13,60.294801164324966
60.32176091988899,62,814.344853196896,102,0.06404976603065193,13,60.30771399906787
60.35896906064053,86,787.7498474067858,98,0.12750264357102642,10,60.344296528871226
60.36243615304298,74,832.624871517107,104,0.10054487943381474,12,60.34870203769596
60.37309233163296,50,820.9550233514443,103,0.1291743600914857,13,60.35920181354889
60.37712593441935,79,820.6202573047852,103,0.12963947902131612,10,60.36323541633528
60.377369728591326,81,848.5300903611861,106,0.12981846758557725,10,60.3639484187184
60.390341477708496,62,836.7038890362472,105,0.12982933731801377,11,60.376763765098524
60.415513591606285,45,813.6440940997256,102,0.13041615059549527,11,60.40146667078517
60.44521457928531,54,786.3187138132863,98,0.0636569700266233,13,60.430542047516006
60.44779257759649,48,779.4103176971473,97,0.133081226943849,11,60.43296364309013
60.46073076538684,57,852.1550586339238,107,0.1332136642111753,11,60.447465858250965
60.46798103247679,74,828.6409722281303,104,0.12112849598976794,10,60.45424691712977
60.51355874383784,54,797.5974794101323,100,0.13427307533818356,11,60.49919901754263
60.51535096444991,66,798.7153277722526,100,0.13680927363120765,13,60.5009912381547
60.53514484587215,55,764.6690293912214,96,0.1369130685636047,13,60.52015950862875
60.54133396816454,60,778.7010997217274,97,0.052391973723909475,12,60.52650503365818
60.557428966102144,50,703.5447148353271,88,0.059857243959082214,11,60.54119240696236
60.55926793217348,69,754.5533195241667,94,0.07663349677430886,10,60.543969789455986
60.567879829470655,71,808.6789481150639,101,0.13955175664506392,10,60.55367650591249
60.583440740487355,78,821.7259202076673,103,0.14009054011922373,10,60.56955022240329
60.59246239595839,52,805.0980946780478,101,0.14108169644248447,11,60.57825907240023
60.592965979163694,62,797.6775765595773,100,0.0684675071195383,12,60.57860625286848
60.59473513941475,74,796.7721820328716,100,0.0990472233335592,13,60.58037541311954
60.59841313641435,60,795.3760066945774,99,0.14181525167670472,13,60.58389700738209
60.604703109538626,57,796.2375709216067,100,0.08894976350754547,12,60.590343383243415
60.60757736364785,48,789.0291182547952,99,0.11604072244572705,11,60.59306123461559
60.61994016900551,50,822.1200520499098,103,0.1426637371489729,12,60.60604965092144
60.63917938890327,88,791.01998934829,99,0.14349496359049912,10,60.624663259871014
60.64043222073665,69,773.090259656882,97,0.08430079593486084,13,60.625603286230294
60.65478478160407,93,761.3160639758556,95,0.10333176528062438,10,60.63964304162362
60.65579506810517,45,740.0507573886949,93,0.1459133360142566,12,60.640340522650625
60.66654936675703,72,755.3022272184412,94,0.14674650585517618,13,60.651251224039534
60.66643348628323,62,799.6282602208569,100,0.0858869408166808,12,60.65207375998802
60.66921185936119,38,752.8648867439487,94,0.14675485597218801,11,60.65391371664369
60.67626652893505,81,833.9614704131911,104,0.14694704463890634,13,60.66253241358803
60.68464903191758,95,820.5654641577928,103,0.14745937504569373,10,60.67075851383351
60.69724524841274,57,875.823834221624,109,0.07220067409286457,12,60.68429314675096
60.699877181907645,74,744.6630985642763,93,0.1490093807052385,12,60.6844226364531
60.728774488830624,48,782.9014293793327,98,0.1492066258140372,11,60.71410195706132
60.72879460024922,69,826.5665506636321,103,0.06710525520854815,12,60.714904082165155
60.7318264798875,66,729.9483166165907,91,0.1514143889943736,13,60.71605912895886
60.73259506090953,47,721.9134244673244,90,0.15165015478105337,11,60.71667130724384
60.73631325318882,78,790.094426188392,99,0.14502273213575279,13,60.72179712415656
60.748706715818145,90,748.3104680585907,94,0.07485161892104741,13,60.73340857310065
60.75286932391452,64,781.7219116998776,98,0.1529775838696747,12,60.73819679214521
60.75608266316813,96,780.2215939215906,98,0.15330876253149173,10,60.74141013139882
60.75700762162582,62,816.2664181884553,102,0.15356545214252754,12,60.7429607008047
60.76296014414765,93,764.509840077528,96,0.05246214251782078,10,60.747974806904246
60.77694836629837,57,741.0841385133499,93,0.15411786712133513,12,60.761493820843825
60.80121266093187,69,811.0180873553354,101,0.1043415894414349,12,60.7870093373737
60.8039692484873,108,760.3360136905426,95,0.15726508305875397,10,60.78882750850685
60.82026588392842,93,775.3729093521617,97,0.08424680103359605,10,60.80543694942207
60.825602603555055,105,761.8222954027276,95,0.1057759553297356,10,60.810460863574605
60.82887114021329,90,737.0989150270752,92,0.15933714533409998,10,60.813260192021694
60.88664879079867,78,775.480075346307,97,0.053871682034734365,13,60.87181985629231
60.90935628222497,93,781.7610366193526,98,0.04955957661284572,10,60.89468375045566
60.912431083217875,69,708.0445216968686,89,0.151225735769695,12,60.89635092681514
60.92289538271138,45,696.5969101341916,87,0.12071360537263132,11,60.90650242083455
60.925539810018876,74,809.7546027407867,101,0.16809611341615077,12,60.91133648646071
60.93590935067365,105,787.382108649223,98,0.12145305904866432,10,60.92123681890434
60.945207667359306,78,793.7915763270998,99,0.12901984602504057,12,60.930691538327046
60.96375945610077,93,795.7622645799861,99,0.08754419926369905,10,60.94924332706851
60.96393543916277,95,835.8380596722063,104,0.17200353431498866,10,60.95020132381575
60.967487138519196,81,764.4757833346655,96,0.0670211945500111,13,60.952501801275794
60.978520485844236,96,682.0265425009175,85,0.07286196143864287,10,60.96181471849331
61.032317480582414,42,731.3271559406602,91,0.17344726516941245,11,61.01655012965377
61.03841351390987,81,827.1918609400885,103,0.05166835640491286,13,61.024522995825805
61.04610654429125,45,826.0538937914677,103,0.1794768914609654,11,61.03221602620718
61.0488880546617,72,792.7036937168159,99,0.18027098735130476,12,61.03437192562944
61.05544403086059,96,727.7354957490002,91,0.1805591845832562,10,61.03967667993195
61.05692926631266,93,758.4658046254548,95,0.051667540940019026,10,61.04178752633221
61.060798382351834,105,867.3326350210377,108,0.0523448868524622,10,61.047689877953005
61.06584360529734,108,842.2920241171382,105,0.18179970047483673,10,61.052265892687366
61.066779986143,69,809.6185292903567,101,0.18232833043133423,12,61.05257666258483
61.076492564033174,57,685.5063366242587,86,0.18242664801005787,13,61.059943199419294
61.07954031885844,78,775.2826816813904,97,0.18345021852851312,12,61.06471138435209
61.09758431410755,81,699.5536510613628,87,0.04769316018082293,10,61.08119135223072
61.11312759904153,93,781.5101249762894,98,0.09238183506617303,10,61.098455067272226
61.11986369931182,105,776.3972365576294,97,0.18737231965663198,10,61.10503476480547
61.121684331475265,91,788.3316214318047,99,0.1881038870296352,13,61.107168202443006
61.1276848750787,83,820.1071297726994,103,0.18286147138139597,12,61.11379435699463
61.150746682499516,81,671.0920716445254,84,0.1869599104071139,13,61.13388451241154
61.15335888096273,86,795.395725815916,99,0.05061206067105218,10,61.13884275193047
61.15442440462302,98,759.6870220153561,95,0.17731610550284926,13,61.13928266464257
61.15615308102167,79,801.5084342355254,100,0.18384092929044982,12,61.14179335472646
61.17220040996554,43,712.633431643334,89,0.1920995903979818,11,61.156120253562804
61.18437742305871,90,766.0869715018621,96,0.0916715473993105,10,61.16939208581531
61.21053496900426,86,710.2023357582048,89,0.09577641929744629,13,61.19445481260152
61.209883823159515,93,812.9829008877957,102,0.1952697092380441,10,61.1958369023384
61.21232896184591,38,844.081178959953,106,0.07395048144364835,11,61.19890765197299
61.22091251789458,88,736.8060480071093,92,0.1984617004585305,13,61.20530156970299
61.225784015764646,50,762.0084655749374,95,0.1994522197834761,11,61.210642275784195
61.24935923616319,95,770.4021073055305,96,0.20001650504381913,10,61.234373898919785
61.26415563605755,36,715.0426448716689,89,0.05847974490891062,11,61.248075479654815
61.28057976224688,90,788.7529586822046,99,0.2045142895964216,10,61.26606363321462
61.29071640400097,33,735.0288126723207,92,0.2064677254054424,11,61.275105455809374
61.29409469255642,38,702.8434472327847,88,0.12664315284027594,11,61.277858133416636
61.30772492172045,74,702.1502385558935,88,0.09271259339909477,12,61.291488362580665
61.311936999249895,86,679.7634897373284,85,0.209732489055433,12,61.29523123189897
61.317735984778764,83,712.0629431400174,89,0.21024305919075498,12,61.30165582837603
61.32622775633303,36,785.510380672431,98,0.2109477162779836,11,61.311555224563726
61.33752252381111,98,723.2939204779236,90,0.2119831756272379,13,61.32159877014542
61.342393787432535,81,688.3847055504561,86,0.2133669806126517,12,61.325844422818655
61.34593242673441,79,752.5580149185996,94,0.20479464541071735,12,61.33063428401691
61.359088413263926,48,724.5041525264832,91,0.214402155405292,11,61.343321062335285
61.40449909869726,74,753.186695870437,94,0.08630292093239234,12,61.38920095597976
61.425112234448505,38,736.3361614927614,92,0.09130457360222521,11,61.40950128625691
61.4916185650562,90,721.245514706859,90,0.0780861764755042,13,61.47569481139051
61.496114825103746,74,739.8243238169956,92,0.2016013433557572,12,61.48050387691215
61.52110034665427,88,665.6396534465891,83,0.095022084918578,13,61.50408177382925
61.52219882173597,38,694.7865757225503,87,0.23683425631104155,11,61.50580585985914
61.52772592001526,43,680.409641642132,85,0.23697979845056866,11,61.51102015266433
61.54632367646869,45,642.4519655069319,80,0.23771296043196993,11,61.52883589543252
61.5469709269575,50,656.0815144630573,82,0.24019022766726522,11,61.52979595139543
61.55619628035627,79,728.5667653192875,91,0.24027672566864933,12,61.54042892942763
61.567919703045014,42,747.5885238737999,93,0.2415116324284568,11,61.55246515759047
61.57344510265699,71,703.8925517429109,88,0.24308636986930898,12,61.557208543517206
61.57564315795399,90,668.3454198357964,84,0.24383064697944962,13,61.558780987866015
61.58838430744432,48,664.1885889684255,83,0.24412709477960975,11,61.5713657346193
61.61971932838647,57,651.2012559277966,81,0.04611119499880346,11,61.602387950087355
61.61886886809795,93,722.8564745874811,90,0.07239011140134266,10,61.60294511443226
61.6209660288358,88,670.3245859748924,84,0.1271441398226355,13,61.60410385874783
61.638497290980645,95,717.9741186340366,90,0.2502850718121907,10,61.622573537314956
61.669579301488895,57,710.7073633659089,89,0.2526894443749245,11,61.65349914508616
61.678826370830755,62,676.6520039776228,85,0.06983270995518154,11,61.66212060347983
61.686059945183786,78,695.1997042733473,87,0.25826527335354793,12,61.66966698330695
61.696728187710434,93,692.3957604522096,87,0.19543173004726355,10,61.6803352258336
61.70443659856703,74,647.1344430176613,81,0.04771192978070616,11,61.68710522026791
61.71539259378592,76,677.1647302539966,85,0.26183692823155036,12,61.698686826434994
61.71680517689229,84,688.5776643046872,86,0.2633718391041005,10,61.70025581227841
61.730352805421745,86,620.0096134405258,78,0.2635700351235931,10,61.71255221891148
61.739437419368485,98,681.769912759183,85,0.2654742456046248,13,61.72273165201756
61.75248455771025,88,705.7804077885207,88,0.10127826942508988,13,61.73624799857046
61.753189872574794,62,701.9115015443051,88,0.1795716891508573,11,61.73695331343501
61.7560537091884,74,705.7286793209908,88,0.2686976328466098,10,61.739817150048616
61.77508132471501,64,661.9089993712525,83,0.1882005316836296,11,61.75806275188999
61.802286261744214,91,704.7630297753633,88,0.2718027839603069,13,61.78604970260443
61.858137216187146,88,733.1775033405955,92,0.275681290238504,10,61.84252626799555
61.89678454066091,96,659.927541981467,82,0.15055462587538215,10,61.87960956509884
61.89700351502065,93,701.9489648322474,88,0.14846175937399664,10,61.880766955880866
61.938230769936794,62,678.2046230008996,85,0.12847708678924163,11,61.92152500258587
61.96843825913569,64,652.0070350135283,82,0.20761734010754906,11,61.95126328357362
62.00393865931336,78,623.1422116675549,78,0.29976156759029654,12,61.9861380728031
62.02783160136839,60,723.040445020041,90,0.2381235336155737,11,62.0119078477027
62.042198811860516,57,666.0354147265047,83,0.30849319554531757,11,62.02518023903549
62.04931394431083,69,628.260301881786,79,0.10400860896419573,11,62.03166976053762
62.051872899028076,93,632.3929370555232,79,0.06318986845284769,10,62.03422871525486
62.05093154190286,96,725.8269272335802,91,0.08983539954723596,13,62.03516419097422
62.055437982395034,76,680.7944099941074,85,0.3120401755445759,12,62.03873221504411
62.060545044665766,108,562.2901714996719,70,0.1318092791062594,10,62.04149323625912
62.07374109230766,62,577.3436020520664,72,0.09064947905732879,11,62.05500208937511
62.094719426169156,72,581.835078157344,73,0.1763664741705523,12,62.076136825973656
62.118655142847494,93,701.4874429770642,88,0.05722296442172848,13,62.10241858370771
62.12657495157318,90,614.2186959660698,77,0.3219201531399229,13,62.10861796232587
62.14826938524286,96,602.2774653118742,75,0.12933350315170855,13,62.12999959052146
62.157515784453594,71,640.0115600043175,80,0.10094444585090201,12,62.14002800341743
62.157853345063884,69,657.4181422308648,82,0.19225182311345435,12,62.14067836950181
62.16704453030927,62,697.5111330258248,87,0.32773134806503484,11,62.15065156843244
62.17229139902134,74,610.7555996262487,76,0.32909463328825467,11,62.15417800703698
62.18277602935076,64,570.756802647163,71,0.20109302697376819,11,62.163880623681166
62.182129329165605,93,636.4609270446424,80,0.3298729430815488,10,62.16464154812944
62.19579029640155,108,636.9751617383522,80,0.33142830692342484,13,62.17830251536538
62.26377303577859,71,621.0499976355972,78,0.14378591808950147,12,62.24597244926833
62.27314477330263,60,609.8958478830796,76,0.08757587949831958,11,62.255031381318275
62.27514748391742,72,631.775123152067,79,0.3448278499194659,12,62.25750330014421
62.28275929113162,96,591.7505711573573,74,0.11237645722303824,10,62.264333093673166
62.28665769745023,67,614.3175581036161,77,0.12539786669621378,12,62.26870070820292
62.35619998733667,69,600.0759467311781,75,0.3468285780440512,12,62.33793019261527
62.36509504185276,60,640.4522625518338,80,0.3571009778018211,11,62.347607260816595
62.37836565072779,95,584.206357289954,73,0.35841123006192493,10,62.359783050532286
62.38761783442815,64,628.3297406085691,79,0.2218076713938285,12,62.369973650654934
62.39904092919532,96,646.4758499958103,81,0.1628061723130213,13,62.381709550896204
62.41271535660514,71,615.4569343481203,77,0.36340188194702994,11,62.39475836735783
62.41799398056873,67,564.0278117781961,71,0.11502141819328926,11,62.399098574899135
62.47280361142891,91,613.4025631640909,77,0.19169207215025608,13,62.4548466221816
62.514693065871455,66,554.649071488085,69,0.3741827232300376,11,62.49548485472776
62.53754619055088,67,594.3898791170008,74,0.15814719017755408,11,62.519119993092424
62.55029333647834,62,583.194099200772,73,0.3835551108405521,12,62.53171073628284
62.56981875351226,96,499.90088249108254,62,0.38538875007934653,13,62.549515723209225
62.59748738381986,108,563.7273043515559,70,0.3881892522100053,13,62.578435575413216
62.60815977979914,93,562.1370473993619,70,0.39213987922569843,13,62.589107971392494
62.616458741403605,64,530.5211389726929,66,0.09414335816780806,11,62.59678132204876
62.670121294527355,91,583.6274228558995,73,0.3948359076151747,10,62.651538694331855
62.6852739877962,103,629.2426361658971,79,0.4024011556725997,10,62.66762980402299
62.68995633879769,88,516.7204586190915,65,0.1469354902114287,10,62.6701225167058
62.701788199887766,67,534.5540435137945,67,0.1274493691442541,11,62.68226718326998
62.71560209957141,64,529.8454966021785,66,0.17426438547895173,11,62.69592468021657
62.73260237647363,100,466.69682743218635,58,0.4087365730042512,10,62.711673735222405
62.83455037450612,67,518.9991743075627,65,0.4110852972513266,11,62.81471655241423
62.840484204375684,88,589.3133683381378,74,0.1306363363427988,13,62.82205800691723
62.894397276839214,64,548.7565850812889,69,0.3233528440852024,12,62.87518906569552
62.940237309358345,66,527.428934613938,66,0.43283822621091916,11,62.9205598900035
62.940483050785886,60,562.3980084121999,70,0.36213881088316213,12,62.92143124237924
62.94424363762167,62,503.5199409430069,63,0.18299751565027378,12,62.92409701005568
62.96238667467401,72,600.7320768618605,75,0.439294744680501,12,62.9441168799526
62.96878804679392,55,521.0986450807279,65,0.4416130898044682,12,62.94895422470203
62.97799737356306,88,496.3721459583898,62,0.2198410315902376,10,62.95769434326003
63.000874688111175,84,549.7315882902531,69,0.07233922764046496,10,62.98166647696748
63.079777943122124,84,470.76693809764197,59,0.11250586019104503,10,63.05900570460795
63.13286676422013,62,468.63367290965937,59,0.4561743438555392,12,63.112094525705956
63.198378622472504,84,416.6894970942046,52,0.2768554074567885,10,63.17651156479899
63.20038018859666,79,549.5404359066019,69,0.47004221325343226,13,63.18117197745297
63.203933224312635,88,436.01686913702,55,0.4702684264943434,10,63.18253537485027
63.224626953769,64,454.7518146638776,57,0.4706693210383408,12,63.203541909780725
63.258443933185625,67,484.26506423540064,61,0.053262811482713064,11,63.237984500145544
63.30918588903953,60,478.45294960153484,60,0.47671181253961314,12,63.288570053262404
63.31639393919424,67,505.3818571352483,63,0.4821490464696482,11,63.29624731162826
63.480077627192244,84,427.4994807439306,53,0.4829063460055991,13,63.45836697225578
63.56071195388283,96,543.6367476681131,68,0.4990420127152729,10,63.54134734000209
63.7067993868504,88,453.06812591059827,57,0.46987075766825626,13,63.68571434286213
63.7214849766736,91,438.8589854027665,55,0.1360559221454548,13,63.70008712721123
63.73250251674993,52,469.7808111663758,59,0.5188212001047734,12,63.711730278235756
63.74025069884986,50,428.95890282754175,54,0.5196016146294753,12,63.71869644665045
63.75329646030676,64,405.9126231347595,51,0.5201438211589671,12,63.7312729998962
63.86207169060791,91,461.45711076870055,58,0.2250458973371917,10,63.84114304935669
63.90334873656467,95,497.64661901222007,62,0.5279371299591622,10,63.88304570626164
64.09289960163034,91,420.9064339766656,53,0.05424576296693829,10,64.07118894669388
64.15230176733432,91,413.9553932138096,52,0.404887870984349,13,64.13043470966082
64.18229575546684,88,421.6701876078596,53,0.22657345308402455,13,64.16058510053038
64.30178119578906,67,442.67259146471145,55,0.0659945784737016,11,64.2803833463267
64.32243831485542,90,437.13900911049217,55,0.2041257125150605,13,64.30104046539306
64.37293217699981,67,433.40286064509166,54,0.06957515437847916,11,64.3513779248004
64.41512043044725,88,360.3115374628537,45,0.0515999996602784,13,64.39215855361441
64.44,86,422.78869202431383,53,0.0315,101,64.41828934506354
64.44,62,451.35239379994687,56,0.042,100,64.41875855327469
64.44,74,482.78869202431383,60,0.0315,1,64.41938416422288
64.44,50,511.35239379994687,64,0.042,0,64.42000977517107
64.44,36,820.0,102,0.9,20,64.42595307917888
64.44,40,820.0,102,0.9,20,64.42595307917888
64.44,43,820.0,102,0.9,20,64.42595307917888
64.44,60,820.0,102,0.2684310850440238,20,64.42595307917888
64.44,64,820.0,102,0.5487438905181204,20,64.42595307917888
64.44,67,820.0,102,0.14921309872925803,20,64.42595307917888
64.47,88,445.5361065806019,56,0.0315,101,64.44875855327469
64.47,76,505.5361065806019,63,0.0315,1,64.44985337243402
64.48,52,446.7185294904714,56,0.042,100,64.45875855327469
64.48,28,506.7185294904714,63,0.042,0,64.45985337243403
64.5,86,503.5195057786575,63,0.0315,101,64.47985337243402
64.5,74,563.5195057786575,70,0.0315,1,64.48094819159336
64.52000000000001,62,520.0838323443244,65,0.042,100,64.50016617790813
64.52000000000001,50,580.0838323443244,73,0.042,0,64.50141739980451
64.53,90,523.8066766984605,65,0.0315,101,64.51016617790812
64.53,78,583.8066766984605,73,0.0315,1,64.5114173998045
64.56000000000002,66,482.238661155091,60,0.042,100,64.5393841642229
64.56,91,529.6472189617579,66,0.063,101,64.54032258064517
64.56000000000002,54,542.238661155091,68,0.042,0,64.54063538611928
64.56,79,589.6472189617579,74,0.063,1,64.54157380254155
64.60000000000002,67,522.8349419332258,65,0.084,100,64.58016617790814
64.60000000000002,55,582.8349419332258,73,0.084,0,64.58141739980452
64.62,90,452.3289942190884,57,0.0315,101,64.59891495601174
64.62,78,512.3289942190884,64,0.0315,1,64.60000977517107
64.65,96,412.8916507992575,52,0.096,101,64.6281329423265
64.65,84,472.8916507992575,59,0.096,1,64.62922776148584
64.68000000000002,66,442.6286905981358,55,0.042,100,64.65860215053766
64.68000000000002,54,502.6286905981358,63,0.042,0,64.65985337243404
64.72000000000003,60,480.4978715810911,60,0.05333333333333334,0,64.6993841642229
64.77333333333335,62,440.4978715810911,55,0.05333333333333334,0,64.751935483871
64.8266666666667,60,480.4978715810911,60,0.05333333333333334,0,64.80605083088957
64.83000000000001,86,445.0831964851036,56,0.0315,101,64.8087585532747
64.83000000000001,74,505.0831964851036,63,0.0315,1,64.80985337243403
64.86000000000001,84,470.9236759870306,59,0.0315,101,64.83922776148584
64.86000000000001,72,530.9236759870306,66,0.0315,1,64.84032258064518
64.89000000000001,86,550.6331457448824,69,0.0315,101,64.87079178885632
64.89000000000001,74,610.6331457448824,76,0.0315,1,64.87188660801566
64.92000000000002,83,514.2785160083557,64,0.0315,101,64.90000977517109
64.92000000000002,71,574.2785160083557,72,0.0315,1,64.90126099706747
64.95000000000002,81,553.6386507557354,69,0.063,101,64.93079178885633
64.95000000000002,69,613.6386507557354,77,0.063,1,64.93204301075271
64.96000000000002,62,473.9625362716049,59,0.042,100,64.93922776148585
64.96000000000002,50,533.9625362716049,67,0.042,0,64.94047898338223
65.00000000000003,64,492.6499160408373,62,0.042,100,64.979696969697
65.00000000000003,52,552.6499160408373,69,0.042,0,64.98079178885634
65.01000000000002,83,456.3285175995202,57,0.0315,101,64.98891495601175
65.01000000000002,71,516.3285175995202,65,0.0315,1,64.99016617790814
65.04000000000002,76,493.42153597052334,62,0.04,1,65.019696969697
65.04000000000003,62,549.8535853915167,69,0.042,100,65.02079178885634
65.04000000000003,50,609.8535853915167,76,0.042,0,65.02188660801568
65.08000000000003,66,453.42153597052334,57,0.04,1,65.05891495601176
65.08000000000004,78,571.4708451317872,71,0.042,100,65.06110459433044
65.08000000000004,54,631.4708451317872,79,0.042,0,65.06235581622683
65.12000000000002,64,493.42153597052334,62,0.04,1,65.09969696969699
65.12000000000005,67,557.1555652748083,70,0.084,100,65.1009481915934
65.12000000000005,55,617.1555652748083,77,0.084,0,65.10204301075274
65.20000000000005,66,470.6433401296631,59,0.042,100,65.17922776148588
65.20000000000005,54,530.6433401296631,66,0.042,0,65.18032258064521
65.22000000000003,86,496.4145649404585,62,0.0315,101,65.199696969697
65.22000000000003,74,556.4145649404585,70,0.0315,1,65.20094819159338
65.24000000000005,60,498.5312541185989,62,0.05333333333333334,0,65.21969696969703
65.25000000000003,88,475.0729124620584,59,0.0315,101,65.22922776148586
65.25000000000003,76,535.0729124620584,67,0.0315,1,65.23047898338224
65.28000000000003,86,542.8772230664608,68,0.0315,101,65.26063538611929
65.28000000000003,74,602.8772230664608,75,0.0315,1,65.26173020527862
65.29333333333338,62,458.5312541185989,57,0.05333333333333334,0,65.27224828934511
65.31000000000003,90,557.6602020871169,70,0.0315,101,65.29094819159339
65.31000000000003,78,617.6602020871169,77,0.0315,1,65.29204301075272
65.34000000000003,91,560.8007603999956,70,0.063,101,65.32094819159339
65.34000000000003,79,620.8007603999956,78,0.063,1,65.32219941348977
65.34666666666672,60,498.5312541185989,62,0.05333333333333334,0,65.3263636363637
65.40000000000003,90,478.604882580255,60,0.0315,101,65.37938416422291
65.40000000000003,78,538.604882580255,67,0.0315,1,65.38047898338225
65.43000000000004,84,521.3307874377726,65,0.04,1,65.41016617790815
65.47000000000004,86,481.33078743777264,60,0.04,1,65.44938416422292
65.48000000000005,62,499.65730751852345,62,0.042,100,65.45969696969702
65.48000000000005,50,559.6573075185235,70,0.042,0,65.4609481915934
65.51000000000003,84,521.3307874377726,65,0.04,1,65.49016617790815
65.52000000000005,60,491.36304944004155,61,0.042,100,65.49954056695998
65.52000000000005,48,551.3630494400416,69,0.042,0,65.50079178885636
65.56000000000006,62,573.329111390426,72,0.042,100,65.54126099706751
65.56000000000006,50,633.329111390426,79,0.042,0,65.54235581622684
65.60000000000007,59,568.8003760150737,71,0.042,100,65.58110459433047
65.60000000000007,47,628.8003760150737,79,0.042,0,65.58235581622685
65.61000000000004,86,486.6230162799925,61,0.0315,101,65.58954056695997
65.61000000000004,74,546.6230162799925,68,0.0315,1,65.5906353861193
65.64000000000004,79,501.8053046485495,63,0.063,101,65.61985337243406
65.64000000000004,67,561.8053046485495,70,0.063,1,65.6209481915934
65.64000000000007,57,575.5019154291604,72,0.084,100,65.62126099706752
65.64000000000007,45,635.5019154291604,79,0.084,0,65.62235581622686
65.70000000000005,81,593.4574251217164,74,0.0315,101,65.68157380254159
65.70000000000005,69,653.4574251217164,82,0.0315,1,65.68282502443797
65.72000000000007,59,522.3742378132714,65,0.042,100,65.70016617790819
65.72000000000007,47,582.3742378132714,73,0.042,0,65.70141739980457
65.73000000000005,79,592.6774529363435,74,0.0315,101,65.7115738025416
65.73000000000005,67,652.6774529363435,82,0.0315,1,65.71282502443798
65.76000000000008,40,539.1152252586501,67,0.05333333333333334,0,65.74047898338229
65.76000000000005,76,599.9889043358332,75,0.0315,101,65.74173020527864
65.76000000000005,64,659.9889043358332,82,0.0315,1,65.74282502443798
65.79000000000005,78,514.196813656895,64,0.0315,101,65.77000977517112
65.79000000000005,66,574.196813656895,72,0.0315,1,65.7712609970675
65.8133333333334,42,499.11522525865007,62,0.05333333333333334,0,65.79303030303038
65.82000000000005,64,505.1886141552942,63,0.04,1,65.79985337243407
65.86000000000006,66,465.1886141552942,58,0.04,1,65.83907135874884
65.86666666666675,40,539.1152252586501,67,0.05333333333333334,0,65.84714565004896
65.90000000000005,64,505.1886141552942,63,0.04,1,65.87985337243407
66.00000000000007,62,513.8562565992424,64,0.042,100,65.98000977517114
66.00000000000006,86,535.4754436432714,67,0.0315,101,65.98047898338227
66.00000000000007,50,573.8562565992424,72,0.042,0,65.98126099706752
66.00000000000006,74,595.4754436432714,74,0.0315,1,65.9815738025416
66.03000000000006,88,542.189902390133,68,0.0315,101,66.01063538611932
66.03000000000006,76,602.189902390133,75,0.0315,1,66.01173020527865
66.04000000000008,64,542.2766385112528,68,0.042,100,66.02063538611934
66.04000000000008,52,602.2766385112528,75,0.042,0,66.02173020527867
66.06000000000006,86,606.4941459287638,76,0.0315,101,66.0418866080157
66.06000000000006,74,666.4941459287638,83,0.0315,1,66.04298142717504
66.08000000000008,62,585.4880717356231,73,0.042,100,66.06141739980458
66.08000000000008,50,645.4880717356231,81,0.042,0,66.06266862170096
66.09000000000006,90,579.8745238825885,72,0.0315,101,66.07126099706751
66.09000000000006,78,639.8745238825885,80,0.0315,1,66.0725122189639
66.12000000000009,66,578.853920568574,72,0.042,100,66.10126099706754
66.12000000000006,91,597.3755556803213,75,0.063,101,66.10173020527866
66.12000000000009,54,638.853920568574,80,0.042,0,66.10251221896392
66.12000000000006,79,657.3755556803213,82,0.063,1,66.10282502443799
66.1600000000001,67,590.9214089414419,74,0.084,100,66.14157380254164
66.1600000000001,55,650.9214089414419,81,0.084,0,66.14266862170098
66.18000000000006,90,557.4193734564064,70,0.0315,101,66.16094819159342
66.18000000000006,78,617.4193734564064,77,0.0315,1,66.16204301075275
66.21000000000006,84,535.3876914252182,67,0.04,1,66.19047898338228
66.2400000000001,66,536.994166104559,67,0.042,100,66.2204789833823
66.2400000000001,54,596.994166104559,75,0.042,0,66.22173020527869
66.25000000000007,86,495.38769142521824,62,0.04,1,66.22969696969705
66.2800000000001,60,569.9070609252516,71,0.05333333333333334,0,66.2611045943305
66.29000000000006,84,535.3876914252182,67,0.04,1,66.27047898338228
66.33333333333343,62,529.9070609252516,66,0.05333333333333334,0,66.3136559139786
66.38666666666677,60,569.9070609252516,71,0.05333333333333334,0,66.36777126099717
66.39000000000007,86,546.5410060279552,68,0.0315,101,66.37063538611933
66.39000000000007,74,606.5410060279552,76,0.0315,1,66.37188660801571
66.42000000000007,88,539.4943749988885,67,0.0315,101,66.40047898338229
66.42000000000007,76,599.4943749988885,75,0.0315,1,66.40173020527867
66.45000000000007,86,603.9218522061648,75,0.0315,101,66.43173020527867
66.45000000000007,74,663.9218522061648,83,0.0315,1,66.43298142717505
66.48000000000008,90,629.5269142399397,79,0.0315,101,66.46235581622686
66.48000000000008,78,689.5269142399397,86,0.0315,1,66.4634506353862
66.51000000000008,91,626.1314337551543,78,0.063,101,66.49219941348981
66.51000000000008,79,686.1314337551543,86,0.063,1,66.4934506353862
66.5200000000001,62,534.9542554628505,67,0.042,100,66.50047898338231
66.5200000000001,50,594.9542554628505,74,0.042,0,66.50157380254164
66.5600000000001,55,547.8832884496505,68,0.084,100,66.54063538611936
66.5600000000001,43,607.8832884496505,76,0.084,0,66.54188660801574
66.57000000000008,90,546.3000138478291,68,0.0315,101,66.55063538611934
66.57000000000008,78,606.3000138478291,76,0.0315,1,66.55188660801572
66.60000000000008,96,495.17888606030976,62,0.096,101,66.57969696969705
66.60000000000008,84,555.1788860603098,69,0.096,1,66.58079178885639
66.6400000000001,57,632.7365342124784,79,0.042,100,66.62235581622689
66.6400000000001,45,692.7365342124784,87,0.042,0,66.62360703812327
66.6800000000001,55,613.545237488844,77,0.042,100,66.6620430107528
66.6800000000001,43,673.545237488844,84,0.042,0,66.66313782991213
66.72000000000011,52,622.5996006099537,78,0.042,100,66.70219941348985
66.72000000000011,40,682.5996006099537,85,0.042,0,66.70329423264918
66.76000000000012,54,542.2235976125736,68,0.042,100,66.74063538611938
66.76000000000012,42,602.2235976125736,75,0.042,0,66.74173020527871
66.78000000000009,95,550.6722219374651,69,0.0315,101,66.7607917888564
66.78000000000009,83,610.6722219374651,76,0.0315,1,66.76188660801573
66.80000000000013,52,509.8619028255472,64,0.128,100,66.7800097751712
66.80000000000013,40,569.8619028255472,71,0.128,0,66.78110459433053
66.81000000000009,93,577.0317341827811,72,0.0315,101,66.79126099706754
66.81000000000009,81,637.0317341827811,80,0.0315,1,66.79251221896392
66.84000000000009,95,644.2807016537382,81,0.0315,101,66.82266862170097
66.84000000000009,83,704.2807016537382,88,0.0315,1,66.8237634408603
66.87000000000009,91,620.2517338801707,78,0.0315,101,66.85219941348983
66.87000000000009,79,680.2517338801707,85,0.0315,1,66.85329423264916
66.90000000000009,90,629.6103158589499,79,0.063,101,66.88235581622688
66.90000000000009,78,689.6103158589499,86,0.063,1,66.88345063538621
66.9600000000001,91,583.1107647985714,73,0.0315,101,66.94141739980459
66.9600000000001,79,643.1107647985714,80,0.0315,1,66.94251221896393
66.9900000000001,72,601.2027363268859,75,0.04,1,66.97173020527869
67.0300000000001,74,561.2027363268859,70,0.04,1,67.01094819159346
67.04000000000012,71,561.4867817733558,70,0.042,100,67.02094819159348
67.04000000000012,59,621.4867817733558,78,0.042,0,67.02219941348986
67.07000000000009,72,601.2027363268859,75,0.04,1,67.05173020527869
67.08000000000013,84,561.0518060854388,70,0.042,100,67.06094819159348
67.08000000000013,60,621.0518060854388,78,0.042,0,67.06219941348986
67.12000000000013,71,658.2825732029825,82,0.042,100,67.10282502443806
67.12000000000013,59,718.2825732029825,90,0.042,0,67.10407624633444
67.16000000000014,74,629.5863383064283,79,0.042,100,67.14235581622692
67.16000000000014,62,689.5863383064283,86,0.042,0,67.14345063538626
67.1700000000001,95,571.3624563509607,71,0.0315,101,67.1511045943305
67.1700000000001,83,631.3624563509607,79,0.0315,1,67.15235581622689
67.2000000000001,96,572.4495308038648,72,0.0315,101,67.18126099706755
67.2000000000001,84,632.4495308038648,79,0.0315,1,67.18235581622689
67.20000000000014,76,663.1150166417658,83,0.084,100,67.18298142717512
67.20000000000014,64,723.1150166417658,90,0.084,0,67.18407624633446
67.2300000000001,95,634.6370107963039,79,0.0315,101,67.21235581622689
67.2300000000001,83,694.6370107963039,87,0.0315,1,67.21360703812327
67.2600000000001,98,642.9614073056614,80,0.0315,101,67.24251221896394
67.2600000000001,86,702.9614073056614,88,0.0315,1,67.24376344086032
67.28000000000014,74,593.2818797147175,74,0.042,100,67.26157380254169
67.28000000000014,62,653.2818797147175,82,0.042,0,67.26282502443807
67.2900000000001,100,632.7251109352667,79,0.063,101,67.27235581622689
67.2900000000001,88,692.7251109352667,87,0.063,1,67.27360703812327
67.32000000000015,69,595.1781168320591,74,0.05333333333333334,0,67.3015738025417
67.35000000000011,98,572.9817237422052,72,0.0315,101,67.33126099706756
67.35000000000011,86,632.9817237422052,79,0.0315,1,67.3323558162269
67.37333333333348,71,555.1781168320591,69,0.05333333333333334,0,67.35412512218979
67.38000000000011,105,526.7278561685949,66,0.096,101,67.36032258064527
67.38000000000011,93,586.7278561685949,73,0.096,1,67.36141739980461
67.42666666666682,69,595.1781168320591,74,0.05333333333333334,0,67.40824046920837
67.56000000000012,95,575.5348814541428,72,0.0315,101,67.54126099706757
67.56000000000014,71,603.8666307622366,75,0.042,100,67.54173020527874
67.56000000000012,83,635.5348814541428,79,0.0315,1,67.5423558162269
67.56000000000014,59,663.8666307622366,83,0.042,0,67.54298142717512
67.59000000000012,88,573.1690295724045,72,0.063,101,67.57126099706757
67.59000000000012,76,633.1690295724045,79,0.063,1,67.5723558162269
67.60000000000015,72,590.2661724112616,74,0.042,100,67.5815738025417
67.60000000000015,60,650.2661724112616,81,0.042,0,67.58266862170103
67.64000000000016,71,654.9400187659834,82,0.042,100,67.62282502443809
67.64000000000016,59,714.9400187659834,89,0.042,0,67.62391984359742
67.65000000000012,90,677.9599476440088,85,0.0315,101,67.63329423264919
67.65000000000012,78,737.9599476440088,92,0.0315,1,67.63438905180853
67.68000000000012,88,657.5923629052461,82,0.0315,101,67.66282502443805
67.68000000000016,74,663.1464990818184,83,0.042,100,67.66298142717514
67.68000000000012,76,717.5923629052461,90,0.0315,1,67.66407624633443
67.68000000000016,62,723.1464990818184,90,0.042,0,67.66407624633447
67.71000000000012,84,682.1139363894524,85,0.0315,101,67.6932942326492
67.71000000000012,72,742.1139363894524,93,0.0315,1,67.69454545454558
67.72000000000017,64,669.250777935144,84,0.084,100,67.7031378299122
67.72000000000017,52,729.250777935144,91,0.084,0,67.70423264907153
67.74000000000012,86,587.2138484638751,73,0.0315,101,67.72141739980462
67.74000000000012,74,647.2138484638751,81,0.0315,1,67.722668621701
67.77000000000012,84,540.0971774274791,68,0.096,101,67.75063538611938
67.77000000000012,72,600.0971774274791,75,0.096,1,67.75173020527872
67.80000000000017,74,606.2765960522872,76,0.042,100,67.78188660801581
67.80000000000017,62,666.2765960522872,83,0.042,0,67.78298142717514
67.84000000000017,69,600.3402732768543,75,0.05333333333333334,0,67.82173020527877
67.8933333333335,71,560.3402732768543,70,0.05333333333333334,0,67.87428152492686
67.94666666666684,69,600.3402732768543,75,0.05333333333333334,0,67.92839687194544
67.95000000000013,95,578.7125670958942,72,0.0315,101,67.93126099706758
67.95000000000013,83,638.7125670958942,80,0.0315,1,67.93251221896396
67.98000000000013,96,592.2835142111807,74,0.0315,101,67.96157380254168
67.98000000000013,84,652.2835142111807,82,0.0315,1,67.96282502443806
68.01000000000013,95,675.8290065784921,84,0.0315,101,67.99313782991216
68.01000000000013,83,735.8290065784921,92,0.0315,1,67.99438905180854
68.04000000000013,98,644.7498891301017,81,0.0315,101,68.02266862170102
68.04000000000013,86,704.7498891301017,88,0.0315,1,68.02376344086035
68.07000000000014,100,676.8665433912814,85,0.063,101,68.05329423264921
68.07000000000014,88,736.8665433912814,92,0.063,1,68.05438905180854
68.08000000000017,71,573.9489353353827,72,0.042,100,68.06126099706762
68.08000000000017,59,633.9489353353827,79,0.042,0,68.06235581622695
68.12000000000018,69,605.0612190105442,76,0.042,100,68.10188660801582
68.12000000000018,57,665.0612190105442,83,0.042,0,68.10298142717515
68.13000000000014,98,604.241401515505,76,0.0315,101,68.11188660801578
68.13000000000014,86,664.241401515505,83,0.0315,1,68.11298142717511
68.16000000000014,93,629.8262933005731,79,0.04,1,68.14235581622692
68.16000000000018,71,669.6551938194315,84,0.042,100,68.1431378299122
68.16000000000018,59,729.6551938194315,91,0.042,0,68.14423264907154
68.20000000000014,95,589.8262933005731,74,0.04,1,68.18157380254169
68.20000000000019,67,665.8044776193894,83,0.042,100,68.18298142717516
68.20000000000019,55,725.8044776193894,91,0.042,0,68.18423264907155
68.24000000000014,93,629.8262933005731,79,0.04,1,68.22235581622692
68.2400000000002,66,669.4799381897168,84,0.084,100,68.22313782991222
68.2400000000002,54,729.4799381897168,91,0.084,0,68.22423264907155
68.32000000000019,67,597.2480683942972,75,0.042,100,68.30173020527879
68.32000000000019,55,657.2480683942972,82,0.042,0,68.30282502443812
68.34000000000015,95,607.9764312133573,76,0.0315,101,68.32188660801579
68.34000000000015,83,667.9764312133573,83,0.0315,1,68.32298142717512
68.3600000000002,48,607.2324169886201,76,0.05333333333333334,0,68.34188660801584
68.37000000000015,96,599.6254704167854,75,0.0315,101,68.35173020527874
68.37000000000015,84,659.6254704167854,82,0.0315,1,68.35282502443808
68.40000000000015,95,663.1633545070968,83,0.0315,101,68.38298142717512
68.40000000000015,83,723.1633545070968,90,0.0315,1,68.38407624633446
68.41333333333353,50,567.2324169886201,71,0.05333333333333334,0,68.39443792766393
68.43000000000015,98,691.0481889305679,86,0.0315,101,68.41345063538627
68.43000000000015,86,751.0481889305679,94,0.0315,1,68.41470185728265
68.46000000000015,100,655.9346082926845,82,0.063,101,68.44282502443808
68.46000000000015,88,715.9346082926845,89,0.063,1,68.44391984359741
68.46666666666687,48,607.2324169886201,76,0.05333333333333334,0,68.44855327468251
68.52000000000015,98,585.6416136962637,73,0.0315,101,68.50141739980465
68.52000000000015,86,645.6416136962637,81,0.0315,1,68.50266862170103
68.55000000000015,105,566.6909030383872,71,0.096,101,68.53110459433056
68.55000000000015,93,626.6909030383872,78,0.096,1,68.53219941348989
68.6000000000002,71,613.2742476954257,77,0.042,100,68.58204301075288
68.6000000000002,59,673.2742476954257,84,0.042,0,68.58313782991222
68.6400000000002,72,597.2412880311314,75,0.042,100,68.6217302052788
68.6400000000002,60,657.2412880311314,82,0.042,0,68.62282502443813
68.6800000000002,71,683.0655715379831,85,0.042,100,68.66329423264928
68.6800000000002,59,743.0655715379831,93,0.042,0,68.66454545454566
68.72000000000021,74,673.7463921752698,84,0.042,100,68.70313782991224
68.72000000000021,62,733.7463921752698,92,0.042,0,68.70438905180862
68.73000000000016,95,598.7343467433542,75,0.0315,101,68.71173020527876
68.73000000000016,83,658.7343467433542,82,0.0315,1,68.71282502443809
68.76000000000016,93,616.8183305681009,77,0.0315,101,68.74204301075285
68.76000000000016,81,676.8183305681009,85,0.0315,1,68.74329423264923
68.76000000000022,76,677.0953011352876,85,0.084,100,68.74329423264929
68.76000000000022,64,737.0953011352876,92,0.084,0,68.74438905180862
68.79000000000016,95,653.2346328902407,82,0.0315,101,68.77282502443809
68.79000000000016,83,713.2346328902407,89,0.0315,1,68.77391984359743
68.82000000000016,91,663.1950340638505,83,0.0315,101,68.80298142717514
68.82000000000016,79,723.1950340638505,90,0.0315,1,68.80407624633447
68.84000000000022,74,586.9680691864762,73,0.042,100,68.82141739980472
68.84000000000022,62,646.9680691864762,81,0.042,0,68.8226686217011
68.85000000000016,90,655.0207830764275,82,0.063,101,68.8328250244381
68.85000000000016,78,715.0207830764275,89,0.063,1,68.83391984359743
68.88000000000022,81,546.6905598607208,68,0.128,100,68.86063538611948
68.88000000000022,69,606.6905598607208,76,0.128,0,68.86188660801587
68.91000000000017,91,614.9609177097954,77,0.0315,101,68.89204301075286
68.91000000000017,79,674.9609177097954,84,0.0315,1,68.89313782991219
68.94000000000017,72,603.9698715292366,75,0.04,1,68.92173020527876
68.98000000000017,74,563.9698715292366,70,0.04,1,68.96094819159353
69.02000000000017,72,603.9698715292366,75,0.04,1,69.00173020527876
69.12000000000022,67,572.1605020897102,72,0.042,100,69.10126099706767
69.12000000000018,91,603.9968612321102,75,0.0315,101,69.10173020527877
69.12000000000022,55,632.1605020897102,79,0.042,0,69.102355816227
69.12000000000018,79,663.9968612321102,83,0.0315,1,69.10298142717515
69.15000000000018,93,618.7270474940005,77,0.0315,101,69.13204301075287
69.15000000000018,81,678.7270474940005,85,0.0315,1,69.13329423264925
69.16000000000022,60,622.8752155319273,78,0.084,100,69.14219941348996
69.16000000000022,48,682.8752155319273,85,0.084,0,69.1432942326493
69.18000000000018,91,676.2246468822366,85,0.0315,101,69.16329423264925
69.18000000000018,79,736.2246468822366,92,0.0315,1,69.16438905180858
69.21000000000018,95,676.7690755676272,85,0.0315,101,69.19329423264925
69.21000000000018,83,736.7690755676272,92,0.0315,1,69.19438905180859
69.24000000000022,62,682.4473860010185,85,0.042,100,69.2232942326493
69.24000000000018,96,684.4884052533391,86,0.063,101,69.2234506353863
69.24000000000018,84,744.4884052533391,93,0.063,1,69.22454545454563
69.24000000000022,50,742.4473860010185,93,0.042,0,69.22454545454568
69.28000000000023,60,669.4098067094725,84,0.042,100,69.26313782991225
69.28000000000023,48,729.4098067094725,91,0.042,0,69.26423264907159
69.30000000000018,95,603.1162326784054,75,0.0315,101,69.28173020527878
69.30000000000018,83,663.1162326784054,83,0.0315,1,69.28298142717516
69.32000000000023,57,651.5215190746966,81,0.042,100,69.30266862170112
69.32000000000023,45,711.5215190746966,89,0.042,0,69.3039198435975
69.33000000000018,102,549.2948128730037,69,0.096,101,69.31079178885649
69.33000000000018,90,609.2948128730037,76,0.096,1,69.31188660801583
69.36000000000024,59,583.5879853572125,73,0.042,100,69.34141739980474
69.36000000000024,47,643.5879853572125,80,0.042,0,69.34251221896407
69.40000000000025,57,562.0944137851956,70,0.128,100,69.3809481915936
69.40000000000025,45,622.0944137851956,78,0.128,0,69.38219941348999
69.51000000000019,91,603.8168848816827,75,0.0315,101,69.49173020527878
69.51000000000019,79,663.8168848816827,83,0.0315,1,69.49298142717517
69.54000000000019,84,615.1344116268525,77,0.063,101,69.52204301075288
69.54000000000019,72,675.1344116268525,84,0.063,1,69.52313782991222
69.6000000000002,86,679.8375466544225,85,0.0315,101,69.58329423264927
69.6000000000002,74,739.8375466544225,92,0.0315,1,69.5843890518086
69.6300000000002,84,653.6396071086152,82,0.0315,101,69.61282502443812
69.6300000000002,72,713.6396071086152,89,0.0315,1,69.61391984359746
69.64000000000024,67,587.0140689040475,73,0.042,100,69.62141739980474
69.64000000000024,55,647.0140689040475,81,0.042,0,69.62266862170112
69.6600000000002,81,683.8279745913825,85,0.0315,101,69.64329423264927
69.6600000000002,69,743.8279745913825,93,0.0315,1,69.64454545454565
69.68000000000025,57,613.5408804754377,77,0.042,100,69.66204301075294
69.68000000000025,45,673.5408804754377,84,0.042,0,69.66313782991227
69.6900000000002,83,603.0575011329489,75,0.0315,101,69.67173020527879
69.6900000000002,71,663.0575011329489,83,0.0315,1,69.67298142717517
69.7200000000002,69,613.802213767454,77,0.04,1,69.70204301075289
69.72000000000025,67,669.1723829780719,84,0.042,100,69.70313782991228
69.72000000000025,55,729.1723829780719,91,0.042,0,69.70423264907161
69.7600000000002,71,573.802213767454,72,0.04,1,69.74126099706766
69.76000000000026,83,666.9855855117542,83,0.042,100,69.74298142717524
69.76000000000026,59,726.9855855117542,91,0.042,0,69.74423264907162
69.8000000000002,69,613.802213767454,77,0.04,1,69.78204301075289
69.80000000000027,72,688.5916619278119,86,0.084,100,69.78345063538639
69.80000000000027,60,748.5916619278119,94,0.084,0,69.78470185728277
69.88000000000027,71,596.6644790582031,75,0.042,100,69.86173020527886
69.88000000000027,59,656.6644790582031,82,0.042,0,69.8628250244382
69.9000000000002,91,584.0936048381369,73,0.0315,101,69.8814173998047
69.9000000000002,79,644.0936048381369,81,0.0315,1,69.88266862170109
69.92000000000027,78,548.8139678013139,69,0.128,100,69.90079178885658
69.92000000000027,66,608.8139678013139,76,0.128,0,69.90188660801591
69.9300000000002,93,610.7827198298374,76,0.0315,101,69.91188660801585
69.9300000000002,81,670.7827198298374,84,0.0315,1,69.91313782991223
69.9600000000002,91,654.8302286014674,82,0.0315,101,69.94282502443814
69.9600000000002,79,714.8302286014674,89,0.0315,1,69.94391984359747
69.99000000000021,95,651.3050547232036,81,0.0315,101,69.97266862170109
69.99000000000021,83,711.3050547232036,89,0.0315,1,69.97391984359747
70.02000000000021,96,666.9747715687148,83,0.063,101,70.00298142717519
70.02000000000021,84,726.9747715687148,91,0.063,1,70.00423264907157
70.08000000000021,95,617.1241072063924,77,0.0315,101,70.0620430107529
70.08000000000021,83,677.1241072063924,85,0.0315,1,70.06329423264928
70.11000000000021,102,566.7278957672263,71,0.096,101,70.09110459433062
70.11000000000021,90,626.7278957672263,78,0.096,1,70.09219941348995
70.16000000000027,67,588.726071951677,74,0.042,100,70.14157380254181
70.16000000000027,55,648.726071951677,81,0.042,0,70.14266862170115
70.20000000000027,69,608.6903262326798,76,0.042,100,70.18188660801592
70.20000000000027,57,668.6903262326798,84,0.042,0,70.1831378299123
70.24000000000028,67,658.7691341426836,82,0.042,100,70.22282502443821
70.24000000000028,55,718.7691341426836,90,0.042,0,70.22407624633459
70.28000000000029,71,674.9054930267135,84,0.042,100,70.26313782991231
70.28000000000029,59,734.9054930267135,92,0.042,0,70.26438905180869
70.29000000000022,91,601.8654490394046,75,0.0315,101,70.27173020527881
70.29000000000022,79,661.8654490394046,83,0.0315,1,70.2729814271752
70.32000000000022,93,609.3830199051961,76,0.0315,101,70.30188660801586
70.32000000000022,81,669.3830199051961,84,0.0315,1,70.30313782991225
70.32000000000029,72,668.6449458232323,84,0.084,100,70.30313782991232
70.32000000000029,60,728.6449458232323,91,0.084,0,70.30423264907165
70.35000000000022,91,650.6343804086173,81,0.0315,101,70.3326686217011
70.35000000000022,79,710.6343804086173,89,0.0315,1,70.33391984359749
70.38000000000022,95,625.6464761115722,78,0.0315,101,70.36219941348996
70.38000000000022,83,685.6464761115722,86,0.0315,1,70.36345063538634
70.40000000000029,71,596.67060579899,75,0.042,100,70.38173020527888
70.40000000000029,59,656.67060579899,82,0.042,0,70.38282502443822
70.41000000000022,96,662.5334330916702,83,0.063,101,70.3929814271752
70.41000000000022,84,722.5334330916702,90,0.063,1,70.39407624633454
70.4400000000003,78,548.9601800473777,69,0.128,100,70.4207917888566
70.4400000000003,66,608.9601800473777,76,0.128,0,70.42188660801594
70.47000000000023,95,603.3164574300454,75,0.0315,101,70.45173020527882
70.47000000000023,83,663.3164574300454,83,0.0315,1,70.4529814271752
70.50000000000023,102,565.0652441869938,71,0.096,101,70.48110459433063
70.50000000000023,90,625.0652441869938,78,0.096,1,70.48219941348997
70.68000000000029,67,576.372429652136,72,0.042,100,70.66126099706774
70.68000000000023,91,597.4163726340329,75,0.0315,101,70.66173020527883
70.68000000000029,55,636.372429652136,80,0.042,0,70.66251221896412
70.68000000000023,79,657.4163726340329,82,0.0315,1,70.66282502443816
70.71000000000024,90,557.0095948338002,70,0.0315,101,70.69094819159359
70.71000000000024,78,617.0095948338002,77,0.0315,1,70.69204301075293
70.7200000000003,66,578.1597438700587,72,0.042,100,70.70126099706775
70.7200000000003,54,638.1597438700587,80,0.042,0,70.70251221896413
70.74000000000024,91,650.6731037456848,81,0.0315,101,70.72266862170112
70.74000000000024,79,710.6731037456848,89,0.0315,1,70.7239198435975
70.7600000000003,67,666.0455369647455,83,0.042,100,70.74298142717528
70.7600000000003,55,726.0455369647455,91,0.042,0,70.74423264907166
70.77000000000024,88,641.078079275377,80,0.0315,101,70.75251221896407
70.77000000000024,76,701.078079275377,88,0.0315,1,70.75376344086045
70.80000000000031,64,642.7937276821742,80,0.042,100,70.78251221896414
70.80000000000024,86,667.2231655295031,83,0.063,101,70.78298142717522
70.80000000000031,52,702.7937276821742,88,0.042,0,70.78376344086053
70.80000000000024,74,727.2231655295031,91,0.063,1,70.7842326490716
70.84000000000032,62,634.2767970048482,79,0.084,100,70.8223558162271
70.84000000000032,50,694.2767970048482,87,0.084,0,70.82360703812348
70.86000000000024,88,595.0538780965128,74,0.0315,101,70.84157380254179
70.86000000000024,76,655.0538780965128,82,0.0315,1,70.84282502443817
70.89000000000024,81,546.865164319737,68,0.096,101,70.8706353861195
70.89000000000024,69,606.865164319737,76,0.096,1,70.87188660801588
70.92000000000031,64,557.5176000390887,70,0.042,100,70.90094819159367
70.92000000000031,52,617.5176000390887,77,0.042,0,70.902043010753
70.96000000000032,45,572.5532706086453,72,0.05333333333333334,0,70.94126099706777
71.01333333333365,47,532.5532706086453,67,0.05333333333333334,0,70.99381231671586
71.06666666666699,45,572.5532706086453,72,0.05333333333333334,0,71.04792766373444
71.07000000000025,91,575.1165216007498,72,0.0315,101,71.0512609970677
71.07000000000025,79,635.1165216007498,79,0.0315,1,71.05235581622703
71.10000000000025,93,578.0511268365462,72,0.0315,101,71.0812609970677
71.10000000000025,81,638.0511268365462,80,0.0315,1,71.08251221896408
71.13000000000025,91,623.0593045051928,78,0.0315,101,71.11219941348999
71.13000000000025,79,683.0593045051928,85,0.0315,1,71.11329423264932
71.16000000000025,95,609.1326279467958,76,0.0315,101,71.1418866080159
71.16000000000025,83,669.1326279467958,84,0.0315,1,71.14313782991228
71.19000000000025,96,653.5321915100967,82,0.063,101,71.17282502443818
71.19000000000025,84,713.5321915100967,89,0.063,1,71.17391984359752
71.20000000000032,67,546.5776179351175,68,0.042,100,71.18063538611958
71.20000000000032,55,606.5776179351175,76,0.042,0,71.18188660801596
71.24000000000032,69,570.7696315102249,71,0.042,100,71.22110459433073
71.24000000000032,57,630.7696315102249,79,0.042,0,71.22235581622711
71.25000000000026,95,564.6560442670941,71,0.0315,101,71.23110459433066
71.25000000000026,83,624.6560442670941,78,0.0315,1,71.23219941349
71.28000000000026,90,567.1680933704819,71,0.04,1,71.26110459433066
71.28000000000033,67,639.5653214606726,80,0.042,100,71.26251221896416
71.28000000000033,55,699.5653214606726,87,0.042,0,71.2636070381235
71.32000000000026,91,527.1680933704819,66,0.04,1,71.30032258064543
71.32000000000033,71,627.5500140259085,78,0.042,100,71.30219941349007
71.32000000000033,59,687.5500140259085,86,0.042,0,71.30345063538645
71.36000000000026,90,567.1680933704819,71,0.04,1,71.34110459433066
71.36000000000034,72,640.2955569276196,80,0.084,100,71.34251221896417
71.36000000000034,60,700.2955569276196,88,0.084,0,71.34376344086056
71.44000000000034,71,561.7869061481528,70,0.042,100,71.4209481915937
71.44000000000034,59,621.7869061481528,78,0.042,0,71.42219941349008
71.46000000000026,93,555.3341367357693,69,0.0315,101,71.44079178885657
71.46000000000026,81,615.3341367357693,77,0.0315,1,71.44204301075295
71.48000000000035,66,542.6868763160651,68,0.05333333333333334,0,71.4606353861196
71.49000000000026,86,556.9912209069632,70,0.063,101,71.47094819159362
71.49000000000026,74,616.9912209069632,77,0.063,1,71.47204301075296
71.53333333333367,67,502.6868763160651,63,0.05333333333333334,0,71.5131867057677
71.55000000000027,88,609.2092612794941,76,0.0315,101,71.53188660801591
71.55000000000027,76,669.2092612794941,84,0.0315,1,71.53313782991229
71.58000000000027,86,641.1164423614613,80,0.0315,101,71.5625122189641
71.58000000000027,74,701.1164423614613,88,0.0315,1,71.56376344086048
71.58666666666701,66,542.6868763160651,68,0.05333333333333334,0,71.56730205278627
71.61000000000027,83,637.5154550669121,80,0.0315,101,71.5925122189641
71.61000000000027,71,697.5154550669121,87,0.0315,1,71.59360703812344
71.64000000000027,84,548.0683622144194,69,0.0315,101,71.62079178885658
71.64000000000027,72,608.0683622144194,76,0.0315,1,71.62188660801591
71.67000000000027,71,564.1757844061019,71,0.04,1,71.65110459433068
71.71000000000028,72,524.1757844061019,66,0.04,1,71.69032258064544
71.72000000000034,69,545.7758139311668,68,0.042,100,71.7006353861196
71.72000000000034,57,605.7758139311668,76,0.042,0,71.70188660801598
71.75000000000027,71,564.1757844061019,71,0.04,1,71.73110459433067
71.76000000000035,62,566.8679201402905,71,0.084,100,71.74110459433075
71.76000000000035,50,626.8679201402905,78,0.084,0,71.74219941349008
71.84000000000034,64,636.2295282371084,80,0.042,100,71.82251221896418
71.84000000000034,52,696.2295282371084,87,0.042,0,71.82360703812351
71.85000000000028,93,521.6749306650727,65,0.0315,101,71.8301661779084
71.85000000000028,81,581.6749306650727,73,0.0315,1,71.83141739980478
71.88000000000028,95,545.9841458324928,68,0.0315,101,71.86063538611954
71.88000000000035,62,589.7609561150384,74,0.042,100,71.8615738025419
71.88000000000028,83,605.9841458324928,76,0.0315,1,71.86188660801592
71.88000000000035,50,649.7609561150384,81,0.042,0,71.86266862170123
71.91000000000028,93,597.0218689193125,75,0.0315,101,71.89173020527888
71.91000000000028,81,657.0218689193125,82,0.0315,1,71.89282502443821
71.92000000000036,59,608.3608743553422,76,0.042,100,71.901886608016
71.92000000000036,47,668.3608743553422,84,0.042,0,71.90313782991238
71.94000000000028,96,602.6771141354278,75,0.0315,101,71.92173020527888
71.94000000000028,84,662.6771141354278,83,0.0315,1,71.92298142717526
71.96000000000036,60,519.8498533052134,65,0.042,100,71.94016617790848
71.96000000000036,48,579.8498533052134,72,0.042,0,71.94126099706781
71.97000000000028,98,596.3534662316677,75,0.063,101,71.95173020527888
71.97000000000028,86,656.3534662316677,82,0.063,1,71.95282502443821
72.00000000000037,59,511.9575391508629,64,0.128,100,71.98000977517144
72.00000000000037,47,571.9575391508629,71,0.128,0,71.98110459433077
72.03000000000029,96,522.1361455966629,65,0.0315,101,72.0101661779084
72.03000000000029,84,582.1361455966629,73,0.0315,1,72.01141739980478
72.06000000000029,103,510.79756449144975,64,0.096,101,72.04000977517136
72.06000000000029,91,570.7975644914497,71,0.096,1,72.04110459433069
72.2400000000003,93,520.3174365973737,65,0.0315,101,72.22016617790841
72.24000000000036,69,522.0356134149145,65,0.042,100,72.22016617790848
72.2400000000003,81,580.3174365973737,73,0.0315,1,72.22141739980479
72.24000000000036,57,582.0356134149145,73,0.042,0,72.22141739980486
72.2700000000003,95,500.45744575641527,63,0.0315,101,72.24985337243432
72.2700000000003,83,560.4574457564153,70,0.0315,1,72.25094819159365
72.28000000000037,71,526.1189437246754,66,0.042,100,72.26032258064554
72.28000000000037,59,586.1189437246754,73,0.042,0,72.26141739980487
72.3000000000003,93,588.1941928102956,74,0.0315,101,72.28157380254184
72.3000000000003,81,648.1941928102956,81,0.0315,1,72.28266862170118
72.32000000000038,69,610.9832759509962,76,0.042,100,72.30188660801602
72.32000000000038,57,670.9832759509962,84,0.042,0,72.3031378299124
72.3300000000003,96,591.3129938881164,74,0.0315,101,72.31157380254184
72.3300000000003,84,651.3129938881164,81,0.0315,1,72.31266862170118
72.3600000000003,98,594.85005026177,74,0.063,101,72.34157380254184
72.36000000000038,72,598.8916098641064,75,0.042,100,72.34173020527898
72.3600000000003,86,654.85005026177,82,0.063,1,72.34282502443823
72.36000000000038,60,658.8916098641064,82,0.042,0,72.34282502443831
72.40000000000039,74,604.5082615624079,76,0.084,100,72.38188660801603
72.40000000000039,62,664.5082615624079,83,0.084,0,72.38298142717537
72.4200000000003,96,491.63266277998594,61,0.0315,101,72.39954056696023
72.4200000000003,84,551.6326627799859,69,0.0315,1,72.40079178885661
72.4500000000003,103,475.35704659889825,59,0.096,101,72.42922776148613
72.4500000000003,91,535.3570465988983,67,0.096,1,72.43047898338251
72.48000000000039,72,520.0642344578416,65,0.042,100,72.4601661779085
72.48000000000039,60,580.0642344578416,73,0.042,0,72.46141739980489
72.5200000000004,67,525.2818060955104,66,0.05333333333333334,0,72.50032258064556
72.57333333333372,69,485.28180609551043,61,0.05333333333333334,0,72.55287390029365
72.62666666666706,67,525.2818060955104,66,0.05333333333333334,0,72.60698924731223
72.63000000000031,93,514.4630519293568,64,0.0315,101,72.61000977517138
72.63000000000031,81,574.4630519293568,72,0.0315,1,72.61126099706776
72.66000000000031,91,497.8683257419284,62,0.0315,101,72.63969696969728
72.66000000000031,79,557.8683257419284,70,0.0315,1,72.64094819159367
72.69000000000031,93,549.5001427257673,69,0.0315,101,72.67079178885662
72.69000000000031,81,609.5001427257673,76,0.0315,1,72.67188660801595
72.72000000000031,90,554.7755329051281,69,0.0315,101,72.70079178885662
72.72000000000031,78,614.7755329051281,77,0.0315,1,72.702043010753
72.75000000000031,88,560.2274786733435,70,0.063,101,72.73094819159367
72.75000000000031,76,620.2274786733435,78,0.063,1,72.73219941349005
72.76000000000039,69,502.34428456772207,63,0.042,100,72.73985337243441
72.76000000000039,57,562.3442845677221,70,0.042,0,72.74094819159374
72.8000000000004,71,496.40541706999375,62,0.042,100,72.77969696969737
72.8000000000004,59,556.4054170699937,70,0.042,0,72.78094819159375
72.81000000000031,90,507.0262191246675,63,0.0315,101,72.78985337243434
72.81000000000031,78,567.0262191246675,71,0.0315,1,72.79110459433072
72.84000000000032,83,480.89459872004886,60,0.04,1,72.8193841642232
72.8400000000004,69,564.6165995256154,71,0.042,100,72.8211045943308
72.8400000000004,57,624.6165995256154,78,0.042,0,72.82219941349014
72.88000000000032,72,440.89459872004886,55,0.04,1,72.85860215053796
72.88000000000041,84,572.224584446557,72,0.042,100,72.86126099706786
72.88000000000041,60,632.224584446557,79,0.042,0,72.8623558162272
72.92000000000031,71,480.89459872004886,60,0.04,1,72.89938416422319
72.92000000000041,74,584.7081079172192,73,0.084,100,72.90141739980491
72.92000000000041,62,644.7081079172192,81,0.084,0,72.9026686217013
73.00000000000041,72,479.4480747923302,60,0.042,100,72.97938416422329
73.00000000000041,60,539.4480747923302,67,0.042,0,72.98047898338262
73.02000000000032,93,496.34915167188683,62,0.0315,101,72.9996969696973
73.02000000000032,81,556.3491516718868,70,0.0315,1,73.00094819159368
73.04000000000042,79,440.0407092054513,55,0.128,100,73.01860215053806
73.04000000000042,67,500.0407092054513,63,0.128,0,73.01985337243444
73.05000000000032,95,485.9326129204147,61,0.0315,101,73.02954056696025
73.05000000000032,83,545.9326129204147,68,0.0315,1,73.03063538611958
73.08000000000033,93,567.2110156235206,71,0.0315,101,73.06110459433073
73.08000000000033,81,627.2110156235206,78,0.0315,1,73.06219941349006
73.11000000000033,96,527.0227533181276,66,0.0315,101,73.09032258064549
73.11000000000033,84,587.0227533181276,73,0.0315,1,73.09141739980483
73.14000000000033,98,534.0952703308728,67,0.063,101,73.12047898338254
73.14000000000033,86,594.0952703308728,74,0.063,1,73.12157380254187
73.20000000000033,96,495.2442868142773,62,0.0315,101,73.1796969696973
73.20000000000033,84,555.2442868142773,69,0.0315,1,73.18079178885664
73.23000000000033,91,494.46714400431586,62,0.04,1,73.2096969696973
73.27000000000034,93,454.46714400431586,57,0.04,1,73.24891495601207
73.28000000000041,69,471.45145517224364,59,0.042,100,73.25922776148624
73.28000000000041,57,531.4514551722436,66,0.042,0,73.26032258064558
73.31000000000033,91,494.46714400431586,62,0.04,1,73.2896969696973
73.32000000000042,67,465.39067494230835,58,0.042,100,73.2990713587492
73.32000000000042,55,525.3906749423084,66,0.042,0,73.30032258064558
73.36000000000043,69,564.3102304405917,71,0.042,100,73.34110459433083
73.36000000000043,57,624.3102304405917,78,0.042,0,73.34219941349016
73.40000000000043,66,536.4816453745608,67,0.042,100,73.38047898338264
73.40000000000043,54,596.4816453745608,75,0.042,0,73.38173020527903
73.41000000000034,93,445.2949155904796,56,0.0315,101,73.38875855327503
73.41000000000034,81,505.2949155904796,63,0.0315,1,73.38985337243436
73.44000000000034,86,466.4885159042209,58,0.063,101,73.41907135874912
73.44000000000034,74,526.4885159042209,66,0.063,1,73.4203225806455
73.44000000000044,64,543.8271772858861,68,0.084,100,73.4206353861197
73.44000000000044,52,603.8271772858861,75,0.084,0,73.42173020527903
73.50000000000034,88,520.4969779129945,65,0.0315,101,73.48016617790846
73.50000000000034,76,580.4969779129945,73,0.0315,1,73.48141739980484
73.52000000000044,66,482.11443359861096,60,0.042,100,73.49938416422331
73.52000000000044,54,542.114433598611,68,0.042,0,73.5006353861197
73.53000000000034,86,538.7222655195914,67,0.0315,101,73.51047898338255
73.53000000000034,74,598.7222655195914,75,0.0315,1,73.51173020527894
73.56000000000044,59,410.31447026429055,51,0.128,100,73.53797653958989
73.56000000000044,47,470.31447026429055,59,0.128,0,73.53922776148627
73.56000000000034,83,563.7733270564869,70,0.0315,101,73.5409481915937
73.56000000000034,71,623.7733270564869,78,0.0315,1,73.54219941349008
73.59000000000034,84,463.06873548044814,58,0.0315,101,73.56907135874913
73.59000000000034,72,523.0687354804481,65,0.0315,1,73.57016617790846
73.62000000000035,83,404.86976173458197,51,0.096,101,73.5979765395898
73.62000000000035,71,464.86976173458197,58,0.096,1,73.59907135874913
