onset_time,pitch,velocity_xp,velocity,duration,voice_id,trigger_time
0.0,43,483.797623777377,60,0.084,0,-0.020615835777126102
0.0,81,476.14178532227584,60,0.05600000000000001,2,-0.020615835777126102
0.0,62,489.48054051811744,61,0.06720000000000001,1,-0.020459433040078204
0.05333333333333334,79,509.54992989758966,64,0.084,2,0.033343108504398825
0.064,64,497.05151609601694,62,0.1008,1,0.04369696969696969
0.08,45,495.95421675504224,62,0.126,0,0.05969696969696969
0.13333333333333333,81,573.7144415442286,72,0.028000000000000004,2,0.11459433040078201
0.16,77,541.4569362777626,68,0.028000000000000004,2,0.14063538611925708
0.16,62,576.8075592841886,72,0.033600000000000005,1,0.14126099706744868
0.18666666666666668,76,523.817820749503,65,0.028000000000000004,2,0.16683284457478006
0.192,65,553.968825165711,69,0.033600000000000005,1,0.17279178885630497
0.2,43,594.6983435199676,74,0.042,0,0.18157380254154448
0.21333333333333335,77,442.0011481354246,55,0.08533333333333334,2,0.19193548387096776
0.224,67,527.5826311774692,66,0.033600000000000005,1,0.2043225806451613
0.24000000000000002,47,571.4552098708183,71,0.042,0,0.2211045943304008
0.256,65,448.9459833632948,56,0.1024,1,0.2347585532746823
0.28,48,546.884711927656,68,0.042,0,0.26063538611925713
0.32,47,461.37289473923283,58,0.128,0,0.2990713587487781
0.37333333333333335,81,530.7320411710625,66,0.05600000000000001,2,0.35365591397849466
0.4266666666666667,83,533.8314350764979,67,0.084,2,0.4071456500488759
0.448,62,511.6322801158374,64,0.06720000000000001,1,0.4280097751710655
0.5066666666666667,81,605.3289146306574,76,0.028000000000000004,2,0.48855327468230697
0.512,60,538.2909426609249,67,0.1008,1,0.4924789833822092
0.5333333333333333,84,587.1184877748191,73,0.028000000000000004,2,0.5147507331378299
0.5599999999999999,43,531.0203969908563,66,0.084,0,0.5403225806451613
0.5599999999999999,86,582.2912209185984,73,0.028000000000000004,2,0.5414173998044965
0.5866666666666666,84,469.96630258667574,59,0.08533333333333334,2,0.5658944281524926
0.608,62,619.844732664973,77,0.033600000000000005,1,0.5900430107526882
0.6399999999999999,45,537.0574711528589,67,0.126,0,0.6204789833822091
0.64,59,596.7265924872456,75,0.033600000000000005,1,0.6217302052785924
0.672,57,582.6354932093782,73,0.033600000000000005,1,0.6534173998044966
0.7040000000000001,59,474.53095704602913,59,0.1024,1,0.6832277614858261
0.7466666666666666,81,533.7913338295306,67,0.028000000000000004,2,0.7271456500488758
0.7599999999999999,43,629.291738211768,79,0.042,0,0.7423558162267838
0.7733333333333332,83,570.0769084620447,71,0.028000000000000004,2,0.754437927663734
0.7999999999999999,47,591.1553631578169,74,0.042,0,0.7815738025415444
0.7999999999999998,81,632.8070316293041,79,0.028000000000000004,2,0.7823558162267837
0.8266666666666664,77,622.9432143124544,78,0.084,2,0.8088660801564025
0.84,48,596.9789055958148,75,0.042,0,0.8217302052785923
0.88,47,487.3828506267521,61,0.128,0,0.8595405669599218
0.8960000000000001,62,543.9975208150266,68,0.06720000000000001,1,0.8766353861192572
0.9066666666666664,79,593.2129025492738,74,0.05600000000000001,2,0.8882404692082109
0.9599999999999997,77,478.72700754559185,60,0.08533333333333334,2,0.9393841642228736
0.9600000000000002,64,568.6729325296455,71,0.1008,1,0.941104594330401
1.0560000000000003,62,624.778363257325,78,0.033600000000000005,1,1.0381994134897363
1.0880000000000003,65,604.7602527047633,76,0.033600000000000005,1,1.0698866080156406
1.1199999999999997,81,547.5813272764805,68,0.05600000000000001,2,1.1006353861192568
1.12,43,561.7808893048854,70,0.084,0,1.100948191593353
1.1200000000000003,67,589.3357574534604,74,0.033600000000000005,1,1.101573802541545
1.1520000000000004,65,494.0961601211559,62,0.1024,1,1.13169696969697
1.173333333333333,83,603.4489205292076,75,0.084,2,1.1550635386119252
1.2000000000000002,41,577.1621305113196,72,0.126,0,1.1812609970674488
1.253333333333333,81,678.3675601374115,85,0.028000000000000004,2,1.2366275659824044
1.2799999999999996,84,632.18436919993,79,0.028000000000000004,2,1.2623558162267836
1.3066666666666662,86,612.3821347642486,77,0.028000000000000004,2,1.2887096774193543
1.3200000000000003,43,676.465293921999,85,0.042,0,1.3032942326490717
1.3333333333333328,84,534.9355567319013,67,0.08533333333333334,2,1.313812316715542
1.3440000000000003,62,582.8421687549054,73,0.033600000000000005,1,1.325417399804497
1.3600000000000003,40,637.3642663760762,80,0.042,0,1.342512218963832
1.3760000000000003,64,585.3139072874585,73,0.033600000000000005,1,1.357417399804497
1.4000000000000004,38,617.4700475771513,77,0.042,0,1.3820430107526884
1.4080000000000004,62,662.5453276790699,83,0.033600000000000005,1,1.3909814271749759
1.4400000000000004,40,519.5320033589672,65,0.128,0,1.4201661779081138
1.4400000000000004,59,659.5564983399718,82,0.1008,1,1.4228250244379281
1.4933333333333327,81,573.5607070327528,72,0.05600000000000001,2,1.4745943304007814
1.5360000000000005,60,626.20318129933,78,0.06720000000000001,1,1.5181994134897365
1.546666666666666,83,595.3411625897405,74,0.084,2,1.5282404692082106
1.6000000000000005,59,541.6770625323808,68,0.1024,1,1.5806353861192577
1.626666666666666,81,687.2086461628417,86,0.028000000000000004,2,1.6101173020527852
1.6533333333333327,84,651.1900198885982,81,0.028000000000000004,2,1.6360019550342124
1.6800000000000004,48,603.5240328839162,75,0.084,0,1.6617302052785927
1.6799999999999993,86,638.2837753909199,80,0.028000000000000004,2,1.662512218963831
1.7066666666666659,84,536.5766187666893,67,0.08533333333333334,2,1.687145650048875
1.7600000000000005,50,621.8817810668542,78,0.126,0,1.7421994134897365
1.7920000000000007,67,591.6989975836931,74,0.06720000000000001,1,1.7735738025415453
1.8560000000000008,69,619.7956336052641,77,0.1008,1,1.8380430107526888
1.8666666666666658,86,610.6172431520522,76,0.05600000000000001,2,1.8485532746823061
1.8800000000000003,48,697.3659794465756,87,0.042,0,1.8636070381231675
1.919999999999999,84,642.1909723323623,80,0.084,2,1.9025122189638308
1.9200000000000004,52,674.470279700121,84,0.042,0,1.9031378299120238
1.9520000000000008,67,684.3784913552292,86,0.033600000000000005,1,1.93545063538612
1.9600000000000004,53,677.8444584587563,85,0.042,0,1.9432942326490719
1.9840000000000009,71,668.1603612401279,84,0.033600000000000005,1,1.9671378299120243
2.0000000000000004,52,547.8579022334801,68,0.128,0,1.9806353861192576
1.9999999999999991,86,699.0300541146295,87,0.028000000000000004,2,1.9836070381231663
2.016000000000001,72,664.7345695511934,83,0.033600000000000005,1,1.9989814271749764
2.026666666666666,83,681.8447369030008,85,0.028000000000000004,2,2.0099608993157374
2.048000000000001,71,534.1064942954295,67,0.1024,1,2.02847898338221
2.053333333333333,81,631.6704146755795,79,0.028000000000000004,2,2.035689149560117
2.0799999999999996,83,555.6128207348263,69,0.08533333333333334,2,2.0607917888563048
2.2399999999999993,86,612.4445390294243,77,0.05600000000000001,2,2.2220430107526874
2.2400000000000007,48,616.4163895240803,77,0.042,0,2.2220430107526887
2.240000000000001,67,627.776385995489,78,0.06720000000000001,1,2.2221994134897374
2.2800000000000007,50,630.478627568139,79,0.042,0,2.2623558162267847
2.2933333333333326,88,626.097847815866,78,0.084,2,2.275532746823069
2.304000000000001,69,643.9562651267784,80,0.1008,1,2.286512218963833
2.3200000000000007,48,718.0576065007851,90,0.042,0,2.3040762463343114
2.3600000000000008,45,700.5867714607701,88,0.126,0,2.343763440860216
2.3733333333333326,86,701.9479500111647,88,0.028000000000000004,2,2.357096774193548
2.3999999999999995,89,684.3529280451189,86,0.028000000000000004,2,2.3834506353861187
2.4000000000000012,67,706.2326098651672,88,0.033600000000000005,1,2.3837634408602164
2.4266666666666663,91,681.2082292358493,85,0.028000000000000004,2,2.4099608993157378
2.4320000000000013,71,672.0320873473386,84,0.033600000000000005,1,2.4151378299120245
2.453333333333333,89,553.9234614244215,69,0.08533333333333334,2,2.4341251221896383
2.4640000000000013,72,672.2409801170958,84,0.033600000000000005,1,2.4471378299120246
2.480000000000001,47,670.4907442490509,84,0.084,0,2.463137829912024
2.4960000000000013,71,564.7697687668951,71,0.1024,1,2.477104594330402
2.560000000000001,45,562.857159726951,70,0.128,0,2.540948191593354
2.613333333333333,86,634.7176349043068,79,0.028000000000000004,2,2.595689149560117
2.6399999999999997,88,645.4194524510489,81,0.028000000000000004,2,2.6226686217008797
2.6666666666666665,86,716.9436887235391,90,0.028000000000000004,2,2.650742913000977
2.6880000000000015,67,638.9603948109095,80,0.06720000000000001,1,2.6705122189638333
2.6933333333333334,83,708.5323307506085,89,0.084,2,2.6772531769305963
2.7520000000000016,65,654.0504171948565,82,0.1008,1,2.7348250244379293
2.7733333333333334,84,685.6854175577622,86,0.05600000000000001,2,2.7567839687194526
2.800000000000001,48,628.6535952853845,79,0.084,0,2.782355816226785
2.8266666666666667,83,595.100380753394,74,0.08533333333333334,2,2.808240469208211
2.8480000000000016,67,743.8671432918514,93,0.033600000000000005,1,2.832545454545456
2.8800000000000012,50,664.0037322047012,83,0.126,0,2.8629814271749767
2.8800000000000017,64,697.3235888885572,87,0.033600000000000005,1,2.8636070381231686
2.9120000000000017,62,669.4297990076597,84,0.033600000000000005,1,2.895137829912025
2.9440000000000017,64,583.134286629972,73,0.1024,1,2.9254173998044983
2.9866666666666664,86,639.7144099983828,80,0.05600000000000001,2,2.969178885630498
3.0000000000000013,48,735.8658034865007,92,0.042,0,2.984389051808408
3.0399999999999996,88,650.0697736576851,81,0.084,2,3.0226686217008796
3.0400000000000014,52,708.9381738848246,89,0.042,0,3.0239198435972643
3.0800000000000014,53,675.8532141340585,84,0.042,0,3.0631378299120247
3.1200000000000014,52,585.7791271271481,73,0.128,0,3.101417399804498
3.1199999999999997,86,725.5150382494944,91,0.028000000000000004,2,3.1042326490713585
3.136000000000002,67,645.7627011340134,81,0.06720000000000001,1,3.118668621700882
3.1466666666666665,89,706.3222760228605,88,0.028000000000000004,2,3.1304301075268817
3.1733333333333333,91,686.7181847978369,86,0.028000000000000004,2,3.1567839687194525
3.2,89,570.539188349617,71,0.08533333333333334,2,3.181104594330401
3.200000000000002,69,676.0710112535871,85,0.1008,1,3.1832942326490734
3.296000000000002,67,739.1571145854771,92,0.033600000000000005,1,3.2803890518084087
3.328000000000002,71,708.4719394685795,89,0.033600000000000005,1,3.311919843597265
3.36,86,645.085115046963,81,0.05600000000000001,2,3.34266862170088
3.3600000000000017,53,645.3994673771172,81,0.084,0,3.3426686217008816
3.360000000000002,72,702.7677874963479,88,0.033600000000000005,1,3.3437634408602173
3.392000000000002,71,569.7161773051981,71,0.1024,1,3.3731045943304028
3.413333333333333,88,662.8971618835105,83,0.084,2,3.3963147605083086
3.4400000000000017,55,662.7205287286049,83,0.126,0,3.422981427174977
3.493333333333333,86,759.1063454482737,95,0.028000000000000004,2,3.4781915933528835
3.52,89,726.2821333535105,91,0.028000000000000004,2,3.504232649071359
3.546666666666667,91,674.3603842896865,84,0.028000000000000004,2,3.52980449657869
3.560000000000002,53,738.9656684351013,92,0.042,0,3.5443890518084085
3.5733333333333337,89,579.7555613873027,72,0.08533333333333334,2,3.5545943304007825
3.5840000000000023,72,635.4457225333553,79,0.033600000000000005,1,3.5663558162267863
3.600000000000002,57,705.8844906373566,88,0.042,0,3.583763440860217
3.6160000000000023,74,647.9447497195407,81,0.033600000000000005,1,3.5986686217008823
3.640000000000002,59,691.9862933783855,86,0.042,0,3.623450635386121
3.6480000000000024,72,723.081634714142,90,0.033600000000000005,1,3.632076246334313
3.680000000000002,57,583.0231186973159,73,0.128,0,3.6614173998044985
3.6800000000000024,69,685.9000888944864,86,0.1008,1,3.6634506353861216
3.7333333333333334,91,624.0071741273377,78,0.05600000000000001,2,3.7155327468230697
3.7760000000000025,71,689.8137055065536,86,0.06720000000000001,1,3.7594506353861217
3.7866666666666666,89,649.9472666899181,81,0.084,2,3.7693352883675466
3.8400000000000025,69,577.3210312513351,72,0.1024,1,3.8212609970674514
3.8666666666666667,91,728.5271524299496,91,0.028000000000000004,2,3.8508993157380256
3.8933333333333335,88,713.7299997164529,89,0.028000000000000004,2,3.8772531769305965
3.920000000000002,53,642.0168026579591,80,0.084,0,3.902512218963834
3.9200000000000004,86,671.0072789550408,84,0.028000000000000004,2,3.9031378299120236
3.946666666666667,88,570.1693598986169,71,0.08533333333333334,2,3.927771260997068
4.000000000000002,52,660.675260437558,83,0.126,0,3.9829814271749773
4.032000000000003,72,618.5186047406211,77,0.06720000000000001,1,4.014043010752691
4.096000000000003,74,638.643038492967,80,0.1008,1,4.0785122189638345
4.106666666666667,91,608.58258863631,76,0.05600000000000001,2,4.088553274682307
4.120000000000002,53,701.7283139979136,88,0.042,0,4.103763440860217
4.160000000000001,93,647.1959615382468,81,0.084,2,4.142668621700881
4.160000000000002,50,689.3111356559267,86,0.042,0,4.143450635386121
4.192000000000003,72,721.0182447143834,90,0.033600000000000005,1,4.176076246334314
4.200000000000002,48,667.3844061520053,83,0.042,0,4.182981427174978
4.224000000000003,76,701.3893528921062,88,0.033600000000000005,1,4.207763440860218
4.240000000000002,50,562.9826644277047,70,0.128,0,4.220948191593354
4.240000000000001,91,703.108378466023,88,0.028000000000000004,2,4.223763440860216
4.256000000000003,77,695.3361967248306,87,0.033600000000000005,1,4.23960703812317
4.2666666666666675,95,683.6950537106164,85,0.028000000000000004,2,4.249960899315739
4.288000000000003,76,604.1429783903748,76,0.1024,1,4.269886608015643
4.293333333333334,96,659.695069389566,82,0.028000000000000004,2,4.276158357771261
4.32,95,567.023105880785,71,0.08533333333333334,2,4.301104594330401
4.48,91,601.4705615766591,75,0.028000000000000004,2,4.4617302052785925
4.480000000000002,53,619.2615952582183,77,0.084,0,4.462043010752691
4.480000000000003,72,627.5362154722505,78,0.06720000000000001,1,4.462199413489739
4.506666666666667,93,620.1596018252117,78,0.028000000000000004,2,4.488866080156403
4.533333333333333,91,731.2848968746262,91,0.028000000000000004,2,4.517565982404692
4.544000000000003,74,624.4425058713049,78,0.1008,1,4.526199413489739
4.560000000000002,55,653.6233204130511,82,0.126,0,4.54282502443793
4.56,88,664.2341913703788,83,0.084,2,4.5429814271749756
4.64,89,644.2449297508166,81,0.05600000000000001,2,4.622668621700879
4.640000000000003,72,675.821038990925,84,0.033600000000000005,1,4.623137829912027
4.672000000000003,76,678.2550297235766,85,0.033600000000000005,1,4.655294232649075
4.680000000000002,53,689.3071561143042,86,0.042,0,4.663450635386122
4.693333333333333,88,575.9522809218214,72,0.08533333333333334,2,4.674594330400782
4.704000000000003,77,644.8955787579807,81,0.033600000000000005,1,4.686668621700883
4.720000000000002,57,684.5623754869063,86,0.042,0,4.703450635386122
4.736000000000003,76,547.0363182270653,68,0.1024,1,4.71663538611926
4.7600000000000025,59,631.950249988921,79,0.042,0,4.7423558162267865
4.8000000000000025,57,545.073654502484,68,0.128,0,4.780635386119259
4.8533333333333335,91,641.4271545973498,80,0.05600000000000001,2,4.835845552297165
4.906666666666667,93,606.1143457306464,76,0.084,2,4.888553274682307
4.9280000000000035,72,595.5572481550937,74,0.06720000000000001,1,4.909573802541548
4.986666666666667,91,680.7109087251689,85,0.028000000000000004,2,4.969960899315739
4.9920000000000035,71,614.1658403770989,77,0.1008,1,4.974043010752692
5.013333333333334,95,662.8447529619827,83,0.028000000000000004,2,4.99631476050831
5.040000000000003,50,599.089359438536,75,0.042,0,5.021730205278595
5.04,96,659.0896095244278,82,0.028000000000000004,2,5.022825024437927
5.066666666666666,95,523.8748436200615,65,0.08533333333333334,2,5.04683284457478
5.080000000000003,52,618.2445897425908,77,0.042,0,5.062043010752691
5.088000000000004,72,692.5691770764915,87,0.033600000000000005,1,5.071607038123171
5.120000000000004,69,654.9196113218327,82,0.033600000000000005,1,5.102825024437931
5.120000000000003,50,686.5697474700029,86,0.042,0,5.103450635386122
5.152000000000004,67,630.365431774666,79,0.033600000000000005,1,5.134355816226788
5.160000000000003,47,660.3430097638612,83,0.126,0,5.142981427174979
5.184000000000004,69,516.8415887838727,65,0.1024,1,5.164166177908117
5.226666666666667,88,583.9019210659695,73,0.05600000000000001,2,5.208084066471163
5.28,89,609.2945720118513,76,0.084,2,5.26188660801564
5.280000000000003,48,620.7818202321291,78,0.084,0,5.262199413489739
5.360000000000003,47,513.4622458472139,64,0.128,0,5.340009775171069
5.36,88,669.4358130545013,84,0.028000000000000004,2,5.343137829912024
5.376000000000004,69,557.9486826977717,70,0.06720000000000001,1,5.356948191593356
5.386666666666667,91,633.0925051719469,79,0.028000000000000004,2,5.369022482893451
5.413333333333333,93,615.374507043688,77,0.028000000000000004,2,5.395376344086022
5.4399999999999995,91,497.6316972571683,62,0.08533333333333334,2,5.419696969696969
5.440000000000004,71,584.5036671830123,73,0.1008,1,5.4214173998045005
5.536000000000004,69,652.6714030290022,82,0.033600000000000005,1,5.518825024437931
5.568000000000004,72,647.486433817045,81,0.033600000000000005,1,5.550668621700884
5.6,88,561.1411527397327,70,0.05600000000000001,2,5.580948191593352
5.600000000000003,50,574.2949482425142,72,0.084,0,5.581260997067452
5.600000000000004,74,606.7714470593876,76,0.033600000000000005,1,5.581886608015644
5.632000000000004,72,513.7103237044038,64,0.1024,1,5.61200977517107
5.653333333333333,86,573.5321395010166,72,0.084,2,5.634594330400782
5.680000000000003,52,572.6754814268234,72,0.126,0,5.661260997067452
5.733333333333333,88,643.2065146545115,80,0.028000000000000004,2,5.715845552297165
5.76,84,606.9648621021229,76,0.028000000000000004,2,5.74188660801564
5.786666666666666,83,598.4855369507668,75,0.028000000000000004,2,5.768396871945258
5.800000000000003,50,620.6128798308989,78,0.042,0,5.78219941348974
5.813333333333333,84,501.95776398216447,63,0.08533333333333334,2,5.79318670576735
5.824000000000004,69,543.0855533770864,68,0.033600000000000005,1,5.804635386119261
5.840000000000003,53,594.5906677922582,74,0.042,0,5.821573802541548
5.856000000000004,71,548.8728326693363,69,0.033600000000000005,1,5.836791788856309
5.8800000000000034,55,575.4040745481079,72,0.042,0,5.861260997067452
5.888000000000004,69,618.3020633468213,77,0.033600000000000005,1,5.870043010752693
5.9200000000000035,53,488.41973049469686,61,0.128,0,5.899540566959925
5.920000000000004,65,593.9592415933355,74,0.1008,1,5.901573802541549
5.973333333333333,88,540.5876125315572,68,0.05600000000000001,2,5.95396871945259
6.0160000000000045,67,602.4633347836485,75,0.06720000000000001,1,5.997730205278597
6.026666666666666,89,555.387093742773,69,0.084,2,6.007458455522971
6.0800000000000045,65,461.30342542248036,58,0.1024,1,6.059071358748783
6.1066666666666665,88,615.0964224003685,77,0.028000000000000004,2,6.088709677419355
6.133333333333333,91,587.5428780891195,73,0.028000000000000004,2,6.1147507331378295
6.160000000000004,50,527.1193937166785,66,0.084,0,6.140322580645165
6.159999999999999,93,557.9605036156024,70,0.028000000000000004,2,6.140948191593352
6.186666666666666,91,467.2783524379554,58,0.08533333333333334,2,6.165738025415444
6.240000000000004,52,544.0973264835363,68,0.126,0,6.220635386119261
6.272000000000005,69,527.3269786431058,66,0.06720000000000001,1,6.252322580645166
6.336000000000005,71,517.9421298324503,65,0.1008,1,6.316166177908118
6.346666666666666,88,510.61550691317564,64,0.028000000000000004,2,6.326676441837732
6.360000000000004,50,590.8813544418608,74,0.042,0,6.341573802541548
6.373333333333332,89,551.1434142101293,69,0.028000000000000004,2,6.354125122189637
6.400000000000004,53,569.9566293502498,71,0.042,0,6.381104594330405
6.399999999999999,88,611.9344118870326,76,0.028000000000000004,2,6.3818866080156385
6.426666666666665,84,570.7101264294315,71,0.084,2,6.407771260997066
6.432000000000005,69,601.8635891544571,75,0.033600000000000005,1,6.413730205278597
6.440000000000004,55,553.5994282845292,69,0.042,0,6.420791788856309
6.464000000000005,72,567.9298779888508,71,0.033600000000000005,1,6.445104594330406
6.480000000000004,53,438.2013953673147,55,0.128,0,6.458602150537638
6.496000000000005,74,540.0530521526402,68,0.033600000000000005,1,6.476635386119262
6.506666666666665,86,531.9823217407068,66,0.05600000000000001,2,6.4869892473118265
6.528000000000005,72,437.8523767783523,55,0.1024,1,6.506602150537639
6.559999999999999,84,422.6071149774556,53,0.08533333333333334,2,6.5382893450635375
6.720000000000001,43,820.0,102,0.9,20,6.705953079178887
6.720000000000001,47,820.0,102,0.9,20,6.705953079178887
6.720000000000001,50,820.0,102,0.23727985251552208,20,6.705953079178887
6.720000000000001,67,820.0,102,0.9,20,6.705953079178887
6.720000000000001,71,820.0,102,0.9,20,6.705953079178887
6.720000000000001,74,820.0,102,0.9,20,6.705953079178887
6.852252285358866,81,470.17681352857454,59,0.5449999999999999,10,6.831480046844693
6.959633933180031,38,443.123929844831,55,0.5420721070031529,11,6.9382360837176655
6.968066753786295,50,520.0394572247783,65,0.5354377309322376,13,6.948232931694409
7.001403730429555,36,446.9553127290343,56,0.22470780679389601,13,6.980162283704237
7.018970154543167,33,403.26815511351776,50,0.5318514465519132,11,6.996790291395562
7.061278861787814,86,452.8503221369444,57,0.5301785739258547,12,7.040193817799544
7.107125817327438,45,517.5709466537479,65,0.5257557592764165,11,7.087291995235551
7.129435849454302,41,463.8041079230811,58,0.5203469311828444,13,7.108507208203081
7.134781942633276,40,431.279154412322,54,0.5174882298573785,13,7.113227690433862
7.143275802457501,83,509.1244946703578,64,0.2247049817145771,12,7.123285577628567
7.230485926275259,36,477.50591312804215,60,0.5156416249541977,13,7.209870090498133
7.373919200594366,83,464.59762892525055,58,0.5027553686787496,10,7.352990559343144
7.411320536937357,35,490.2408666305029,61,0.4772015857017019,13,7.3908611038972785
7.543400760128177,84,432.6072908774794,54,0.09006676715050765,10,7.521846507928764
7.5640304362505955,88,616.4512687129143,77,0.4410386651595147,10,7.546073447003284
7.595765558866501,81,615.4219594061974,77,0.22860153603972122,10,7.577808569619189
7.633960452386637,33,596.1113921186849,75,0.15186616221482196,13,7.615690657665229
7.6364342916970624,84,537.8586242229719,67,0.11323749805704064,12,7.616913275079272
7.648669482116373,28,612.9642781017253,77,0.4189882205986316,13,7.630712492869062
7.6922589209094925,89,542.9560070908955,68,0.32066094989317395,12,7.672894307028749
7.729623398887463,45,639.3951549440541,80,0.1544915514337174,11,7.7121356178512945
7.7420221512178555,29,587.1048709268179,73,0.3957173557484795,13,7.723439551022352
7.745143279902134,31,602.6683601496491,75,0.09288228166577184,13,7.726873485180726
7.754046178805911,84,567.3556356320656,71,0.39174886746553894,12,7.735150773136312
7.755180205399288,40,544.8057522855306,68,0.10813539751766921,13,7.735815591518545
7.7620700658859,36,575.101517744319,72,0.33129622035931383,13,7.743331062953349
7.7903574063903145,33,624.5033990782975,78,0.3873949886935012,13,7.772556819880051
7.79529777755715,48,594.5884111197281,74,0.27265363643838014,11,7.776871580098694
7.828741483958031,81,644.7540415770447,81,0.10292092504804173,10,7.8114101056589105
7.843181964304954,31,592.8471175150378,74,0.3700232342487032,13,7.824755766846498
7.865969561861238,40,667.1958300129578,83,0.3662217394327853,13,7.848950989036214
7.889427755795276,45,625.4839022962374,78,0.1038399176076038,11,7.871627169285012
7.920525458377999,83,611.6042449913109,76,0.35397889679243716,10,7.902412066393639
7.935411187109689,81,712.1559675754045,89,0.16696212110164577,10,7.919331030706952
7.9417369921111085,77,666.1236961006613,83,0.34173352858111117,10,7.9247184192860844
7.9982676734028795,45,627.4001795836591,78,0.10666773283091213,11,7.980467086892616
8.015730232483996,89,655.6752325125477,82,0.09006361817587816,12,7.998555256921923
8.034904697505215,52,608.6423622426781,76,0.3202951302953049,11,8.016791305520856
8.038674228357674,79,687.9552194511972,86,0.3151873594542725,10,8.022124863743795
8.070574624054428,88,676.3583120332673,85,0.314184305595879,12,8.053868856703499
8.070918178413907,48,695.036933464602,87,0.090623864133616,11,8.054525216537074
8.09789707803407,36,598.882147778149,75,0.30562345289812426,13,8.079627283312663
8.107998919159527,81,679.6030546460048,85,0.05411084512136178,10,8.091293151808598
8.10712015696693,45,766.1351981000687,96,0.29849380041365836,11,8.092134819723528
8.109229823289395,89,733.7535862515774,92,0.22397669163226552,12,8.093618875097802
8.11727135840863,100,748.838877337786,94,0.2955101072150634,12,8.101973215691132
8.119409109467115,96,686.722153512163,86,0.2742190443203548,12,8.102859744853236
8.166542042547523,48,694.3704306892894,87,0.20732394789127262,11,8.15014908067069
8.166327750595649,81,718.5764200211626,90,0.29283647541754176,10,8.15040399692996
8.176504163728092,50,692.4493546967042,87,0.2805482818526562,11,8.16011120185126
8.200398158948401,84,744.1534084088378,93,0.18123692139954606,10,8.184943613493855
8.224553541959889,95,811.0583587097448,101,0.2718315018543243,12,8.210350218401727
8.252448815314189,86,657.7102805076768,82,0.2656785264297349,10,8.235273839752116
8.262969148281378,33,740.6819344129692,93,0.25864986941299256,13,8.247514602826833
8.266313260817084,91,794.5761606175938,99,0.25602220550767274,12,8.251797131784826
8.280677694997218,76,786.370720409056,98,0.048869926038652596,10,8.266005163227911
8.28722134674028,31,743.9647737805016,93,0.1560213777791003,13,8.271766801285734
8.302814814943266,29,753.2776022560183,94,0.05840493501573086,13,8.287516672225768
8.308465429248583,72,784.7653316729411,98,0.050285043206817266,10,8.293792897479277
8.32125134675816,74,750.081068030425,94,0.2448183000145132,10,8.305953204040662
8.335173231984061,76,751.2846549822332,94,0.14455598072316433,10,8.319875089266564
8.33758090397347,89,768.6238333690067,96,0.23837240035525398,12,8.322595566730067
8.352313447749406,93,734.6321144048181,92,0.23779641339770713,12,8.336702499557813
8.364845291614735,72,729.7297725756267,91,0.167000560412501,10,8.349077940686094
8.366219749958997,29,755.1634002753648,94,0.18993138318925673,13,8.3509216072415
8.370390786413367,69,727.3107849512161,91,0.23101309298145356,10,8.354623435484726
8.377771171279461,48,751.6463155156284,94,0.23003591067187013,11,8.362473028561963
8.385383858451563,84,809.4662319866474,101,0.22831376251441615,10,8.371180534893401
8.399097361998615,96,661.3181939384937,83,0.22654679940574102,12,8.38207878917359
8.440111361214514,108,840.6390314199281,105,0.22338836438540804,12,8.426533648604543
8.446522294411853,31,834.0709823501638,104,0.21413923290606357,13,8.432788179064834
8.484729212707226,76,754.0310140347335,94,0.13123494440990313,10,8.469431069989728
8.489856657644964,45,758.1187020586698,95,0.14597904662469297,11,8.474714917664514
8.514390249318547,28,756.8870469504122,95,0.20334520578683513,13,8.499248509338097
8.515265428589732,47,806.5684754682874,101,0.19820498850405616,11,8.50106210503157
8.53653304655314,72,743.7246838147945,93,0.1091312332947546,10,8.521078501098595
8.54640616319949,77,757.007915019745,95,0.1936751341749584,10,8.53126442321904
8.551163791717254,40,849.2249603940369,106,0.0977297120322217,11,8.537742481844331
8.560838327674158,29,767.3021842492353,96,0.19074081081835426,13,8.545852990430756
8.561674204158885,33,752.3028722049287,94,0.07160520161668138,13,8.546376061441388
8.57372283919566,41,777.8733495264566,97,0.08218641405131322,11,8.558893904689306
8.581955696703023,52,751.8062590595132,94,0.12894985894326083,11,8.566657553985525
8.582074860792703,38,825.8338433168618,103,0.1847229436988893,11,8.568184342708637
8.590021356206824,100,747.0566409375311,93,0.18470007869779748,12,8.574566810752279
8.61861811606141,76,873.2574897842568,109,0.06670848735613866,10,8.605666014399631
8.621527338124586,69,817.2428846640481,102,0.0914470895382874,10,8.607480417303472
8.624349116850691,36,792.0256847642444,99,0.06030525122828479,11,8.609832987818434
8.637340989353278,33,802.2070751961171,100,0.15236115436996378,13,8.622981263058069
8.640366496058514,45,786.8084115651901,98,0.13933005429337342,13,8.625693964289207
8.650507877110847,72,755.5613427074082,94,0.05995042671748941,10,8.63520973439335
8.653440446105293,96,825.3568601453992,103,0.17213256732344834,12,8.639549928021227
8.654206309223571,40,835.4483401386808,104,0.05174693767967654,11,8.640472193876553
8.660596447772877,41,791.409001102684,99,0.1714863250633717,13,8.64608031874062
8.665837939729988,57,824.2002534910055,103,0.14682390686082492,11,8.651947421645922
8.67882695828273,71,779.4342465583835,97,0.16947661621347992,10,8.663998023776376
8.679695602821033,64,806.5731953584212,101,0.065198443075828,10,8.665492279262871
8.688351244919627,60,812.4791353489949,102,0.06376106105819523,10,8.674304324098513
8.68934156260488,36,807.2799038634187,101,0.06362447902459045,13,8.675138239046719
8.690938073773502,93,774.8953703000815,97,0.16552240118572176,12,8.676109139267147
8.69095221436574,76,843.9812723004208,105,0.1652590511568393,10,8.67737450175577
8.70583568094476,105,861.6743015356611,108,0.16525672162324062,12,8.692727176545933
8.710953246903248,40,830.1826208857273,104,0.14832229512831752,13,8.69721913155623
8.71592751203948,72,730.4436652413906,91,0.1613183255676825,10,8.700160161110839
8.714185125538757,52,837.5782054430621,105,0.1454080872237541,11,8.700607412928786
8.715339606041002,81,826.4836403776957,103,0.1615011698109466,12,8.701449087956936
8.71638358100434,88,824.3850542916571,103,0.07051472824503058,10,8.702493062920274
8.718130830399922,69,805.6241707004422,101,0.16115329316263532,12,8.70392750684176
8.745204606915879,48,902.7075893808752,113,0.16087774651422526,11,8.732878116202292
8.749112032211622,64,850.3389702356205,106,0.1567146730669745,11,8.735690722338699
8.75726870871487,60,804.2125386996444,101,0.06528239087788001,10,8.743065385156708
8.757184027944232,36,850.7909454517479,106,0.1395070030814186,11,8.74376271807131
8.783601731192551,45,836.6806782911243,105,0.13798326390458804,13,8.77002401858258
8.792680322934611,88,786.3471428800443,98,0.15116041906403788,12,8.778007791165304
8.794076532775051,33,828.0987396127692,104,0.07685546299253943,13,8.780342417428033
8.80943424610797,100,833.2392427726729,104,0.14971797119947383,12,8.795700130760952
8.818443860276053,57,783.4333576907646,98,0.10456909549598314,10,8.803771328506746
8.819265538369896,89,829.6666531315768,104,0.14648537642564385,12,8.805531423022877
8.827707502329798,60,800.8739678663843,100,0.14637939480713497,10,8.813347776034588
8.85568667462883,62,887.2032797646699,111,0.11147063878401375,10,8.843047378441147
8.864588347505661,40,819.8146800808819,102,0.10085383636329304,13,8.850541426684547
8.864436810025463,52,847.6818906989488,106,0.13530092928068072,11,8.85101550015254
8.865562827885489,38,850.917932987569,106,0.140843987423454,13,8.852141518012566
8.87671400945283,33,793.6143530070418,99,0.14073173592040283,13,8.862197880420572
8.901847433762699,36,836.6065415989829,105,0.1394677335250128,13,8.888269721152728
8.919736331285199,41,832.4908491786414,104,0.13506111522962183,13,8.90600221593818
8.91859301599626,93,906.3696722594667,113,0.09617345564550461,12,8.906266525282673
8.92502096772666,45,921.8519188067459,115,0.07194830193861079,13,8.913007282487168
8.926448928401557,57,860.7634330691616,108,0.05184122127957636,13,8.91334042400273
8.943015080101189,105,885.0366695264452,111,0.13429504717144708,12,8.930375783913506
8.96956741348158,88,858.9097524282288,107,0.13274300432525354,12,8.956302506345704
8.971224197554195,40,772.5025548291649,97,0.048611535618985686,11,8.95639526304784
8.9729126540117,65,822.3720312774375,103,0.1302997105621576,10,8.959022135927635
8.973408535309227,62,826.8499976703498,103,0.1301614968045106,10,8.959518017225161
8.980566363707581,64,852.8038599042421,107,0.05039375051328399,10,8.967301456571706
8.983759357892277,57,841.9967524208563,105,0.06724044128097695,10,8.970181645282306
8.996311423238,48,806.6322631637038,101,0.129295354999577,11,8.982108099679838
9.002282075139366,45,901.7913345772467,113,0.10973067528397074,13,8.989955584425779
9.00505054478024,52,830.1033643653627,104,0.09008230231643466,11,8.99131642943322
9.007897909747175,69,894.5766727400398,112,0.07415755086662024,10,8.99541501629654
9.01082087639067,100,868.3842735437156,109,0.12750353611362963,12,8.99786877472889
9.021174096275196,93,828.1043418813282,104,0.08896214748778675,12,9.007439980928178
9.024210122224988,40,810.6157935023429,101,0.12659833175511087,10,9.010006798666826
9.025300980056198,28,828.969896685238,104,0.1263993701089497,13,9.01156686470918
9.031160319548052,81,875.1010661461463,109,0.12632861472800272,10,9.018208217886272
9.036742127906104,64,819.6027997514745,102,0.12595519791207122,13,9.02269520708499
9.055843396436206,57,847.8257208354084,106,0.0457737138883595,10,9.042422086563283
9.067865050983702,36,855.9155687186322,107,0.12450531093626094,13,9.054600143847827
9.082567746713728,60,852.7682541251236,107,0.08739994625590952,10,9.069302839577853
9.083170189255865,59,892.4210461065135,112,0.05615108939934899,10,9.07068729580523
9.08752466882494,69,870.4254199349131,109,0.07671041096228215,10,9.07457256716316
9.099194430674387,52,876.2809292918361,110,0.12293775437378723,11,9.086398731749656
9.10297819136223,91,947.3706418681383,118,0.12244392773748036,12,9.091433714333881
9.10630430485047,57,863.0393207767196,108,0.08314911605919739,10,9.093195800451642
9.114469890120006,50,847.6881261388813,106,0.12216519896613098,11,9.101048580247083
9.114823438288887,93,846.8970028636571,106,0.12186579913587509,12,9.101402128415964
9.118733180530864,45,816.5572915510701,102,0.12185333660841557,11,9.10468625970975
9.125222665211643,72,876.1029485131608,110,0.062032288970350964,11,9.112426966286911
9.144668786974664,89,873.5302996692909,109,0.12150537333224959,12,9.131716685312885
9.145259695077502,59,846.9818422818358,106,0.1209514243118191,11,9.13183838520458
9.168453066101982,69,911.6932099782556,114,0.04655921173370004,10,9.156282978125443
9.17481129023259,60,864.419285528201,108,0.12044565879560148,11,9.161702785833763
9.193036967867233,72,843.0922536933249,105,0.12034252465962575,11,9.179459255257262
9.193984212698522,57,886.6860807657151,111,0.12012196762747135,11,9.18134491651084
9.201158996240473,84,917.5831844522932,115,0.12011354916162159,12,9.189145311000981
9.21036145652501,88,819.1010183739064,102,0.1200595574989175,12,9.196314535703896
9.21071763902091,33,873.5800508021831,109,0.12001558713075522,13,9.19776553735913
9.222671124365498,69,775.6679881691399,97,0.060349702232795795,11,9.207842189859143
9.226956859111455,100,901.8201417595884,113,0.12000119711666551,12,9.214630368397868
9.234907869153286,86,879.3986490094691,110,0.06951600017703441,12,9.222112170228554
9.237627942145439,98,892.1913492529076,112,0.09897167836765675,12,9.225145048694804
9.243840327112189,35,887.8926036660105,111,0.12005213557171851,13,9.231201030924506
9.249293549928298,45,881.612238335816,110,0.12009535437069002,13,9.236497851003566
9.258163266434883,48,851.6990544509936,106,0.120143960595263,11,9.24474195656196
9.263954368918432,81,865.7591507163175,108,0.059230418422745575,10,9.250845864519604
9.270271459530335,47,853.5414861053116,107,0.12032407262521638,11,9.25700655239446
9.27219566440148,89,857.1829973223541,107,0.10990343797895086,12,9.258930757265604
9.275877208678926,36,856.4670877376096,107,0.12045694278078778,13,9.26261230154305
9.28370124192185,101,822.9821782471914,103,0.12052364821255768,12,9.269810723837784
9.286926007438957,69,835.8833400414245,104,0.12068047557889527,10,9.273191892091939
9.309736674804416,86,861.7556286819596,108,0.05164062307401885,12,9.296628170405588
9.32943600923756,81,796.9593064566159,100,0.12134967233593835,10,9.31507628294235
9.329962244966435,72,889.8712921057414,111,0.12200624792800374,10,9.317322948778752
9.334729088370432,38,855.3723270569819,107,0.10033594098818888,11,9.321464181234557
9.33508068079876,74,903.0874905961883,113,0.06242122647090554,12,9.322754190085172
9.338623966494529,62,813.977041623208,102,0.12221817853636485,12,9.324577045673415
9.341756023250143,98,891.3464532071827,111,0.12235661802144293,12,9.32911672706246
9.352158144477801,50,847.9993509717782,106,0.11512170527983201,13,9.338736834604878
9.353512120837209,33,827.1959141971953,103,0.12165781571433676,13,9.339621602753143
9.366533700615483,86,853.1977029008318,107,0.05381489189284928,10,9.353268793479607
9.369079898343752,77,846.0282675665799,106,0.12359249526579791,10,9.35565858847083
9.382973433916904,76,858.8988485046547,107,0.12371805922641677,10,9.369708526781029
9.385691477746999,89,924.4886065211288,116,0.12444082666756828,10,9.373834195244555
9.402590785574187,36,883.1981142761952,110,0.12458964866079725,11,9.389795086649455
9.402658310006712,74,895.8612935843729,112,0.07322454655030952,10,9.390175416556078
9.41108762715743,71,882.5622132412708,110,0.12557339616534302,12,9.398291928232698
9.416120711218946,40,756.1118631954167,95,0.1150622872737238,13,9.400978971238496
9.41847720197179,69,793.5429050762593,99,0.1264209052216862,12,9.403961072939532
9.42550499524538,86,848.5925444844888,106,0.061859390288366074,12,9.412083685372457
9.425008444940467,88,925.7573633343,116,0.12657532768290197,10,9.413151162438023
9.433829429595457,79,822.7563034630393,103,0.0683664506524363,10,9.419938911511391
9.439439418410428,38,886.8669388925797,111,0.10043578652444551,13,9.426800122222746
9.465186129908,29,797.2373215307173,100,0.1280283109439217,11,9.45082640361279
9.47102862786125,50,911.6644766058017,114,0.07843665010108836,13,9.45885853988471
9.47483522860747,81,927.2856211048917,116,0.13048553989857897,12,9.462977946105026
9.480482742025641,33,807.2976723612796,101,0.13080321417209884,11,9.46627941846748
9.48182127297931,74,845.0724327264204,106,0.07343270498452525,10,9.468399963106387
9.49048755268917,86,940.3230178883167,118,0.07376237615706216,10,9.478943075660823
9.494611330062042,45,840.8901683275515,105,0.13215787977604843,11,9.481033617452072
9.505128428170346,77,757.9820537100941,95,0.1325277033040016,12,9.489986688189896
9.505788255614462,79,898.6671842354075,112,0.13349517318483278,10,9.493305362163827
9.518952594439122,62,876.1338192113998,110,0.06868351282219443,10,9.50615689551439
9.534931776596286,40,823.7909778097203,103,0.0489398472657453,13,9.52104125851222
9.545657218620114,38,847.6922035280678,106,0.13642501890499031,11,9.532235908747191
9.555403694384626,50,865.9764495285084,108,0.11192690223250856,11,9.542295189985799
9.558038640638307,43,909.4902177128728,114,0.13859711527984192,13,9.545868552661767
9.560723186174979,74,825.383427709977,103,0.053685923633705175,10,9.546832668090913
9.570031942531472,86,902.256425879647,113,0.09892968347118802,12,9.557705451817885
9.578015143991742,41,815.4418428149481,102,0.14022788331206282,11,9.563968223170628
9.585565944585866,69,879.6739693901666,110,0.14114529573834694,10,9.572770245661134
9.588558818387936,40,836.8681354396938,105,0.06149474542926015,11,9.574981105777965
9.5916491557308,98,862.2511955518157,108,0.12288220287763962,12,9.578540651331972
9.59310531547246,62,853.0757899376418,107,0.14275656541638054,13,9.579840408336585
9.599230195697931,48,852.5332492138671,107,0.14293195499984535,13,9.585965288562056
9.609910847614083,53,836.3080273767714,105,0.1437110668637646,11,9.596333135004112
9.619565512545732,74,818.4360103936393,102,0.049067721876275956,10,9.605518591724618
9.650954134945117,77,771.7954219605547,96,0.05743695646424463,10,9.635968797701715
9.655209966554244,40,832.9487472304202,104,0.1504067894192248,11,9.641475851207225
9.659858882183443,89,820.2005069169084,103,0.15099519746001572,10,9.645968364099376
9.6641756225134,65,782.4218391934565,98,0.15164388507068033,10,9.649503090744092
9.672174193880087,50,875.5961966692955,109,0.15335452694005658,13,9.659222092218307
9.67191280431448,74,902.4873539597834,113,0.15225174961397642,10,9.659586313600894
9.674276202896634,84,837.0944053113743,105,0.15339207900602414,12,9.660698490286663
9.675525653373139,86,822.7006561441725,103,0.11196992020007179,12,9.661635135289073
9.680054142244877,36,838.2835568474713,105,0.1538752713754376,11,9.666476429634907
9.686443751427229,26,853.1636564670304,107,0.06252495686600923,11,9.673178844291353
9.690412788437358,45,843.507191286665,105,0.11952432993192097,13,9.676835075827388
9.71198346677593,77,838.456350907464,105,0.15605977907089263,12,9.69840575416596
9.719844164082534,98,844.7299268892104,106,0.15933436248684302,12,9.706422854209611
9.753186694607997,26,897.5811375209905,112,0.1605594320711245,11,9.740703801157363
9.755681494318768,95,805.7383052839457,101,0.16594082041056568,12,9.741478170760606
9.769092576619574,91,849.9788654870878,106,0.12151698666944888,12,9.755671266746651
9.770072427379988,81,863.1582762822994,108,0.05365616326571122,12,9.75696392298116
9.772143146140184,33,829.367069300314,104,0.16877826479699404,11,9.758409030793166
9.792651976310259,86,819.9243832998765,102,0.0615773163383161,12,9.778605055489145
9.806540725583913,69,694.7378536178118,87,0.17268744607383174,10,9.79014776370708
9.814624312895184,45,857.0004476659847,107,0.1115387382827685,13,9.801359405759309
9.817687270180441,21,778.7730785565665,97,0.1766150421835901,11,9.802858335674086
9.823538181540865,62,879.6075263933598,110,0.0699158440805342,10,9.810742482616133
9.826670362325066,67,747.6944523743442,93,0.1782424692372327,10,9.81121581687052
9.830292618016179,81,780.3077757123496,98,0.14636567656200483,12,9.815620086246872
9.835395492203338,76,802.5392100029093,100,0.1794885441850707,10,9.821035765908128
9.840119778981009,84,852.4177332505772,107,0.17753140154528857,12,9.826854871845134
9.845763007200485,41,840.951312383496,105,0.11939360938267363,13,9.832185294590515
9.8492009691475,47,815.7326309003598,102,0.18238395099210508,13,9.835154048326386
9.859090744910876,43,760.6045333631366,95,0.18482906244962533,13,9.843949004930426
9.858597129862066,38,832.4633512656563,104,0.18303513669764876,11,9.844863014515047
9.859698500859718,86,794.3351283037005,99,0.055630774799710354,12,9.84518237182746
9.86468151435207,50,770.9758972694366,96,0.059790543837554895,11,9.849696177108667
9.865648441139548,53,790.8772635947711,99,0.11248488405216939,13,9.851132312107291
9.86606997497776,88,772.7299034389774,97,0.16105946372902913,12,9.851241040471406
9.86717393570543,48,780.5705573057746,98,0.18627049676467344,13,9.852501403936124
9.874842968185977,55,867.5875815758872,108,0.18648453561781447,11,9.86173446378715
9.891290379520022,89,760.5896353823703,95,0.18797916220222216,12,9.876148639539572
9.897799201607693,91,737.209155009356,92,0.08808926613291568,12,9.8821882534161
9.899392442043686,62,835.3702743582181,104,0.06810844596923793,13,9.885658326696667
9.906737274203117,77,873.9008797016207,109,0.19285319823687164,10,9.893785172541337
9.920016470185333,86,806.6351551242343,101,0.12963945390171794,12,9.905813146627171
9.925817791948813,83,753.6517878662835,94,0.1970507910187561,10,9.910519649231315
9.92900284997848,50,792.0315133701104,99,0.10975461123931829,13,9.914486720946222
9.93288348128548,45,770.103340605721,96,0.12120695363335343,11,9.917898144042077
9.950446343246629,98,811.9518462748717,101,0.05825458977121912,10,9.936243019688467
9.971095033005446,41,793.1385091937124,99,0.10410642785009017,11,9.956578903973188
9.97359570717226,62,773.955630375015,97,0.19516031602138895,13,9.958766772665905
9.981189086367038,81,810.9854490186185,101,0.20837370907703673,10,9.966985762808877
9.984071741614006,53,744.9807953317683,93,0.1361959610971909,11,9.96861719615946
9.99229609237404,91,662.9841513730689,83,0.2106550081684459,12,9.975277519549016
10.012559932390156,100,814.3928046665861,102,0.21246078843187854,12,9.998513011569042
10.014013738491943,98,789.128653301561,99,0.2156531277680206,12,9.999497609459686
10.022807583263345,84,846.9514837832339,106,0.21729034548351212,10,10.009386273390422
10.031191022284501,88,825.3550405571463,103,0.21927052636652844,10,10.017300504200435
10.04438307216599,50,758.6773499478518,95,0.0838625313612934,13,10.02924133218554
10.055125132298196,86,782.028214722729,98,0.22418693169306114,12,10.040452600528889
10.059716045867024,45,734.3330922319335,92,0.22666463937497566,13,10.04410509767543
10.0627139753715,74,787.4410447487758,98,0.2277294642101052,10,10.048041443602193
10.065795386809492,57,761.5073465622928,95,0.14804393026519846,13,10.050653646829042
10.081765488226015,41,708.6819653323691,89,0.16182563379298365,13,10.065685331823278
10.086420869213772,38,752.6291985226591,94,0.07235046247295862,13,10.071122726496274
10.091457992036734,96,700.072655407904,88,0.23399142983105142,12,10.07522143289695
10.091529310525594,43,763.2512459010242,95,0.23518522634483235,13,10.076387570545144
10.09241685055637,33,744.6312813946855,93,0.23520215691066604,13,10.076962305101825
10.103213719545911,93,709.803800909388,89,0.10582668203513002,12,10.087133563143174
10.109133087693179,69,717.5499533925436,90,0.23798641546044846,11,10.09320933402749
10.125111299974149,53,754.9154756690779,94,0.23940474580006238,11,10.109813157256651
10.132619992579091,50,792.2531876141347,99,0.2432587549576945,13,10.118103863546834
10.13580694906342,89,760.24405712223,95,0.1777885726565981,12,10.12066520908297
10.157167770480378,101,729.0805998486367,91,0.24585878661664995,10,10.141400419551736
10.160710460343925,47,755.4312736501969,94,0.2510978138594381,13,10.145412317626427
10.163614928949682,38,756.4025240475464,95,0.2519724781804413,11,10.148473188969232
10.17438163414184,62,740.3137134726026,93,0.25269076170637994,13,10.158927088687294
10.183793746611993,77,773.1656391231711,97,0.2553625990694127,10,10.168964812105639
10.205492844842773,52,727.1170107732214,91,0.2577098683888335,13,10.189725493914132
10.213883998843993,93,722.8970198200199,90,0.21619077076874127,10,10.197960245178304
10.21748472035069,55,623.9644008559111,78,0.2652825886487994,13,10.199684133840426
10.218682914337643,57,766.4339198704962,96,0.20572896354191073,13,10.20369757709424
10.235136074471109,98,770.2758059543629,96,0.25099046647444545,10,10.220150737227707
10.248278316544903,41,730.8769719930391,91,0.15177077963817076,11,10.232510965616262
10.31490537825531,100,668.101242936362,84,0.24687059806426326,12,10.298043208167332
10.319690340879353,89,704.4665863162693,88,0.29134594876944647,12,10.303453781739568
10.405831109868313,41,690.7309454338608,86,0.2926002483938644,11,10.389281745254433
10.415869734049028,40,607.8300921427402,76,0.3153832002436127,11,10.39775634206467
10.417896625896024,59,658.641791549118,82,0.3180564485180827,13,10.400721650333951
10.43191432167232,57,643.7672292542973,80,0.2529388285438906,13,10.414426540636152
10.43616958877207,93,660.1038675264704,83,0.3223336587372683,12,10.419151015947046
10.47250985111465,62,609.3919865424019,76,0.06864546168964203,13,10.45439645913029
10.49300337379013,98,671.7650714203181,84,0.0766654076209069,10,10.476141203702152
10.546155312804292,62,604.9856943133713,76,0.3386418591108354,13,10.528041920819932
10.567245184530716,100,645.9801144860336,81,0.35280513560988275,10,10.549913806231595
10.575607197833323,98,624.5746713528155,78,0.10238013202014329,10,10.557806611323059
10.622298089526105,38,624.4798376476256,78,0.3015193016570369,11,10.60449750301584
10.68267452437937,98,641.4473289303318,80,0.05602814602246554,10,10.665186743343202
10.691104372112594,57,575.6186884535736,72,0.0842669005895268,13,10.672365369180042
10.722970564136347,96,578.8746067823344,72,0.10688345076143768,10,10.704231561203795
10.744641086824123,98,591.0034288424164,74,0.39892007353564196,10,10.726214889365668
10.75726969550755,53,532.250668717262,67,0.40439162435488885,13,10.737748678889758
10.761135788017056,86,568.4010357640657,71,0.18298054278367004,12,10.742240382347456
10.774298691547814,55,552.0339339167635,69,0.40852082482578544,13,10.75509048040412
10.77958925901688,57,615.5933233429054,77,0.41179261386459676,13,10.761632269769569
10.833915598475496,96,622.5901431277567,78,0.4131015823897456,12,10.816115011965232
10.845571381467096,60,524.6979811786846,66,0.08162665427284821,13,10.825893962112257
10.852850788096312,40,520.9692559880962,65,0.42910890525663836,11,10.833016966004426
10.874442018212262,93,595.2823300647857,74,0.430836196146583,12,10.856015820753807
10.896006552925577,59,538.6705329343127,67,0.4359105094032411,13,10.876485536307786
10.911616302907559,105,596.7135609876705,75,0.44090256900463154,12,10.893346508186152
10.93116343223886,38,505.06282561239436,63,0.17868431723226308,11,10.911016804672878
10.930634008369465,60,607.0062013942103,76,0.444466676192421,13,10.912520616385105
10.949272733537773,86,556.3479716290811,70,0.44886887567024475,12,10.930220925131126
10.963682402427745,50,551.3844160890735,69,0.25214616825890246,11,10.94447419128405
11.053715970951044,84,531.4829135885816,66,0.45603561482240446,12,11.034038551596206
11.086688925833863,81,537.1226607114498,67,0.47476617029931106,12,11.067167909216073
11.114222138522932,38,532.3460067378257,67,0.4811827066158672,11,11.09470112190514
11.13218028595794,45,430.19562555938495,54,0.38930228691526814,11,11.110626033758527
11.148752032308607,77,486.6853458727974,61,0.48961413658365077,12,11.12829259926853
11.200589487222157,47,533.1124116483717,67,0.4925594132011598,11,11.181068470604366
11.22129777889779,50,528.355322607419,66,0.5013186101156655,11,11.201620359542952
11.322343077157324,71,520.6560840292967,65,0.16507441581582227,12,11.302509255065438
11.338830513900785,100,480.46335967897244,60,0.056083432864897705,10,11.318214678123658
11.368401625092968,48,438.930455840481,55,0.5210852675114708,11,11.347003775630602
11.385749222875292,67,419.1782464846224,52,0.3370709139771034,12,11.363882165201783
11.400383154976826,100,454.3505066059237,57,0.15655290469002636,10,11.379298110988556
11.423316359622632,98,495.1188554916173,62,0.20893676114798942,10,11.403013329319602
11.427312126477162,86,507.7640153197926,63,0.5304017922802367,10,11.40716549891118
11.434614326718409,62,522.144089883164,65,0.279760062333401,12,11.414780504626522
11.45298074272178,65,456.6172122324713,57,0.2269340185397145,12,11.43189569873351
11.475001039274625,41,440.90470323858216,55,0.5331489948129107,11,11.45360318981226
11.494919936765912,71,388.4563211376801,49,0.5350081941715206,12,11.47258367088126
11.5207129522333,57,489.10000213616723,61,0.05152287169418102,13,11.500253519193222
11.527577392032544,45,378.04793981917044,47,0.2702378572343197,11,11.504928320673795
11.561466851455709,100,479.64925030978776,60,0.10583284408694638,10,11.540851015678582
11.575505958877468,72,369.79388966426643,46,0.5407970714934732,12,11.55270048478167
11.57817424034977,57,437.35490024462763,55,0.5415065463341525,13,11.556776390887403
11.637565926244719,98,479.3487999814947,60,0.5416340393424106,10,11.616950090467592
11.638133969385688,38,458.98645929316075,57,0.5438608686732271,11,11.617048925397418
11.666794215253251,69,473.47138829996914,59,0.5438765000115371,13,11.646021976739076
11.67339451470199,100,427.81384054500836,53,0.5445252067007778,10,11.651683859765528
11.68585317768378,65,408.6002772812189,51,0.22411847432012955,13,11.663829717273224
11.72,43,460.94118330084484,58,0.084,0,11.699071358748778
11.72,62,490.98144293911344,61,0.06720000000000001,1,11.699540566959923
11.72,81,487.8283756757114,61,0.05600000000000001,2,11.699540566959923
11.72,36,820.0,102,0.9,20,11.705953079178887
11.72,40,820.0,102,0.9,20,11.705953079178887
11.72,55,820.0,102,0.9,20,11.705953079178887
11.72,60,820.0,102,0.5009002932551326,20,11.705953079178887
11.72,64,820.0,102,0.05305669599218,20,11.705953079178887
11.72,67,820.0,102,0.21368230694037116,20,11.705953079178887
11.773333333333333,79,519.3064416718215,65,0.084,2,11.753499511241447
11.784,64,510.7138629967045,64,0.1008,1,11.764009775171067
11.8,45,519.7386370974693,65,0.126,0,11.780166177908114
11.853333333333333,81,578.0346595812059,72,0.028000000000000004,2,11.834594330400781
11.88,77,552.1781830849014,69,0.028000000000000004,2,11.860791788856305
11.88,62,571.6843691965584,71,0.033600000000000005,1,11.861104594330401
11.906666666666668,76,571.6008929286912,71,0.028000000000000004,2,11.887771260997068
11.912,65,560.1088381436838,70,0.033600000000000005,1,11.892948191593353
11.92,43,569.8368238563045,71,0.042,0,11.9011045943304
11.933333333333335,77,444.6609449160637,56,0.08533333333333334,2,11.912091886608017
11.944,67,541.095121495392,68,0.033600000000000005,1,11.924635386119258
11.959999999999999,47,555.1243257780385,69,0.042,0,11.940791788856304
11.976,65,427.1006217690573,53,0.042666666666666665,1,11.95428934506354
11.999999999999998,48,533.8856514637016,67,0.042,0,11.980478983382207
12.018666666666668,67,387.1006217690573,48,0.042666666666666665,1,11.996173998044966
12.039999999999997,47,458.24070266591855,57,0.05333333333333334,0,12.018914956011727
12.061333333333334,65,427.1006217690573,53,0.042666666666666665,1,12.039622678396873
12.09333333333333,48,418.24070266591855,52,0.05333333333333334,0,12.071466275659821
12.093333333333335,81,503.4517809471606,63,0.05600000000000001,2,12.073186705767354
12.146666666666665,47,458.24070266591855,57,0.05333333333333334,0,12.125581622678395
12.146666666666668,83,520.5993767392406,65,0.084,2,12.126832844574782
12.168000000000001,62,524.0469487439873,66,0.06720000000000001,1,12.148322580645162
12.226666666666668,81,617.9914068142576,77,0.028000000000000004,2,12.208709677419357
12.232000000000001,60,506.9183534555724,63,0.032,1,12.21185337243402
12.253333333333336,84,579.3160465848698,72,0.028000000000000004,2,12.234594330400784
12.264000000000001,62,466.9183534555724,58,0.032,1,12.243071358748779
12.279999999999998,43,504.780351277319,63,0.084,0,12.259853372434016
12.280000000000003,86,568.1475497259945,71,0.028000000000000004,2,12.261104594330403
12.296000000000001,60,506.9183534555724,63,0.032,1,12.27585337243402
12.30666666666667,84,466.5716084770504,58,0.08533333333333334,2,12.285738025415448
12.328000000000001,62,608.3387760650562,76,0.033600000000000005,1,12.309886608015642
12.359999999999998,45,542.5258752852254,68,0.126,0,12.340635386119255
12.360000000000001,59,607.0671776574452,76,0.033600000000000005,1,12.341886608015642
12.392000000000001,57,568.7292533918582,71,0.033600000000000005,1,12.373104594330401
12.424000000000001,59,483.6265934311649,60,0.042666666666666665,1,12.403384164222874
12.466666666666669,60,443.6265934311649,55,0.042666666666666665,1,12.445268817204303
12.46666666666667,81,528.5615314849274,66,0.028000000000000004,2,12.446989247311832
12.479999999999997,43,640.3888484242901,80,0.042,0,12.462512218963829
12.493333333333338,83,543.89457650761,68,0.028000000000000004,2,12.473968719452595
12.509333333333334,59,483.6265934311649,60,0.042666666666666665,1,12.488717497556207
12.519999999999996,47,586.4607649502474,73,0.042,0,12.501417399804492
12.520000000000005,81,630.3535220539443,79,0.028000000000000004,2,12.502355816226789
12.546666666666672,77,611.7256538249017,76,0.084,2,12.528553274682313
12.559999999999995,48,605.6882512363472,76,0.042,0,12.541886608015636
12.599999999999994,47,487.58242468438345,61,0.128,0,12.579540566959917
12.616000000000001,62,550.4420784013903,69,0.06720000000000001,1,12.596791788856306
12.626666666666672,79,595.004477059783,74,0.05600000000000001,2,12.608240469208218
12.680000000000005,77,483.7071911770703,60,0.08533333333333334,2,12.659384164222878
12.680000000000001,64,578.471589431563,72,0.1008,1,12.66126099706745
12.776000000000002,62,656.9850350788023,82,0.033600000000000005,1,12.758825024437929
12.808000000000002,65,610.2012278485626,76,0.033600000000000005,1,12.789886608015642
12.839999999999995,43,555.8719474593166,69,0.084,0,12.8207917888563
12.840000000000005,81,555.0729065422812,69,0.05600000000000001,2,12.82079178885631
12.840000000000002,67,608.7432669124137,76,0.033600000000000005,1,12.821886608015642
12.872000000000002,65,517.1347987258279,65,0.042666666666666665,1,12.852166177908115
12.893333333333338,83,577.3793216049963,72,0.084,2,12.874594330400786
12.914666666666669,67,477.13479872582786,60,0.042666666666666665,1,12.894050830889542
12.919999999999995,41,575.7138589549451,72,0.126,0,12.901260997067443
12.957333333333334,65,517.1347987258279,65,0.042666666666666665,1,12.937499511241448
12.973333333333338,81,646.3561291913481,81,0.028000000000000004,2,12.956001955034218
13.000000000000005,84,649.9524999431458,81,0.028000000000000004,2,12.982668621700885
13.026666666666673,86,624.5814411102091,78,0.028000000000000004,2,13.008866080156409
13.039999999999994,43,662.9327201746746,83,0.042,0,13.022981427174969
13.05333333333334,84,524.6581457331417,66,0.035555555555555556,2,13.033655913978501
13.064000000000002,62,601.0422165550491,75,0.033600000000000005,1,13.045730205278595
13.079999999999993,40,624.4836335525993,78,0.042,0,13.06219941348973
13.088888888888896,86,484.65814573314174,61,0.035555555555555556,2,13.068429455848818
13.096000000000002,64,587.0183841440514,73,0.033600000000000005,1,13.077417399804498
13.119999999999992,38,596.4455869382497,75,0.042,0,13.101730205278585
13.124444444444451,84,524.6581457331417,66,0.035555555555555556,2,13.104767025089613
13.128000000000002,62,650.5334873113596,81,0.033600000000000005,1,13.110668621700881
13.159999999999991,40,519.2014883146473,65,0.05333333333333334,0,13.140166177908105
13.160000000000002,59,632.0337374645976,79,0.1008,1,13.142355816226786
13.213333333333324,41,479.20148831464735,60,0.05333333333333334,0,13.192717497556197
13.21333333333334,81,620.5970461961397,78,0.05600000000000001,2,13.195532746823076
13.256000000000002,60,636.4534241632998,80,0.06720000000000001,1,13.238512218963834
13.266666666666659,40,519.2014883146473,65,0.05333333333333334,0,13.246832844574772
13.266666666666673,83,585.5671735702889,73,0.084,2,13.248084066471169
13.320000000000002,59,534.0539556265447,67,0.042666666666666665,1,13.300478983382211
13.346666666666673,81,670.6282056560482,84,0.028000000000000004,2,13.329804496578696
13.36266666666667,60,494.05395562654473,62,0.042666666666666665,1,13.34236363636364
13.37333333333334,84,648.5311803528193,81,0.028000000000000004,2,13.35600195503422
13.399999999999991,43,588.1103922404653,74,0.084,0,13.381573802541537
13.400000000000007,86,628.1354023229687,79,0.028000000000000004,2,13.382355816226791
13.405333333333335,59,534.0539556265447,67,0.042666666666666665,1,13.385812316715544
13.426666666666675,84,525.6069345777394,66,0.035555555555555556,2,13.406989247311836
13.46222222222223,86,485.60693457773937,61,0.035555555555555556,2,13.441762789182153
13.479999999999992,45,606.5872176312445,76,0.04,0,13.461886608015632
13.497777777777786,84,525.6069345777394,66,0.035555555555555556,2,13.478100358422948
13.512000000000002,67,612.1048172637603,77,0.06720000000000001,1,13.49404301075269
13.51999999999999,47,566.5872176312445,71,0.04,0,13.501104594330391
13.559999999999992,45,606.5872176312445,76,0.04,0,13.541886608015632
13.576000000000002,69,607.5644269678692,76,0.032,1,13.557886608015643
13.586666666666675,86,591.9671039829924,74,0.05600000000000001,2,13.56824046920822
13.59999999999999,43,716.424745326505,90,0.042,0,13.584076246334302
13.608000000000002,71,567.5644269678692,71,0.032,1,13.589104594330403
13.640000000000002,69,607.5644269678692,76,0.032,1,13.621886608015643
13.640000000000008,84,629.3216984070472,79,0.084,2,13.622355816226792
13.63999999999999,47,669.9773664700607,84,0.042,0,13.623137829912013
13.672000000000002,67,730.0680170918347,91,0.033600000000000005,1,13.656232649071361
13.679999999999989,48,655.0891393562542,82,0.042,0,13.662825024437916
13.704000000000002,71,676.6261719097934,85,0.033600000000000005,1,13.687294232649073
13.719999999999988,47,531.4181028739874,66,0.128,0,13.70032258064515
13.720000000000008,86,698.5634150889522,87,0.028000000000000004,2,13.703607038123176
13.736000000000002,72,661.6481695295977,83,0.033600000000000005,1,13.718981427174977
13.746666666666675,83,679.8898153608428,85,0.028000000000000004,2,13.729960899315746
13.768000000000002,71,548.9200221469911,69,0.1024,1,13.748791788856307
13.773333333333342,81,662.3652213076111,83,0.028000000000000004,2,13.756314760508317
13.80000000000001,83,563.4335237991082,70,0.08533333333333334,2,13.780948191593362
13.960000000000003,67,615.3306699165761,77,0.06720000000000001,1,13.942043010752691
13.959999999999988,48,625.1469338322364,78,0.042,0,13.942199413489725
13.96000000000001,86,648.0170231045429,81,0.05600000000000001,2,13.94266862170089
13.999999999999988,50,627.9495533521571,78,0.042,0,13.982199413489724
14.013333333333343,88,643.536777938735,80,0.084,2,13.995845552297174
14.024000000000003,69,627.9886950056062,78,0.1008,1,14.006199413489739
14.039999999999987,48,721.5626075520945,90,0.042,0,14.024076246334298
14.079999999999986,45,672.6067449173066,84,0.126,0,14.063137829912009
14.093333333333343,86,690.1359613828125,86,0.028000000000000004,2,14.076783968719463
14.12000000000001,89,676.3339003843344,85,0.028000000000000004,2,14.10329423264908
14.120000000000003,67,734.0307286374765,92,0.033600000000000005,1,14.10438905180841
14.146666666666677,91,649.3313628592437,81,0.028000000000000004,2,14.129335288367557
14.152000000000003,71,692.6591318163092,87,0.033600000000000005,1,14.13560703812317
14.173333333333344,89,570.0481895871123,71,0.035555555555555556,2,14.154437927663745
14.184000000000003,72,675.9316769918971,84,0.033600000000000005,1,14.167137829912026
14.199999999999985,47,664.8254940612021,83,0.084,0,14.18298142717496
14.2088888888889,91,530.0481895871123,66,0.035555555555555556,2,14.189211469534062
14.216000000000003,71,567.4154128933058,71,0.042666666666666665,1,14.197104594330403
14.244444444444456,89,570.0481895871123,71,0.035555555555555556,2,14.225549038774856
14.25866666666667,72,527.4154128933058,66,0.042666666666666665,1,14.238989247311832
14.279999999999985,45,574.9108853630838,72,0.128,0,14.261260997067433
14.301333333333336,71,567.4154128933058,71,0.042666666666666665,1,14.282437927663736
14.333333333333345,86,628.7289486183806,79,0.028000000000000004,2,14.315689149560129
14.360000000000012,88,675.3605989998582,84,0.028000000000000004,2,14.343137829912035
14.38666666666668,86,727.4635603448058,91,0.028000000000000004,2,14.370899315738038
14.408000000000003,67,647.742888461525,81,0.06720000000000001,1,14.390668621700883
14.413333333333346,83,705.2124171843094,88,0.084,2,14.397096774193562
14.472000000000003,65,653.4001460242326,82,0.1008,1,14.45482502443793
14.493333333333347,84,668.05515045841,84,0.05600000000000001,2,14.47647116324537
14.519999999999985,48,635.296646348828,79,0.084,0,14.50235581622677
14.54666666666668,83,567.0618647681091,71,0.035555555555555556,2,14.52777126099708
14.568000000000003,67,722.2937450218602,90,0.033600000000000005,1,14.552076246334314
14.582222222222235,84,527.0618647681091,66,0.035555555555555556,2,14.562544802867396
14.599999999999985,50,653.3630576494687,82,0.126,0,14.582825024437913
14.600000000000003,64,696.090021729449,87,0.033600000000000005,1,14.583607038123171
14.61777777777779,83,567.0618647681091,71,0.035555555555555556,2,14.598882372108191
14.632000000000003,62,664.8287989318997,83,0.033600000000000005,1,14.614981427174978
14.664000000000003,64,557.2499902620907,70,0.042666666666666665,1,14.644948191593356
14.70666666666667,65,517.2499902620907,65,0.042666666666666665,1,14.686832844574784
14.70666666666668,86,643.6445638252086,80,0.05600000000000001,2,14.689178885630511
14.719999999999985,48,732.7678798540245,92,0.042,0,14.704389051808391
14.749333333333336,64,557.2499902620907,70,0.042666666666666665,1,14.730281524926689
14.760000000000012,88,636.1453461923602,80,0.084,2,14.742512218963844
14.759999999999984,52,705.2809831632111,88,0.042,0,14.7437634408602
14.799999999999983,53,682.7759632784847,85,0.042,0,14.783294232649054
14.839999999999982,52,577.8276912488038,72,0.05333333333333334,0,14.82126099706743
14.840000000000012,86,726.037659777866,91,0.028000000000000004,2,14.824232649071371
14.856000000000003,67,643.800701230271,80,0.06720000000000001,1,14.838512218963835
14.86666666666668,89,703.5811795220881,88,0.028000000000000004,2,14.850430107526895
14.893333333333315,53,537.8276912488038,67,0.05333333333333334,0,14.873812316715524
14.893333333333347,91,682.0175145071389,85,0.028000000000000004,2,14.876627565982417
14.920000000000014,89,573.7911602682574,72,0.08533333333333334,2,14.901260997067462
14.920000000000003,69,644.3271999101963,81,0.032,1,14.902668621700883
14.94666666666665,52,577.8276912488038,72,0.05333333333333334,0,14.927927663734097
14.952000000000004,71,604.3271999101963,76,0.032,1,14.933886608015644
14.984000000000004,69,644.3271999101963,81,0.032,1,14.966668621700883
15.016000000000004,67,729.7808103903882,91,0.033600000000000005,1,15.000232649071362
15.048000000000004,71,678.3173906860728,85,0.033600000000000005,1,15.031294232649074
15.079999999999982,48,641.1692267416583,80,0.084,0,15.062512218963814
15.080000000000014,91,641.8769273445549,80,0.05600000000000001,2,15.062512218963846
15.080000000000004,72,674.2266568879592,84,0.033600000000000005,1,15.063137829912026
15.112000000000004,71,588.868500681898,74,0.042666666666666665,1,15.093573802541549
15.133333333333347,93,661.2480222051641,83,0.084,2,15.116314760508322
15.154666666666671,72,548.868500681898,69,0.042666666666666665,1,15.135458455522976
15.159999999999982,50,656.4158981139456,82,0.04,0,15.14282502443791
15.197333333333336,71,588.868500681898,74,0.042666666666666665,1,15.178907135874882
15.199999999999982,52,616.4158981139456,77,0.04,0,15.18204301075267
15.213333333333347,91,736.1541559884735,92,0.028000000000000004,2,15.197722385141754
15.239999999999982,50,656.4158981139456,82,0.04,0,15.22282502443791
15.240000000000014,95,716.7302724775408,90,0.028000000000000004,2,15.224076246334326
15.266666666666682,96,681.0671318140653,85,0.028000000000000004,2,15.249960899315752
15.279999999999982,48,748.8675632953733,94,0.042,0,15.264701857282484
15.293333333333349,95,577.7302873725084,72,0.08533333333333334,2,15.274594330400797
15.304000000000004,72,629.2786419295551,79,0.033600000000000005,1,15.286355816226788
15.31999999999998,52,687.1170695558062,86,0.042,0,15.3034506353861
15.336000000000004,74,660.9650376224038,83,0.033600000000000005,1,15.318981427174979
15.35999999999998,53,693.0776133381872,87,0.042,0,15.343607038123148
15.368000000000004,72,740.0282390563368,93,0.033600000000000005,1,15.352545454545458
15.399999999999979,52,559.4941159285921,70,0.05333333333333334,0,15.380948191593331
15.400000000000004,69,711.7451981730529,89,0.1008,1,15.383919843597267
15.453333333333312,53,519.4941159285921,65,0.05333333333333334,0,15.433499511241425
15.45333333333335,91,648.8986171463118,81,0.05600000000000001,2,15.436001955034229
15.496000000000004,71,676.5761783848892,85,0.06720000000000001,1,15.479294232649075
15.506666666666646,52,559.4941159285921,70,0.05333333333333334,0,15.487614858259999
15.506666666666682,89,651.8253456583732,81,0.084,2,15.489335288367561
15.560000000000004,69,572.4355698045063,72,0.1024,1,15.541260997067452
15.586666666666682,91,734.2246141104592,92,0.028000000000000004,2,15.571055718475089
15.61333333333335,88,711.0147803596656,89,0.028000000000000004,2,15.597253176930613
15.63999999999998,53,657.4483638049846,82,0.084,0,15.622825024437907
15.640000000000017,86,695.2565225958679,87,0.028000000000000004,2,15.623607038123184
15.666666666666684,88,599.358968060068,75,0.08533333333333334,2,15.648396871945277
15.71999999999998,52,658.9638240211037,82,0.04,0,15.702825024437907
15.752000000000004,72,638.5095279523676,80,0.06720000000000001,1,15.734512218963836
15.759999999999978,53,618.9638240211037,77,0.04,0,15.742043010752667
15.79999999999998,52,658.9638240211037,82,0.04,0,15.782825024437907
15.816000000000004,74,658.3828355406838,82,0.1008,1,15.798825024437932
15.826666666666684,91,634.5168355051636,79,0.05600000000000001,2,15.809022482893468
15.839999999999979,53,712.4887902105452,89,0.042,0,15.823919843597242
15.880000000000017,93,649.2832849442093,81,0.084,2,15.862668621700896
15.879999999999978,50,693.5197566580777,87,0.042,0,15.863607038123146
15.912000000000004,72,727.0812459491503,91,0.033600000000000005,1,15.896232649071363
15.919999999999977,48,670.0041242186794,84,0.042,0,15.903137829912
15.944000000000004,76,692.466944472866,87,0.033600000000000005,1,15.927607038123172
15.959999999999976,50,561.2174793114493,70,0.05333333333333334,0,15.940948191593328
15.960000000000017,91,714.6804685859472,89,0.028000000000000004,2,15.94391984359728
15.976000000000004,77,680.7916906181093,85,0.033600000000000005,1,15.959294232649075
15.986666666666684,95,682.2571718036872,85,0.028000000000000004,2,15.969960899315755
16.008000000000003,76,579.6265020426865,72,0.1024,1,15.98926099706745
16.01333333333331,52,521.2174793114493,65,0.05333333333333334,0,15.993499511241424
16.01333333333335,96,652.3906546888038,82,0.028000000000000004,2,15.996158357771277
16.040000000000017,95,569.2664098841632,71,0.08533333333333334,2,16.021104594330417
16.06666666666664,50,561.2174793114493,70,0.05333333333333334,0,16.047614858259994
16.200000000000003,72,600.8655737104897,75,0.06720000000000001,1,16.181730205278594
16.199999999999974,53,624.9438762004569,78,0.084,0,16.18219941348971
16.200000000000017,91,623.5952240419095,78,0.028000000000000004,2,16.18219941348975
16.226666666666684,93,628.2356222695166,79,0.028000000000000004,2,16.209022482893467
16.25333333333335,91,692.5380313801538,87,0.028000000000000004,2,16.23694037145652
16.264000000000003,74,654.8388775838619,82,0.1008,1,16.246825024437932
16.279999999999973,55,626.477419855872,78,0.04,0,16.262199413489707
16.28000000000002,88,682.4948426701892,85,0.084,2,16.26329423264909
16.319999999999972,57,586.477419855872,73,0.04,0,16.301417399804468
16.35999999999997,55,626.477419855872,78,0.04,0,16.342199413489706
16.360000000000017,89,659.2174150139496,82,0.05600000000000001,2,16.342825024437946
16.360000000000003,72,680.8317636137472,85,0.033600000000000005,1,16.343294232649075
16.392000000000003,76,666.476658208826,83,0.033600000000000005,1,16.37498142717498
16.399999999999974,53,683.3742082515183,85,0.042,0,16.383294232649046
16.41333333333335,88,560.860702237816,70,0.08533333333333334,2,16.394281524926704
16.424000000000003,77,663.9133634101427,83,0.033600000000000005,1,16.40698142717498
16.439999999999973,57,677.6317355448765,85,0.042,0,16.423294232649045
16.456000000000003,76,548.6644833756269,69,0.1024,1,16.436791788856308
16.479999999999972,59,658.6885663919168,82,0.042,0,16.4628250244379
16.51999999999997,57,551.8722001931529,69,0.128,0,16.500791788856276
16.573333333333352,91,609.8938229409943,76,0.05600000000000001,2,16.55521994134899
16.626666666666686,93,625.9941264813191,78,0.084,2,16.60886608015642
16.648000000000003,72,619.712992067567,77,0.06720000000000001,1,16.63004301075269
16.706666666666685,91,672.1991602602164,84,0.028000000000000004,2,16.68980449657871
16.712000000000003,71,603.2878852574898,75,0.032,1,16.693730205278595
16.733333333333352,95,643.3031970642592,80,0.028000000000000004,2,16.715845552297186
16.744000000000003,72,563.2878852574898,70,0.032,1,16.724948191593356
16.75999999999997,53,598.1907343022465,75,0.042,0,16.74173020527856
16.76000000000002,96,657.3391911528398,82,0.028000000000000004,2,16.74282502443795
16.776000000000003,71,603.2878852574898,75,0.032,1,16.757730205278595
16.786666666666687,95,524.6353712019996,66,0.035555555555555556,2,16.766989247311848
16.79999999999997,55,615.9140530146706,77,0.042,0,16.782043010752655
16.808000000000003,72,682.3140520076191,85,0.033600000000000005,1,16.791294232649076
16.82222222222224,96,484.63537120199965,61,0.035555555555555556,2,16.801762789182163
16.840000000000003,69,657.7204876971351,82,0.033600000000000005,1,16.822825024437932
16.839999999999968,53,681.6810776201412,85,0.042,0,16.82329423264904
16.857777777777798,95,524.6353712019996,66,0.035555555555555556,2,16.83810035842296
16.872000000000003,67,638.2251662312191,80,0.033600000000000005,1,16.854512218963837
16.879999999999967,50,649.7243627084457,81,0.126,0,16.86266862170085
16.904000000000003,69,540.2042903526099,68,0.042666666666666665,1,16.88463538611926
16.94666666666667,71,500.20429035260986,63,0.042666666666666665,1,16.926520039100687
16.946666666666687,88,586.3760681626751,73,0.05600000000000001,2,16.928084066471182
16.989333333333338,69,540.2042903526099,68,0.042666666666666665,1,16.969968719452595
17.00000000000002,89,598.8842121385807,75,0.084,2,16.981730205278613
16.999999999999968,52,651.5363524886154,81,0.084,0,16.98266862170085
17.079999999999966,50,513.5870556009488,64,0.05333333333333334,0,17.060009775171032
17.08000000000002,88,653.3885420835812,82,0.028000000000000004,2,17.06282502443795
17.096000000000004,69,583.9174853014849,73,0.06720000000000001,1,17.0774173998045
17.106666666666687,91,633.9466994021498,79,0.028000000000000004,2,17.08902248289347
17.1333333333333,52,473.5870556009488,59,0.05333333333333334,0,17.112561094819128
17.133333333333354,93,631.7328912296805,79,0.028000000000000004,2,17.115689149560136
17.16000000000002,91,504.45852365162534,63,0.08533333333333334,2,17.13985337243404
17.160000000000004,71,587.2288509801115,73,0.1008,1,17.1414173998045
17.186666666666632,50,513.5870556009488,64,0.05333333333333334,0,17.166676441837698
17.256000000000004,69,654.6072037994659,82,0.033600000000000005,1,17.238825024437933
17.288000000000004,72,628.8524524839148,79,0.033600000000000005,1,17.270355816226786
17.319999999999965,50,569.2073555488322,71,0.084,0,17.301104594330365
17.32000000000002,88,575.3103611182247,72,0.05600000000000001,2,17.30126099706747
17.320000000000004,74,614.4786304927062,77,0.033600000000000005,1,17.30204301075269
17.352000000000004,72,508.5791977554652,64,0.1024,1,17.33200977517107
17.373333333333356,86,582.636352324379,73,0.084,2,17.354750733137852
17.399999999999963,52,577.9933863089456,72,0.04,0,17.38126099706741
17.439999999999962,53,537.9933863089456,67,0.04,0,17.42047898338217
17.453333333333354,88,632.9742525312112,79,0.028000000000000004,2,17.435689149560137
17.47999999999996,52,577.9933863089456,72,0.04,0,17.46126099706741
17.48000000000002,84,594.6427845344265,74,0.028000000000000004,2,17.461573802541565
17.50666666666669,83,583.8915944029609,73,0.028000000000000004,2,17.488084066471185
17.519999999999964,50,649.3932547657215,81,0.042,0,17.502668621700845
17.533333333333356,84,489.1487209261337,61,0.08533333333333334,2,17.51287390029328
17.544000000000004,69,539.3675887402637,67,0.033600000000000005,1,17.524478983382213
17.559999999999963,53,607.0597794560928,76,0.042,0,17.541886608015602
17.576000000000004,71,563.9042129630931,70,0.033600000000000005,1,17.556948191593357
17.599999999999962,55,573.1063288375416,72,0.042,0,17.58126099706741
17.608000000000004,69,629.547251074861,79,0.033600000000000005,1,17.590355816226786
17.63999999999996,53,496.719210938301,62,0.05333333333333334,0,17.619696969696932
17.640000000000004,65,604.9801333255231,76,0.032,1,17.621886608015643
17.672000000000004,67,564.9801333255231,71,0.032,1,17.653104594330404
17.693333333333296,55,456.719210938301,57,0.05333333333333334,0,17.672248289345028
17.693333333333356,88,526.2834769010981,66,0.05600000000000001,2,17.673655913978518
17.704000000000004,65,604.9801333255231,76,0.032,1,17.685886608015643
17.736000000000004,67,570.6364246519316,71,0.06720000000000001,1,17.717104594330404
17.746666666666627,53,496.719210938301,62,0.05333333333333334,0,17.726363636363597
17.74666666666669,89,550.1517782638432,69,0.084,2,17.727458455522996
17.800000000000004,65,476.2275338026774,60,0.1024,1,17.77938416422288
17.82666666666669,88,622.5602941481712,78,0.028000000000000004,2,17.808866080156424
17.853333333333357,91,558.9666572905578,70,0.028000000000000004,2,17.83428152492671
17.87999999999996,50,510.2357809804598,64,0.084,0,17.860009775171026
17.880000000000024,93,579.0246340333816,72,0.028000000000000004,2,17.861260997067472
17.90666666666669,91,449.29101443139666,56,0.08533333333333334,2,17.885425219941375
17.959999999999958,52,557.1376963178192,70,0.04,0,17.94094819159331
17.992000000000004,69,518.4411311674623,65,0.06720000000000001,1,17.972166177908118
17.999999999999957,53,517.1376963178192,65,0.04,0,17.98016617790807
18.039999999999957,52,557.1376963178192,70,0.04,0,18.02094819159331
18.056000000000004,71,556.8313973995606,70,0.1008,1,18.036948191593357
18.06666666666669,88,514.7431438894645,64,0.028000000000000004,2,18.046676441837757
18.07999999999996,50,595.886032810402,74,0.042,0,18.061573802541503
18.09333333333336,89,539.0404312005265,67,0.028000000000000004,2,18.073812316715568
18.11999999999996,53,587.1367787247941,73,0.042,0,18.101417399804454
18.120000000000026,88,599.6652456280502,75,0.028000000000000004,2,18.101730205278617
18.146666666666693,84,537.5524818979918,67,0.084,2,18.127145650048902
18.152000000000005,69,594.5737836678069,74,0.033600000000000005,1,18.133573802541548
18.159999999999958,55,548.0039169628803,69,0.042,0,18.140791788856262
18.184000000000005,72,553.7247974568647,69,0.033600000000000005,1,18.16479178885631
18.199999999999957,53,441.5765569427127,55,0.05333333333333334,0,18.178602150537593
18.216000000000005,74,537.714410102818,67,0.033600000000000005,1,18.196478983382214
18.22666666666669,86,531.7216572911701,66,0.05600000000000001,2,18.206989247311853
18.248000000000005,72,441.3287340167376,55,0.042666666666666665,1,18.22660215053764
18.25333333333329,55,401.5765569427127,50,0.05333333333333334,0,18.231153470185685
18.280000000000026,84,437.6145141934941,55,0.035555555555555556,2,18.258602150537662
18.29066666666667,74,401.3287340167376,50,0.042666666666666665,1,18.268486803519064
18.306666666666622,53,441.5765569427127,55,0.05333333333333334,0,18.28526881720426
18.31555555555558,86,397.6145141934941,50,0.035555555555555556,2,18.293375692407974
18.33333333333334,72,441.3287340167376,55,0.042666666666666665,1,18.311935483870975
18.351111111111138,84,437.6145141934941,55,0.035555555555555556,2,18.329713261648774
18.44,43,489.7305664245097,61,0.084,0,18.419540566959924
18.44,62,502.8392194874158,63,0.06720000000000001,1,18.41985337243402
18.44,81,505.7975616211097,63,0.05600000000000001,2,18.41985337243402
18.44,36,820.0,102,0.9,20,18.425953079178885
18.44,40,820.0,102,0.9,20,18.425953079178885
18.44,55,820.0,102,0.9,20,18.425953079178885
18.44,60,820.0,102,0.5016823069403732,20,18.425953079178885
18.44,64,820.0,102,0.05274389051808626,20,18.425953079178885
18.44,67,820.0,102,0.21399511241446845,20,18.425953079178885
18.493333333333336,79,493.6222021105722,62,0.084,2,18.473030303030306
18.504,64,493.0183442692902,62,0.1008,1,18.48369696969697
18.52,45,515.6631425539615,64,0.04,0,18.500009775171065
18.56,47,475.6631425539615,59,0.04,0,18.539227761485826
18.573333333333334,81,581.783528291957,73,0.028000000000000004,2,18.55475073313783
18.599999999999998,45,515.6631425539615,64,0.04,0,18.580009775171064
18.6,77,555.7343084829781,69,0.028000000000000004,2,18.580791788856306
18.6,62,586.9282169935461,73,0.033600000000000005,1,18.581417399804497
18.62666666666667,76,537.9494996320177,67,0.028000000000000004,2,18.607145650048878
18.632,65,588.9325360265971,74,0.033600000000000005,1,18.613573802541545
18.64,43,581.5742685109601,73,0.042,0,18.621417399804496
18.653333333333336,77,438.55822710670236,55,0.08533333333333334,2,18.631935483870972
18.664,67,559.6938973691047,70,0.033600000000000005,1,18.644948191593354
18.68,47,539.965662512225,67,0.042,0,18.66047898338221
18.696,65,456.53507953784833,57,0.1024,1,18.674914956011733
18.72,48,540.6265685706635,68,0.042,0,18.700635386119256
18.759999999999998,47,452.8424180332837,57,0.05333333333333334,0,18.73891495601173
18.813333333333333,48,412.8424180332837,52,0.05333333333333334,0,18.791466275659822
18.813333333333336,81,521.9584510157018,65,0.05600000000000001,2,18.79349951124145
18.866666666666664,47,452.8424180332837,57,0.05333333333333334,0,18.845581622678395
18.86666666666667,83,548.4443705489138,69,0.084,2,18.847458455522975
18.888,62,506.66671262440855,63,0.06720000000000001,1,18.86785337243402
18.94666666666667,81,606.7255716099263,76,0.028000000000000004,2,18.928553274682308
18.952,60,547.6079078367915,68,0.032,1,18.93263538611926
18.973333333333336,84,593.4723669656482,74,0.028000000000000004,2,18.95490713587488
18.984,62,507.60790783679147,63,0.032,1,18.96385337243402
18.999999999999996,43,532.9855816452904,67,0.084,0,18.980478983382206
19.000000000000004,86,558.1979966629152,70,0.028000000000000004,2,18.980948191593356
19.016000000000002,60,547.6079078367915,68,0.032,1,18.99663538611926
19.02666666666667,84,476.5251780030245,60,0.035555555555555556,2,19.006050830889546
19.048000000000002,62,611.2145365463384,76,0.033600000000000005,1,19.02988660801564
19.062222222222225,86,436.5251780030245,55,0.035555555555555556,2,19.04082437275986
19.079999999999995,45,558.2697002746648,70,0.04,0,19.060948191593347
19.080000000000002,59,589.9908829868632,74,0.033600000000000005,1,19.061573802541545
19.097777777777782,84,476.5251780030245,60,0.035555555555555556,2,19.077161942000657
19.112000000000002,57,593.7658169711784,74,0.033600000000000005,1,19.093573802541545
19.119999999999994,47,518.2697002746648,65,0.04,0,19.100166177908108
19.144000000000002,59,471.4564152246261,59,0.1024,1,19.12322776148583
19.159999999999993,45,558.2697002746648,70,0.04,0,19.140948191593345
19.18666666666667,81,551.8103798325933,69,0.028000000000000004,2,19.167458455522976
19.199999999999996,43,588.1013704070289,74,0.042,0,19.18157380254154
19.21333333333334,83,583.3291344700451,73,0.028000000000000004,2,19.194750733137834
19.239999999999995,47,587.3248940152228,73,0.042,0,19.22141739980449
19.240000000000006,81,626.1969477121085,78,0.028000000000000004,2,19.22219941348974
19.266666666666673,77,578.203620518814,72,0.084,2,19.24792766373412
19.279999999999994,48,609.0717718827999,76,0.042,0,19.261886608015633
19.319999999999993,47,481.423508042246,60,0.128,0,19.299384164222868
19.336000000000002,62,555.1304363315062,69,0.06720000000000001,1,19.316791788856307
19.34666666666667,79,584.4372141036733,73,0.05600000000000001,2,19.328084066471167
19.400000000000006,77,508.20313753770984,64,0.035555555555555556,2,19.38000977517107
19.400000000000002,64,561.2412888232752,70,0.1008,1,19.380948191593355
19.43555555555556,79,468.20313753770984,59,0.035555555555555556,2,19.414783317041387
19.471111111111117,77,508.20313753770984,64,0.035555555555555556,2,19.451120886282183
19.496000000000002,62,643.985920054716,80,0.033600000000000005,1,19.478512218963836
19.528000000000002,65,618.8411544240272,77,0.033600000000000005,1,19.51004301075269
19.560000000000006,81,566.9862008515291,71,0.05600000000000001,2,19.541104594330406
19.55999999999999,43,578.8222063271511,72,0.084,0,19.54126099706744
19.560000000000002,67,614.6922397831296,77,0.033600000000000005,1,19.54204301075269
19.592000000000002,65,487.6687435121411,61,0.042666666666666665,1,19.571540566959925
19.61333333333334,83,595.7418056138911,74,0.084,2,19.594907135874884
19.634666666666668,67,447.6687435121411,56,0.042666666666666665,1,19.61342521994135
19.63999999999999,41,585.4935521426902,73,0.126,0,19.621417399804486
19.677333333333337,65,487.6687435121411,61,0.042666666666666665,1,19.65687390029326
19.69333333333334,81,663.4970127589933,83,0.028000000000000004,2,19.676314760508316
19.720000000000006,84,648.951302008735,81,0.028000000000000004,2,19.702668621700887
19.746666666666673,86,628.0134667376446,79,0.028000000000000004,2,19.729022482893456
19.75999999999999,43,665.1183019605422,83,0.042,0,19.742981427174968
19.77333333333334,84,535.6586306578388,67,0.08533333333333334,2,19.75381231671555
19.784000000000002,62,586.2533329916328,73,0.033600000000000005,1,19.765417399804498
19.79999999999999,40,644.7213297954472,81,0.042,0,19.78266862170087
19.816000000000003,64,588.8106386476469,74,0.033600000000000005,1,19.797573802541546
19.83999999999999,38,626.9660924156819,78,0.042,0,19.822199413489724
19.848000000000003,62,647.777597816303,81,0.033600000000000005,1,19.830668621700884
19.87999999999999,40,532.1274657078771,67,0.128,0,19.860478983382198
19.880000000000003,59,651.9884228856198,81,0.1008,1,19.862668621700884
19.93333333333334,81,597.7083680352025,75,0.05600000000000001,2,19.915063538611932
19.976000000000003,60,629.9384064603512,79,0.06720000000000001,1,19.958355816226785
19.986666666666675,83,602.3923619401814,75,0.084,2,19.968396871945266
20.040000000000003,59,509.2967285291413,64,0.042666666666666665,1,20.02000977517107
20.066666666666674,81,672.2711948878654,84,0.028000000000000004,2,20.049804496578698
20.082666666666668,60,469.2967285291413,59,0.042666666666666665,1,20.061894428152495
20.09333333333334,84,676.4064930479412,85,0.028000000000000004,2,20.076627565982413
20.119999999999987,43,608.7883986887855,76,0.084,0,20.101886608015626
20.120000000000008,86,640.9396939074334,80,0.028000000000000004,2,20.10251221896384
20.125333333333337,59,509.2967285291413,64,0.042666666666666665,1,20.105343108504403
20.146666666666675,84,548.1965003393325,69,0.035555555555555556,2,20.12745845552298
20.18222222222223,86,508.1965003393325,64,0.035555555555555556,2,20.162231997393295
20.199999999999985,45,598.532380480338,75,0.04,0,20.181730205278576
20.217777777777787,84,548.1965003393325,69,0.035555555555555556,2,20.19856956663409
20.232000000000003,67,582.9837551667754,73,0.06720000000000001,1,20.2134173998045
20.239999999999984,47,558.532380480338,70,0.04,0,20.220948191593337
20.279999999999983,45,598.532380480338,75,0.04,0,20.261730205278575
20.296000000000003,69,625.9664756218536,78,0.1008,1,20.278199413489737
20.306666666666676,86,599.5281607554257,75,0.05600000000000001,2,20.288396871945267
20.319999999999986,43,706.1109573246615,88,0.042,0,20.3037634408602
20.36000000000001,84,625.432984707587,78,0.084,2,20.342199413489745
20.359999999999985,47,683.7328373424593,85,0.042,0,20.343294232649058
20.392000000000003,67,681.8606845849528,85,0.033600000000000005,1,20.375294232649075
20.399999999999984,48,647.0254274516008,81,0.042,0,20.382668621700866
20.424000000000003,71,666.9258379459784,83,0.033600000000000005,1,20.40698142717498
20.439999999999984,47,566.7142157723523,71,0.05333333333333334,0,20.421104594330384
20.44000000000001,86,715.1749634450214,89,0.028000000000000004,2,20.42391984359727
20.456000000000003,72,652.4513012245777,82,0.033600000000000005,1,20.438825024437932
20.466666666666676,83,680.7803522750321,85,0.028000000000000004,2,20.449960899315748
20.488000000000003,71,547.1038403691003,68,0.1024,1,20.46863538611926
20.493333333333318,48,526.7142157723523,66,0.05333333333333334,0,20.47365591397848
20.493333333333343,81,635.7348019711867,79,0.028000000000000004,2,20.475689149560125
20.52000000000001,83,553.6145080790742,69,0.08533333333333334,2,20.500791788856315
20.54666666666665,47,566.7142157723523,71,0.05333333333333334,0,20.52777126099705
20.680000000000003,67,617.2104697314327,77,0.06720000000000001,1,20.66204301075269
20.68000000000001,86,619.9977399307395,77,0.05600000000000001,2,20.662043010752697
20.679999999999982,48,653.4335115165746,82,0.042,0,20.66282502443791
20.71999999999998,50,631.2438794721307,79,0.042,0,20.702355816226763
20.733333333333345,88,619.1178602401397,77,0.084,2,20.71537634408603
20.744000000000003,69,652.8657283588531,82,0.1008,1,20.726825024437932
20.75999999999998,48,704.5770465130734,88,0.042,0,20.743763440860196
20.79999999999998,45,683.3656753665992,85,0.04,0,20.78329423264905
20.813333333333343,86,735.2023650393805,92,0.028000000000000004,2,20.79772238514175
20.83999999999998,47,643.3656753665992,80,0.04,0,20.822512218963812
20.84000000000001,89,696.5511194512825,87,0.028000000000000004,2,20.82360703812318
20.840000000000003,67,704.991722854373,88,0.033600000000000005,1,20.82376344086022
20.866666666666678,91,669.3772444218239,84,0.028000000000000004,2,20.849804496578702
20.872000000000003,71,678.9935029940126,85,0.033600000000000005,1,20.855294232649076
20.879999999999978,45,683.3656753665992,85,0.04,0,20.86329423264905
20.893333333333345,89,565.3831612043118,71,0.035555555555555556,2,20.874437927663745
20.904000000000003,72,651.6054704359601,81,0.033600000000000005,1,20.886668621700885
20.91999999999998,47,661.1778647437454,83,0.084,0,20.902981427174957
20.9288888888889,91,525.3831612043118,66,0.035555555555555556,2,20.90921146953406
20.936000000000003,71,574.6124794100626,72,0.1024,1,20.91726099706745
20.964444444444457,89,565.3831612043118,71,0.035555555555555556,2,20.945549038774857
20.99999999999998,45,539.7869313824157,67,0.128,0,20.980478983382188
21.053333333333345,86,627.8462561904598,78,0.028000000000000004,2,21.03553274682308
21.080000000000013,88,665.0085627452439,83,0.028000000000000004,2,21.06298142717499
21.10666666666668,86,727.382109284574,91,0.028000000000000004,2,21.09089931573804
21.128000000000004,67,607.7019339378909,76,0.06720000000000001,1,21.109886608015643
21.133333333333347,83,699.4354199528016,87,0.084,2,21.116940371456515
21.192000000000004,65,647.3596129753424,81,0.032,1,21.174668621700885
21.213333333333345,84,680.9742099777425,85,0.05600000000000001,2,21.196627565982418
21.224000000000004,67,607.3596129753424,76,0.032,1,21.205886608015643
21.239999999999977,48,642.9796665900777,80,0.084,0,21.22251221896381
21.256000000000004,65,647.3596129753424,81,0.032,1,21.238668621700885
21.26666666666668,83,576.9519870235112,72,0.035555555555555556,2,21.247927663734128
21.288000000000004,67,743.5539277020483,93,0.033600000000000005,1,21.272545454545458
21.302222222222234,84,536.9519870235112,67,0.035555555555555556,2,21.282701205604443
21.319999999999975,50,650.2779566047335,81,0.126,0,21.302668621700857
21.320000000000004,64,679.7625130755138,85,0.033600000000000005,1,21.303294232649076
21.33777777777779,83,576.9519870235112,72,0.035555555555555556,2,21.31903877484524
21.352000000000004,62,664.4155593223134,83,0.033600000000000005,1,21.33498142717498
21.384000000000004,64,594.3026147277646,74,0.1024,1,21.365573802541547
21.42666666666668,86,631.1289884731362,79,0.05600000000000001,2,21.409022482893462
21.439999999999976,48,727.1072631846494,91,0.042,0,21.424232649071335
21.480000000000015,88,648.0369710125117,81,0.084,2,21.462668621700896
21.479999999999976,52,717.9126713273715,90,0.042,0,21.464076246334287
21.519999999999975,53,686.9763755742822,86,0.042,0,21.503450635386095
21.559999999999974,52,592.9100789690663,74,0.05333333333333334,0,21.541573802541517
21.560000000000013,86,708.738242530098,89,0.028000000000000004,2,21.543919843597276
21.576000000000004,67,634.1829456616445,79,0.06720000000000001,1,21.558355816226786
21.58666666666668,89,710.7855960023156,89,0.028000000000000004,2,21.570586510263944
21.61333333333331,53,552.9100789690663,69,0.05333333333333334,0,21.594125122189613
21.613333333333347,91,692.1741644331983,87,0.028000000000000004,2,21.596940371456515
21.640000000000015,89,589.3147390465588,74,0.08533333333333334,2,21.62157380254156
21.640000000000004,69,652.1757304769949,82,0.1008,1,21.622825024437933
21.66666666666664,52,592.9100789690663,74,0.05333333333333334,0,21.648240469208183
21.736000000000004,67,701.2105820711583,88,0.033600000000000005,1,21.71976344086022
21.768000000000004,71,681.8551625447187,85,0.033600000000000005,1,21.751294232649077
21.800000000000015,91,640.1527531273779,80,0.05600000000000001,2,21.78251221896385
21.799999999999972,48,660.4246532502713,83,0.084,0,21.78298142717495
21.800000000000004,72,681.8393519915046,85,0.033600000000000005,1,21.783294232649077
21.832000000000004,71,602.5800207506219,75,0.042666666666666665,1,21.813730205278596
21.85333333333335,93,669.6082143744699,84,0.084,2,21.836471163245374
21.87466666666667,72,562.5800207506219,70,0.042666666666666665,1,21.855614858260022
21.87999999999997,50,660.7675377694458,83,0.126,0,21.862981427174947
21.91733333333334,71,602.5800207506219,75,0.042666666666666665,1,21.89906353861193
21.933333333333348,91,728.3499594768122,91,0.028000000000000004,2,21.917565982404707
21.960000000000015,95,697.9146352883482,87,0.028000000000000004,2,21.943607038123183
21.986666666666682,96,680.8566087493275,85,0.028000000000000004,2,21.969960899315755
21.99999999999997,48,732.9045183035238,92,0.042,0,21.984389051808378
22.01333333333335,95,607.4518381112027,76,0.035555555555555556,2,21.99521994134899
22.024000000000004,72,644.3339824271741,81,0.033600000000000005,1,22.006668621700886
22.03999999999997,52,699.7419185545328,87,0.042,0,22.02360703812314
22.048888888888904,96,567.4518381112027,71,0.035555555555555556,2,22.029993483219304
22.056000000000004,74,672.6691322871751,84,0.033600000000000005,1,22.03913782991203
22.07999999999997,53,688.6991184486193,86,0.042,0,22.06345063538609
22.08444444444446,95,607.4518381112027,76,0.035555555555555556,2,22.0663310524601
22.088000000000005,72,753.0419691513489,94,0.033600000000000005,1,22.072701857282507
22.11999999999997,52,609.0248048178216,76,0.128,0,22.101886608015608
22.120000000000005,69,695.4981409873824,87,0.1008,1,22.103607038123172
22.17333333333335,91,647.5659354009312,81,0.05600000000000001,2,22.15600195503423
22.216000000000005,71,704.0565568008948,88,0.06720000000000001,1,22.19976344086022
22.226666666666684,89,636.8864257259952,80,0.084,2,22.209178885630518
22.280000000000005,69,561.7213123142232,70,0.042666666666666665,1,22.260948191593357
22.306666666666683,91,723.4410923269895,90,0.028000000000000004,2,22.290742913000994
22.32266666666667,71,521.7213123142232,65,0.042666666666666665,1,22.302832844574784
22.33333333333335,88,694.0562264439436,87,0.028000000000000004,2,22.316940371456518
22.359999999999967,53,643.580948587919,80,0.084,0,22.3425122189638
22.360000000000017,86,654.7359454478053,82,0.028000000000000004,2,22.342825024437946
22.36533333333334,69,561.7213123142232,70,0.042666666666666665,1,22.34628152492669
22.386666666666684,88,582.6875682646353,73,0.035555555555555556,2,22.36808406647118
22.42222222222224,89,542.6875682646353,68,0.035555555555555556,2,22.402857608341495
22.439999999999966,52,668.1931491379297,84,0.04,0,22.42313782991199
22.457777777777796,88,582.6875682646353,73,0.035555555555555556,2,22.43919517758229
22.472000000000005,72,623.9484938863178,78,0.06720000000000001,1,22.45419941348974
22.479999999999965,53,628.1931491379297,79,0.04,0,22.462355816226747
22.519999999999964,52,668.1931491379297,84,0.04,0,22.50313782991199
22.536000000000005,74,652.0596558726953,82,0.1008,1,22.518825024437934
22.546666666666685,91,609.1595808824385,76,0.05600000000000001,2,22.528553274682324
22.559999999999967,53,719.3547808488148,90,0.042,0,22.544076246334278
22.60000000000002,93,659.2227696740763,82,0.084,2,22.58282502443795
22.599999999999966,50,664.5465258167269,83,0.042,0,22.582981427174943
22.632000000000005,72,705.7599393365663,88,0.033600000000000005,1,22.61576344086022
22.639999999999965,48,679.2293118273017,85,0.042,0,22.623294232649037
22.664000000000005,76,679.5346109454744,85,0.033600000000000005,1,22.647294232649077
22.679999999999964,50,544.0155075031493,68,0.128,0,22.66063538611922
22.680000000000017,91,733.0774255442045,92,0.028000000000000004,2,22.664389051808424
22.696000000000005,77,674.6923983955742,84,0.033600000000000005,1,22.67913782991203
22.706666666666685,95,707.9298189465677,88,0.028000000000000004,2,22.6904301075269
22.728000000000005,76,581.123100736239,73,0.1024,1,22.7094173998045
22.733333333333352,96,674.5248760153943,84,0.028000000000000004,2,22.716471163245377
22.76000000000002,95,568.7069541947405,71,0.08533333333333334,2,22.74110459433042
22.919999999999963,53,624.5969887272591,78,0.084,0,22.902199413489697
22.920000000000005,72,623.404660177737,78,0.06720000000000001,1,22.90219941348974
22.92000000000002,91,642.7519052970192,80,0.028000000000000004,2,22.902512218963853
22.946666666666687,93,651.3669692044103,81,0.028000000000000004,2,22.929335288367568
22.973333333333354,91,694.4354803035282,87,0.028000000000000004,2,22.956940371456522
22.984000000000005,74,643.1710521071798,80,0.1008,1,22.96651221896384
22.99999999999996,55,647.6801129167039,81,0.126,0,22.982668621700842
23.00000000000002,88,682.0994005842454,85,0.084,2,22.983294232649094
23.08000000000002,89,662.6805504237688,83,0.05600000000000001,2,23.062981427174996
23.080000000000005,72,710.2819044606557,89,0.033600000000000005,1,23.06391984359727
23.112000000000005,76,684.8746093401674,86,0.033600000000000005,1,23.095450635386126
23.119999999999962,53,681.0670398230243,85,0.042,0,23.103294232649034
23.133333333333354,88,532.193914954958,67,0.035555555555555556,2,23.113812316715563
23.144000000000005,77,685.8943874867095,86,0.033600000000000005,1,23.127450635386126
23.15999999999996,57,676.0720878415043,85,0.042,0,23.143294232649033
23.168888888888908,89,492.193914954958,62,0.035555555555555556,2,23.14858585858588
23.176000000000005,76,547.5073550625065,68,0.1024,1,23.156635386119262
23.19999999999996,59,651.741445968839,81,0.042,0,23.18266862170084
23.204444444444466,88,532.193914954958,67,0.035555555555555556,2,23.184923427826675
23.23999999999996,57,543.1937849484293,68,0.128,0,23.220635386119216
23.293333333333354,91,633.8422504782168,79,0.05600000000000001,2,23.275689149560137
23.34666666666669,93,627.852379266159,78,0.084,2,23.328866080156423
23.368000000000006,72,612.1300002026964,77,0.06720000000000001,1,23.350043010752692
23.426666666666687,91,702.8108531839254,88,0.028000000000000004,2,23.410430107526903
23.432000000000006,71,625.6845810410412,78,0.032,1,23.41419941348974
23.453333333333354,95,660.94106311224,83,0.028000000000000004,2,23.43631476050833
23.464000000000006,72,585.6845810410412,73,0.032,1,23.4454173998045
23.479999999999958,53,630.3455533616655,79,0.042,0,23.46235581622674
23.48000000000002,96,637.4666179037539,80,0.028000000000000004,2,23.462512218963855
23.496000000000006,71,625.6845810410412,78,0.032,1,23.47819941348974
23.50666666666669,95,540.2923852421709,68,0.08533333333333334,2,23.487302052785946
23.519999999999957,55,621.2242283347108,78,0.042,0,23.50219941348969
23.528000000000006,72,674.9394621838792,84,0.033600000000000005,1,23.51113782991203
23.560000000000006,69,659.5285985711049,82,0.033600000000000005,1,23.542825024437935
23.559999999999956,53,690.6290117828511,86,0.042,0,23.543450635386076
23.592000000000006,67,622.3380389303143,78,0.033600000000000005,1,23.57419941348974
23.599999999999955,50,660.9500856401052,83,0.126,0,23.582981427174932
23.624000000000006,69,524.3430259616023,66,0.1024,1,23.604322580645167
23.66666666666669,88,575.279952970461,72,0.05600000000000001,2,23.647927663734137
23.720000000000024,89,615.1621757851415,77,0.084,2,23.70204301075271
23.719999999999956,52,622.6856610243042,78,0.084,0,23.70219941348969
23.799999999999955,50,494.3533316670881,62,0.05333333333333334,0,23.779696969696925
23.800000000000022,88,680.6867282752988,85,0.028000000000000004,2,23.783294232649094
23.816000000000006,69,589.9961422520911,74,0.06720000000000001,1,23.79757380254155
23.82666666666669,91,625.7131022396585,78,0.028000000000000004,2,23.808866080156424
23.85333333333329,52,454.3533316670881,57,0.05333333333333334,0,23.83224828934502
23.853333333333357,93,628.5963682725255,79,0.028000000000000004,2,23.83568914956014
23.880000000000024,91,513.0869272503345,64,0.08533333333333334,2,23.86000977517109
23.880000000000006,71,583.0841786977378,73,0.032,1,23.861417399804502
23.90666666666662,50,494.3533316670881,62,0.05333333333333334,0,23.88636363636359
23.912000000000006,72,543.0841786977378,68,0.032,1,23.892635386119263
23.944000000000006,71,583.0841786977378,73,0.032,1,23.925417399804502
23.976000000000006,69,630.3176240286036,79,0.033600000000000005,1,23.95835581622679
24.008000000000006,72,611.1583180536128,76,0.033600000000000005,1,23.989886608015645
24.040000000000024,88,569.5218613406478,71,0.05600000000000001,2,24.021104594330424
24.039999999999953,50,573.7400661873896,72,0.084,0,24.0212609970674
24.040000000000006,74,589.4501401833136,74,0.033600000000000005,1,24.02157380254155
24.072000000000006,72,500.06212046868825,63,0.042666666666666665,1,24.051853372434024
24.09333333333336,86,588.6609949986142,74,0.084,2,24.074907135874902
24.114666666666672,74,460.06212046868825,58,0.042666666666666665,1,24.09373802541545
24.11999999999995,52,563.3335285840254,70,0.04,0,24.100948191593304
24.15733333333334,72,500.06212046868825,63,0.042666666666666665,1,24.13718670576736
24.15999999999995,53,523.3335285840254,65,0.04,0,24.140166177908064
24.173333333333357,88,641.4130944013533,80,0.028000000000000004,2,24.15584555229719
24.19999999999995,52,563.3335285840254,70,0.04,0,24.180948191593302
24.200000000000024,84,630.5507326715726,79,0.028000000000000004,2,24.182355816226806
24.22666666666669,83,596.5400287573426,75,0.028000000000000004,2,24.208396871945283
24.239999999999952,50,627.6198787949298,78,0.042,0,24.222199413489687
24.25333333333336,84,497.29538543795934,62,0.08533333333333334,2,24.23303030303033
24.264000000000006,69,540.6440410417018,68,0.033600000000000005,1,24.244635386119263
24.27999999999995,53,626.2144653824213,78,0.042,0,24.262199413489686
24.296000000000006,71,553.8031272465558,69,0.033600000000000005,1,24.27679178885631
24.31999999999995,55,595.4309861650098,74,0.042,0,24.301573802541494
24.328000000000007,69,624.5973701634339,78,0.033600000000000005,1,24.31019941348974
24.35999999999995,53,490.27228901378305,61,0.128,0,24.339540566959872
24.360000000000007,65,618.5320063460421,77,0.1008,1,24.342043010752693
24.41333333333336,88,564.6263687279919,71,0.05600000000000001,2,24.39443792766376
24.456000000000007,67,577.1152509777386,72,0.06720000000000001,1,24.437260997067455
24.466666666666693,89,556.8039159204403,70,0.084,2,24.447614858260046
24.520000000000007,65,465.627750206203,58,0.042666666666666665,1,24.499071358748786
24.54666666666669,88,623.0145273335736,78,0.028000000000000004,2,24.528866080156426
24.562666666666672,67,425.627750206203,53,0.042666666666666665,1,24.54095601173021
24.57333333333336,91,568.2436356374823,71,0.028000000000000004,2,24.55443792766376
24.599999999999948,50,524.9632938532101,66,0.084,0,24.58032258064511
24.600000000000026,93,556.7467757411655,70,0.028000000000000004,2,24.58094819159338
24.60533333333334,65,465.627750206203,58,0.042666666666666665,1,24.58440469208212
24.626666666666694,91,478.3350255528985,60,0.08533333333333334,2,24.60605083088957
24.679999999999946,52,538.1821776250574,67,0.126,0,24.660478983382156
24.712000000000007,69,521.1980658376931,65,0.06720000000000001,1,24.69216617790812
24.776000000000007,71,535.7872848497221,67,0.1008,1,24.756478983382216
24.786666666666694,88,488.8175892761883,61,0.028000000000000004,2,24.766207233626616
24.799999999999947,50,569.7710824528967,71,0.042,0,24.781104594330348
24.81333333333336,89,538.484873650766,67,0.028000000000000004,2,24.79381231671557
24.839999999999947,53,569.8551266214739,71,0.042,0,24.821104594330347
24.84000000000003,88,586.528759405095,73,0.028000000000000004,2,24.821417399804524
24.866666666666696,84,583.0157716292719,73,0.084,2,24.84808406647119
24.872000000000007,69,591.1224820673369,74,0.033600000000000005,1,24.85357380254155
24.879999999999946,55,549.9802266321913,69,0.042,0,24.86079178885625
24.904000000000007,72,538.931031571624,67,0.033600000000000005,1,24.884478983382216
24.919999999999945,53,456.4247286650666,57,0.128,0,24.898914956011676
24.936000000000007,74,544.4732723345845,68,0.033600000000000005,1,24.916635386119264
24.946666666666694,86,540.0849801137975,68,0.05600000000000001,2,24.92730205278595
24.968000000000007,72,447.4873179954818,56,0.042666666666666665,1,24.94675855327469
25.00000000000003,84,438.4125328735008,55,0.035555555555555556,2,24.978602150537665
25.010666666666673,74,407.4873179954818,51,0.042666666666666665,1,24.988643206256114
25.035555555555582,86,398.4125328735008,50,0.035555555555555556,2,25.013375692407976
25.05333333333334,72,447.4873179954818,56,0.042666666666666665,1,25.032091886608026
25.07111111111114,84,438.4125328735008,55,0.035555555555555556,2,25.049713261648776
25.160000000000004,43,820.0,102,0.13284348054532458,20,25.145953079178888
25.160000000000004,47,820.0,102,0.9,20,25.145953079178888
25.160000000000004,50,820.0,102,0.9,20,25.145953079178888
25.160000000000004,67,820.0,102,0.9,20,25.145953079178888
25.160000000000004,71,820.0,102,0.9,20,25.145953079178888
25.160000000000004,74,820.0,102,0.9,20,25.145953079178888
25.222242635055082,69,484.94883708175166,61,0.5449999999999999,12,25.201783202015005
25.252328949692327,36,425.464525522112,53,0.5443503144831341,10,25.230618294755864
25.305507214660675,43,425.989298929338,53,0.5435713126077812,10,25.283796559724212
25.36216067207079,64,433.3197913202247,54,0.08814037459297708,11,25.340606419871374
25.37000210648757,84,456.8501594408412,57,0.1907948321900318,13,25.3489170624993
25.374890773771508,76,459.27520095286076,57,0.5376434515262576,12,25.35380572978324
25.454988241189668,64,446.22452213693026,56,0.5372990645090723,11,25.43374679446435
25.525586530894287,88,489.40200709953785,61,0.5305662489270399,13,25.50512709785421
25.53509484724855,81,466.89499192256585,58,0.09445969090788153,12,25.51416620599733
25.56360730035893,84,569.9527778147402,71,0.10021571322421152,13,25.544711894689332
25.58361305432989,60,444.60840789151024,56,0.4471050339183681,11,25.562371607604575
25.607335073149518,33,442.2064558141872,55,0.18060056197826568,10,25.585937223687154
25.634398135419385,81,469.49669849636945,59,0.23847617900301443,13,25.613625896905212
25.670699846427716,84,471.2069293985234,59,0.0666879399594994,13,25.649927607913543
25.740823759016738,84,550.0267924791617,69,0.5027211797009472,13,25.721615547873043
25.791371607757306,33,518.5882259557451,65,0.4908659040060366,10,25.77153778566542
25.830150155804596,45,562.224356788375,70,0.4815522843166514,10,25.811098347397948
25.878030717159447,81,460.74072861984524,58,0.1487335225037104,12,25.857102075908227
25.885443058386624,93,453.16956434381797,57,0.2770320268453571,13,25.864358014398356
25.9340860256974,57,516.4280546298087,65,0.11114631927680108,11,25.914252203605514
25.992112923341857,83,556.8704719195614,70,0.04908607720845993,12,25.97306111493521
26.009175958509402,76,587.1442577593159,73,0.4171562177544733,12,25.990593358313898
26.0322334478743,81,443.07645186049564,55,0.09942891528493802,12,26.010835598411937
26.0329028389814,60,591.0158829146197,74,0.19957089399209138,11,26.014476641522943
26.04604259781327,83,567.5045977337612,71,0.08324546802856758,12,26.02714719214367
26.049137525814867,57,572.9450654742358,72,0.26686462739886607,11,26.030398522882315
26.056715274788388,59,551.8011633285423,69,0.3179084552568189,11,26.037507063644693
26.071582854425387,31,517.8026404701593,65,0.4237709844612002,10,26.0517490323335
26.128383577382742,35,570.8112806535362,71,0.42016995513808,10,26.109488171713142
26.13525473852581,81,515.1433646611401,64,0.07460465937213001,12,26.115264513696875
26.132098427523164,83,683.6337441130745,85,0.40614166678790414,13,26.115392660172237
26.13752097605627,36,568.1643003939454,71,0.4044178017054914,10,26.11862557038667
26.14030108947898,48,571.7603668267917,71,0.4038480565847151,10,26.12140568380938
26.165754655124456,93,540.27407139156,68,0.08670221730533967,13,26.146390041243713
26.213764578738605,81,566.5865853564596,71,0.06921434244389502,13,26.194869173069005
26.23763013571054,60,584.52241646731,73,0.3843723201996365,11,26.219047535515035
26.25558003958522,93,642.95286755667,80,0.06231350899237043,12,26.238092258549052
26.260380215996815,84,610.111238519664,76,0.130871964553953,12,26.242266824012454
26.286571296549067,81,636.4898305678928,80,0.12412143597036518,12,26.2690835155129
26.3195945285803,57,644.5286972468281,81,0.12510987928387862,11,26.30226315028118
26.32304995131464,93,630.6163764663063,79,0.35658956214396814,12,26.305405767541423
26.348084380609105,40,629.4128713644787,79,0.0872876988724468,10,26.330440196835887
26.378372508148825,59,617.2296540551047,77,0.3490169841161552,11,26.36041551890151
26.395939375076672,84,622.151856568097,78,0.32745050942442944,12,26.378138788566407
26.41616194073058,81,618.1746325463587,77,0.16165921019952278,13,26.398204951483265
26.41660267935407,45,668.7129397081208,84,0.08695059243318226,10,26.399740509266096
26.430237357104538,76,640.8722698442454,80,0.16531781648305255,13,26.41274957606837
26.440997690429743,40,602.6890720648651,75,0.32709649223017584,10,26.422727895708334
26.449235199653035,57,675.9010974254834,84,0.3242246132061277,11,26.43237302956506
26.47043923576888,69,661.4033584264957,83,0.212253220987498,11,26.453420662943856
26.48502547416101,88,634.8699170566754,79,0.1353717308804211,12,26.46738129038779
26.488435475278855,100,670.9032475564062,84,0.3124952111176576,12,26.47157330519088
26.508553271787253,45,669.3597406385336,84,0.3115888506087646,11,26.491691101699278
26.543103673096397,38,654.6165206553429,82,0.306250012973243,10,26.525928697534326
26.58063151261143,81,729.0021350882171,91,0.10571597388630039,13,26.564864161682788
26.581699333435843,36,709.1436041231901,89,0.2872837005550328,10,26.565619177033106
26.599616757165304,76,686.0908786145619,86,0.07150017610771797,13,26.583067392551424
26.600164029686912,79,672.8142888908,84,0.2823434051597242,13,26.583301859598937
26.61445350423548,48,765.459190310214,96,0.13798690350423015,11,26.59946816699208
26.62445878861914,88,680.7372805841405,85,0.17442527328478163,12,26.607753021268213
26.625177271731783,64,657.4264459527363,82,0.275922620212256,13,26.608002296169712
26.65956975254901,33,722.7150079042113,90,0.21039830798957027,10,26.643645998883322
26.663348458615292,83,731.0732362911583,91,0.2669431663974047,12,26.64758110768665
26.673517090039958,72,706.5575829962188,88,0.21132819790797341,13,26.657280530900174
26.675960530535974,76,696.7966917804434,87,0.10371955617181683,12,26.659567568659142
26.682655998530443,28,762.0714714334974,95,0.1334746843059439,10,26.667514258549993
26.68753605401933,69,668.2768420240787,84,0.26110743009940823,13,26.670673883931354
26.69134748649773,81,727.3610770494338,91,0.25988137892138885,12,26.67558013556909
26.711070276978695,74,707.2317365298458,88,0.1648645147461768,13,26.69483371783891
26.72604384344538,84,745.6470421704172,93,0.2540078715789684,12,26.710589297990836
26.72808872356294,93,771.3920636576083,96,0.2503062835223571,12,26.71310338631954
26.736524559812427,77,709.6108877735973,89,0.2498030016990564,12,26.72044440340969
26.74794464334208,31,683.3598473025033,85,0.2477325999742513,10,26.731238875991153
26.757127602265616,48,787.1801974463945,98,0.2449449965273885,11,26.74245507049631
26.78264685112617,76,799.057220325491,100,0.06630630264100901,12,26.76828712483096
26.801538020848206,88,798.6825657189929,100,0.093049482470703,12,26.787178294552994
26.806932429727865,55,706.5278292462946,88,0.2311303444924257,11,26.79069587058808
26.80783428490483,53,668.4611259911684,84,0.12689949611752638,11,26.790972114816853
26.805720070346435,52,816.3731816388885,102,0.21507750303380646,11,26.79167314952532
26.821130682836387,28,761.1655380576623,95,0.23063451065558782,10,26.805988942855937
26.84860085327793,29,727.3175785987692,91,0.22753280910385137,10,26.83283350234929
26.85520437566356,76,735.565644991486,92,0.0724134634544481,12,26.839593427471968
26.86217003300063,71,763.038936713861,95,0.2197201145788728,13,26.84702829302018
26.874655255064486,33,734.4076155309931,92,0.1008001224619538,10,26.859044306872892
26.878432347932108,74,830.2713199938853,104,0.21535204799372604,12,26.864698232585088
26.886569978048108,86,751.3857071275645,94,0.21451186374762593,13,26.87127183533061
26.88796845510336,72,796.6268253121218,100,0.1932657550102722,13,26.873608728808147
26.890530800935192,45,751.8777495533235,94,0.15191623609866312,10,26.875232658217694
26.900369517004147,88,758.4700710214734,95,0.2118386454617857,12,26.885227777023697
26.910406412283354,40,711.9888349716956,89,0.1555012679552189,10,26.894326255880618
26.92159306424081,79,765.176601352098,96,0.07030672258943838,12,26.906607726997407
26.923580984144824,50,761.4536032094018,95,0.05663390329442109,11,26.908439244164374
26.930897409010484,76,820.9947879664951,103,0.20467998212829114,12,26.917006890926416
26.93926457281121,53,698.4112322594906,87,0.20312462210449644,11,26.92287161093438
26.9796733638412,33,775.078682275885,97,0.13254872892532077,10,26.964844429334846
26.985684095650388,50,735.5497902557809,92,0.19304132703111204,11,26.970073147458795
26.99736899504139,79,741.8588222164193,93,0.19183425196791337,12,26.981914449586846
27.00408547379083,69,798.8341809816984,100,0.0781202140463425,13,26.98972574749562
27.016960140585095,48,789.7773512793714,99,0.07304088823412414,11,27.002444011552836
27.018237582292855,81,782.0023609969652,98,0.18568445741229261,12,27.003565050523548
27.018792154953246,64,837.0138389814541,105,0.15322243087243137,13,27.005214442343277
27.02657958706548,52,779.2350636775255,97,0.1425441454374362,11,27.011750652559126
27.046821426085664,45,786.0837918470154,98,0.18383815490290034,10,27.032148894316357
27.058152762909447,57,809.1969813500488,101,0.18002431884451797,11,27.043949439351284
27.067891393327972,60,743.1694498285765,93,0.09487438981447383,11,27.052436847873427
27.06746682002352,40,887.4534877450902,111,0.09555210279622173,10,27.054827523835836
27.074040521067054,36,737.0729267820118,92,0.09563929662114645,10,27.05842957287546
27.08701622379887,72,762.7981266945218,95,0.123160110213404,13,27.07187448381842
27.08798770152241,69,762.8946425727485,95,0.10754030198521292,13,27.07284596154196
27.093749806922833,48,859.0544953637717,107,0.1532422427761827,10,27.08048489978696
27.11737849550357,33,765.1458914088636,96,0.17156590372327846,10,27.102393158260167
27.132447598332384,35,838.0364483859479,105,0.16751706330015775,10,27.118869885722415
27.166358158509016,60,813.9611341125499,102,0.0678953965572785,11,27.1523112376879
27.17036496387546,40,770.2520485547387,96,0.07109638958413711,10,27.155379626632058
27.173115790317723,36,816.7821043021127,102,0.10307525537993001,10,27.159068869496608
27.172559705132436,52,853.7684041256147,107,0.1589716382346285,10,27.159294797996562
27.17685818308863,64,850.49936224897,106,0.05533390821009377,11,27.16343687321571
27.178919462046963,77,821.8351297121337,103,0.15797661087371573,12,27.165028943962895
27.20005879529648,69,781.8539091564969,98,0.057601174129508055,13,27.185386263527175
27.199966897633693,74,797.0561043636709,100,0.15766316511816764,13,27.185607171338482
27.20114070124709,41,819.29412731755,102,0.10853748026850851,10,27.187093780425975
27.213612306641792,72,837.2230570778046,105,0.15435903853378763,12,27.200034594031823
27.215202754054143,86,899.8061055992965,112,0.15256530029730025,13,27.20271986060351
27.218893037605028,81,845.693830606408,106,0.1523397212245911,11,27.205471727732107
27.237817702246918,64,818.9145853571409,102,0.082882833154719,11,27.223770781425802
27.238471541381053,60,853.8246487537299,107,0.14921045057388493,11,27.22520663424518
27.245835742511407,40,797.0003406987992,100,0.14912216743414336,10,27.231476016216195
27.25167924422492,48,875.5574391416802,109,0.14813639626316677,11,27.238727142563143
27.259262090245905,76,763.2776240849636,95,0.05100172395922698,11,27.244120350265455
27.261408747529604,69,849.8762863892188,106,0.09958398585305772,13,27.247987437656683
27.277650415838696,38,862.5439186888029,108,0.07852465623539728,10,27.26454191143987
27.281034642960606,36,822.6100272807384,103,0.14406017740478005,10,27.267144124876538
27.294344530704695,24,790.0778053782585,99,0.14364418857458516,10,27.279828401672436
27.295054728604615,29,830.5824815085485,104,0.1420413418281561,10,27.281320613257595
27.30531831284588,88,826.6728997640315,103,0.09055677716765131,12,27.291427794761812
27.313386981360555,76,859.2581413516618,107,0.04774257786389569,12,27.30012207422468
27.314208973304453,41,838.4921082211853,105,0.13984090061940552,10,27.300631260694484
27.315735924109816,28,859.6946958738083,107,0.13974839063855038,10,27.302471016973943
27.324136508031156,64,898.2853862591825,112,0.0705641152833526,12,27.31165361458052
27.33078583590296,100,852.3017976001238,107,0.06956013694553576,12,27.317520928767088
27.359566642661378,52,790.8699375646961,99,0.13792679736421398,11,27.34505051362912
27.360251442894064,57,906.0283063100463,113,0.051435647915900946,11,27.347924952180477
27.36070586386295,38,889.5912226534551,111,0.1348977892027704,10,27.348066567675268
27.365210719697423,69,890.2873292694615,111,0.051192218627330706,13,27.35257142350974
27.36612955922445,76,859.6403370085239,107,0.07837675459432247,13,27.352864652088577
27.398659009760067,62,853.6806014390884,107,0.12121557672846961,11,27.385394102624193
27.40103149275058,88,814.2236362425876,102,0.13116017790633794,12,27.386984571929464
27.400951845210894,64,834.2826253653569,104,0.0980555082427007,13,27.387217729863874
27.404251153689163,100,913.7691772198691,114,0.131153376957115,12,27.392081065712624
27.4177819099693,57,847.9978919677465,106,0.07614451341402784,13,27.40436060009638
27.42104207324262,74,843.5236085255408,105,0.12976801249032882,13,27.407464360632652
27.421402938324754,69,889.3152911045889,111,0.09162952810762348,13,27.40876364213707
27.42737518500397,60,881.6430456216596,110,0.05410832614835471,11,27.41457948607924
27.431395374500948,72,891.7095895057812,111,0.12901500275372818,11,27.418756078313265
27.43824913198208,36,842.9543539519025,105,0.12870823075525517,10,27.42467141937211
27.44187880687764,48,828.8109024542205,104,0.06805446322839159,11,27.42814469153062
27.44276259354905,45,874.3947120793686,109,0.05643539170449586,11,27.42981049188727
27.447160272763057,76,975.9862548525452,122,0.060387191825571736,12,27.4362414066829
27.45982448836545,65,834.9906491627065,104,0.12755550560473256,12,27.44609037301843
27.48695271936347,60,859.1087077538529,107,0.12668773881783252,12,27.473687812227595
27.48951323941908,55,861.9474337667372,108,0.1248679007436806,13,27.476404735020253
27.49007383804549,77,857.9016771247207,107,0.12485811976083905,12,27.476808930909616
27.48934104279406,33,900.6066089439342,113,0.04900961661532833,10,27.477014552080472
27.49877002064628,57,853.979539362717,107,0.10765898560384002,13,27.485505113510406
27.503201037592625,53,845.9542695526786,106,0.1243466444029771,13,27.489779727719704
27.503850950716544,64,842.1259031581435,105,0.12411177625873898,12,27.490273238106575
27.504667193464687,45,846.7905547822983,106,0.06542979006838123,10,27.491245883591766
27.505486527467173,50,819.4439772781477,102,0.12403548423273103,13,27.491439606646058
27.513623341325943,67,842.3602935783707,105,0.0802659598649339,12,27.500045628715974
27.514307659157836,48,863.183057981131,108,0.12358482086268241,13,27.50119915475901
27.5144242974332,76,876.0181430801485,110,0.09905774040951243,12,27.50162859850847
27.518345271906473,69,868.7201017136051,109,0.12354580592125841,12,27.505393170244695
27.525343794699683,62,833.4209684073794,104,0.12335786878013738,11,27.511609679352663
27.525348799926018,59,845.9175216973127,106,0.1230350432648124,11,27.511927490053097
27.542725048461197,33,932.2217398269423,117,0.12303481817998213,10,27.5310241686958
27.57494058079602,45,856.851798962048,107,0.12230341944783268,13,27.561675673660147
27.583502604172207,28,789.7714694923602,99,0.12121277423196736,10,27.568986475139948
27.598107287505638,67,883.1018300127504,110,0.12098108696231391,12,27.585311588580907
27.604601092560763,71,875.342567444304,109,0.120642404774781,12,27.591648990898985
27.612523825409458,57,798.8781866857693,100,0.08570533798168511,11,27.598164099114246
27.616309503553236,74,926.4819027240394,116,0.0780127170488275,12,27.604452221050792
27.618951246053857,76,858.0789180575874,107,0.12032019425109586,12,27.605686338917984
27.635608429606915,72,815.4952466317784,102,0.12028265216889261,12,27.6215615087858
27.651472556607906,83,865.3682692783796,108,0.12009981462721708,12,27.63836405220908
27.659954086844255,59,820.8506521950438,103,0.08710118362512886,11,27.646063568760187
27.66463804980276,35,881.0038386193613,110,0.12000000035369013,10,27.65184235087803
27.689718466729726,62,846.3606719319259,106,0.04513596911872398,12,27.676297156856805
27.70119905344664,74,833.8027882405001,104,0.04742341813854168,12,27.68746493809962
27.701977941494757,57,862.2857721188988,108,0.05357404974025471,12,27.68886943709593
27.706236321638443,41,842.8627422910505,105,0.056673510113045895,13,27.692658609028474
27.707147109039887,53,887.8233714755647,111,0.07153657634148913,11,27.694507812852205
27.71019619388018,38,825.7979805197269,103,0.08121116368574277,10,27.69630567579611
27.712196104685678,29,863.6671128816873,108,0.12042261629421325,10,27.699087600286852
27.716286336690853,50,879.2194311301383,110,0.12045695048692207,11,27.703490637766123
27.731133383759623,45,797.6779145413971,100,0.06963811043552937,10,27.71677365746441
27.737143838076623,43,806.8217231338452,101,0.06560369297828827,13,27.72294051451846
27.739698033111402,62,859.7779522801055,107,0.052750084917284286,12,27.72643312597553
27.750334840361855,59,911.3793496069264,114,0.12106483136224128,12,27.738164752385316
27.751694511209816,33,862.267362066026,108,0.12136770617138182,10,27.73858600681099
27.753309666111083,74,847.3666443528665,106,0.12140914205179698,11,27.73988835623816
27.754881874685918,47,901.7718282395188,113,0.05710677760480721,10,27.74255538397233
27.759613574812725,57,911.4370913511847,114,0.0868323499809972,13,27.747443486836186
27.76775342901444,41,851.1545495375398,106,0.08251056504224763,13,27.75433211914152
27.774162808233182,69,878.5609993387119,110,0.12194512357273818,13,27.761367109308452
27.777508938845028,55,852.7700525776255,107,0.12218299615035177,11,27.764244031709154
27.784309296329567,53,855.3762107583337,107,0.05210771886296584,10,27.771044389193694
27.79107228532627,65,845.0253168062255,106,0.04740529731974775,13,27.777650975453348
27.795468941143632,38,872.6279760307766,109,0.09753774767383916,10,27.782516839481854
27.797604520765734,62,849.5808408082685,106,0.057578324994806425,12,27.784183210892813
27.805771494195152,45,803.5288737079633,100,0.12316906866651445,12,27.79141176789994
27.806652711895573,43,863.6688633643737,108,0.12355532347502379,10,27.793544207496748
27.81808347145006,47,845.8897330689067,106,0.12359831658686754,11,27.804662161577138
27.81909078979567,35,878.7257425510231,110,0.1241791975757931,10,27.80629509087094
27.828872110022605,31,787.7728635102054,98,0.12317196967867872,10,27.814199578253298
27.84094780698139,53,878.6717489567485,110,0.12476687866981423,12,27.82815210805666
27.84425959633126,65,804.5066573551127,101,0.12546994888558927,12,27.830056272773096
27.846494546185443,50,806.9419999436981,101,0.06499667804911524,11,27.83229122262728
27.85057271129126,26,885.8216479832943,111,0.056264934103853366,10,27.837933415103578
27.854104771323538,57,778.2606794171743,97,0.12606447900288115,13,27.839275836817183
27.85620241047898,41,800.4596281198426,100,0.12629023348796004,11,27.841842684183767
27.859870040286445,62,866.1909145972353,108,0.048898219995758725,11,27.84676153588762
27.86537263621687,29,821.612950617847,103,0.07568696819453435,10,27.8514821181328
27.89296302660192,59,871.1696302369317,109,0.12703755786264226,13,27.88001092494014
27.893837908966837,74,828.475157448601,104,0.1063764864963116,13,27.880103793619817
27.899570716187952,38,795.6748179002543,99,0.12235014489200935,10,27.885054587155693
27.913870880976738,26,784.9139421510355,98,0.12955726271331852,10,27.89919834920743
27.914706676704494,62,819.0867807569133,102,0.06938226441286133,13,27.900659755883378
27.91555280781227,50,854.9511666952169,107,0.09201603183353668,12,27.902287900676395
27.946372409885498,29,811.5418655589607,101,0.1318906383614788,10,27.932169086327335
27.95382033851497,69,894.5565940472931,112,0.1336119094868996,13,27.941337445064335
27.956105663278997,31,835.7082479907016,104,0.134320985419759,10,27.942371547931977
27.96893376065195,55,783.8060632243197,98,0.13454204198862801,12,27.954261228882643
27.980067916602927,40,785.7270773903365,98,0.13581313795517735,10,27.96539538483362
27.98552766382027,65,845.7865506711886,106,0.13129739176542798,13,27.97210635394735
27.987994121958018,62,868.0998234519925,109,0.13753314499800662,13,27.97504202029624
28.005683603674292,74,806.6383068861678,101,0.13779605594791272,13,27.99148028011613
28.012568839645805,50,853.6429888142584,107,0.07779273299969958,13,27.99930393250993
28.018638673135204,77,796.2807547448086,100,0.13326445322363767,13,28.004278946839992
28.02551323644653,38,862.3177763837848,108,0.10366085550622273,11,28.012404732047703
28.067496352661156,45,863.290120923676,108,0.04938038936223322,11,28.05438784826233
28.072911383543154,64,839.3038137711645,105,0.14725744887656605,13,28.059333670933185
28.0776477333094,47,784.6398023354103,98,0.14797025594050628,12,28.062975201540095
28.09583078085665,50,829.1190060742653,104,0.11736490394227672,11,28.08209666550963
28.115935845891112,59,798.5715503511516,100,0.15108146504568465,11,28.1015761195959
28.11834472090597,55,825.4037940676445,103,0.14569543171471266,11,28.104454202821902
28.122450666533894,65,815.4182323854379,102,0.09724477431808409,13,28.108403745712778
28.122189547497484,45,847.9816144595814,106,0.1301892667936312,12,28.108768237624563
28.134799702900946,38,829.7359558142233,104,0.1548837033443724,10,28.121065587553925
28.13595497327522,33,842.9652306134456,105,0.13613016280667167,10,28.12237726066525
28.150751001890352,57,861.9910618375487,108,0.1083721748827412,11,28.137642497491527
28.15596470993655,77,847.7169850744963,106,0.11210020734550497,13,28.14254340006363
28.159862012287924,29,849.6994177287309,106,0.15995272479693978,10,28.146440702415003
28.21882129574712,50,801.5394604458468,100,0.060334752193507486,12,28.204461569451908
28.22594666274836,65,748.2339065933988,94,0.1096499401350205,13,28.210648520030862
28.231951382483814,52,795.8803820482892,99,0.17151298563092698,12,28.217435253451555
28.238377139302504,67,799.3881858820491,100,0.17366144675804646,13,28.224017413007292
28.23816427199317,62,861.5122431082397,108,0.05065529300253047,12,28.225055767594345
28.243173660578314,69,800.4954916827791,100,0.1507367760943613,13,28.228813934283103
28.257535217028163,45,838.0043390498787,105,0.15014034245608954,12,28.243957504418194
28.26443598224719,57,851.9312690158631,106,0.08387152437620216,12,28.251014672374268
28.26982216630592,55,786.3502985996663,98,0.1784074592358938,11,28.255149634536615
28.273064917282056,77,846.5935395780523,106,0.066624761200475,13,28.259643607409135
28.279274774400562,33,726.96648217135,91,0.04664885456359869,12,28.26350742347192
28.28381784078989,64,785.5230315837077,98,0.18196396073704368,13,28.269145309020583
28.285099900699457,53,734.0800401371944,92,0.0818335230213475,13,28.269488952507864
28.28306122878129,50,855.3511055544427,107,0.0833971849466576,11,28.269796321645416
28.28353776934634,21,871.8498723348356,109,0.18187417163377828,12,28.27058566768456
28.295383592366182,62,787.4674436410796,98,0.06377849379210943,11,28.280711060596875
28.30452057124137,76,693.349459650168,87,0.18421320102704158,11,28.288127609364537
28.310972620029624,41,812.8033034716234,102,0.18597056898900577,12,28.296925699208508
28.31241419700565,48,841.4154419512377,105,0.06817566152324417,12,28.298836484395682
28.32253617534294,59,857.6098542170971,107,0.18750435726862624,13,28.309271268207066
28.329828809804827,33,784.8589343397725,98,0.10699273570478496,10,28.31515627803552
28.339658186461094,65,801.1395527421366,100,0.054219120422696394,11,28.325298460165882
28.345940900378917,77,782.8965442728489,98,0.06185986440282932,11,28.33126836860961
28.353205790304877,38,811.9172641522348,101,0.06408323080585177,10,28.339002466746713
28.356279158627302,57,693.4637493200403,87,0.06866694175113153,13,28.33988619675047
28.355959904264278,40,783.8546621262743,98,0.0698732650079269,10,28.34128737249497
28.363692877947148,62,810.4122862868401,101,0.05120599160549489,11,28.349489554388985
28.37083860456147,53,788.964721465068,99,0.13640418254257625,11,28.35632247552921
28.372553232887284,50,799.6740639636312,100,0.06470846349894444,12,28.358193506592073
28.385433455791848,48,849.2482235711183,106,0.1996470296941531,10,28.372012145918927
28.399033709620838,65,793.5469413151385,99,0.14282291971736683,10,28.38451758058858
28.399692450357914,69,758.5655506971887,95,0.04834192278422023,13,28.384550710377464
28.413739181204033,77,733.1086849479879,92,0.09733728279800757,11,28.39812823301244
28.41439598959178,45,755.5840814551128,94,0.20840480811080064,10,28.399097846874284
28.420524480500834,62,777.2403951476024,97,0.06109332303034066,12,28.40569554599448
28.42354024300711,38,744.6807181092174,93,0.20988015944093447,10,28.408085697552565
28.427912864796813,57,798.1825507997509,100,0.2105387552782531,10,28.4135531385016
28.431615182957444,40,746.7032524061716,93,0.2114967766665607,10,28.416160637502898
28.442290753720755,33,762.1392495779629,95,0.15088718814332835,12,28.427149013740305
28.44366932101966,50,727.20078470994,91,0.05032733315682492,10,28.427901970091018
28.453190775879182,69,749.7901602287951,94,0.21497903645697936,11,28.437892633161685
28.45476252788291,74,754.1238644579944,94,0.2171057485578624,11,28.43946438516541
28.466833229761907,71,753.7949297533548,94,0.2174584118415685,11,28.45153508704441
28.47533397406873,81,719.764343776828,90,0.09877830327186288,11,28.45941022040304
28.475126834560474,93,799.3599246820529,100,0.220181641990972,11,28.460767108265262
28.486123225422364,52,777.8290618005759,97,0.08943214239454178,12,28.47129429091601
28.486774206268223,62,764.2037358898255,96,0.210412525702785,12,28.47178886902482
28.49790183501715,50,787.5737225799222,98,0.16031608384206109,13,28.483229303247843
28.513024800789285,53,754.7659410176185,94,0.06732175759902048,12,28.497726658071787
28.515763658527945,77,750.9498304490028,94,0.10166905147053995,11,28.500465515810447
28.524070540406658,89,722.5856908086621,90,0.23147874185160555,11,28.50814678674097
28.546700226601157,65,803.4827052530959,100,0.1280997005242267,11,28.532340500305946
28.5725811815776,29,713.7656650047729,89,0.23882118388773826,10,28.556501025174864
28.579581485551735,81,698.5411216781159,87,0.10972461181397264,11,28.563188523674903
28.580523335176235,31,711.5575610250473,89,0.2467801085841298,10,28.564443178773498
28.580711770553954,52,767.8434507887088,96,0.24701030495966497,13,28.56572643331055
28.582770686464265,41,683.3157244140048,85,0.24705637461886765,10,28.566064919113337
28.585346558388306,53,755.139300422973,94,0.0781490027752153,10,28.570048415670808
28.598803552812274,33,724.7397403681257,91,0.248191013327404,10,28.583036201883633
28.62196350178734,77,774.2249984687486,97,0.25150147716616383,11,28.607134567280987
28.663530724333306,50,764.0462426597014,96,0.07436219882418171,12,28.648545387089904
28.669433977585808,53,705.8769229291021,88,0.26773121508564296,13,28.653197418446023
28.681207551758813,65,731.1990410139548,91,0.269234354020613,12,28.665440200830172
28.682906167736963,59,720.6853561493019,90,0.2722425603522899,12,28.666982414071274
28.68639353464387,83,713.6368953160656,89,0.2726776694065574,11,28.670313378241133
28.695244513787994,81,650.8716607133385,81,0.1488947508801982,11,28.677913135488875
28.70343795386739,62,703.6304287963186,88,0.05919832728264297,12,28.687201394727605
28.717856173861588,69,731.8506570290705,91,0.27795796816741997,11,28.702088822932946
28.72295240671231,71,704.0756902367854,88,0.28168790895103035,12,28.706715847572525
28.730002184954053,55,697.4633394897065,87,0.10518001259462906,13,28.71360922307722
28.734014716531213,36,695.1399705790292,87,0.2848430318959097,10,28.71762175465438
28.74351853410568,50,736.3242236761417,92,0.19503656333850727,13,28.727907585914085
28.746073362985683,38,713.3967562169115,89,0.28836714134123204,10,28.729993206582947
28.758198988845212,26,726.2650854102496,91,0.2890347219661769,10,28.74243163791657
28.75944573644392,45,668.596225544029,84,0.1460252695011367,10,28.742583566355943
28.76841829483527,62,661.4010898162525,83,0.04726865407551529,10,28.751399722010248
28.77795407486547,57,685.8111375109846,86,0.11799458667283147,10,28.76140471025159
28.800430574573387,60,656.7104666706118,82,0.17026453838598854,12,28.783255599011316
28.819592129751452,62,718.4245894496509,90,0.07966534865176456,12,28.803668376085763
28.840495003022777,55,678.3362762497848,85,0.16498381962321218,13,28.82378923567185
28.846793223612476,81,764.856782863106,96,0.31396329658189337,11,28.831807886369074
28.851319426298083,74,694.2644714375755,87,0.11721653341650906,11,28.83492646442125
28.901417869749444,57,662.2429012993467,83,0.15210414834736852,13,28.88439929692442
28.90394467292912,62,732.2165133272663,92,0.04517574482758036,12,28.888333724737528
28.90953258952277,45,716.3028418828413,90,0.3308830290659811,10,28.89360883585708
28.944048714814482,53,630.408479734515,79,0.054550752300424395,13,28.926404531041264
28.944493513866473,50,686.2604477327938,86,0.07133870337771853,13,28.927944149252593
28.955215236916036,62,676.465802492547,85,0.19146275234856958,12,28.93850946956511
28.97369236245164,74,684.8176786242049,86,0.34456757213582523,11,28.95714299783776
28.975225904748232,60,680.376731889501,85,0.2595462747568317,12,28.958520137397304
28.9789428873381,52,614.9336716630647,77,0.19167044107547582,13,28.960985898090787
28.990350633302054,86,650.561450375999,81,0.35088716783119656,12,28.973019255002935
29.003755869851954,53,620.211785876435,78,0.3539200210842817,13,28.98595528334169
29.0098532116978,55,711.7980163770085,89,0.2849884872407519,13,28.993773055295062
29.01498936747761,69,645.5121376811934,81,0.35909442309545575,11,28.997657989178492
29.021770633666478,50,643.6114881062593,80,0.0677147259095986,13,29.00428285263031
29.06024244820434,57,574.3239707846008,72,0.27274427470654217,12,29.04150344527179
29.07451806331279,36,629.8791797822881,79,0.3723821229845405,10,29.056873879539573
29.09417255410198,50,656.5856864484315,82,0.284281746076135,13,29.07699757853991
29.133464024425585,64,573.8985244637213,72,0.16513347128740719,12,29.114725021493033
29.15292921116099,62,612.9289873407505,77,0.2649800430398689,12,29.134972221913678
29.17592613388767,52,597.8555094158673,75,0.396367804683644,13,29.157656339166262
29.203992443323855,33,605.0715023338256,76,0.11744768194610244,10,29.185879051339494
29.24131702767138,67,539.8784094482832,67,0.4183294627408822,11,29.221796011053588
29.2408669986644,60,622.4648648645733,78,0.17912908349009882,12,29.223066412154136
29.243596375285367,31,586.2298393907249,73,0.1194496154963599,10,29.225013775089863
29.30140572630903,55,628.5465376330484,79,0.41899570073974385,13,29.283761542535814
29.3029718847648,64,604.5437230564789,76,0.1591831323331928,11,29.28485849278044
29.327534944429292,33,553.9818338653778,69,0.43322407130642865,10,29.308326733285597
29.33751751469974,57,602.1881233381047,75,0.4389507341245946,12,29.319247719978332
29.368202393518775,31,573.301188243245,72,0.054838197080036795,10,29.349463390586223
29.385331133022692,50,561.673703093593,70,0.16187214719966903,13,29.366279324616045
29.385545211385452,35,587.7633124293826,73,0.45201584141447626,10,29.366962611189948
29.423378462412003,62,590.3924164404357,74,0.1667628320822513,12,29.404952264953547
29.426247304050882,60,558.9656672308591,70,0.4602768105617151,11,29.407195495644235
29.42960461796929,31,498.80642983830995,62,0.46088809494540034,10,29.40930158766626
29.468406238994376,64,540.6764633860837,68,0.46160134202652736,11,29.449041625113633
29.488543056421996,45,513.6039240908049,64,0.4696746279451002,13,29.468552831593062
29.48943329604971,65,559.6553225356763,70,0.4469429550289189,11,29.470381487643063
29.553298099381696,50,505.46376791746184,63,0.06613844220773657,13,29.533151471815714
29.585413049686778,53,543.182772862273,68,0.23505134320966803,13,29.566048435806035
29.596548919127684,62,516.6132261011135,65,0.4919715227777903,13,29.576715097035798
29.597563062246113,74,516.8196147279201,65,0.49392121054885574,11,29.577729240154227
29.62396733337829,50,531.5140430349352,66,0.05927229071769958,12,29.60428991402345
29.690898470625804,50,394.9889617599689,49,0.27907184559287657,13,29.66856220474115
29.796582767070305,57,554.1228876208929,69,0.1718024295934545,11,29.77737455592661
29.82718482300397,53,455.2317105902111,57,0.07174860929171245,12,29.806099779015703
29.896113335979503,26,472.5738103073063,59,0.5266846471438689,10,29.87534109746533
29.903933432295684,53,455.5863506074084,57,0.5334228907401546,13,29.882848388307416
29.934609682766755,55,438.6815898017673,55,0.22774124587449662,13,29.91321183330439
29.943096681186155,65,473.577957213361,59,0.4059365543954695,11,29.922324442671982
29.973562691585247,50,461.2691605176758,58,0.13261413198583127,13,29.952634050334026
29.97573123771948,57,435.8898848455767,54,0.53919467006942,11,29.954176985520064
30.086246305637363,29,461.45051626583785,58,0.5393283335755887,10,30.065317664386143
30.110551212622887,50,494.67812777126716,62,0.5440879779787269,12,30.090248182319858
30.160000000000004,62,483.41743086178064,60,0.06720000000000001,1,30.13938416422288
30.160000000000004,43,490.82015196232635,61,0.084,0,30.139540566959926
30.160000000000004,81,505.11380490082,63,0.05600000000000001,2,30.139853372434022
30.160000000000004,36,820.0,102,0.9,20,30.145953079178888
30.160000000000004,40,820.0,102,0.9,20,30.145953079178888
30.160000000000004,55,820.0,102,0.9,20,30.145953079178888
30.160000000000004,60,820.0,102,0.5016823069403732,20,30.145953079178888
30.160000000000004,64,820.0,102,0.05274389051808626,20,30.145953079178888
30.160000000000004,67,820.0,102,0.21368230694037293,20,30.145953079178888
30.21333333333334,79,493.3552730331187,62,0.084,2,30.19303030303031
30.224000000000004,64,499.40758603375355,62,0.1008,1,30.203696969696974
30.240000000000002,45,484.9362858252226,61,0.126,0,30.219540566959925
30.293333333333337,81,570.351084167194,71,0.028000000000000004,2,30.274437927663737
30.320000000000004,77,544.5263886838277,68,0.028000000000000004,2,30.30063538611926
30.320000000000004,62,572.9369215346704,72,0.033600000000000005,1,30.301260997067452
30.34666666666667,76,543.0346522527459,68,0.028000000000000004,2,30.327302052785928
30.352000000000004,65,577.1147537272702,72,0.033600000000000005,1,30.333260997067452
30.360000000000003,43,606.1883098595619,76,0.042,0,30.341886608015642
30.37333333333334,77,423.4534852079356,53,0.08533333333333334,2,30.351622678396875
30.384000000000004,67,540.9447987862249,68,0.033600000000000005,1,30.36463538611926
30.400000000000002,47,547.8191309143683,68,0.042,0,30.38063538611926
30.416000000000004,65,458.3428288009908,57,0.1024,1,30.394914956011736
30.44,48,564.4350733284476,71,0.042,0,30.4211045943304
30.48,47,460.1045266473941,58,0.128,0,30.45907135874878
30.53333333333334,81,506.0406041570442,63,0.05600000000000001,2,30.513186705767357
30.586666666666673,83,506.08314583936533,63,0.084,2,30.56652003910069
30.608000000000004,62,510.8660820060777,64,0.06720000000000001,1,30.58800977517107
30.66666666666667,81,609.6376307935133,76,0.028000000000000004,2,30.64855327468231
30.672000000000004,60,541.0783286417765,68,0.1008,1,30.65263538611926
30.69333333333334,84,577.6859957945135,72,0.028000000000000004,2,30.674594330400787
30.72,43,532.3382777852476,67,0.084,0,30.700478983382208
30.720000000000006,86,548.7625190909345,69,0.028000000000000004,2,30.70079178885631
30.746666666666673,84,480.36102540599836,60,0.08533333333333334,2,30.726050830889548
30.768000000000004,62,613.410060563026,77,0.033600000000000005,1,30.75004301075269
30.799999999999997,45,537.1091633365567,67,0.126,0,30.780478983382206
30.800000000000004,59,570.9967506606688,71,0.033600000000000005,1,30.781104594330404
30.832000000000004,57,591.7909315768717,74,0.033600000000000005,1,30.813573802541548
30.864000000000004,59,474.09093957575317,59,0.1024,1,30.84322776148583
30.906666666666673,81,523.0304578189164,65,0.028000000000000004,2,30.886832844574787
30.919999999999998,43,626.6858069406119,78,0.042,0,30.902199413489733
30.93333333333334,83,566.3647682216649,71,0.028000000000000004,2,30.91443792766374
30.959999999999997,47,597.010897440026,75,0.042,0,30.94173020527859
30.960000000000008,81,619.2494644799115,77,0.028000000000000004,2,30.942043010752695
30.986666666666675,77,623.7329989432479,78,0.084,2,30.96886608015641
30.999999999999996,48,586.7859768381904,73,0.042,0,30.981417399804492
31.039999999999996,47,484.9834944495599,61,0.128,0,31.01954056695992
31.056000000000004,62,558.0341191951521,70,0.06720000000000001,1,31.036948191593357
31.066666666666674,79,600.0086957697249,75,0.05600000000000001,2,31.048396871945265
31.120000000000008,77,481.3240614757499,60,0.08533333333333334,2,31.099384164222883
31.120000000000005,64,560.6052063909837,70,0.1008,1,31.100948191593357
31.216000000000005,62,643.0482438858642,80,0.033600000000000005,1,31.198512218963838
31.248000000000005,65,611.7233740547601,76,0.033600000000000005,1,31.229886608015644
31.279999999999994,43,539.5359115885589,67,0.084,0,31.260478983382203
31.28000000000001,81,552.9942470409052,69,0.05600000000000001,2,31.260791788856313
31.280000000000005,67,620.0401345948738,78,0.033600000000000005,1,31.26219941348974
31.312000000000005,65,509.80003422178174,64,0.1024,1,31.29200977517107
31.333333333333343,83,590.9040878051247,74,0.084,2,31.314907135874886
31.359999999999992,41,598.7946948559812,75,0.126,0,31.341730205278584
31.41333333333334,81,654.5350339194902,82,0.028000000000000004,2,31.39615835777127
31.44000000000001,84,632.306489675065,79,0.028000000000000004,2,31.42235581622679
31.466666666666676,86,632.2472489591461,79,0.028000000000000004,2,31.449022482893458
31.479999999999993,43,660.8215119793175,83,0.042,0,31.46298142717497
31.493333333333343,84,508.41395874455577,64,0.08533333333333334,2,31.47334310850441
31.504000000000005,62,582.4495203543948,73,0.033600000000000005,1,31.4854173998045
31.519999999999992,40,633.4010153668744,79,0.042,0,31.502355816226775
31.536000000000005,64,612.4778657170391,77,0.033600000000000005,1,31.51804301075269
31.55999999999999,38,615.8860546491505,77,0.042,0,31.54204301075268
31.568000000000005,62,680.9593738903309,85,0.033600000000000005,1,31.551294232649077
31.59999999999999,40,528.0591208812264,66,0.128,0,31.580322580645152
31.600000000000005,59,653.1498692001744,82,0.1008,1,31.582825024437934
31.653333333333343,81,587.9407804833805,73,0.05600000000000001,2,31.63475073313784
31.696000000000005,60,613.4176207876177,77,0.06720000000000001,1,31.678043010752692
31.706666666666678,83,617.5334203410385,77,0.084,2,31.688709677419364
31.760000000000005,59,524.4787262765756,66,0.1024,1,31.740322580645167
31.786666666666676,81,689.1981344872006,86,0.028000000000000004,2,31.770117302052796
31.813333333333343,84,654.0099293526655,82,0.028000000000000004,2,31.796158357771272
31.83999999999999,43,586.4112465977416,73,0.084,0,31.821417399804485
31.84000000000001,86,634.8783672213292,79,0.028000000000000004,2,31.822355816226793
31.866666666666678,84,517.6721479987327,65,0.08533333333333334,2,31.84683284457479
31.919999999999987,45,590.4343455927959,74,0.126,0,31.90157380254153
31.952000000000005,67,590.8557521116754,74,0.06720000000000001,1,31.93357380254155
32.016000000000005,69,630.9912886231853,79,0.1008,1,31.998355816226788
32.02666666666668,86,593.8914086544829,74,0.05600000000000001,2,32.008240469208225
32.039999999999985,43,697.2987457459221,87,0.042,0,32.02360703812315
32.08000000000001,84,629.121500715495,79,0.084,2,32.0623558162268
32.079999999999984,47,675.5296636395072,84,0.042,0,32.06313782991201
32.112,67,697.8265793151567,87,0.033600000000000005,1,32.09560703812317
32.11999999999998,48,649.7491053521782,81,0.042,0,32.102668621700865
32.144,71,655.5426089473673,82,0.033600000000000005,1,32.12682502443793
32.15999999999998,47,538.9600479278145,67,0.128,0,32.140478983382195
32.16000000000001,86,696.288448964502,87,0.028000000000000004,2,32.14360703812318
32.175999999999995,72,652.3859413455697,82,0.033600000000000005,1,32.158825024437924
32.186666666666675,83,675.0165963264735,84,0.028000000000000004,2,32.1698044965787
32.20799999999999,71,536.9049913451117,67,0.1024,1,32.188478983382204
32.21333333333334,81,668.7435232035607,84,0.028000000000000004,2,32.19647116324536
32.24,83,541.9495642492403,68,0.08533333333333334,2,32.22063538611926
32.400000000000006,86,619.7291386461469,77,0.05600000000000001,2,32.382043010752696
32.39999999999998,48,623.630528763609,78,0.042,0,32.382199413489715
32.39999999999999,67,621.9254244161011,78,0.06720000000000001,1,32.38219941348973
32.439999999999976,50,622.6695118873496,78,0.042,0,32.422199413489714
32.45333333333334,88,642.9881361018844,80,0.084,2,32.435845552297174
32.46399999999999,69,621.2389678509444,78,0.1008,1,32.44619941348973
32.479999999999976,48,698.3390862696263,87,0.042,0,32.46360703812314
32.519999999999975,45,678.0307287100686,85,0.126,0,32.50329423264905
32.53333333333334,86,704.0358591634157,88,0.028000000000000004,2,32.517096774193554
32.56,89,705.5401347006576,88,0.028000000000000004,2,32.54376344086022
32.55999999999999,67,719.7083392541435,90,0.033600000000000005,1,32.5440762463343
32.586666666666666,91,681.1204403469347,85,0.028000000000000004,2,32.56996089931574
32.591999999999985,71,693.9203331124082,87,0.033600000000000005,1,32.57560703812315
32.61333333333333,89,573.3217739623611,72,0.08533333333333334,2,32.59459433040078
32.62399999999998,72,694.2708079446911,87,0.033600000000000005,1,32.60760703812315
32.63999999999997,47,681.985382591607,85,0.084,0,32.623294232649044
32.65599999999998,71,581.298160749628,73,0.1024,1,32.63741739980448
32.71999999999997,45,568.5877060452573,71,0.128,0,32.701104594330374
32.77333333333333,86,655.8808383451167,82,0.028000000000000004,2,32.75615835777126
32.8,88,633.24274229573,79,0.028000000000000004,2,32.78235581622678
32.82666666666666,86,720.7830504826143,90,0.028000000000000004,2,32.81074291300097
32.84799999999998,67,631.0933092047825,79,0.06720000000000001,1,32.83035581622676
32.853333333333325,83,700.8952804741617,88,0.084,2,32.83709677419354
32.91199999999998,65,663.6050325678685,83,0.1008,1,32.894981427174955
32.93333333333332,84,668.2533717521876,84,0.05600000000000001,2,32.91647116324535
32.959999999999965,48,633.1729729323612,79,0.084,0,32.94235581622675
32.98666666666666,83,582.6601779658936,73,0.08533333333333334,2,32.96808406647116
33.007999999999974,67,707.8738300246578,88,0.033600000000000005,1,32.99176344086019
33.039999999999964,50,679.6529289357392,85,0.126,0,33.023294232649036
33.03999999999997,64,688.6461851740597,86,0.033600000000000005,1,33.02345063538609
33.07199999999997,62,685.7094793040228,86,0.033600000000000005,1,33.05545063538609
33.103999999999964,64,555.0839830575205,69,0.1024,1,33.08479178885627
33.14666666666666,86,628.2894882239272,79,0.05600000000000001,2,33.12902248289345
33.15999999999996,48,731.1763033983234,91,0.042,0,33.14423264907132
33.199999999999996,88,666.7077728170245,83,0.084,2,33.18298142717497
33.19999999999996,52,706.4882567908596,88,0.042,0,33.183763440860176
33.23999999999996,53,679.402921679017,85,0.042,0,33.22329423264903
33.27999999999996,52,575.8367312387057,72,0.128,0,33.26126099706741
33.279999999999994,86,740.8953612696072,93,0.028000000000000004,2,33.26454545454545
33.295999999999964,67,642.6768115071453,80,0.06720000000000001,1,33.2785122189638
33.30666666666666,89,706.6803153411457,88,0.028000000000000004,2,33.29043010752687
33.33333333333332,91,662.3657307156129,83,0.028000000000000004,2,33.3163147605083
33.359999999999985,89,571.9503229624249,71,0.08533333333333334,2,33.34110459433039
33.359999999999964,69,647.5176008452805,81,0.1008,1,33.342668621700845
33.45599999999996,67,730.3514642963413,91,0.033600000000000005,1,33.44023264907132
33.48799999999996,71,691.2566504622181,86,0.033600000000000005,1,33.47145063538608
33.51999999999995,48,617.7623603872227,77,0.084,0,33.502043010752644
33.51999999999999,86,650.7757577059864,81,0.05600000000000001,2,33.50266862170087
33.51999999999995,72,690.2991304511754,86,0.033600000000000005,1,33.50345063538607
33.55199999999995,71,584.2132630410811,73,0.1024,1,33.53341739980445
33.57333333333332,88,660.4128056439921,83,0.084,2,33.5563147605083
33.59999999999995,50,671.7211519509398,84,0.126,0,33.583137829911976
33.65333333333332,86,696.5686255855569,87,0.028000000000000004,2,33.63694037145649
33.679999999999986,89,718.6739626245494,90,0.028000000000000004,2,33.6640762463343
33.70666666666665,91,686.2391825714385,86,0.028000000000000004,2,33.69011730205277
33.71999999999995,48,733.8882395688,92,0.042,0,33.704389051808356
33.73333333333331,89,573.3752657578924,72,0.08533333333333334,2,33.714594330400764
33.74399999999995,72,659.9271319289286,82,0.033600000000000005,1,33.72682502443788
33.75999999999995,52,701.0513521334999,88,0.042,0,33.743763440860164
33.77599999999995,74,659.144475425627,82,0.033600000000000005,1,33.758825024437876
33.79999999999995,53,682.1926101994883,85,0.042,0,33.78329423264902
33.80799999999994,72,718.5356386924742,90,0.033600000000000005,1,33.792076246334254
33.83999999999995,52,591.0459010105825,74,0.128,0,33.821573802541494
33.83999999999994,69,699.4576923952354,87,0.1008,1,33.82360703812311
33.89333333333332,91,653.507945320182,82,0.05600000000000001,2,33.876158357771246
33.935999999999936,71,666.0610573805809,83,0.06720000000000001,1,33.91898142717491
33.94666666666665,89,648.9052707025975,81,0.084,2,33.92933528836753
33.999999999999936,69,584.8613506729868,73,0.1024,1,33.981417399804435
34.02666666666665,91,716.4784669756153,90,0.028000000000000004,2,34.01074291300096
34.05333333333331,88,703.559988077963,88,0.028000000000000004,2,34.03709677419353
34.07999999999994,53,619.8908489967224,77,0.084,0,34.06204301075263
34.07999999999998,86,701.1287465188722,88,0.028000000000000004,2,34.06376344086019
34.10666666666664,88,597.5021633151057,75,0.08533333333333334,2,34.088396871945235
34.15999999999994,52,646.0212257488513,81,0.126,0,34.14266862170082
34.191999999999936,72,643.2464832304379,80,0.06720000000000001,1,34.17451221896377
34.255999999999936,74,680.460339907773,85,0.1008,1,34.23929423264901
34.266666666666644,91,638.6665949800238,80,0.05600000000000001,2,34.24917888563048
34.27999999999994,53,705.5785494814728,88,0.042,0,34.26376344086015
34.31999999999998,93,654.6965804909902,82,0.084,2,34.30282502443791
34.319999999999936,50,714.4053016420571,89,0.042,0,34.3039198435972
34.35199999999993,72,709.7940466577303,89,0.033600000000000005,1,34.335919843597196
34.359999999999935,48,683.5367443857606,85,0.042,0,34.34329423264901
34.38399999999993,76,688.1182991932737,86,0.033600000000000005,1,34.36745063538605
34.399999999999935,50,544.2168869130026,68,0.128,0,34.380635386119195
34.39999999999998,91,725.3553385933566,91,0.028000000000000004,2,34.384232649071336
34.415999999999926,77,664.4663237312731,83,0.033600000000000005,1,34.3989814271749
34.42666666666664,95,674.9645227345782,84,0.028000000000000004,2,34.409804496578666
34.44799999999992,76,571.7219932118643,71,0.1024,1,34.429104594330326
34.453333333333305,96,677.9471787734019,85,0.028000000000000004,2,34.43662756598238
34.47999999999997,95,559.3453749140945,70,0.08533333333333334,2,34.460948191593324
34.63999999999993,53,604.3981627532618,76,0.084,0,34.62188660801557
34.63999999999992,72,627.1435886866971,78,0.06720000000000001,1,34.62219941348966
34.63999999999997,91,626.3850390744988,78,0.028000000000000004,2,34.62219941348971
34.666666666666636,93,635.0345332386167,79,0.028000000000000004,2,34.64902248289342
34.6933333333333,91,711.7484314556586,89,0.028000000000000004,2,34.67725317693056
34.70399999999992,74,635.6764651785484,79,0.1008,1,34.68635581622671
34.71999999999993,55,634.0958765979518,79,0.126,0,34.702355816226714
34.71999999999996,88,681.1005039257462,85,0.084,2,34.703294232649036
34.79999999999996,89,620.5299934424186,78,0.05600000000000001,2,34.7821994134897
34.79999999999992,72,714.4415053621808,89,0.033600000000000005,1,34.78391984359718
34.831999999999915,76,667.6387381303971,83,0.033600000000000005,1,34.81498142717489
34.839999999999925,53,694.0278469577576,87,0.042,0,34.82360703812309
34.853333333333296,88,556.0560191224296,70,0.08533333333333334,2,34.83428152492665
34.86399999999991,77,666.4849604763973,83,0.033600000000000005,1,34.84698142717489
34.879999999999924,57,657.0504487348894,82,0.042,0,34.86282502443785
34.89599999999991,76,558.4825795929189,70,0.1024,1,34.876948191593264
34.91999999999992,59,675.4818341001203,84,0.042,0,34.90313782991195
34.95999999999992,57,552.8427538301081,69,0.128,0,34.94079178885623
35.0133333333333,91,614.272183994058,77,0.05600000000000001,2,34.99537634408599
35.066666666666634,93,625.5242854566137,78,0.084,2,35.04886608015637
35.08799999999991,72,602.7580507050291,75,0.06720000000000001,1,35.0697302052785
35.14666666666663,91,683.8988648521242,85,0.028000000000000004,2,35.129960899315705
35.15199999999991,71,612.0760913250148,77,0.1008,1,35.1340430107526
35.1733333333333,95,678.4520266538636,85,0.028000000000000004,2,35.15662756598237
35.19999999999992,53,602.8341185316377,75,0.042,0,35.18173020527851
35.19999999999996,96,642.0817153410229,80,0.028000000000000004,2,35.182512218963794
35.226666666666624,95,540.9692081635201,68,0.08533333333333334,2,35.207302052785884
35.23999999999992,55,602.9057423754979,75,0.042,0,35.22173020527851
35.247999999999905,72,708.8974274118218,89,0.033600000000000005,1,35.23191984359717
35.2799999999999,69,643.2309247035894,80,0.033600000000000005,1,35.262512218963735
35.279999999999916,53,686.7023182786296,86,0.042,0,35.263450635386036
35.3119999999999,67,635.8442479427574,79,0.033600000000000005,1,35.294355816226684
35.319999999999915,50,646.2576498096831,81,0.126,0,35.302668621700796
35.343999999999895,69,520.2668049748833,65,0.1024,1,35.324166177908005
35.38666666666663,88,599.379157945884,75,0.05600000000000001,2,35.36839687194522
35.43999999999996,89,604.317637095472,76,0.084,2,35.421886608015605
35.43999999999991,52,621.5664030146258,78,0.084,0,35.42219941348965
35.51999999999991,50,526.3424908770977,66,0.128,0,35.50032258064507
35.51999999999996,88,653.442407119934,82,0.028000000000000004,2,35.50282502443789
35.535999999999895,69,599.4723270176864,75,0.06720000000000001,1,35.51773020527849
35.546666666666624,91,608.3463290613554,76,0.028000000000000004,2,35.52855327468227
35.57333333333329,93,611.2549317936666,76,0.028000000000000004,2,35.55521994134893
35.59999999999995,91,523.2617932681848,65,0.08533333333333334,2,35.58016617790806
35.599999999999895,71,600.9812780374898,75,0.1008,1,35.58173020527849
35.69599999999989,69,645.1765950927359,81,0.033600000000000005,1,35.67866862170077
35.72799999999989,72,632.4224147752687,79,0.033600000000000005,1,35.710355816226674
35.759999999999906,50,544.4512668867112,68,0.084,0,35.740635386119166
35.759999999999955,88,559.762081690418,70,0.05600000000000001,2,35.74094819159331
35.759999999999884,74,608.3005014570397,76,0.033600000000000005,1,35.74188660801553
35.79199999999988,72,495.7179524284386,62,0.1024,1,35.77169696969685
35.81333333333329,86,586.3429298485078,73,0.084,2,35.79475073313779
35.839999999999904,52,594.1354676436214,74,0.126,0,35.82157380254145
35.89333333333329,88,642.205214090043,80,0.028000000000000004,2,35.87584555229712
35.91999999999995,84,629.0855815711006,79,0.028000000000000004,2,35.90235581622674
35.946666666666616,83,589.2844741947808,74,0.028000000000000004,2,35.92824046920816
35.9599999999999,50,638.1097862876476,80,0.042,0,35.942512218963735
35.97333333333328,84,495.4165520871427,62,0.08533333333333334,2,35.953030303030246
35.98399999999988,69,558.175071166303,70,0.033600000000000005,1,35.96494819159324
35.9999999999999,53,623.5614448656723,78,0.042,0,35.98219941348964
36.01599999999988,71,567.7638225596024,71,0.033600000000000005,1,35.99710459433028
36.0399999999999,55,573.5324649007089,72,0.042,0,36.02126099706735
36.047999999999874,69,632.4718490602507,79,0.033600000000000005,1,36.03035581622666
36.0799999999999,53,471.37582007772085,59,0.128,0,36.05922776148572
36.07999999999987,65,602.1589178328662,75,0.1008,1,36.061730205278465
36.13333333333328,88,544.7930813739637,68,0.05600000000000001,2,36.113968719452544
36.17599999999987,67,582.0943519056323,73,0.06720000000000001,1,36.157417399804366
36.18666666666662,89,569.1852393135606,71,0.084,2,36.16777126099702
36.23999999999987,65,473.91271751109264,59,0.1024,1,36.21922776148569
36.266666666666616,88,593.9789105534267,74,0.028000000000000004,2,36.24824046920816
36.29333333333328,91,582.0409660773887,73,0.028000000000000004,2,36.27475073313778
36.319999999999894,50,511.46748222464214,64,0.084,0,36.300009775170956
36.31999999999994,93,576.8013932827829,72,0.028000000000000004,2,36.301260997067395
36.34666666666661,91,482.031179055224,60,0.08533333333333334,2,36.32605083088948
36.39999999999989,52,538.8150743067096,67,0.126,0,36.380478983382105
36.43199999999987,69,517.9742281945802,65,0.06720000000000001,1,36.41216617790798
36.49599999999987,71,521.0850649776543,65,0.1008,1,36.47616617790798
36.50666666666661,88,514.6638042458467,64,0.028000000000000004,2,36.48667644183767
36.51999999999989,50,596.8001858209269,75,0.042,0,36.501730205278484
36.533333333333275,89,522.5129445299089,65,0.028000000000000004,2,36.513499511241385
36.55999999999989,53,562.4812112265639,70,0.042,0,36.540948191593245
36.55999999999994,88,602.1395734814276,75,0.028000000000000004,2,36.54173020527853
36.5866666666666,84,576.5043999015387,72,0.084,2,36.567927663734054
36.591999999999864,69,611.0099078891268,76,0.033600000000000005,1,36.573886608015506
36.59999999999989,55,533.9235132423066,67,0.042,0,36.5804789833821
36.62399999999986,72,550.7054270754089,69,0.033600000000000005,1,36.60479178885617
36.63999999999989,53,426.7143986071965,53,0.128,0,36.618289345063424
36.65599999999986,74,547.0643415511056,68,0.033600000000000005,1,36.63663538611912
36.6666666666666,86,536.8230681130415,67,0.05600000000000001,2,36.64714565004881
36.68799999999985,72,434.498638184372,54,0.1024,1,36.66644574780044
36.719999999999935,84,439.91974038739227,55,0.08533333333333334,2,36.69860215053757
36.886200232647994,33,474.2958622877449,59,0.09772406009654133,11,36.86542799413382
36.88,43,820.0,102,0.9,20,36.86595307917889
36.88,47,820.0,102,0.5256130132837197,20,36.86595307917889
36.88,50,820.0,102,0.9,20,36.86595307917889
36.88,67,820.0,102,0.9,20,36.86595307917889
36.88,71,820.0,102,0.9,20,36.86595307917889
36.88,74,820.0,102,0.9,20,36.86595307917889
36.90216337358649,40,406.39880295292335,51,0.16658008424372894,12,36.88013991317593
36.989706306429774,33,435.1717964671767,54,0.5449175876445107,11,36.96815205423036
37.02429136824613,28,413.82598826960316,52,0.5429838450463056,11,37.00242431057262
37.069118380292835,88,453.6676205031227,57,0.31619150115815386,13,37.04803333630456
37.07217943045974,40,489.2171754637032,61,0.2820865370946092,10,37.05171999741966
37.082393615935636,52,395.31486723532004,49,0.511936098557558,10,37.06005735005098
37.0892268924061,100,332.81587599936734,42,0.538164033249628,13,37.065795807362115
37.35864035660616,40,519.7915298298865,65,0.21252704184820004,10,37.33880653451427
37.367304887710425,93,454.3866622685157,57,0.5077063814349612,13,37.34621984372215
37.389840673239846,88,479.61871685497954,60,0.3718745175540289,13,37.36922483746272
37.417215727235934,36,471.850657584988,59,0.41729445197035886,10,37.39644348872176
37.41686912276564,47,498.2756393867523,62,0.502858419265271,12,37.396566092462606
37.48912032538166,29,468.96026871314376,59,0.22309552339735006,11,37.468348086867486
37.54167309709241,31,477.4205449765896,60,0.47174454343467687,10,37.521057261315285
37.573088146844405,28,524.6094133872551,66,0.10385744447335099,11,37.55341072748956
37.57538538476911,40,556.5616875889018,70,0.2416702606833948,10,37.55633357636247
37.58672957623732,35,500.12703238461864,63,0.4688997919557667,11,37.56658294867133
37.59776568712272,52,475.9734814370246,59,0.24599525738119155,11,37.57699344860854
37.681632785843654,28,541.2298361486038,68,0.38039650694973204,10,37.662268171962914
37.68681252282661,33,561.4850190976563,70,0.049242170651868096,11,37.66776071441996
37.715182613197385,29,579.883754880074,72,0.4448230519381595,10,37.696443610264836
37.74058548526733,33,583.4237944273752,73,0.3129148275461898,10,37.72200288507183
37.76468195521225,88,582.1779789622763,73,0.16908409350621667,13,37.746099355016746
37.79260325226418,41,530.2896025281449,66,0.09300297112668232,11,37.77292583290934
37.8215190136931,45,583.5704239858276,73,0.17074084467499773,12,37.8029364134976
37.82174283997841,40,576.8515706110934,72,0.14516511488974515,12,37.803003837045864
37.838258957309904,36,536.6323677778082,67,0.0715687243151234,12,37.81873794069212
37.84688411165933,52,571.2041896524526,71,0.4086717308139836,11,37.82798870598973
37.85937170027676,57,553.6978521112777,69,0.36863270086100186,11,37.84016348913307
37.88966780696857,41,577.1259991095039,72,0.40338234445494614,12,37.87092880403602
37.89246209987295,93,605.4201799150821,76,0.17751076374804853,13,37.87434870788859
37.91498408436208,36,526.0657662019637,66,0.1139855587743267,12,37.89530666500724
37.93704561861094,88,672.9459870766518,84,0.3892207685818268,13,37.92018344852296
37.972064357605205,40,567.5394663880941,71,0.13600157289843906,12,37.95316895193561
37.99538302552352,45,680.0322919193895,85,0.0753529777569949,11,37.978677258172596
38.01180896760615,43,664.0449062483947,83,0.14364333516330674,11,37.99479039478113
38.014194766626794,31,699.3570534198683,87,0.18643725010518153,10,37.99780180474996
38.03146719934364,36,655.0177748571951,82,0.16698681084091305,12,38.01429222378157
38.05787470186533,33,616.8698460818866,77,0.05256604257203435,10,38.03991771261802
38.06515245994881,28,640.2544972371644,80,0.2526106533515272,10,38.047664678912646
38.073878044461665,93,662.5652614250747,83,0.24510996862894074,13,38.05685947163664
38.07651801696576,45,637.776298474188,80,0.12897492157611168,12,38.05903023592959
38.08301448839354,98,660.3470455151203,83,0.20652858080586156,13,38.065995915568514
38.11118909765907,40,660.3097487127641,83,0.2428998617618231,11,38.09417052483405
38.11575354991146,33,598.0423915467801,75,0.07374154343447514,12,38.097483755190055
38.123537807878336,96,649.7159283373264,81,0.3227940801219117,13,38.10620642957922
38.12704383086811,35,661.3361827440655,83,0.08717472436348828,12,38.11002525804309
38.13471845335199,100,678.4670808559083,85,0.33328939991871986,13,38.11801268600106
38.16107791371765,43,633.7770428432125,79,0.3312400134201586,11,38.143433729944434
38.1934002741866,33,654.1429146309307,82,0.24249459061068535,10,38.17622529862453
38.203923218395694,36,628.7356378545712,79,0.07020392426779665,12,38.18627903462248
38.207665252313596,31,594.334687022287,74,0.07378783120257537,10,38.18923905485514
38.210649341278916,45,635.7670604244568,79,0.26548825827930045,12,38.1930051575057
38.21764300848691,21,711.3664749330379,89,0.31100062110002996,12,38.20156285208417
38.2192185552316,35,665.5685372952584,83,0.22491372700120393,12,38.202199982406576
38.22146417521724,47,669.4365721710274,84,0.3087253699917522,10,38.20460200512927
38.22777555403773,38,670.4640235911414,84,0.2140960937010118,12,38.21091338394975
38.230032749133855,57,701.3371445167982,88,0.30645611300408304,10,38.21379618999407
38.24653934270819,50,631.6326174011484,79,0.2037364889652008,12,38.228895158934975
38.24628623092181,23,767.715025882465,96,0.30585801167121873,12,38.23130089367841
38.27756311529301,36,708.9045755161274,89,0.04920054401250951,11,38.26148295889028
38.2842634451975,31,704.4920143756325,88,0.2933208644788491,10,38.26802688605772
38.29376105551416,98,704.3412098837697,88,0.2451769520039403,13,38.277524496374376
38.32119908592986,28,720.059918666174,90,0.17294409196159932,10,38.30527533226417
38.32320599940537,93,700.932820958066,88,0.05235543826631329,13,38.30696944026558
38.332232867516666,36,687.2167750501264,86,0.05626457741880387,12,38.315683502902786
38.340705464428005,41,791.5365697439524,99,0.06706101061757408,12,38.326189335395746
38.35040484350968,105,688.8664443007264,86,0.24390103500240456,13,38.3338554788958
38.35076919909941,89,668.2497182592077,84,0.2743937187693797,13,38.333907029011435
38.35333324545382,81,709.8181540467099,89,0.27430013710363677,13,38.33725308905108
38.35799414026156,40,719.9894271131753,90,0.14947464844650937,10,38.34207038659587
38.359913922092545,52,761.4902309154263,95,0.2724470168956713,10,38.344772182112095
38.36168516460894,48,677.6703185172358,85,0.05096189308428024,12,38.344979397258015
38.36415913356838,69,687.8270787435754,86,0.27150220942105496,13,38.3476097689545
38.38009222946054,93,729.9894409649999,91,0.16802363054928093,13,38.364324878531896
38.39302823672433,36,712.6127753795515,89,0.08042265965254358,12,38.37694808032159
38.41542532157539,41,654.418784748283,82,0.1781476350207808,11,38.39825034601332
38.41411764339443,29,755.9753010665753,94,0.26353411100118757,10,38.39881950067693
38.41623943305979,48,751.9667264858645,94,0.08773010716663776,11,38.400941290342296
38.41910821173951,24,737.9886528262472,92,0.2577015752023559,11,38.40349726354792
38.440269253849095,33,684.1248921370001,86,0.10864234905400394,10,38.423719889235215
38.44671524500169,38,676.9984399184492,85,0.1826156871295933,11,38.43000947765076
38.447568254862325,35,740.991814794764,93,0.09377140266948458,10,38.43211370940778
38.44914224968158,96,758.7294886174784,95,0.2499310467456884,13,38.43400050970113
38.44954335023218,108,752.4177249297378,94,0.24954392287776123,13,38.434245207514685
38.45261698514358,50,768.8225949413886,96,0.21253485256527938,12,38.437631647900176
38.45756259950695,84,753.6070667749648,94,0.24869046325330935,13,38.44226445678945
38.46401000215317,72,739.6102780548417,92,0.24747848808639816,13,38.44839905396157
38.477512479954584,36,756.2720320620782,95,0.21814239827309734,12,38.46237073997413
38.47863515576545,45,759.2689349885004,95,0.07813248752948965,11,38.463493415785
38.49976878883965,28,686.0807738913973,86,0.16755741210130537,10,38.48321942422577
38.509438748437574,48,730.6475662787602,91,0.1874424364481041,11,38.49367139750893
38.51246878870807,40,718.5564378766804,90,0.12583432567677277,11,38.49654503504238
38.54331239656991,98,733.2638631038999,92,0.23425424309952908,13,38.527701448378316
38.54759087942819,35,681.8022206752082,85,0.07929390767619082,12,38.530885112077264
38.55249024906163,93,756.0962597123246,95,0.08829309298886556,13,38.53734850908118
38.55375520016605,33,693.2340718188063,87,0.05128412689531359,12,38.53736223828922
38.56145483782085,45,774.6125922998912,97,0.04748221921755203,12,38.54662590331449
38.56736556847342,21,720.8923299821491,90,0.08267928282325954,12,38.55144181480773
38.596226915540456,41,779.3283462812863,97,0.09183911179595128,11,38.5813979810341
38.597741851141606,105,768.0840164518314,96,0.21500212293382587,13,38.582756513898204
38.608631702427935,33,770.4976490201162,96,0.21466526127010926,10,38.59364636518453
38.614249862512494,45,759.6226064915057,95,0.054940387223129224,11,38.599108122532044
38.630633565208,35,745.5388104794991,93,0.21102247460001494,10,38.615179019753455
38.63261050202376,38,764.9460231717339,96,0.20745880049637422,10,38.61762516478036
38.64220829522551,40,779.2472931969619,97,0.0641009008594321,12,38.627379360719154
38.64531413383935,93,782.414332633232,98,0.20497300252055384,13,38.63064160207004
38.64630140763537,57,740.0283293806779,93,0.05484324087629034,10,38.630846862180825
38.6491114186668,86,798.4557156879785,100,0.20410039282717157,13,38.63475169237159
38.652645392228365,69,769.7265316901013,96,0.20350329238387665,10,38.63766005498496
38.654575643085536,21,745.44530182795,93,0.2027546411988615,11,38.63912109763099
38.66294300750647,52,782.4094502796388,98,0.08326239250400647,10,38.648270475737164
38.666962356498495,47,806.9873051991219,101,0.20058779756463369,10,38.65275903294033
38.66921342128657,50,815.256124927656,102,0.19974801210840337,10,38.655166500465455
38.671074979044576,28,755.5800895108541,94,0.0993774211051911,12,38.65577683632708
38.674033846998576,45,771.1406607221998,96,0.1988922441049754,11,38.65904850975517
38.69184935257596,53,788.875942703784,99,0.19463147325336833,10,38.6773332235437
38.691814805440025,41,839.77938797485,105,0.19827875910489162,11,38.67823709283005
38.699716461805394,36,806.8145293610667,101,0.07544121010048854,11,38.68551313824723
38.70297600404501,48,675.1038610574884,84,0.09133727186183449,11,38.68611383395704
38.70395501019299,57,853.9284309888407,107,0.19237710164434452,12,38.690690103057115
38.70974516871446,40,855.7958047204786,107,0.05142162217054647,11,38.696480261578586
38.71227126197511,88,756.7925345870112,95,0.19102324595116577,13,38.69712952199466
38.73582615302706,76,707.6104564822006,88,0.1905206364926858,13,38.71958959388728
38.738580914374054,64,760.525611402762,95,0.18590352742447397,13,38.723439174393604
38.75011058085114,52,837.8959376895074,105,0.09084721459707168,10,38.73653286824117
38.759263581730224,43,761.1009304108272,95,0.10554089002671219,11,38.744121841749774
38.76616679088501,40,856.7613475112636,107,0.181436909242853,12,38.75290188374913
38.77051808033926,72,799.8471446249765,100,0.180146130469243,13,38.75615835404405
38.77451398372748,28,802.9722551968065,100,0.17933840065044337,12,38.76015425743227
38.780001269168835,36,816.8473761604753,102,0.09935879279540927,12,38.76595434834772
38.79712363758818,48,786.7793623442067,98,0.17330437698545864,11,38.78245110581887
38.84673980913345,52,798.2818774245834,100,0.16177483012959726,10,38.83238008283824
38.85144725463067,33,831.0751989042308,104,0.133314618548101,11,38.83771313928365
38.857549704741594,55,838.128997322203,105,0.16517520154516685,10,38.84397199213162
38.86824044438646,43,841.653407083191,105,0.16417561771933936,12,38.854662731776486
38.86931215765535,59,834.9320536349935,104,0.09671409258411756,10,38.85557804230833
38.869973724676385,38,834.0999496679201,104,0.10782405139420603,11,38.856239609329364
38.880442498127486,83,797.8526029943677,100,0.1621712109727721,13,38.866082771832275
38.88404725649015,36,834.5399443437848,104,0.16051446101213357,11,38.87031314114313
38.939829031640805,86,793.6966379297412,99,0.11330862003163389,13,38.925312902608546
38.952734687473715,57,959.2302157865881,120,0.15168765342967017,10,38.941503015919466
38.96132582139352,88,827.4126859491919,103,0.1232192941636353,13,38.947435303309454
38.96391681716313,69,782.1848954062514,98,0.12623089334376203,10,38.949244285393824
38.97180826392471,59,794.276003753904,99,0.04508858843191888,10,38.95729213489245
38.97114640544427,45,842.3102714530959,105,0.1483917457604101,10,38.9575686928343
38.97386398720316,48,863.3711423727385,108,0.14734850627185886,10,38.96075548280433
38.98232856785945,38,857.6159054350156,107,0.098183652096412,11,38.96906366072357
38.99007467865287,33,816.2184186702187,102,0.14598606889703214,11,38.97602775783175
38.995996294084534,21,796.2041311497381,100,0.1450037285046581,11,38.98163656778932
39.008144264365896,41,798.9102626610926,100,0.1442647423279344,12,38.993784538070685
39.010291047492046,40,802.2330188966675,100,0.07059698064618203,12,38.995931321196835
39.01163780641848,52,896.8507271057466,112,0.1425238617395806,12,38.99915491296784
39.02158404688253,59,807.87597434861,101,0.14236299838223287,10,39.00738072332437
39.04943743719868,67,900.1415525460293,113,0.1411918643529661,10,39.037110946485086
39.05657362430196,86,871.1738186055684,109,0.0680621403138727,13,39.04362152264018
39.08510601445299,40,836.2908023931907,105,0.10215960574217575,12,39.07152830184302
39.087232650063385,38,768.8909066383004,96,0.05122314926512928,11,39.07224731281998
39.08954511555716,88,820.1532804882476,103,0.13421968110349325,13,39.07565459747309
39.0945220995587,69,813.990009301934,102,0.06623946005156511,10,39.080475178737586
39.115061821788245,81,862.9723832906282,108,0.04518226621464095,10,39.101953317389416
39.11751148491711,57,880.626890596681,110,0.08851051210698102,10,39.104715785992376
39.12730943766867,93,856.5253282316343,107,0.13145586785450747,10,39.114044530532794
39.13057418103812,86,823.0712575608801,103,0.13062366610514287,13,39.11668366295405
39.141891771958036,38,848.8677208973679,106,0.1303531623592189,12,39.12847046208511
39.1478722741037,71,842.9542085996084,105,0.1294418012369682,10,39.134294561493725
39.14787817187769,33,849.0794916570333,106,0.12897678942369845,11,39.13445686200477
39.16544875413617,69,830.5299403102696,104,0.11400517694290613,13,39.15171463878915
39.163992866106504,81,928.3278057637784,116,0.12897633651367746,13,39.15213558360406
39.18693273398667,28,864.914637990996,108,0.1276767672003135,11,39.173824229587844
39.188460491775615,29,889.9198994113864,111,0.0964888070450226,11,39.17582119558793
39.19210921745812,40,844.0878648163351,106,0.12612586855891034,11,39.17868790758519
39.19967667343595,84,827.5965393043987,103,0.05924108266598694,13,39.185786155351884
39.20304395535443,35,844.2218379233176,106,0.1254324200802166,12,39.189622645481506
39.20655102420261,41,798.0730064559883,100,0.12523225790905312,11,39.1921912979074
39.21102199702409,57,880.0035702467328,110,0.12502773185301824,10,39.19822629809936
39.213345186821236,53,902.4454932856621,113,0.12477283629539437,11,39.201018696107646
39.21564489946172,52,802.6057252359095,100,0.12464297676412733,11,39.20128517316651
39.26454336705013,84,792.2542877476947,99,0.12451617432082773,13,39.25002723801787
39.26455342112877,74,909.3434468065925,114,0.05724580929453794,10,39.252383333152224
39.26755645530728,83,792.1271309332374,99,0.12223228153390003,13,39.25304032627502
39.283202709182696,69,895.685095109258,112,0.12211784909909229,10,39.27071981573206
39.28535582096754,33,887.1141837096544,111,0.06874285634708854,11,39.27271652477985
39.289323274554,31,899.4112196454423,112,0.12139711466961184,12,39.27684038110336
39.28869807692425,29,950.0568946902291,119,0.12150115139155915,11,39.27731000263295
39.327187342486866,79,871.6049594634491,109,0.12137806709468674,13,39.314235240825084
39.32726843863445,74,888.6623527565131,111,0.09148079199196502,10,39.31462914244676
39.32808954235016,76,858.1912442782556,107,0.045917749584698415,10,39.314824635214286
39.33445446331357,88,824.7522333252903,103,0.1204519645504295,13,39.3205639452295
39.33735954495935,28,785.4251366225872,98,0.12034795393952208,11,39.32268701319004
39.3509940494189,64,882.0318881812256,110,0.1203049919757922,13,39.33819835049417
39.35117197266116,77,879.3107103045644,110,0.1125433303691662,13,39.33837627373643
39.35894227457758,33,896.8491692323043,112,0.05500040588806144,12,39.34645938112694
39.3749787662878,45,870.6960119430968,109,0.12007439542709336,11,39.36202666462602
39.37822527824962,76,895.4635419569468,112,0.07312510080954382,13,39.365742384798985
39.38588192487121,89,916.6772693136354,115,0.11602323151988514,13,39.37386823963171
39.38953971051818,36,831.8392537708648,104,0.12000580477827422,11,39.37580559517116
39.39223278543013,38,851.6882121819907,106,0.12001526911472588,11,39.37881147555721
39.408849370377276,41,835.9480323907688,104,0.04663369339224744,11,39.395115255030255
39.41559333191093,69,770.8514292466547,96,0.12013962840565207,10,39.400607994667524
39.416765103206856,53,821.9806671691396,103,0.12021252672548738,11,39.40287458512279
39.4172752647517,71,875.8769360924025,109,0.12022674775457332,10,39.40432316308992
39.420819513310214,33,798.133320392142,100,0.08158073195161364,12,39.406459787015
39.42312361967822,74,916.7533304028829,115,0.058136775673129366,13,39.41110993443873
39.43088567685794,50,885.3126311134984,111,0.12031194124284489,11,39.418246380670254
39.448827716397425,81,830.4751386401279,104,0.12079316896284747,13,39.435093601050404
39.44877707483176,83,877.7911791038484,110,0.05545756836459049,13,39.435981375907026
39.457914406429644,76,813.0540121831108,102,0.1207943367081627,13,39.44386748560853
39.460952271980666,41,810.5345677840461,101,0.12101774090217005,11,39.4467489484225
39.46769123583051,31,856.3388972475927,107,0.12109858127789541,12,39.45442632869463
39.46887170576738,77,872.2623749889202,109,0.07580424678230002,13,39.455919604105596
39.48798082545888,74,833.4154082837429,104,0.12132380575226304,13,39.474246710111856
39.500791851803235,48,877.8737123848747,110,0.12195332936826586,11,39.4879961528785
39.504272190520865,33,957.2245278966194,120,0.12244337381699466,12,39.493040518966616
39.50768717007633,89,877.8822270174913,110,0.12258591223390358,13,39.4948914711516
39.5090782404593,83,891.9626484841352,111,0.12272967663260387,13,39.49643894427162
39.51423673812942,86,902.3140668123601,113,0.1227893456192598,10,39.50191024741583
39.53500402953347,62,898.161466969111,112,0.12301620859664364,13,39.52252113608283
39.53905041420981,38,813.9485722490735,102,0.12401847331060784,12,39.525003493388695
39.53951432041637,45,848.4429349400493,106,0.12423030856644934,12,39.52609301054345
39.549206744338534,77,893.3025410395219,112,0.12425493903784512,13,39.536723850887896
39.57007295724966,47,826.7569460877772,103,0.11128377434281844,11,39.55618243916559
39.591321591369564,43,907.895741260165,113,0.09203577360285464,11,39.57899510065597
39.601113962159005,72,844.2023219945359,106,0.12744873861727662,10,39.58769265228608
39.60674876535092,81,889.028714152669,111,0.0941381192196954,13,39.594109469163236
39.60877168965754,84,836.1435287368624,105,0.1285683683102133,13,39.595193977047565
39.622706205719965,76,870.5352831751069,109,0.12872087553587258,13,39.60975410405818
39.63896351213717,74,831.1891698660078,104,0.12980711502379033,10,39.62522939679015
39.63924859923699,83,888.29866938192,111,0.13115295050136389,10,39.62660930304931
39.648452974011946,33,910.0452967269392,114,0.13117730239466796,12,39.6362828860354
39.687764356225905,47,754.5028487656933,94,0.04647288388791083,11,39.67246621350841
39.68976498960585,43,828.465618205263,104,0.13569514302205682,11,39.67603087425883
39.694729551914655,79,889.9218562461623,111,0.13589726866972507,10,39.68209025572697
39.698036284517684,77,846.0195575520759,106,0.04934159479637657,10,39.68461497464476
39.70171049350442,91,837.022865593761,105,0.13674609892383294,13,39.68813278089445
39.70651249551881,81,858.7103256676152,107,0.13712994876374146,13,39.69324758838293
39.71522822192819,89,883.1488974688473,110,0.0806365033685904,13,39.70243252300346
39.72842257876334,35,863.0803545930117,108,0.1385779500871795,12,39.715314074364514
39.73700972985987,31,828.5991447409571,104,0.14004527937316386,12,39.72327561451285
39.73736040726924,47,849.0743269479945,106,0.14102869381576916,12,39.72393909739632
39.73854274753457,29,824.5840066449276,103,0.048881518043418455,12,39.7246522294505
39.75133567623877,45,894.484353621561,112,0.05304764996506862,11,39.73885278278813
39.752847087525204,77,824.1210982303736,103,0.060791784306235004,13,39.738956569441136
39.77580303607367,41,847.964116665068,106,0.05984919912654874,11,39.76238172620074
39.792424265577985,29,824.1385659482567,103,0.1457475032703074,12,39.77853374749392
39.7937478067185,74,842.2853681037773,105,0.11585911959386663,10,39.78017009410853
39.80242875266726,89,801.1638176177588,100,0.08071701698103595,10,39.78806902637205
39.80738679639234,33,771.5910551936101,96,0.05991535341784527,12,39.79240145914894
39.8083642556409,36,809.4432781189868,101,0.09994394783129479,12,39.79416093208274
39.80765182181044,86,872.7340893895898,109,0.12464646132105173,10,39.79469972014866
39.80813210430745,45,958.4389298430991,120,0.14995380178108492,12,39.7969004327532
39.81339300760773,57,885.9805681348587,111,0.15005126267097962,11,39.80075371142004
39.818169663620296,77,848.5765488494865,106,0.04876329873285357,13,39.80474835374737
39.82077776143207,62,875.141471842318,109,0.10539513012282498,10,39.80782565977029
39.82838148918538,69,864.2369737612044,108,0.15177283239462863,11,39.81527298478655
39.840808637937265,41,843.9903381091539,105,0.1528491029408055,11,39.82723092532729
39.85201237454826,40,791.8469614416085,99,0.06922071936355223,11,39.837496245516
39.85673760563999,21,688.8052578017913,86,0.15629818660348038,12,39.84018824102611
39.8713637333879,33,818.209628510229,102,0.08081622891616547,12,39.857316812566786
39.870838143193815,77,901.5684497410568,113,0.058008308341807154,13,39.858511652480225
39.887676561437154,89,820.1571215752277,103,0.15923849564521814,10,39.873786043353086
39.90238727433264,38,826.7001765370455,103,0.16179677792470593,12,39.88849675624857
39.90446243311964,83,756.1035494859659,95,0.16416534640517538,10,39.88932069313919
39.90841085736905,35,838.7157610632466,105,0.16450411576433577,12,39.894833144759076
39.912213384312864,36,861.7186396049701,108,0.10400324737222177,11,39.899104879914034
39.914763329049414,74,831.7328564472582,104,0.16577954111983612,10,39.901029213702394
39.91728760343854,72,784.6211246187088,98,0.16620260021961153,10,39.90261507166923
39.923982602989305,50,859.9552170973988,107,0.16662308221311467,12,39.91071769585343
39.92496250128991,26,808.1660540859065,101,0.1677463769743655,12,39.91075917773175
39.925294677489525,40,836.9005092871079,105,0.16791176566048555,12,39.91171696487955
39.93211130797718,62,824.8529329161227,103,0.16796788750285002,12,39.91822078989311
39.93666170080248,77,759.667199049472,95,0.055885020177330776,13,39.92151996082203
39.93933151871311,86,767.6782687632787,96,0.11107914833381727,10,39.92434618146971
39.950410487280486,98,804.6519066472995,101,0.17036551882556966,10,39.93620716372232
39.95749276777816,33,798.6145225162929,100,0.05521082631658459,12,39.94313304148295
39.96744124268351,79,837.9077471217163,105,0.17354238603026867,13,39.95386353007354
39.974516635785534,29,847.2593565804592,106,0.052258970740157625,12,39.96109532591261
39.978782383609875,45,772.0099115137996,97,0.17659550246084843,11,39.96395344910352
39.99566988813524,77,857.5325660504063,107,0.10170099225209384,13,39.98240498099936
40.017234385883604,33,821.236515896399,103,0.045232802116717326,12,40.003343867799536
40.018412707161865,76,816.4447811038956,102,0.18456760343837808,10,40.00436578634075
40.02231145084442,36,804.8989417984467,101,0.18479365335649517,11,40.008108127286256
40.03333963389617,29,771.1959536595651,96,0.09141315364828528,12,40.01835429665277
40.052274908986185,84,780.5346455921607,98,0.0835654607526547,10,40.03760237721688
40.05380153074718,48,806.1567091866945,101,0.1914262010637936,12,40.039598207189016
40.054315847887594,86,824.2863820669538,103,0.06163096293614501,13,40.040425329803526
40.06809279894851,33,792.0661071061955,99,0.19183424066679633,11,40.053576669916254
40.097413554074286,81,805.7225738729306,101,0.19461269897463268,10,40.08321023051612
40.101302429252215,89,760.4282903641747,95,0.20066245882832373,13,40.086160689271765
40.10393490775781,77,772.1921129690434,97,0.1121911393695737,10,40.089105973251456
40.113953023906284,26,800.473273154547,100,0.05454543748913466,11,40.09959329761107
40.11326326741061,38,846.2285851367972,106,0.20203263406403443,12,40.099841957537684
40.120477602612596,86,847.5061257460802,106,0.10216777320215698,13,40.10705629273967
40.130378398492645,29,739.5883413582208,92,0.12137743621977648,11,40.11476745030105
40.13312339560077,50,796.9871219468658,100,0.20767739576192723,11,40.11876366930556
40.138550814463414,88,711.8908402319352,89,0.20827136063874035,13,40.12247065806068
40.143186410794556,84,662.2700675883168,83,0.21019077785941792,13,40.12616783796953
40.14194782903407,74,798.57035762189,100,0.04711048602368607,10,40.12758810273886
40.145517859316485,98,815.1132114042932,102,0.21046139291934374,13,40.13147093849537
40.15721665111845,31,700.3407673810369,88,0.07455953534344928,11,40.14098009197867
40.15888544462192,62,801.4162229202857,100,0.21354731402038996,10,40.14452571832671
40.17396766960656,26,774.6034009211653,97,0.11809135989961816,11,40.15913873510021
40.18301835944611,41,750.8113008766745,94,0.09512764665003004,12,40.16772021672861
40.19530953695414,74,734.6395548472143,92,0.05748007866364702,10,40.17969858876255
40.2014671280186,53,662.8246813689685,83,0.2221094353281231,12,40.184448555193576
40.21020895136133,79,767.8613657414522,96,0.05235950083557384,10,40.19522361411793
40.221751658075576,77,746.1351549049688,93,0.10014020592951567,13,40.20629711262103
40.228114584025896,86,820.6630216696642,103,0.14675026072731867,10,40.21422406594183
40.23505575635438,31,789.2627670056639,99,0.22968643545552636,11,40.22053962732212
40.251869383537425,45,713.0008485430666,89,0.20907125631223067,12,40.23578922713469
40.257225042923565,29,708.9800850542781,89,0.06192236747509384,11,40.24114488652083
40.25700760193255,74,777.5114737625452,97,0.08485410388401504,13,40.242178667426195
40.26803766040805,79,744.2720917510113,93,0.23655680027424414,13,40.2525831149535
40.28283320062204,41,770.1672144402485,96,0.12438767506936699,11,40.26784786337864
40.29705902950618,26,776.3881719464109,97,0.2427070328262929,11,40.282230094999825
40.322426980291134,29,796.4801028251916,100,0.05179659719630337,11,40.30806725399592
40.32673546126804,77,754.6513143852644,94,0.09372457919141197,10,40.311437318550546
40.33139439099391,81,729.399554205461,91,0.2289365082362903,10,40.315627040065266
40.33602218280376,93,765.8381737511945,96,0.2546198563451746,13,40.32103684556036
40.33902252741324,38,700.3597112089972,88,0.25577096518546333,12,40.32278596827346
40.34733091402771,74,754.7226550783826,94,0.1927969083178479,13,40.33203277131021
40.35010967879185,89,729.9498705522115,91,0.25922106924232363,10,40.33434232786321
40.349831210907276,33,770.9967715689196,96,0.04704216587464572,11,40.33484587366387
40.36053239793124,69,752.0404688036446,94,0.16024004046377882,13,40.34523425521374
40.3817260212802,29,670.4806401351716,84,0.09462228011960405,11,40.364863851192226
40.383931315916456,86,614.9098420314435,77,0.20443650949556058,10,40.365974326669146
40.390265529288655,62,685.5841723906788,86,0.26783310548652056,10,40.373716164674775
40.403750209626494,33,673.6114759680333,84,0.26944637277920047,11,40.38688803953852
40.4058211780338,43,685.7935177282811,86,0.27289397648833325,12,40.38927181341992
40.41378490306189,41,691.958189257641,86,0.049291887353173254,11,40.39723553844801
40.417087013127905,52,750.6868534388327,94,0.27547069036050753,12,40.40178887041041
40.42671126235584,77,687.534781649863,86,0.177928746156783,10,40.41016189774196
40.439574019017776,53,805.3880398501421,101,0.07880204009211667,11,40.42537069545961
40.456273091900655,55,647.7808406810492,81,0.28632711974873365,11,40.43894171360154
40.455700451267425,71,695.7821107834263,87,0.2821334452934763,13,40.43930748939059
40.464533015216226,45,780.1212971287719,98,0.2864763936052765,12,40.44986048344692
40.46901520683735,41,640.0448976467285,80,0.06278607254248925,12,40.45152742580118
40.46961316985065,47,713.3881736202144,89,0.2898039847008474,12,40.45353301344792
40.481973912347996,29,638.029374081949,80,0.2899604177439082,12,40.46448613131183
40.50136190034602,57,610.3443837421985,76,0.08336370317489183,11,40.48324850836166
40.52415807279513,53,767.3136796028774,96,0.05261521016545146,12,40.50917273555173
40.52749286850254,69,662.4691159097797,83,0.09413428015241976,12,40.51047429567752
40.536175668431646,41,670.2472875797218,84,0.10642016610162386,11,40.51931349834367
40.546691849716034,74,671.822174625375,84,0.30750359157622253,13,40.52982967962806
40.56720773207477,81,635.943075283142,79,0.3102943894928231,10,40.549563548301556
40.58032533842827,40,674.9832707452938,84,0.31574963799827815,11,40.56346316834029
40.585839754123825,53,562.049328574279,70,0.21455631879342263,11,40.56678794571718
40.59003840899501,57,593.4312610273653,74,0.32071370368314844,12,40.571612211536554
40.59305501993792,86,635.5281846457925,79,0.09394180507505012,13,40.57541083616471
40.610109216723764,77,666.9253390430874,83,0.3226379270728802,13,40.59309064389874
40.62787837055134,69,603.0404171497348,75,0.3271890102868065,12,40.60960857582994
40.64806504274441,41,647.3384397431387,81,0.19176621827282758,11,40.630733664445295
40.65474375533848,89,672.6629233986177,84,0.06297649812228456,13,40.637881585250504
40.669086244011446,101,683.5941203577731,85,0.3391063933341046,13,40.65238047666052
40.68199819222878,88,651.4520830352827,81,0.3429332136435476,13,40.664666813929664
40.68957580007949,43,634.9531141634893,79,0.34637547787392237,11,40.671931616306274
40.691058408590685,86,681.7846490299471,85,0.3225336271605056,13,40.67435264123976
40.7238150726201,89,615.3426029016631,77,0.34878876148177756,13,40.70585808337279
40.749628432199216,38,620.4636937940402,78,0.3574939531205247,11,40.731827845688954
40.80461405923201,53,597.7116218333404,75,0.3643248384582975,12,40.7863442645106
40.84545687196543,41,612.5499155429123,77,0.37037843510050095,11,40.82749988271812
40.86464592082923,52,574.9250420518763,72,0.3893342386069328,12,40.845906917896684
40.87406970346442,50,669.0474319891782,84,0.06150709873298411,12,40.857207533376446
40.94307924599017,50,541.7424615100912,68,0.39665820973290455,12,40.92371463210943
41.02093807680691,86,558.4096441837165,70,0.1235415165722128,13,41.00188626840026
41.02294765089388,98,525.6406915826069,66,0.16229258056160034,10,41.00327023153904
41.106330745570276,83,588.0442802740114,74,0.4332183731033564,10,41.08790454811182
41.14648888250824,81,578.1154023103927,72,0.45223645881071833,10,41.12774987957569
41.15041800980141,86,510.1740829337817,64,0.07957802725619956,10,41.130427784972476
41.17902555043433,89,533.9593361222461,67,0.4617737983445336,13,41.159504533816545
41.19039663419253,98,518.0521210970437,65,0.06328513078549747,10,41.17056281210064
41.22020969611774,41,647.998508190472,81,0.07370321746266739,11,41.20287831781862
41.23405762063532,86,557.1911796318533,70,0.05627027710975597,10,41.215005812228675
41.24555044060376,62,540.4935871394761,68,0.09629511281297709,12,41.22618582672302
41.259620181400315,98,475.237960984891,59,0.48096534947290837,10,41.23884794288614
41.29517149500803,86,570.3611798386743,71,0.4836300479122349,10,41.27627608933843
41.30266657926956,41,454.6039708996865,57,0.4901508372493813,11,41.28158153528129
41.34637634520559,62,566.1953277339215,71,0.491485850307124,12,41.327480939535995
41.394671325245824,67,580.0731988644283,73,0.48486435412856366,12,41.37608872505032
41.46508382687939,43,430.90019456300496,54,0.410698186805848,11,41.44352957467998
41.52315075862728,64,501.11739510610346,63,0.3579489481175909,12,41.503004131061296
41.54157675976788,84,450.8745912470326,56,0.523989890396873,10,41.52033531304256
41.6171427628203,83,474.27884320393576,59,0.526071612119003,13,41.596370524306124
41.68679486002111,60,458.1643267187792,57,0.19524326314604934,12,41.66570981603284
41.75670594212684,40,464.57055796819907,58,0.12517577830326843,11,41.73577730087562
41.78405461826665,81,381.0156812346684,48,0.09313502005201968,13,41.76156194964495
41.83036058535054,86,443.7134783066013,55,0.5434573384680541,10,41.80896273588817
41.83362753903644,45,412.98164394200893,52,0.12356209928222739,11,41.81176048136293
41.867468536177974,77,452.7035468543133,57,0.16925189392955786,13,41.8463834921897
41.88,43,474.197062838923,59,0.084,0,41.859227761485826
41.88,81,498.0400345180643,62,0.05600000000000001,2,41.85969696969697
41.88,62,503.4623272028913,63,0.06720000000000001,1,41.85985337243402
41.88,36,820.0,102,0.9,20,41.86595307917889
41.88,40,820.0,102,0.9,20,41.86595307917889
41.88,55,820.0,102,0.9,20,41.86595307917889
41.88,60,820.0,102,0.5013695014662599,20,41.86595307917889
41.88,64,820.0,102,0.052900293255130466,20,41.86595307917889
41.88,67,820.0,102,0.21368230694036583,20,41.86595307917889
41.93333333333334,79,492.0650179552259,62,0.084,2,41.913030303030304
41.944,64,504.89651770573687,63,0.032,1,41.92385337243402
41.96,45,531.0355271928524,66,0.126,0,41.94032258064516
41.976,65,464.89651770573687,58,0.032,1,41.955071358748775
42.008,64,504.89651770573687,63,0.032,1,41.98785337243402
42.013333333333335,81,574.7176036140688,72,0.028000000000000004,2,41.99459433040079
42.04,77,541.2547035934803,68,0.028000000000000004,2,42.02063538611926
42.04,62,598.7222874454712,75,0.033600000000000005,1,42.021730205278594
42.06666666666666,76,530.6907771341861,66,0.028000000000000004,2,42.04698924731182
42.071999999999996,65,568.154700188673,71,0.033600000000000005,1,42.0531045943304
42.08,43,602.8177637450132,75,0.042,0,42.06173020527859
42.09333333333333,77,454.95535821686167,57,0.08533333333333334,2,42.072248289345055
42.10399999999999,67,545.7196819749053,68,0.033600000000000005,1,42.08463538611925
42.12,47,559.8552804540168,70,0.042,0,42.10094819159335
42.13599999999999,65,439.2398410715873,55,0.042666666666666665,1,42.11460215053762
42.16,48,555.7775089447805,69,0.042,0,42.140791788856305
42.17866666666666,67,399.2398410715873,50,0.042666666666666665,1,42.15648680351905
42.199999999999996,47,456.6566822439296,57,0.05333333333333334,0,42.178914956011724
42.22133333333332,65,439.2398410715873,55,0.042666666666666665,1,42.19993548387095
42.25333333333333,48,416.6566822439296,52,0.05333333333333334,0,42.23146627565982
42.25333333333333,81,498.00534655648346,62,0.05600000000000001,2,42.2330303030303
42.306666666666665,47,456.6566822439296,57,0.05333333333333334,0,42.28558162267839
42.306666666666665,83,526.4122036938089,66,0.084,2,42.28698924731182
42.32799999999999,62,517.0046066796166,65,0.06720000000000001,1,42.3081661779081
42.38666666666666,81,605.8382264796882,76,0.028000000000000004,2,42.368553274682306
42.39199999999999,60,530.1689550813156,66,0.032,1,42.37232258064515
42.41333333333333,84,590.7158418013054,74,0.028000000000000004,2,42.394907135874874
42.423999999999985,62,490.16895508131563,61,0.032,1,42.403540566959904
42.43999999999999,43,515.3228003978612,64,0.084,0,42.42000977517105
42.43999999999999,86,545.5014768556778,68,0.028000000000000004,2,42.42063538611925
42.45599999999999,60,530.1689550813156,66,0.032,1,42.43632258064515
42.466666666666654,84,448.097711591967,56,0.08533333333333334,2,42.445425219941335
42.487999999999985,62,617.2608613057761,77,0.033600000000000005,1,42.470043010752676
42.51999999999999,45,560.276605522803,70,0.126,0,42.500948191593345
42.51999999999998,59,586.863477571842,73,0.033600000000000005,1,42.50141739980448
42.55199999999998,57,585.4967801650172,73,0.033600000000000005,1,42.53341739980448
42.583999999999975,59,491.1787715678721,61,0.1024,1,42.563540566959894
42.62666666666666,81,515.3339977725195,64,0.028000000000000004,2,42.60667644183772
42.639999999999986,43,629.0374319252828,79,0.042,0,42.62235581622677
42.65333333333332,83,551.4398750676586,69,0.028000000000000004,2,42.63412512218963
42.679999999999986,47,599.5576386168614,75,0.042,0,42.66173020527858
42.679999999999986,81,629.6070560704698,79,0.028000000000000004,2,42.66235581622677
42.70666666666665,77,609.5021340476985,76,0.084,2,42.68855327468229
42.719999999999985,48,586.8539747858317,73,0.042,0,42.701417399804484
42.759999999999984,47,481.7006018488239,60,0.05333333333333334,0,42.739384164222855
42.775999999999975,62,545.7621199369867,68,0.06720000000000001,1,42.756635386119235
42.78666666666665,79,589.3134721560835,74,0.05600000000000001,2,42.768240469208195
42.81333333333332,48,441.7006018488239,55,0.05333333333333334,0,42.79193548387095
42.83999999999998,77,489.03155529766616,61,0.035555555555555556,2,42.8195405669599
42.839999999999975,64,578.699409110781,72,0.1008,1,42.82126099706743
42.86666666666665,47,481.7006018488239,60,0.05333333333333334,0,42.846050830889524
42.875555555555536,79,449.03155529766616,56,0.035555555555555556,2,42.854314108830216
42.91111111111109,77,489.03155529766616,61,0.035555555555555556,2,42.89065167807101
42.93599999999997,62,630.1974247220279,79,0.033600000000000005,1,42.91835581622676
42.96799999999997,65,630.198354915811,79,0.033600000000000005,1,42.950355816226754
42.999999999999986,81,567.4217087838165,71,0.05600000000000001,2,42.98110459433039
42.99999999999998,43,584.5363112546167,73,0.084,0,42.98141739980448
42.999999999999964,67,606.9617324931941,76,0.033600000000000005,1,42.98188660801561
43.03199999999996,65,537.1856980772026,67,0.1024,1,43.012478983382174
43.05333333333332,83,575.8735858790142,72,0.084,2,43.03459433040077
43.07999999999998,41,573.2824707306028,72,0.04,0,43.06126099706743
43.119999999999976,43,533.2824707306028,67,0.04,0,43.10047898338219
43.13333333333332,81,658.1362462481976,82,0.028000000000000004,2,43.11615835777125
43.159999999999975,41,573.2824707306028,72,0.04,0,43.14126099706743
43.15999999999998,84,638.9366280311942,80,0.028000000000000004,2,43.142512218963816
43.186666666666646,86,637.5992295152956,80,0.028000000000000004,2,43.16917888563048
43.199999999999974,43,681.1256090948814,85,0.042,0,43.18329423264905
43.21333333333331,84,526.8341092444924,66,0.08533333333333334,2,43.19365591397847
43.22399999999996,62,586.578679917436,73,0.033600000000000005,1,43.20541739980446
43.239999999999974,40,646.7132012715605,81,0.042,0,43.222668621700855
43.25599999999996,64,599.1697019672346,75,0.033600000000000005,1,43.23773020527855
43.27999999999997,38,648.054424431617,81,0.042,0,43.262668621700854
43.287999999999954,62,669.047945388236,84,0.033600000000000005,1,43.27113782991198
43.31999999999997,40,518.352342310914,65,0.128,0,43.30016617790808
43.31999999999995,59,631.9214859229387,79,0.032,1,43.302355816226736
43.35199999999995,60,591.9214859229387,74,0.032,1,43.333573802541494
43.37333333333331,81,579.5179664616779,72,0.05600000000000001,2,43.354594330400765
43.38399999999995,59,631.9214859229387,79,0.032,1,43.366355816226736
43.41599999999995,60,620.0076396430852,78,0.06720000000000001,1,43.398199413489685
43.42666666666665,83,599.7876919421493,75,0.084,2,43.40839687194524
43.47999999999995,59,532.2542714927274,67,0.042666666666666665,1,43.46047898338216
43.506666666666646,81,676.6641647128159,85,0.028000000000000004,2,43.48996089931572
43.522666666666616,60,492.2542714927274,62,0.042666666666666665,1,43.50236363636358
43.53333333333331,84,654.2024096032538,82,0.028000000000000004,2,43.51615835777124
43.55999999999997,43,589.2081993320124,74,0.084,0,43.541573802541514
43.559999999999974,86,626.2489382979245,78,0.028000000000000004,2,43.54219941348971
43.56533333333328,59,532.2542714927274,67,0.042666666666666665,1,43.54581231671549
43.58666666666664,84,553.7291370676637,69,0.08533333333333334,2,43.567458455522946
43.639999999999965,45,619.2160663182557,77,0.04,0,43.622043010752655
43.67199999999995,67,596.3705482365358,75,0.06720000000000001,1,43.65373020527854
43.679999999999964,47,579.2160663182557,72,0.04,0,43.661260997067416
43.71999999999996,45,619.2160663182557,77,0.04,0,43.702043010752654
43.73599999999995,69,619.2895279021799,77,0.1008,1,43.71804301075264
43.74666666666664,86,602.8982142308455,75,0.05600000000000001,2,43.728396871945236
43.75999999999996,43,700.6326427872818,88,0.042,0,43.74376344086018
43.799999999999976,84,633.0017177847628,79,0.084,2,43.78235581622676
43.79999999999996,47,673.1821166659325,84,0.042,0,43.783137829911986
43.831999999999944,67,687.8380728358958,86,0.033600000000000005,1,43.815450635386064
43.83999999999996,48,651.4540312987178,81,0.042,0,43.82266862170084
43.86399999999994,71,668.1305923783551,84,0.033600000000000005,1,43.847137829911965
43.87999999999996,47,548.0505105348976,69,0.05333333333333334,0,43.86079178885627
43.879999999999974,86,700.6178251878533,88,0.028000000000000004,2,43.86376344086019
43.89599999999994,72,675.3375978391882,84,0.033600000000000005,1,43.87913782991196
43.90666666666664,83,682.7554071548537,85,0.028000000000000004,2,43.88996089931571
43.92799999999993,71,562.7800827516218,70,0.1024,1,43.90894819159329
43.933333333333294,48,508.0505105348976,64,0.05333333333333334,0,43.91334310850436
43.9333333333333,81,640.1407944056427,80,0.028000000000000004,2,43.915845552297135
43.959999999999965,83,554.449508679617,69,0.035555555555555556,2,43.940791788856274
43.98666666666663,47,548.0505105348976,69,0.05333333333333334,0,43.96745845552294
43.99555555555552,84,514.449508679617,64,0.035555555555555556,2,43.97556533072658
44.03111111111107,83,554.449508679617,69,0.035555555555555556,2,44.01190289996738
44.11999999999993,67,621.7431288125925,78,0.06720000000000001,1,44.10219941348967
44.119999999999955,48,631.29585721733,79,0.042,0,44.10235581622674
44.11999999999997,86,630.0470074682771,79,0.05600000000000001,2,44.102355816226755
44.159999999999954,50,626.190820478671,78,0.042,0,44.14219941348969
44.173333333333304,88,633.1823533267627,79,0.084,2,44.15568914956009
44.18399999999993,69,640.7636778709614,80,0.1008,1,44.16651221896377
44.19999999999995,48,716.8086043744684,90,0.042,0,44.184076246334264
44.23999999999995,45,711.9325206858313,89,0.04,0,44.223919843597216
44.2533333333333,86,682.4866097253199,85,0.028000000000000004,2,44.236627565982374
44.27999999999995,47,671.9325206858313,84,0.04,0,44.263137829911976
44.279999999999966,89,675.3820127213324,84,0.028000000000000004,2,44.26313782991199
44.27999999999993,67,704.1328467206001,88,0.033600000000000005,1,44.263763440860146
44.30666666666663,91,669.484822899045,84,0.028000000000000004,2,44.289804496578654
44.31199999999993,71,701.5110698439182,88,0.033600000000000005,1,44.29576344086014
44.31999999999995,45,711.9325206858313,89,0.04,0,44.303919843597214
44.33333333333329,89,570.6067847433349,71,0.08533333333333334,2,44.3144379276637
44.34399999999992,72,666.3380134943251,83,0.033600000000000005,1,44.3269814271749
44.35999999999995,47,653.7965784288599,82,0.084,0,44.34282502443788
44.37599999999992,71,557.9873246312877,70,0.1024,1,44.356948191593276
44.43999999999995,45,566.4981807263802,71,0.05333333333333334,0,44.42110459433035
44.49333333333328,47,526.4981807263802,66,0.05333333333333334,0,44.47365591397844
44.4933333333333,86,641.3430142810699,80,0.028000000000000004,2,44.47584555229713
44.51999999999996,88,652.2078490018287,82,0.028000000000000004,2,44.50282502443789
44.54666666666662,45,566.4981807263802,71,0.05333333333333334,0,44.52777126099702
44.546666666666624,86,720.4870705345044,90,0.028000000000000004,2,44.530742913000935
44.56799999999992,67,637.5843973122006,80,0.06720000000000001,1,44.55051221896375
44.57333333333329,83,709.7494374329883,89,0.084,2,44.55725317693055
44.63199999999992,65,630.1157407582475,79,0.032,1,44.614355816226706
44.653333333333286,84,672.1467068878247,84,0.05600000000000001,2,44.63647116324531
44.663999999999916,67,590.1157407582475,74,0.032,1,44.64557380254146
44.67999999999994,48,637.703986809506,80,0.084,0,44.662512218963776
44.69599999999992,65,630.1157407582475,79,0.032,1,44.678355816226706
44.70666666666662,83,577.3681980111929,72,0.08533333333333334,2,44.68792766373407
44.727999999999916,67,735.0615558081779,92,0.033600000000000005,1,44.71238905180832
44.75999999999994,50,639.4037501314147,80,0.04,0,44.742512218963775
44.75999999999991,64,705.6106090444939,88,0.033600000000000005,1,44.74376344086013
44.79199999999991,62,708.4693103014603,89,0.033600000000000005,1,44.77591984359717
44.79999999999994,52,599.4037501314147,75,0.04,0,44.781730205278535
44.823999999999906,64,595.9962927982409,74,0.1024,1,44.80557380254145
44.83999999999994,50,639.4037501314147,80,0.04,0,44.82251221896377
44.866666666666625,86,658.5953507337249,82,0.05600000000000001,2,44.849491691104554
44.87999999999994,48,726.826550690663,91,0.042,0,44.8642326490713
44.91999999999996,88,663.1310722417525,83,0.084,2,44.902981427174936
44.91999999999994,52,725.3922275684067,91,0.042,0,44.9042326490713
44.95999999999994,53,680.8005861901128,85,0.042,0,44.94329423264901
44.999999999999936,52,597.009231874266,75,0.05333333333333334,0,44.98173020527853
44.99999999999996,86,719.7110645000126,90,0.028000000000000004,2,44.98407624633427
45.015999999999906,67,676.7237721573234,85,0.06720000000000001,1,44.99929423264898
45.02666666666662,89,702.0388544037859,88,0.028000000000000004,2,45.01043010752684
45.05333333333327,53,557.009231874266,70,0.05333333333333334,0,45.03428152492663
45.053333333333285,91,690.7151136548674,86,0.028000000000000004,2,45.036783968719405
45.07999999999995,89,580.5432182637498,73,0.035555555555555556,2,45.06141739980445
45.079999999999906,69,668.8586354919964,84,0.1008,1,45.06313782991193
45.106666666666605,52,597.009231874266,75,0.05333333333333334,0,45.0883968719452
45.1155555555555,91,540.5432182637498,68,0.035555555555555556,2,45.09619094167476
45.15111111111106,89,580.5432182637498,73,0.035555555555555556,2,45.132528510915556
45.1759999999999,67,740.8206631556778,93,0.033600000000000005,1,45.16054545454536
45.2079999999999,71,697.4786495580454,87,0.033600000000000005,1,45.19160703812307
45.23999999999993,48,631.6631260926704,79,0.084,0,45.22235581622672
45.23999999999995,86,636.1479534356165,80,0.05600000000000001,2,45.222512218963786
45.239999999999895,72,686.5003886356528,86,0.033600000000000005,1,45.223450635386016
45.27199999999989,71,576.2086022401327,72,0.1024,1,45.25326099706734
45.29333333333329,88,664.2259647127371,83,0.084,2,45.276314760508264
45.31999999999993,50,668.7562090855708,84,0.126,0,45.303137829911954
45.373333333333285,86,724.6000056473388,91,0.028000000000000004,2,45.357565982404644
45.39999999999995,89,698.3149052009778,87,0.028000000000000004,2,45.38360703812312
45.42666666666661,91,668.5665634357279,84,0.028000000000000004,2,45.40980449657864
45.43999999999993,48,717.0198103868308,90,0.042,0,45.42407624633424
45.453333333333276,89,584.1358486442193,73,0.08533333333333334,2,45.434750733137776
45.46399999999989,72,635.2998318701153,79,0.033600000000000005,1,45.44635581622668
45.479999999999926,52,703.4902729298681,88,0.042,0,45.46376344086014
45.49599999999989,74,650.8205190180673,81,0.033600000000000005,1,45.47866862170077
45.519999999999925,53,667.2603805391747,83,0.042,0,45.5029814271749
45.527999999999885,72,732.7210318692784,92,0.033600000000000005,1,45.51238905180829
45.559999999999924,52,580.0375319477844,73,0.128,0,45.54141739980442
45.55999999999988,69,700.7677853757967,88,0.1008,1,45.5437634408601
45.61333333333328,91,637.7086979656789,80,0.05600000000000001,2,45.595845552297114
45.65599999999988,71,664.7252110890374,83,0.06720000000000001,1,45.638981427174855
45.666666666666615,89,659.4209989873455,82,0.084,2,45.649491691104544
45.71999999999988,69,566.2205057189849,71,0.042666666666666665,1,45.70110459433028
45.74666666666661,91,733.7159195396973,92,0.028000000000000004,2,45.73105571847502
45.76266666666655,71,526.2205057189849,66,0.042666666666666665,1,45.742989247311705
45.77333333333328,88,707.6785419290808,88,0.028000000000000004,2,45.75709677419349
45.79999999999992,53,633.3278678840474,79,0.084,0,45.782355816226705
45.79999999999994,86,686.3890270187625,86,0.028000000000000004,2,45.78345063538606
45.80533333333321,69,566.2205057189849,71,0.042666666666666665,1,45.78643792766361
45.826666666666604,88,575.1310738358032,72,0.035555555555555556,2,45.807927663734056
45.86222222222216,89,535.1310738358032,67,0.035555555555555556,2,45.84270120560437
45.87999999999992,52,650.1113852561717,81,0.126,0,45.8626686217008
45.89777777777771,88,575.1310738358032,72,0.035555555555555556,2,45.879038774845164
45.91199999999988,72,641.1413602283995,80,0.06720000000000001,1,45.89451221896371
45.97599999999988,74,653.4572536323203,82,0.1008,1,45.95882502443781
45.98666666666661,91,621.8230692973061,78,0.05600000000000001,2,45.968866080156346
45.999999999999915,53,711.4338828726846,89,0.042,0,45.98391984359718
46.03999999999994,93,642.0300744967304,80,0.084,2,46.022512218963776
46.039999999999914,50,714.2445212467888,89,0.042,0,46.02391984359718
46.071999999999875,72,726.289700420286,91,0.033600000000000005,1,46.056232649071234
46.07999999999991,48,673.9039767041272,84,0.042,0,46.06313782991194
46.10399999999987,76,704.1946695515695,88,0.033600000000000005,1,46.08776344086009
46.11999999999991,50,558.6215054068202,70,0.128,0,46.10094819159327
46.11999999999994,91,716.0931525499785,90,0.028000000000000004,2,46.10407624633425
46.13599999999987,77,678.6761803220429,85,0.033600000000000005,1,46.11929423264894
46.146666666666604,95,680.6128933791815,85,0.028000000000000004,2,46.12996089931568
46.167999999999864,76,571.6927805073892,71,0.1024,1,46.14910459433027
46.17333333333327,96,671.3700843969885,84,0.028000000000000004,2,46.15647116324529
46.19999999999993,95,556.5687763968756,70,0.035555555555555556,2,46.18094819159329
46.235555555555486,96,516.5687763968756,65,0.035555555555555556,2,46.215721733463596
46.27111111111104,95,556.5687763968756,70,0.035555555555555556,2,46.252059302704396
46.35999999999991,53,603.3941708189435,75,0.084,0,46.3417302052785
46.359999999999864,72,633.596255773825,79,0.06720000000000001,1,46.34235581622665
46.359999999999935,91,632.3961757233187,79,0.028000000000000004,2,46.34235581622672
46.3866666666666,93,632.071169625516,79,0.028000000000000004,2,46.369022482893385
46.41333333333326,91,695.6895276916027,87,0.028000000000000004,2,46.39694037145643
46.423999999999864,74,640.8301077223407,80,0.032,1,46.4065122189637
46.439999999999905,55,623.5141083725598,78,0.126,0,46.42219941348964
46.43999999999993,88,666.5570966501009,83,0.084,2,46.4229814271749
46.45599999999986,76,600.8301077223407,75,0.032,1,46.437730205278456
46.487999999999865,74,640.8301077223407,80,0.032,1,46.4705122189637
46.519999999999925,89,662.4827883890404,83,0.05600000000000001,2,46.5029814271749
46.51999999999986,72,673.2561354496661,84,0.033600000000000005,1,46.503137829911886
46.55199999999986,76,671.5569340857716,84,0.033600000000000005,1,46.53513782991188
46.5599999999999,53,697.9873404099883,87,0.042,0,46.54360703812307
46.57333333333326,88,570.4082111195846,71,0.08533333333333334,2,46.55443792766366
46.583999999999854,77,650.9813863138905,81,0.033600000000000005,1,46.566668621700735
46.5999999999999,57,695.6317973450275,87,0.042,0,46.58360703812307
46.61599999999985,76,565.8527998790072,71,0.1024,1,46.597104594330254
46.6399999999999,59,651.0005131863628,81,0.042,0,46.62266862170078
46.6799999999999,57,548.6605305080202,69,0.128,0,46.66079178885621
46.73333333333326,91,603.9795880705175,75,0.05600000000000001,2,46.71506353861186
46.7866666666666,93,633.0327273552228,79,0.084,2,46.769022482893384
46.80799999999985,72,585.500257301296,73,0.06720000000000001,1,46.78941739980435
46.866666666666596,91,663.4045477543293,83,0.028000000000000004,2,46.84964809384157
46.87199999999985,71,632.7893371038948,79,0.032,1,46.85435581622664
46.89333333333326,95,682.3485100656526,85,0.028000000000000004,2,46.87662756598233
46.90399999999985,72,592.7893371038948,74,0.032,1,46.885573802541394
46.919999999999895,53,565.065271670649,71,0.042,0,46.9011045943303
46.91999999999992,96,667.6744414194814,83,0.028000000000000004,2,46.9029814271749
46.93599999999985,71,632.7893371038948,79,0.032,1,46.91835581622664
46.94666666666659,107,503.2410782081636,63,0.035555555555555556,2,46.9265200391006
46.959999999999894,55,613.6691936501285,77,0.042,0,46.942043010752585
46.96799999999985,72,666.0828313603186,83,0.033600000000000005,1,46.950981427174824
46.98222222222214,96,463.2410782081636,58,0.035555555555555556,2,46.96129358097092
46.999999999999844,69,650.2236000845691,81,0.033600000000000005,1,46.982668621700725
46.99999999999989,53,677.4471906557633,85,0.042,0,46.983294232648966
47.017777777777695,95,503.2410782081636,63,0.035555555555555556,2,46.99763115021171
47.03199999999984,67,628.4505721535486,79,0.033600000000000005,1,47.014355816226626
47.03999999999989,50,668.6553096636502,84,0.04,0,47.02313782991192
47.06399999999984,69,510.56842646118946,64,0.042666666666666665,1,47.0440097751709
47.07999999999989,52,628.6553096636502,79,0.04,0,47.06235581622668
47.106666666666506,71,470.56842646118946,59,0.042666666666666665,1,47.08589442815233
47.10666666666659,88,578.2178908348445,72,0.05600000000000001,2,47.08792766373404
47.11999999999989,50,668.6553096636502,84,0.04,0,47.103137829911915
47.14933333333317,69,510.56842646118946,64,0.042666666666666665,1,47.12934310850423
47.159999999999926,89,596.7892598482582,75,0.084,2,47.14173020527852
47.15999999999989,52,611.3622208725556,76,0.084,0,47.14188660801553
47.23999999999989,50,533.9161307827268,67,0.05333333333333334,0,47.2204789833821
47.239999999999924,88,659.1979993255155,82,0.028000000000000004,2,47.22282502443785
47.25599999999984,69,586.1977071309534,73,0.06720000000000001,1,47.237417399804336
47.26666666666659,91,647.3474872084653,81,0.028000000000000004,2,47.24933528836747
47.29333333333322,52,493.9161307827268,62,0.05333333333333334,0,47.27303030303019
47.29333333333325,93,615.6295437342699,77,0.028000000000000004,2,47.27537634408594
47.319999999999915,91,503.1995603872141,63,0.08533333333333334,2,47.29985337243393
47.31999999999984,71,602.987861245867,75,0.032,1,47.30173020527843
47.34666666666656,50,533.9161307827268,67,0.05333333333333334,0,47.32714565004877
47.35199999999983,72,562.987861245867,70,0.032,1,47.33294819159319
47.38399999999984,71,602.987861245867,75,0.032,1,47.36573020527843
47.41599999999983,69,652.8418010591638,82,0.033600000000000005,1,47.39882502443776
47.44799999999983,72,625.9061488752661,78,0.033600000000000005,1,47.43019941348957
47.47999999999988,50,553.1457989518838,69,0.084,0,47.46079178885619
47.47999999999992,88,570.1766485109829,71,0.05600000000000001,2,47.46110459433032
47.479999999999826,74,625.4640980993462,78,0.033600000000000005,1,47.462199413489564
47.51199999999982,72,467.9065121805405,58,0.1024,1,47.4910713587486
47.53333333333325,86,562.524133447946,70,0.084,2,47.51428152492661
47.55999999999988,52,577.3363723358655,72,0.04,0,47.54126099706733
47.59999999999988,53,537.3363723358655,67,0.04,0,47.58047898338209
47.61333333333325,88,620.6656717113623,78,0.028000000000000004,2,47.59553274682299
47.63999999999988,52,577.3363723358655,72,0.04,0,47.62126099706733
47.639999999999915,84,637.5417023379806,80,0.028000000000000004,2,47.62251221896375
47.66666666666658,83,585.11795452373,73,0.028000000000000004,2,47.64808406647108
47.67999999999988,50,654.3826994793048,82,0.042,0,47.66282502443781
47.69333333333324,84,488.1569383252986,61,0.035555555555555556,2,47.67287390029316
47.70399999999982,69,549.1435906730704,69,0.033600000000000005,1,47.68479178885613
47.71999999999988,53,612.2775787022032,77,0.042,0,47.70204301075257
47.7288888888888,86,448.1569383252986,56,0.035555555555555556,2,47.70764744216348
47.73599999999982,71,550.0653150473674,69,0.033600000000000005,1,47.71679178885613
47.75999999999988,55,588.9054090307684,74,0.042,0,47.741573802541424
47.76444444444435,84,488.1569383252986,61,0.035555555555555556,2,47.74398501140427
47.767999999999816,69,626.7836202063697,78,0.033600000000000005,1,47.750199413489554
47.799999999999876,53,493.26156656032595,62,0.05333333333333334,0,47.77969696969684
47.79999999999981,65,601.1490479313392,75,0.032,1,47.78173020527841
47.83199999999981,67,561.1490479313392,70,0.032,1,47.812948191593165
47.85333333333321,55,453.26156656032595,57,0.05333333333333334,0,47.83224828934494
47.85333333333325,88,545.2995130485275,68,0.05600000000000001,2,47.83396871945251
47.86399999999981,65,601.1490479313392,75,0.032,1,47.84573020527841
47.89599999999981,67,577.6953251076726,72,0.06720000000000001,1,47.87726099706726
47.906666666666545,53,493.26156656032595,62,0.05333333333333334,0,47.88636363636351
47.90666666666658,89,572.4394959190813,72,0.084,2,47.88792766373403
47.95999999999981,65,478.6978569062809,60,0.042666666666666665,1,47.93938416422268
47.98666666666658,88,621.417764330192,78,0.028000000000000004,2,47.96886608015632
48.00266666666648,67,438.6978569062809,55,0.042666666666666665,1,47.98126881720411
48.01333333333324,91,569.3214836015493,71,0.028000000000000004,2,47.99443792766365
48.03999999999987,50,534.8135460154089,67,0.084,0,48.020478983382084
48.03999999999991,93,550.0097188940211,69,0.028000000000000004,2,48.020791788856215
48.04533333333314,65,478.6978569062809,60,0.042666666666666665,1,48.02471749755601
48.06666666666657,91,458.69284399395985,57,0.035555555555555556,2,48.0455816226783
48.102222222222125,93,418.69284399395985,52,0.035555555555555556,2,48.080355164548614
48.11999999999987,52,552.8450639085125,69,0.04,0,48.10079178885618
48.13777777777768,91,458.69284399395985,57,0.035555555555555556,2,48.11669273378941
48.15199999999981,69,511.82677139065925,64,0.06720000000000001,1,48.13200977517087
48.15999999999987,53,512.8450639085125,64,0.04,0,48.14000977517093
48.19999999999987,52,552.8450639085125,69,0.04,0,48.180791788856176
48.21599999999981,71,526.7880769696627,66,0.1008,1,48.19632258064497
48.226666666666574,88,491.1195308595851,61,0.028000000000000004,2,48.20620723362649
48.23999999999987,50,598.0202037746299,75,0.042,0,48.22173020527846
48.25333333333324,89,535.8574855450628,67,0.028000000000000004,2,48.23381231671545
48.279999999999866,53,582.924217802396,73,0.042,0,48.261417399804365
48.2799999999999,88,580.0183063627594,73,0.028000000000000004,2,48.2614173998044
48.306666666666565,84,583.9995865442702,73,0.084,2,48.288084066471065
48.311999999999806,69,569.800878215968,71,0.033600000000000005,1,48.29310459433021
48.319999999999865,55,545.0015898759459,68,0.042,0,48.300635386119126
48.3439999999998,72,568.849113411131,71,0.033600000000000005,1,48.325104594330206
48.359999999999864,53,442.31251204010414,55,0.05333333333333334,0,48.3386021505375
48.3759999999998,74,536.5206921711914,67,0.033600000000000005,1,48.35647898338201
48.386666666666564,86,562.9865994235204,70,0.05600000000000001,2,48.36761485825992
48.407999999999795,72,453.47994798972616,57,0.1024,1,48.38691495601152
48.4133333333332,55,402.31251204010414,50,0.05333333333333334,0,48.39115347018559
48.4399999999999,84,432.9770102496781,54,0.08533333333333334,2,48.41844574780048
48.466666666666534,53,442.31251204010414,55,0.05333333333333334,0,48.445268817204166
48.6,43,469.215871002418,59,0.084,0,48.579227761485825
48.6,62,479.7532772166195,60,0.06720000000000001,1,48.57938416422287
48.6,81,478.9642315556165,60,0.05600000000000001,2,48.57938416422287
48.6,36,820.0,102,0.9,20,48.585953079178886
48.6,40,820.0,102,0.9,20,48.585953079178886
48.6,55,820.0,102,0.9,20,48.585953079178886
48.6,60,820.0,102,0.501995112414458,20,48.585953079178886
48.6,64,820.0,102,0.05274389051808271,20,48.585953079178886
48.6,67,820.0,102,0.21399511241446134,20,48.585953079178886
48.653333333333336,79,504.33415766414055,63,0.084,2,48.63318670576735
48.664,64,497.4039549526492,62,0.1008,1,48.64369696969697
48.68,45,513.6748598036744,64,0.126,0,48.66000977517106
48.733333333333334,81,567.0897846168966,71,0.028000000000000004,2,48.71443792766374
48.76,77,575.9471021186556,72,0.028000000000000004,2,48.74126099706745
48.76,62,603.6310215506066,75,0.033600000000000005,1,48.74173020527859
48.78666666666666,76,566.0271061970628,71,0.028000000000000004,2,48.767771260997065
48.791999999999994,65,557.977547714324,70,0.033600000000000005,1,48.77294819159335
48.8,43,578.167258740401,72,0.042,0,48.78126099706745
48.813333333333325,77,445.6694615315207,56,0.08533333333333334,2,48.792091886608006
48.82399999999999,67,563.153810866703,70,0.033600000000000005,1,48.80494819159335
48.839999999999996,47,549.0748827866103,69,0.042,0,48.820791788856305
48.85599999999999,65,426.3216106655866,53,0.1024,1,48.834289345063524
48.879999999999995,48,542.6203236978852,68,0.042,0,48.860635386119256
48.919999999999995,47,442.25702415475166,55,0.128,0,48.89860215053763
48.97333333333333,81,511.65258113375864,64,0.05600000000000001,2,48.95334310850439
49.026666666666664,83,516.3719319719231,65,0.084,2,49.006832844574774
49.04799999999999,62,523.483326791683,65,0.06720000000000001,1,49.0281661779081
49.10666666666666,81,625.3097812978482,78,0.028000000000000004,2,49.0888660801564
49.11199999999999,60,562.994004426791,70,0.1008,1,49.092948191593344
49.133333333333326,84,584.6042558297765,73,0.028000000000000004,2,49.114750733137825
49.15999999999999,43,521.5083720477859,65,0.084,0,49.1401661779081
49.15999999999999,86,563.1492272371883,70,0.028000000000000004,2,49.140948191593345
49.18666666666665,84,473.1078016344028,59,0.08533333333333334,2,49.16589442815248
49.207999999999984,62,614.4327816940072,77,0.033600000000000005,1,49.190043010752674
49.23999999999999,45,558.765139541253,70,0.126,0,49.220948191593344
49.23999999999998,59,588.2001644676712,74,0.033600000000000005,1,49.22157380254153
49.27199999999998,57,560.6378488905219,70,0.033600000000000005,1,49.25294819159333
49.303999999999974,59,488.7008995133632,61,0.1024,1,49.28354056695989
49.34666666666666,81,531.6939222516644,66,0.028000000000000004,2,49.326989247311815
49.359999999999985,43,615.443037691148,77,0.042,0,49.342043010752676
49.37333333333332,83,558.5639460187869,70,0.028000000000000004,2,49.35428152492668
49.399999999999984,81,610.3523521576158,76,0.028000000000000004,2,49.38188660801563
49.399999999999984,47,623.4822303650502,78,0.042,0,49.38219941348972
49.42666666666665,77,617.5591886795304,77,0.084,2,49.40870967741934
49.43999999999998,48,570.536786386222,71,0.042,0,49.42110459433039
49.47999999999998,47,507.367124836729,63,0.128,0,49.459853372434
49.495999999999974,62,539.8355635678664,67,0.06720000000000001,1,49.47647898338219
49.506666666666646,79,589.7611568089814,74,0.05600000000000001,2,49.48824046920819
49.55999999999998,77,507.3262462538446,63,0.08533333333333334,2,49.539853372433996
49.559999999999974,64,568.4918483478407,71,0.1008,1,49.54110459433038
49.65599999999997,62,630.212349107308,79,0.033600000000000005,1,49.638355816226756
49.68799999999997,65,640.8083375750073,80,0.033600000000000005,1,49.6705122189638
49.71999999999998,43,551.8011102045466,69,0.084,0,49.700791788856286
49.719999999999985,81,561.5856035333279,70,0.05600000000000001,2,49.70094819159334
49.71999999999996,67,619.0667765304188,77,0.033600000000000005,1,49.702043010752654
49.75199999999996,65,505.6841050618133,63,0.1024,1,49.731853372433974
49.77333333333332,83,582.003388837024,73,0.084,2,49.75475073313782
49.799999999999976,41,585.3211262537259,73,0.126,0,49.781417399804475
49.85333333333332,81,643.1357623485073,80,0.028000000000000004,2,49.83584555229715
49.87999999999998,84,643.4556834355376,80,0.028000000000000004,2,49.862512218963815
49.906666666666645,86,606.470303169602,76,0.028000000000000004,2,49.88855327468229
49.91999999999997,43,655.9124444961726,82,0.042,0,49.9028250244379
49.93333333333331,84,511.5611567466027,64,0.08533333333333334,2,49.91334310850437
49.94399999999996,62,564.1950908071785,71,0.033600000000000005,1,49.925104594330364
49.95999999999997,40,635.093876102446,79,0.042,0,49.94235581622676
49.97599999999996,64,614.610540542688,77,0.033600000000000005,1,49.95804301075265
49.99999999999997,38,632.2262682793732,79,0.042,0,49.98235581622676
50.00799999999995,62,662.6920976029741,83,0.033600000000000005,1,49.99098142717493
50.03999999999997,40,541.7555275315699,68,0.128,0,50.02063538611923
50.03999999999995,59,630.7033006767257,79,0.1008,1,50.022355816226735
50.09333333333331,81,586.8578214502639,73,0.05600000000000001,2,50.07475073313781
50.135999999999946,60,609.3329328023935,76,0.06720000000000001,1,50.11788660801559
50.14666666666665,83,607.5325770214816,76,0.084,2,50.12855327468229
50.199999999999946,59,525.0752941280473,66,0.1024,1,50.180322580645104
50.226666666666645,81,659.0155613439588,82,0.028000000000000004,2,50.209491691104574
50.25333333333331,84,653.1556109770556,82,0.028000000000000004,2,50.23615835777124
50.279999999999966,43,611.4226191167419,76,0.084,0,50.26188660801561
50.27999999999997,86,647.8880004152837,81,0.028000000000000004,2,50.262668621700854
50.306666666666636,84,533.997877134695,67,0.08533333333333334,2,50.28714565004885
50.359999999999964,45,612.6381763063812,77,0.126,0,50.342043010752654
50.391999999999946,67,585.4467522734495,73,0.06720000000000001,1,50.373417399804445
50.455999999999946,69,614.7870342613991,77,0.1008,1,50.43804301075264
50.46666666666664,86,603.8695675159038,75,0.05600000000000001,2,50.448396871945235
50.47999999999996,43,694.6242507762764,87,0.042,0,50.46360703812313
50.519999999999975,84,627.2500626067093,78,0.084,2,50.50219941348971
50.51999999999996,47,659.9154931800041,82,0.042,0,50.50282502443789
50.55199999999994,67,704.7116608185261,88,0.033600000000000005,1,50.53576344086016
50.55999999999996,48,640.2460834974125,80,0.042,0,50.54251221896379
50.58399999999994,71,667.7239561832291,83,0.033600000000000005,1,50.566981427174916
50.59999999999996,47,538.9792715613496,67,0.128,0,50.58047898338217
50.59999999999997,86,696.4315100412432,87,0.028000000000000004,2,50.58360703812314
50.615999999999936,72,658.9191924870664,82,0.033600000000000005,1,50.598825024437865
50.62666666666664,83,661.7512853550261,83,0.028000000000000004,2,50.609648093841614
50.64799999999993,71,546.1543234593478,68,0.1024,1,50.62863538611919
50.6533333333333,81,655.8363264039475,82,0.028000000000000004,2,50.63615835777123
50.679999999999964,83,568.126319598057,71,0.08533333333333334,2,50.66110459433037
50.83999999999997,86,609.9491909057323,76,0.05600000000000001,2,50.82188660801561
50.839999999999954,48,617.3124225891273,77,0.042,0,50.822043010752644
50.83999999999993,67,623.3453310693069,78,0.06720000000000001,1,50.82219941348967
50.87999999999995,50,643.2391678792911,80,0.042,0,50.862512218963786
50.8933333333333,88,636.2298218671185,80,0.084,2,50.875845552297136
50.90399999999993,69,664.1542477638209,83,0.1008,1,50.88698142717491
50.91999999999995,48,687.7240715128594,86,0.042,0,50.90345063538607
50.95999999999995,45,686.4828595171487,86,0.126,0,50.94345063538607
50.9733333333333,86,695.9062025270878,87,0.028000000000000004,2,50.95694037145647
50.999999999999964,89,699.6589927394116,87,0.028000000000000004,2,50.98360703812313
50.99999999999993,67,709.1805763972036,89,0.033600000000000005,1,50.98391984359719
51.02666666666663,91,669.1091002455213,84,0.028000000000000004,2,51.00980449657865
51.031999999999925,71,693.9979348514336,87,0.033600000000000005,1,51.01560703812309
51.05333333333329,89,559.6377784340245,70,0.08533333333333334,2,51.03428152492665
51.06399999999992,72,652.5890992949056,82,0.033600000000000005,1,51.04682502443785
51.07999999999995,47,690.050415235502,86,0.084,0,51.06345063538607
51.09599999999992,71,589.3649547446606,74,0.1024,1,51.077573802541465
51.15999999999995,45,586.4019702793893,73,0.128,0,51.141417399804446
51.213333333333296,86,635.4572441948909,79,0.028000000000000004,2,51.19568914956008
51.23999999999996,88,636.7862830723054,80,0.028000000000000004,2,51.22251221896379
51.26666666666662,86,708.4738194783567,89,0.028000000000000004,2,51.25058651026389
51.28799999999992,67,630.4418007273127,79,0.06720000000000001,1,51.270355816226704
51.29333333333329,83,678.9776344887307,85,0.084,2,51.27662756598236
51.35199999999992,65,666.3945952474515,83,0.1008,1,51.334981427174895
51.373333333333285,84,666.4266814630253,83,0.05600000000000001,2,51.35631476050826
51.39999999999994,48,631.5251609553583,79,0.084,0,51.38235581622673
51.42666666666662,83,595.3396544720778,74,0.08533333333333334,2,51.40824046920817
51.447999999999915,67,723.167633046892,90,0.033600000000000005,1,51.432076246334226
51.47999999999994,50,639.4341438394104,80,0.126,0,51.462512218963774
51.47999999999991,64,707.5348087984815,88,0.033600000000000005,1,51.46376344086013
51.51199999999991,62,689.7639180456525,86,0.033600000000000005,1,51.49545063538603
51.543999999999905,64,575.5536949363421,72,0.1024,1,51.525260997067356
51.58666666666662,86,632.7710581739901,79,0.05600000000000001,2,51.56902248289341
51.59999999999994,48,732.4647171096365,92,0.042,0,51.584389051808344
51.63999999999996,88,664.0157864695509,83,0.084,2,51.622981427174935
51.63999999999994,52,674.6111836626714,84,0.042,0,51.62313782991196
51.679999999999936,53,697.1611800121142,87,0.042,0,51.663607038123104
51.719999999999935,52,580.430141755748,73,0.128,0,51.701417399804434
51.719999999999956,86,718.165727012589,90,0.028000000000000004,2,51.70407624633427
51.735999999999905,67,656.2256181554937,82,0.06720000000000001,1,51.718825024437834
51.74666666666662,89,712.5267194767641,89,0.028000000000000004,2,51.73058651026388
51.773333333333284,91,672.2863204852163,84,0.028000000000000004,2,51.75647116324531
51.79999999999995,89,584.0225803495582,73,0.08533333333333334,2,51.78141739980445
51.799999999999905,69,650.6529419827841,81,0.1008,1,51.782668621700786
51.8959999999999,67,738.4709902748324,92,0.033600000000000005,1,51.88038905180831
51.9279999999999,71,699.5070232287869,87,0.033600000000000005,1,51.911607038123066
51.95999999999995,86,644.6334533858559,81,0.05600000000000001,2,51.94266862170083
51.95999999999993,48,665.9748415143573,83,0.084,0,51.94298142717491
51.959999999999894,72,689.4028481852979,86,0.033600000000000005,1,51.943450635386014
51.99199999999989,71,578.4374179288213,72,0.1024,1,51.97326099706734
52.013333333333286,88,688.0920859589628,86,0.084,2,51.996783968719406
52.03999999999993,50,639.3726797409395,80,0.126,0,52.02251221896376
52.093333333333284,86,736.461760453629,92,0.028000000000000004,2,52.07772238514169
52.11999999999995,89,696.6451498461795,87,0.028000000000000004,2,52.103607038123116
52.14666666666661,91,692.8198920601989,87,0.028000000000000004,2,52.13027370478978
52.159999999999926,48,739.5262778022176,92,0.042,0,52.14438905180833
52.173333333333275,89,608.8622553717158,76,0.08533333333333334,2,52.15521994134892
52.18399999999989,72,643.7224526228323,80,0.033600000000000005,1,52.166512218963724
52.199999999999925,52,701.9952380102908,88,0.042,0,52.18376344086014
52.21599999999989,74,646.1673365961068,81,0.033600000000000005,1,52.19866862170077
52.239999999999924,53,679.8667242438586,85,0.042,0,52.223294232648996
52.247999999999884,72,730.7300361682778,91,0.033600000000000005,1,52.23223264907124
52.27999999999992,52,565.7740482809044,71,0.128,0,52.26110459433033
52.27999999999988,69,702.9505766846786,88,0.1008,1,52.263763440860096
52.33333333333328,91,622.0128450635709,78,0.05600000000000001,2,52.31553274682302
52.37599999999988,71,675.7100514959128,84,0.06720000000000001,1,52.3591378299119
52.38666666666661,89,646.9259663466561,81,0.084,2,52.369335288367495
52.43999999999988,69,579.3273680198389,72,0.1024,1,52.42126099706733
52.46666666666661,91,721.897121677507,90,0.028000000000000004,2,52.45074291300092
52.493333333333275,88,694.2546975400918,87,0.028000000000000004,2,52.47694037145644
52.51999999999992,53,645.6963447542216,81,0.084,0,52.5026686217008
52.51999999999994,86,675.7632046280067,84,0.028000000000000004,2,52.503137829911964
52.5466666666666,88,562.368329992313,70,0.08533333333333334,2,52.52761485825996
52.599999999999916,52,661.2134503448196,83,0.126,0,52.58298142717489
52.63199999999988,72,637.7763339886708,80,0.06720000000000001,1,52.61451221896371
52.69599999999988,74,643.4337028282794,80,0.1008,1,52.67851221896371
52.70666666666661,91,651.1975296357755,81,0.05600000000000001,2,52.68933528836749
52.719999999999914,53,740.6357174597745,93,0.042,0,52.70454545454537
52.75999999999994,93,632.0766494030679,79,0.084,2,52.74235581622673
52.75999999999991,50,705.2437934065439,88,0.042,0,52.74376344086013
52.791999999999874,72,715.7109756362287,89,0.033600000000000005,1,52.77591984359714
52.79999999999991,48,665.9021340560528,83,0.042,0,52.78298142717489
52.82399999999987,76,679.2652107866386,85,0.033600000000000005,1,52.80729423264894
52.83999999999991,50,558.6028476032172,70,0.128,0,52.82094819159327
52.83999999999994,91,713.4547976928698,89,0.028000000000000004,2,52.8239198435972
52.85599999999987,77,699.5242224920655,87,0.033600000000000005,1,52.839607038123034
52.8666666666666,95,702.5982939401397,88,0.028000000000000004,2,52.85043010752682
52.88799999999986,76,581.8860527207895,73,0.1024,1,52.86941739980436
52.89333333333327,96,669.855180441829,84,0.028000000000000004,2,52.87647116324529
52.91999999999993,95,556.4015265289847,70,0.08533333333333334,2,52.90094819159329
53.079999999999906,53,606.1414050706736,76,0.084,0,53.06188660801555
53.079999999999934,91,606.3791943964537,76,0.028000000000000004,2,53.06188660801558
53.07999999999986,72,625.8404315405224,78,0.06720000000000001,1,53.0621994134896
53.1066666666666,93,635.0041544175727,79,0.028000000000000004,2,53.089022482893384
53.13333333333326,91,696.6495767400838,87,0.028000000000000004,2,53.11694037145643
53.14399999999986,74,650.3823184414132,81,0.1008,1,53.126668621700745
53.159999999999904,55,653.3627168259161,82,0.126,0,53.14282502443783
53.159999999999926,88,682.1460354461059,85,0.084,2,53.143294232649
53.239999999999924,89,640.5889429195854,80,0.05600000000000001,2,53.22251221896376
53.23999999999986,72,677.6545646395015,85,0.033600000000000005,1,53.22329423264893
53.271999999999856,76,644.3503353214488,81,0.033600000000000005,1,53.25466862170074
53.2799999999999,53,690.3590380912932,86,0.042,0,53.26345063538602
53.29333333333326,88,563.6657474246205,70,0.08533333333333334,2,53.274281524926614
53.30399999999985,77,649.8593791607125,81,0.033600000000000005,1,53.286668621700734
53.3199999999999,57,690.7057936594688,86,0.042,0,53.30345063538602
53.33599999999985,76,535.4778356260031,67,0.1024,1,53.31647898338206
53.3599999999999,59,658.4455517386602,82,0.042,0,53.34282502443783
53.3999999999999,57,553.0511094414456,69,0.128,0,53.38079178885621
53.45333333333326,91,607.9529428444421,76,0.05600000000000001,2,53.435219941348905
53.5066666666666,93,622.4511820087837,78,0.084,2,53.488866080156335
53.52799999999985,72,600.0631434504392,75,0.06720000000000001,1,53.509730205278444
53.586666666666595,91,702.4228175455092,88,0.028000000000000004,2,53.57043010752681
53.59199999999985,71,618.3232107012423,77,0.1008,1,53.57404301075254
53.61333333333326,95,653.4925403702382,82,0.028000000000000004,2,53.59615835777119
53.639999999999894,53,593.4539029065583,74,0.042,0,53.62157380254144
53.63999999999992,96,629.6354374547662,79,0.028000000000000004,2,53.62235581622671
53.666666666666586,95,529.1439650210422,66,0.08533333333333334,2,53.646989247311744
53.67999999999989,55,619.1379967223126,77,0.042,0,53.66204301075258
53.687999999999846,72,690.8223882871357,86,0.033600000000000005,1,53.671450635385966
53.71999999999984,69,639.3758607011948,80,0.033600000000000005,1,53.702512218963676
53.71999999999989,53,677.8493793584531,85,0.042,0,53.703294232648965
53.75199999999984,67,637.0646180530605,80,0.033600000000000005,1,53.73451221896367
53.75999999999989,50,646.3922834438428,81,0.126,0,53.74266862170077
53.783999999999835,69,529.4421101356188,66,0.1024,1,53.76432258064499
53.82666666666659,88,584.5349363830002,73,0.05600000000000001,2,53.80808406647109
53.879999999999924,89,598.874942361619,75,0.084,2,53.86173020527852
53.87999999999989,52,633.3185785388955,79,0.084,0,53.862355816226675
53.95999999999989,50,517.2828020485422,65,0.128,0,53.940166177908
53.95999999999992,88,654.2502473216854,82,0.028000000000000004,2,53.94282502443785
53.975999999999836,69,582.2149897534313,73,0.06720000000000001,1,53.957417399804335
53.986666666666586,91,613.3293549903162,77,0.028000000000000004,2,53.96870967741928
54.01333333333325,93,610.2492346073373,76,0.028000000000000004,2,53.99521994134889
54.039999999999914,91,518.4483549530562,65,0.08533333333333334,2,54.020166177908024
54.039999999999836,71,584.1020986828597,73,0.1008,1,54.021417399804335
54.13599999999983,69,669.9144153171786,84,0.033600000000000005,1,54.11913782991186
54.16799999999983,72,625.029171072941,78,0.033600000000000005,1,54.15019941348957
54.19999999999988,50,554.4192203225704,69,0.084,0,54.18079178885619
54.19999999999992,88,565.6343373424759,71,0.05600000000000001,2,54.18110459433032
54.199999999999825,74,626.4983394837699,78,0.033600000000000005,1,54.18219941348956
54.23199999999982,72,492.4327857279525,62,0.1024,1,54.21169696969679
54.25333333333325,86,591.1234430190393,74,0.084,2,54.2349071358748
54.27999999999988,52,582.169054630939,73,0.126,0,54.26141739980438
54.33333333333325,88,663.8863145065675,83,0.028000000000000004,2,54.31631476050823
54.359999999999914,84,622.7407939854585,78,0.028000000000000004,2,54.34219941348965
54.38666666666658,83,609.4173223891299,76,0.028000000000000004,2,54.36855327468222
54.39999999999988,50,635.1532878434198,79,0.042,0,54.382355816226664
54.41333333333324,84,499.0064656754903,62,0.08533333333333334,2,54.39303030303021
54.42399999999982,69,557.9910286390354,70,0.033600000000000005,1,54.40494819159318
54.43999999999988,53,614.0570345014023,77,0.042,0,54.42204301075257
54.45599999999982,71,562.376136099627,70,0.033600000000000005,1,54.436948191593174
54.479999999999876,55,580.991183679886,73,0.042,0,54.461417399804375
54.487999999999815,69,625.950555493622,78,0.033600000000000005,1,54.47019941348955
54.519999999999875,53,467.9443459098892,58,0.128,0,54.49907135874865
54.51999999999981,65,610.2497384533887,76,0.1008,1,54.501886608015454
54.573333333333245,88,559.2412516706704,70,0.05600000000000001,2,54.5542815249266
54.61599999999981,67,573.3316162441654,72,0.06720000000000001,1,54.59726099706726
54.62666666666658,89,573.3762604534841,72,0.084,2,54.60792766373403
54.67999999999981,65,439.21648152729915,55,0.1024,1,54.65860215053744
54.70666666666658,88,625.8725402787877,78,0.028000000000000004,2,54.688866080156316
54.73333333333324,91,596.0184271291242,75,0.028000000000000004,2,54.71506353861184
54.75999999999987,50,546.2311724340126,68,0.084,0,54.74063538611913
54.759999999999906,93,564.1564139548751,71,0.028000000000000004,2,54.74110459433031
54.78666666666657,91,462.9843739263159,58,0.08533333333333334,2,54.765738025415345
54.83999999999987,52,554.370839163896,69,0.126,0,54.82079178885618
54.87199999999981,69,480.51069072019243,60,0.06720000000000001,1,54.85138416422268
54.93599999999981,71,544.0463218929177,68,0.1008,1,54.91663538611907
54.94666666666657,88,507.7288981179412,63,0.028000000000000004,2,54.92652003910059
54.959999999999866,50,606.6138057330529,76,0.042,0,54.94188660801551
54.97333333333324,89,533.4804138337101,67,0.028000000000000004,2,54.95381231671545
54.999999999999865,53,563.4004248328484,70,0.042,0,54.98094819159322
54.9999999999999,88,584.4099766090249,73,0.028000000000000004,2,54.9814173998044
55.026666666666564,84,563.7866932814022,70,0.084,2,55.00761485825992
55.031999999999805,69,605.4478144945375,76,0.033600000000000005,1,55.01388660801545
55.039999999999864,55,542.4885278789988,68,0.042,0,55.020635386119125
55.0639999999998,72,585.9585577506671,73,0.033600000000000005,1,55.0454173998043
55.07999999999986,53,458.5014831947258,57,0.128,0,55.05891495601159
55.0959999999998,74,541.7223679451668,68,0.033600000000000005,1,55.07663538611906
55.10666666666656,86,512.8769696349121,64,0.05600000000000001,2,55.086676441837625
55.127999999999794,72,422.82990946801885,53,0.1024,1,55.10628934506333
55.1599999999999,84,456.63313137853436,57,0.08533333333333334,2,55.138914956011625
55.32,43,820.0,102,0.9,20,55.305953079178884
55.32,47,820.0,102,0.9,20,55.305953079178884
55.32,50,820.0,102,0.9,20,55.305953079178884
55.32,67,820.0,102,0.34348765125887126,20,55.305953079178884
55.32,71,820.0,102,0.9,20,55.305953079178884
55.32,74,820.0,102,0.9,20,55.305953079178884
55.39014059750962,84,402.33048751394534,50,0.31138066111365503,11,55.367960734362015
55.46427830009805,88,406.04651786372597,51,0.3606899955829118,10,55.44225483968749
55.498715803264474,91,477.7620466973235,60,0.10111712637572168,11,55.478099967487346
55.60577134606248,91,434.74411518982976,54,0.5396635990460564,10,55.58421709386307
55.62185159231067,40,481.1541205652648,60,0.531444555555096,12,55.60123575653354
55.65230990429422,89,445.38847941860524,56,0.5298949528406239,10,55.6310684575689
55.67474376074079,67,497.3784678047996,62,0.5267394069465039,13,55.654440730437756
55.70480082851575,84,490.76232381158405,61,0.18180719881220397,10,55.68434139547567
55.7943119595375,48,467.07618072664053,58,0.21491464271793148,12,55.77338331828628
55.82871707378458,88,473.82093213315915,59,0.10716205675391677,11,55.807944835270405
55.841689725072776,45,476.2421540628156,60,0.5030375971254384,12,55.82107388929565
55.85531560743492,100,513.817844991451,64,0.5009482714561373,11,55.83532538260598
55.87605891455084,76,545.0315341991184,68,0.4987055466466593,11,55.8566943006701
55.89020040269452,84,559.4725695929329,70,0.2320685711566196,10,55.871148594287874
55.92313911857304,86,522.4306910484585,65,0.4927432763944998,11,55.90330529648115
55.9405663250644,88,489.45782465928784,61,0.43222508228252365,11,55.92010689202432
56.0125061721479,48,554.8746991788832,69,0.2776442554113271,12,55.99329796100421
56.097608708139276,60,605.2217036641806,76,0.20647712284774655,13,56.07949531615492
56.12711257111409,84,570.9338806374004,71,0.45136591834085593,11,56.10821716544449
56.12728751177954,83,569.128274463298,71,0.4447550283863395,10,56.108392106109946
56.13698231566537,81,652.7173611005762,82,0.19779305265902536,11,56.1198073401033
56.151432966833255,64,522.8525562197057,65,0.3012703482373337,13,56.131599144741365
56.1720950612749,79,571.1251193981026,71,0.4391891742693519,11,56.153199655605306
56.19945223388,52,567.1378311786357,71,0.43438204695724236,12,56.180556828210406
56.220143774601944,67,611.6534011609269,76,0.42791215564132573,13,56.202030382617586
56.29452481661104,48,582.6361442905844,73,0.14721906619372305,12,56.27594221641554
56.30877302551293,60,621.8125016209696,78,0.4046011843015296,12,56.290972439002665
56.34040097927259,81,623.743815414881,78,0.04566155124590921,10,56.322600392762325
56.347920869685225,93,631.227864887645,79,0.10716165036117331,10,56.33027668591201
56.35946592125769,77,597.9997462735396,75,0.3910362067770277,11,56.34119612653628
56.36391891758309,95,549.4780986342416,69,0.38806648831173124,10,56.3447107064394
56.37513256081711,88,620.4968002037821,78,0.38142695805225457,10,56.357331974306845
56.38997766303868,105,567.2638326974417,71,0.11051975382786139,10,56.37108225736908
56.39137533599259,81,605.6533562392644,76,0.1676130579792695,10,56.373261944008235
56.4199843993261,69,554.2176491189645,69,0.10583896347106048,11,56.400776188182405
56.427239521564175,71,615.5099254802059,77,0.2510362985134148,11,56.409282532316865
56.44658748006771,48,588.7649907489596,74,0.16977980411030813,12,56.42816128260926
56.455982884963056,64,607.5565968936891,76,0.04657106521260602,13,56.4378694929787
56.46055172825754,93,604.5522823475859,76,0.049333263747068375,10,56.442438336273185
56.505028208655396,105,591.6293204867734,74,0.36163450410956327,10,56.48660201119694
56.50567711733109,64,703.7293212941773,88,0.17656854411085277,13,56.489440558191305
56.513790172845276,93,663.9827010306349,83,0.05809406164332643,10,56.49677160002025
56.52288739336693,76,675.6218557670943,84,0.31670563455964185,13,56.506025223278954
56.52910293268963,69,640.3266630017433,80,0.1551132407502419,13,56.511615151653466
56.56320638028662,81,646.3727889669299,81,0.23292012363755787,13,56.545875001987504
56.56351927196178,57,725.8873593822508,91,0.1473652732949401,11,56.54775192103314
56.57750984543679,93,634.8021918221167,79,0.14774560947253235,11,56.55986566166358
56.619646854070496,48,682.689869445385,85,0.33049463536996365,12,56.60294108671957
56.62436228125386,50,651.0726031311227,81,0.13346372767319792,12,56.60703090295474
56.65343507413152,52,698.3306034397425,87,0.24167102754234804,12,56.63704211225469
56.66656081113138,74,634.4676742158244,79,0.20718854416608223,13,56.64891662735817
56.67887747583272,96,657.8697378997775,82,0.08590836732349316,10,56.66170250027065
56.68124258449597,71,717.6936225334675,90,0.2797826207205131,13,56.66531883083028
56.688340480601276,64,651.8259156621776,81,0.058069019545316965,12,56.67100910230216
56.689059770702826,69,648.2376251474234,81,0.06437711611169561,11,56.67172839240371
56.68878911292508,72,687.8186280293475,86,0.13815404699545553,11,56.6722397483112
56.69581200308919,100,683.0039038109655,85,0.05574521819290624,10,56.67910623573826
56.7012570692363,55,685.4963499577578,86,0.2617154210689375,12,56.68470770462242
56.707704326030466,84,694.0606071777311,87,0.14608616813870412,13,56.691311364153634
56.71682296167901,57,677.5869052674227,85,0.216203980925317,12,56.70011719432808
56.72557188370818,53,708.6628632599395,89,0.2935151402229201,12,56.70949172730544
56.73088106585752,93,602.9764140197813,75,0.28272814896318266,10,56.71261127113611
56.7296150495071,60,684.041331716453,86,0.29122092321930176,11,56.71306568489322
56.74968907003907,64,733.2204505302627,92,0.17574783807699645,11,56.734078121847475
56.75687002675619,100,663.0410612642572,83,0.12650050081271302,10,56.739851453931166
56.75796767860338,69,674.6896525477764,84,0.09604097727300143,13,56.7411055085154
56.7590570750766,88,751.0636409946075,94,0.23943866640445577,10,56.7437589323591
56.762200397978866,50,682.4133291459469,85,0.13223878104188713,12,56.74549463062794
56.76809050112334,67,724.5057649789555,91,0.2803158561971834,11,56.7523231501947
56.7674398021005,96,779.2933758817326,97,0.0651598649616173,10,56.75261086759414
56.800188087501894,81,696.1279981769216,87,0.2512019810123459,11,56.78379512562506
56.811355759610656,45,701.066150992897,88,0.16030733129064145,12,56.79511920047087
56.81134155348013,108,764.1522316609191,96,0.04859428124449295,10,56.79635621623673
56.83209956265758,72,682.8905329075765,85,0.11579348676683565,11,56.815393795306655
56.838381680747354,96,732.7938236573838,92,0.15842791437843118,10,56.82277073255576
56.84412381971543,76,698.8759345388473,87,0.09028128397382573,11,56.827730857838596
56.858070239454094,69,720.1476569531244,90,0.06769891878441114,13,56.842146485788405
56.85879049416917,84,699.0269453972883,87,0.25724417108995173,11,56.84239753229234
56.865717848409865,108,729.1727137195244,91,0.257064333489035,10,56.849950497481224
56.87702892518994,74,723.2829860573435,90,0.2553378463529725,11,56.86110517152425
56.88790131935776,100,687.6496867163436,86,0.08807164117893762,10,56.87135195474388
56.897875151650275,50,762.2643584992279,95,0.24984910257015752,12,56.882733411669825
56.899167685251584,52,740.2767954150656,93,0.24740200370878118,12,56.88371313979704
56.931062519064255,64,703.7052099783322,88,0.23976627186846522,12,56.91482595992447
56.929361533605075,69,791.4395294243359,99,0.12781553913898136,11,56.914845404572816
56.9363065124968,57,767.6660831121727,96,0.15090059159571012,12,56.9213211752534
56.937997479055824,76,767.9189211834113,96,0.23810117819385734,13,56.92301214181242
56.947049112429404,59,749.2961342614356,94,0.15353935340232538,12,56.931750969711906
56.951798230265084,72,734.6410610209628,92,0.1891871311231651,13,56.93618728207349
56.965868802479434,71,731.6603141605909,91,0.14256030392805996,11,56.95010145155079
56.96703407388295,55,735.7229316025733,92,0.23109543981455288,12,56.951423125691356
56.97525546626787,45,777.8599971491675,97,0.23082209488146488,12,56.96042653176151
56.98019094685146,100,726.421648599651,91,0.19404124138285084,10,56.96442359592282
57.00149678965169,96,753.7819155877995,94,0.05193283703479324,10,56.98619864693419
57.00240092232172,88,804.897462350475,101,0.22283904285883216,10,56.988197598763556
57.015481160079744,93,757.8466550161228,95,0.20315805372077989,10,57.000339420099294
57.05482604114376,81,779.6073419265117,97,0.11997073163927297,13,57.03999710663741
57.05733480752715,96,809.0434078051752,101,0.06736725954177103,10,57.043131483968985
57.06139505905882,69,835.1514732760668,104,0.2103474769850458,11,57.0476609437118
57.086373193960725,67,698.4768444174362,87,0.20946187831920077,11,57.06998023208389
57.09142509040727,57,811.6696762090149,101,0.09486206988069312,11,57.07722176684911
57.10605767404287,59,727.4447998046099,91,0.09812816200527663,12,57.09029032311423
57.11327270367045,71,732.7107187696743,92,0.19993673797298422,11,57.09766175547885
57.125132584231125,98,792.9686628293066,99,0.19843639590680673,10,57.110616455198866
57.13017127528006,96,780.3816590654407,98,0.05076883879902539,10,57.115498743510756
57.14442133401777,72,818.1442672339105,102,0.19496573985485882,11,57.130374413196655
57.157531792578624,84,795.2517133570854,99,0.13894186720770108,11,57.143015663546365
57.160711443191566,108,814.2961953260184,102,0.18947856171527216,11,57.14666452237045
57.17782456360088,100,802.3467761121534,100,0.07625253049939829,10,57.16346483730567
57.18026598099418,81,752.8721511340398,94,0.124163337605533,11,57.16496783827668
57.185470905867945,96,811.0936055016297,101,0.18504751983951206,10,57.17126758230978
57.191130757550916,57,812.5486661635697,102,0.048376496768251516,12,57.1770838367298
57.20762180867767,59,804.353142213487,101,0.18297218241841123,12,57.19341848511951
57.222231589167095,93,834.0733222217505,104,0.05677643179024983,13,57.208497473820074
57.223465156643854,95,779.8697600048429,97,0.17718684561198766,10,57.2086362221375
57.23848558736324,88,710.3652338104116,89,0.1200957516665494,13,57.22240543096051
57.24450725431917,57,812.6296621430658,102,0.08863563780552652,12,57.23046033349805
57.25813867767799,100,847.4333221941935,106,0.07102766165883423,11,57.244717367805066
57.26402853287039,105,803.0482379825934,100,0.05460693287475749,10,57.24966880657518
57.2831916097663,76,801.3820626075847,100,0.08410175628106742,11,57.26883188347109
57.2835388127462,93,852.7631215387424,107,0.045372135950290444,13,57.270273905610324
57.300848048838134,84,824.5937576055696,103,0.056236269510828836,11,57.286957530754066
57.30331342829503,86,788.1557942769916,99,0.08290125088511047,11,57.28879729926277
57.30802169396628,81,824.8208996055108,103,0.09402135944549428,10,57.294131175882214
57.32332266027105,105,812.3271289341037,102,0.1624834016063878,10,57.30927573944994
57.32743724506614,55,838.7860138397568,105,0.16006386583522114,12,57.31385953245617
57.335005767855826,93,803.7577822772199,100,0.08577161972461311,11,57.320646041560614
57.33510475575911,100,797.1433604542343,100,0.15825929510062448,10,57.3207450294639
57.33767368391355,57,841.4080454980776,105,0.06529441741974551,12,57.32409597130358
57.36217371439636,88,784.6703394826427,98,0.15785246267021985,13,57.347501182627056
57.3631791375083,84,771.4282551050226,96,0.1223343206936559,11,57.348193800264895
57.369238618604236,98,846.1423494527951,106,0.15406285577206313,10,57.35581730873131
57.37119854688803,76,854.9470919056946,107,0.15318933997288448,13,57.357933639752154
57.37340361085622,62,809.2912737706921,101,0.06510160993530689,12,57.35920028729806
57.39105827644309,86,796.3959489778645,100,0.15259495376007887,13,57.37669855014788
57.404703778684215,96,841.7237665448721,105,0.08989851282865657,10,57.39112606607424
57.406417442463585,81,858.4967284387294,107,0.04647225613583828,13,57.39315253532771
57.408124504070344,57,828.9737372468326,104,0.07504333886437109,12,57.39439038872332
57.4081432631175,72,876.7015397035566,110,0.09900677981313322,13,57.39534756419277
57.42546458210634,93,814.9664219216775,102,0.1287070269981737,11,57.41141766128523
57.43139425651664,108,914.4927649411027,114,0.1455862338876513,10,57.4192241685401
57.43512765489686,60,834.3622189703049,104,0.11394051354949652,12,57.42139353954984
57.443192415317434,62,820.784655409506,103,0.14437249251868195,12,57.429301897233366
57.45007431313332,48,837.2705009245958,105,0.14338073812399849,12,57.43649660052335
57.45106453700076,59,791.7257380447695,99,0.14254980037396037,12,57.4365484079685
57.45726408765123,81,885.6644799199053,111,0.047935318868023276,13,57.444624791463546
57.47141540039161,69,892.2419951937209,112,0.1285545039031274,13,57.45893250694097
57.488167842934715,57,830.0753433490878,104,0.053844744177967814,12,57.474433727587694
57.48910583356852,84,842.6996697593336,105,0.11121985952175606,13,57.47552812095855
57.48955228319499,71,883.7394467008867,110,0.13810757718492328,12,57.476756584270255
57.49882027782763,96,881.06576505,110,0.13805945156965,11,57.4860245789029
57.50357374523513,45,853.1950767299564,107,0.1370742407629187,12,57.49030883809925
57.51176343388973,81,811.1361180747301,101,0.10384217231744486,13,57.49756011033157
57.512932056615874,72,839.2815657359076,105,0.04605480821510611,11,57.4993543440059
57.54669978163859,57,844.2117331375598,106,0.08393368532459078,12,57.53327847176566
57.554068168446356,60,831.5633869934562,104,0.04698280015937229,12,57.540334053099336
57.55776398447109,93,884.7725166004494,111,0.054387313474552175,10,57.5451246882834
57.56398686483098,72,843.71146507718,105,0.07971623182758492,12,57.55040915222101
57.59591443746768,76,857.9209533763386,107,0.11890659382074176,13,57.5826495303318
57.60610770677552,84,800.6633983378474,100,0.12836960049374285,13,57.59174798048031
57.60620737134278,60,822.6794294519615,103,0.12762996801335946,12,57.59231685325871
57.606377528928164,69,822.8371914753142,103,0.10774825744911254,13,57.592487010844096
57.607100660679635,98,862.955517071313,108,0.12761084562797254,10,57.593992156280805
57.61730770068269,93,882.4198721098628,110,0.12755971320676507,10,57.60451200175795
57.618728773362605,81,900.5926856779373,113,0.0677724383763686,11,57.606402282649015
57.63017428183032,86,756.6625544407988,95,0.08498311822754345,11,57.61503254184987
57.63181917413621,59,924.4709577480263,116,0.12601725518268675,12,57.619961891633764
57.63469505054089,57,895.5791699047544,112,0.059382638587886734,13,57.62221215709025
57.649328707606756,72,808.2089250274366,101,0.12091882729535797,13,57.63512538404859
57.65090574027445,96,803.0596396817259,100,0.05703478729005241,13,57.63654601397924
57.65403879655088,48,842.5593975951126,105,0.12477938123267918,13,57.640461083940906
57.66843148950329,55,812.2084485747947,102,0.12460454936644888,12,57.654384568682175
57.67544790396818,71,817.5161441515233,102,0.11718206440783774,13,57.66140098314706
57.68299651829326,88,855.6180232438983,107,0.08450753919218357,10,57.66973161115738
57.68828871762267,89,775.1269593320758,97,0.12314151321457167,10,57.673459783116314
57.69197041995012,81,882.1039315479683,110,0.12248651138633704,11,57.67917472102538
57.69970330007697,57,864.8141020759318,108,0.11473329826093248,12,57.68659479567814
57.71137650019403,96,878.686354442125,110,0.046974932998348325,10,57.698580801269294
57.718124164476244,86,863.4389740361074,108,0.12197661377783903,11,57.705015660077414
57.718500175429085,69,856.8081619045156,107,0.10094565473808614,12,57.70523526829321
57.71982103128842,76,855.9466132499148,107,0.1217261971281236,13,57.70655612415254
57.72256611578067,64,854.7042920482064,107,0.12168162110000791,13,57.709301208644796
57.7272574317806,52,855.8847918323079,107,0.06516429307432048,12,57.71399252464472
57.729398659951634,83,849.2188833230393,106,0.08439766794885883,11,57.71597735007871
57.73860365629263,47,882.5564917096501,110,0.12137577917007675,12,57.7258079573679
57.7528960923225,100,852.508924106578,107,0.0807730276556623,10,57.739631185186624
57.75382355402693,84,836.1892461784893,105,0.12075506949928805,13,57.74024584141696
57.76444625235171,96,824.5186827155239,103,0.12073435363571794,10,57.75055573426764
57.76519207855026,45,804.4306585444876,101,0.07071226464252589,12,57.75098875499209
57.77312966843363,88,820.6238383240367,103,0.09535937710223663,13,57.759239150349565
57.77304429731646,59,864.0903102844245,108,0.12050380636291597,12,57.75993579291763
57.775091132165066,72,818.195803406324,102,0.12036848444888038,11,57.76104421134395
57.78028589713803,108,899.5058685443645,112,0.12033829658560075,13,57.76780300368739
57.786450828725,98,886.6724726497428,111,0.05126986814828428,10,57.773811532537316
57.797629968376015,71,812.4170101931927,102,0.12009905609178395,12,57.7835830475549
57.79570129474739,52,942.5935788901558,118,0.12018881997395814,12,57.784156817719044
57.81879632790049,83,850.8591921178934,106,0.1200839562947032,11,57.80537501802757
57.81881098738971,57,896.7226319793434,112,0.12000024308881235,12,57.80632809393907
57.82102095870693,81,800.105902335612,100,0.12000023720372638,13,57.80666123241172
57.82158090415144,93,792.2974051627418,99,0.06513614060772965,11,57.80706477511918
57.824289427430124,69,860.53567176852,108,0.12000041933354316,13,57.811180923031294
57.83331191346566,105,819.0280255703298,102,0.09516588577845908,13,57.81926499264454
57.83633614197069,60,853.3518497979586,107,0.12002973168417369,12,57.82307123483481
57.838669119978164,100,852.1550222667147,107,0.12004477467198749,10,57.82540421284229
57.839340315822305,45,888.4331154425171,111,0.12005847583621326,12,57.82670101963462
57.84365911329557,98,836.7435212642408,105,0.1006555602915381,10,57.8300814006856
57.853798359744424,53,813.7471369837531,102,0.12009391038133183,12,57.83975143892331
57.871346667454866,65,884.6780609039376,111,0.07280159963044042,12,57.85870737126718
57.87333264279882,88,835.6859777418799,104,0.12044220383861087,10,57.8595985274518
57.88506844674329,86,850.911798195486,106,0.08476791762794533,10,57.871647136870365
57.88890191182915,74,838.4649836414513,105,0.06750349819997836,10,57.87532419921918
57.891247836548025,93,814.0983673820459,102,0.12079604913100545,10,57.87720091572691
57.93269578555888,105,852.6968870733743,107,0.12085114175793155,13,57.919430878423
57.94884546537597,98,862.6711911926677,108,0.08694104193653629,10,57.93573696097714
57.95102509992988,65,790.3340038044781,99,0.12277931624636218,12,57.93650897089762
57.95843965777385,79,779.0701709895745,97,0.08426881587911594,11,57.9436107232675
57.960310590869796,74,892.8476189237705,112,0.06856799784283651,12,57.94782769741916
57.96764428917795,96,870.630441779248,109,0.08434123580581143,10,57.954692187516166
57.974210753423044,86,877.6435486190526,110,0.07274048569790181,12,57.96141505449831
57.997674775637115,100,767.6656039066214,96,0.0498083580616634,10,57.98268943839371
58.03544261608311,74,817.5728471047628,102,0.05680800295454958,11,58.021395695261994
58.03969168815317,98,916.257920988241,115,0.04587861506771674,13,58.027678002913675
58.045049627123156,79,915.4269131595526,114,0.05149639520789407,11,58.03287953914661
58.04698491661443,69,882.4602037158019,110,0.11631960657453078,12,58.03418921768969
58.05154471727649,100,817.6296533869727,102,0.05994412973356845,10,58.037497796455376
58.05257685006914,86,848.6821118384863,106,0.06242624114513518,10,58.03915554019621
58.055265094876226,96,957.6215201131519,120,0.12901131202671678,10,58.04403342332198
58.058768747894106,88,932.7692059907954,117,0.056588352921695846,10,58.047067868128714
58.059418596277,77,900.3396175562598,113,0.06585629645033719,12,58.04709210556341
58.06827058716466,62,866.5124881382532,108,0.13008583680261443,12,58.05516208276583
58.07237730585252,89,816.1664298040566,102,0.13025825915677908,12,58.058330385031404
58.08076497311777,108,791.2061128261013,99,0.1305975634653569,10,58.066248844085514
58.09150871964317,98,873.7238213605876,109,0.0622106070507823,10,58.07855661798139
58.096155799878325,74,869.3156637224698,109,0.05985639862989956,10,58.08320369821654
58.09741076526154,76,881.5504614598372,110,0.1326675953337682,13,58.08461506633681
58.10154602233105,79,913.4066602891949,114,0.12266685903479668,12,58.08937593435451
58.11742726343235,100,764.6558364049246,96,0.13316171492126505,13,58.102441926188945
58.11922107752903,86,889.950520002029,111,0.06012990578070088,10,58.10658178134135
58.119952548608374,93,854.3519886826449,107,0.08166759801772627,13,58.1066876414725
58.12113911450105,88,896.2182145479899,112,0.13491783252010692,12,58.10865622105041
58.13215172557191,77,807.4157488077766,101,0.07782578891002856,11,58.117948402013745
58.14049223991235,105,861.5321256485943,108,0.09813790655850141,10,58.12738373551352
58.158381332993144,81,807.135643135542,101,0.13887488879871518,13,58.14417800943498
58.157937313008716,98,908.9196961838188,114,0.13700221413802005,10,58.14576722503217
58.15960457387479,74,941.0394326470465,118,0.05692019938158211,11,58.14806009684644
58.16545608169012,95,833.8328804041879,104,0.13905875004490692,13,58.151721966343096
58.1687737314001,69,859.3602730419867,107,0.11558139832796399,11,58.155508824264224
58.18482019152088,86,867.9362991124387,108,0.1400850552449563,10,58.17171168712205
58.19486422615384,57,813.435917632487,102,0.1419425254112781,11,58.180817305332724
58.20599453567791,93,887.6678066508911,111,0.14314465629570655,10,58.193355239490224
58.21285130441301,65,834.5062838351444,104,0.08541890516078154,11,58.19911718906599
58.215133917218985,77,802.660012051773,100,0.14537271069053204,11,58.200774190923774
58.224340022523236,74,802.0784993026792,100,0.12198345101090069,12,58.209980296228025
58.22718066400463,83,780.134595532169,98,0.1468459205191408,12,58.21250813223532
58.23108971421042,79,812.5687687462126,102,0.14721615751763495,12,58.217042793389304
58.236810317622265,67,886.1998632144044,111,0.14772950529676132,11,58.22417102143458
58.24441216015609,105,824.2485358279877,103,0.1484887846375878,13,58.23052164207202
58.24768671057184,89,789.6850425649832,99,0.14951246288918602,12,58.23317058153958
58.25006419673927,76,854.0052293665497,107,0.13450227092491474,12,58.23679928960339
58.25889986923359,53,826.0571928329748,103,0.15028440508602986,11,58.24500935114952
58.289355129728065,69,855.1260057842017,107,0.07218294055727881,12,58.27609022259219
58.30311380683674,65,839.5228803740224,105,0.15590253363596968,11,58.28953609422677
58.34741030192295,98,824.9613746172931,103,0.07804895331864514,13,58.33351978383888
58.35038505711185,74,845.0678923674318,106,0.10824474563848241,12,58.336963747238926
58.36690824408492,95,770.9790863150448,96,0.06077331572753309,13,58.351922906841516
58.36763288944468,69,800.6361876695819,100,0.1682409105328836,11,58.35327316314947
58.37127862865603,72,786.2810541635289,98,0.11772636816649651,11,58.35660609688672
58.38353927904864,86,748.4319704303809,94,0.05684829266538117,11,58.36824113633114
58.38396520955482,81,762.4137896720522,95,0.17109410765789557,11,58.36882346957437
58.390035675875325,76,834.9110354792824,104,0.17116811091865458,12,58.376301560528304
58.3977430315272,62,854.100967615871,107,0.07113339622643167,11,58.38447812439132
58.401371505278604,67,810.6121909495412,101,0.1735867456957358,12,58.38716818172044
58.40281417971639,96,775.1604450608822,97,0.07455493374697653,13,58.38798524521003
58.41117495837515,77,771.0411647288207,96,0.10306571040503598,11,58.39618962113175
58.431710477137976,98,758.7371536313962,95,0.11449911690604153,11,58.416568737157526
58.431154683305564,108,829.9211389999581,104,0.17599052266383564,10,58.417420567958544
58.4325251570754,95,777.8731017803059,97,0.08126017767718252,13,58.41769622256905
58.44397994708059,86,825.541064221934,103,0.17990283682479769,10,58.430089428996524
58.464255413698524,74,818.5237993775876,102,0.18204732352942593,11,58.45020849287741
58.4702701695983,91,784.87165175018,98,0.11183691207653623,11,58.455597637828994
58.474971246912965,62,803.5314805829307,100,0.18708633969773186,12,58.46061152061775
58.48189990525222,96,800.8125124326783,100,0.18800427711424145,10,58.46754017895701
58.486901376310925,89,755.6718293388755,94,0.18936635824078712,11,58.47160323359343
58.494004996822525,72,785.7861050238903,98,0.19035632951291115,12,58.47933246505322
58.49491997375614,88,797.3134779487023,100,0.19177203322491815,10,58.48056024746093
58.503694098254066,101,728.7598555650251,91,0.19195519957723955,10,58.487926747325425
58.50957056012217,93,790.6529684933399,99,0.12258479598955574,13,58.49505443108991
58.51800332106735,95,814.7480783329316,102,0.19491319460998108,13,58.50395640024623
58.518458655094946,77,810.9938973900355,101,0.19663700372357573,11,58.50425533153678
58.52030736125081,65,814.8171094500573,102,0.19673051812883213,10,58.50626044042969
58.53258720350651,105,771.0216681972593,96,0.1186025829406131,11,58.51760186626311
58.55011477488468,98,814.0257570100716,102,0.055601063974601746,13,58.53606785406357
58.5860122625155,91,842.6259598328777,105,0.12886163108749826,10,58.57243454990553
58.61073263889719,100,769.6490014571717,96,0.09401635956748577,10,58.59574730165379
58.61087224159633,98,811.787683211111,101,0.09019970173236913,10,58.59666891803817
58.63715535611173,93,788.0438839137079,99,0.11242847810449319,11,58.62263922707947
58.65634618918417,105,761.905022247811,95,0.12817407160830896,11,58.64120444920372
58.67884251948064,74,733.0437058622167,92,0.0685995852716158,12,58.663231571289046
58.69393865553834,89,832.9015526568526,104,0.08187178503590331,11,58.68020454019132
58.70299826397249,86,775.8452868800682,97,0.21637840855566537,11,58.688169329466135
58.70747956796213,98,738.0304640780146,92,0.08686450231712228,11,58.69186861977054
58.708497776568294,100,835.5750713538072,104,0.05371735121070998,13,58.69476366122127
58.711333835054425,72,790.5342960576702,99,0.23939446089503136,12,58.696817706022166
58.714546888154324,88,672.0181307385927,84,0.23993338111031964,10,58.69768471806635
58.72284554560691,91,687.0536704340732,86,0.24070644975619554,11,58.70629618099303
58.73602399220166,69,691.4941694547451,86,0.1084234455393539,12,58.71947462758778
58.751034480118825,74,811.0524530842115,101,0.17775042367667993,13,58.73683115656066
58.75599145884965,93,723.658164508634,90,0.2495873734080853,13,58.74006770518396
58.76956116883472,100,711.6720560656648,89,0.07833991494632186,13,58.75348101243198
58.77533456778839,67,749.2711673840511,94,0.060669224145239016,12,58.76003642507089
58.77554518083415,65,766.6164002181512,96,0.07413843961234334,12,58.76055984359075
58.781279648785386,89,806.7071190679766,101,0.059270866301363585,11,58.76707632522722
58.784550786033215,101,719.8878768657593,90,0.25708184449709776,11,58.768627032367526
58.791084288162956,105,679.7789817833647,85,0.259434265085345,11,58.77437852081203
58.790681596950755,96,745.5557933280843,93,0.25473139098222475,10,58.77522705149621
58.799187667542206,98,745.9924955963091,93,0.10689231853600745,13,58.78373312208766
58.841473000144774,67,729.9661672435017,91,0.2615713287490303,12,58.82570564921613
58.847270945194275,89,718.1797589694977,90,0.05222822156745622,11,58.831347191528586
58.848509021318726,69,739.9647635770107,92,0.2737969744768162,12,58.83289807312713
58.85321388925514,100,699.919840290852,87,0.07547144799287053,10,58.836820927378305
58.85562203686878,65,722.4081345376774,90,0.275323817928009,12,58.83969828320309
58.89856677104426,77,708.1256939221297,89,0.2759434247201432,12,58.88248661464152
58.90402995855059,89,747.6776432371585,93,0.28085916915692877,11,58.88857541309604
58.91217480523755,98,691.3204266724545,86,0.053394036255357664,10,58.89562544062367
58.91784739697313,62,735.2737050601324,92,0.2906308376739717,12,58.90223644878154
58.9248458807393,86,753.2988614451708,94,0.07835985474270302,13,58.9095477380218
58.933216129036865,100,722.1275711217945,90,0.29395330197445263,11,58.917292375371176
58.93644375032532,74,670.5117052209226,84,0.10394413906651578,11,58.91958158023734
58.969943230544715,98,719.8134418693633,90,0.05169862803091519,13,58.954019476879026
58.99543722295685,95,660.2469036903257,83,0.24869719534727863,11,58.97841865013183
59.009300554641335,86,699.3238069261699,87,0.09284408165096891,11,58.9929075927645
59.01701959606431,59,687.7524641394207,86,0.22853055737305084,12,59.00047023145043
59.0288314968943,98,604.2457876275314,76,0.06686939975790807,13,59.01071810490994
59.04554429212888,74,667.7379882781048,83,0.3215114564531834,13,59.02852571930386
59.05197701530346,96,665.6596622273986,83,0.1295550686217507,13,59.034958442478434
59.05697502998577,93,633.8525492038498,79,0.05452441766555694,11,59.03933084621256
59.089272305033106,105,686.8087477308018,86,0.3290220275371515,10,59.072722940419226
59.09835485559649,98,731.4076968317358,91,0.3376458841456843,10,59.08258750466785
59.101158204456006,81,618.5923657148904,77,0.2960493098073894,10,59.083201215208696
59.10823945545164,86,636.3348211901431,80,0.2170146547324191,11,59.09075167441547
59.11649944765133,93,631.3937759107247,79,0.3427073579838254,11,59.098855263878114
59.12665400359227,91,567.9704022600046,71,0.34490993255860725,10,59.107758597922675
59.187470500347494,96,619.9298471093338,77,0.24202412156227637,11,59.169513511100185
59.19098394686685,89,688.0380782571436,86,0.07422430262916435,13,59.17443458225297
59.22289204714696,60,647.3509017099673,81,0.36468268010207955,12,59.205560668847845
59.24991643198937,95,624.7998419180171,78,0.3730768644358367,11,59.23211584547911
59.25006083405708,57,658.696918657041,82,0.20774324085876372,12,59.23288585849501
59.252270583544885,59,599.8130809353005,75,0.10451463292592222,12,59.23400078882348
59.26292871638831,69,696.9367376659745,87,0.38074822300954886,12,59.24653575451148
59.26668440046896,53,616.8722547981424,77,0.38351557968216143,12,59.24872741122165
59.27208508234059,89,591.9929426939916,74,0.12193201435199341,10,59.253658884882135
59.28549253836127,101,645.131397700729,81,0.11095365139575619,10,59.26816116006215
59.33166173481749,86,565.6110844361342,71,0.38934341577574777,10,59.31276632914789
59.362567230156046,59,561.4852330651486,70,0.4011206353602379,12,59.3435154217494
59.400581124063066,89,508.15979404560676,64,0.4088776500428129,10,59.38059089923413
59.40379223081275,101,525.6739908364697,66,0.41854225805741657,10,59.384114811457906
59.40173830605225,81,639.2517230326933,80,0.41825962249708704,13,59.384250525016085
59.41575250714834,62,544.3126318176838,68,0.4190434698364593,12,59.3963878932676
59.43527663559501,96,573.2603162397405,72,0.4219505327393924,11,59.41653763266246
59.46452450502337,57,566.5100292055087,71,0.42665235461880713,12,59.44562909935377
59.468670334662754,98,591.9995498145754,74,0.13595592269418943,11,59.4502441372043
59.56278949886891,88,513.9106627007217,64,0.43456136480060836,13,59.54279927403997
59.60900064640875,98,625.1092100224555,78,0.1920062915316788,10,59.59120005989849
59.692785000474615,91,531.9746084284001,66,0.4656765665493312,13,59.67310758111977
59.70126797247976,95,512.8645519040143,64,0.48234136766192864,13,59.681277747650824
59.707640272294725,50,543.2676732660733,68,0.48393905208425514,12,59.688275658413986
59.71212627951918,47,502.0536658266343,63,0.4851279031720872,12,59.6919796519532
59.71968524140663,48,478.73007869487697,60,0.485958971617178,12,59.6990694056295
59.78279744508721,93,533.8053168347379,67,0.1308385012637555,10,59.763276428469425
59.807101757099765,98,566.0107962795316,71,0.2392619570353557,10,59.78820635143017
59.91957436277326,93,487.6815334444034,61,0.050976618986072426,10,59.89911492973318
59.956598089580105,105,473.28124813118563,59,0.5186603866576572,13,59.93582585106593
59.97570738449638,93,478.47340664263845,60,0.08627456972655778,13,59.95509154871925
60.05277133876856,98,498.177007971633,62,0.5254197168157425,11,60.032468308465525
60.06682555148589,93,487.5846443321518,61,0.05790564836682222,13,60.04636611844581
60.101537516911456,96,482.9536538400421,60,0.15454121032194734,11,60.08092168113433
60.13129522722319,93,407.7270998520083,51,0.16975270221024885,13,60.10927176681263
60.23881139534981,100,449.7870159123283,56,0.5390532679777922,13,60.217569948624494
60.2613915327075,96,461.90998118161053,58,0.5438950005191816,13,60.240462891456275
60.264365544505814,88,451.502247232512,56,0.544423932896468,10,60.243124097780495
60.30542231848525,93,437.588477651128,55,0.5444808899339157,10,60.28402446902288
60.309108528867576,89,445.59261701617584,56,0.5449643455749799,11,60.287867082142256
60.32,62,465.2058599029325,58,0.06720000000000001,1,60.299071358748776
60.32,43,493.73622224758515,62,0.084,0,60.29969696969697
60.32,81,493.36416916617236,62,0.05600000000000001,2,60.29969696969697
60.32,36,820.0,102,0.9,20,60.305953079178884
60.32,40,820.0,102,0.9,20,60.305953079178884
60.32,55,820.0,102,0.9,20,60.305953079178884
60.32,60,820.0,102,0.5015259042033148,20,60.305953079178884
60.32,64,820.0,102,0.05321309872922598,20,60.305953079178884
60.32,67,820.0,102,0.21399511241446134,20,60.305953079178884
60.373333333333335,79,485.63028756073663,61,0.084,2,60.352873900293254
60.384,64,523.2332482901378,65,0.1008,1,60.36416617790811
60.4,45,513.8866005475093,64,0.04,0,60.38000977517106
60.44,47,473.88660054750926,59,0.04,0,60.41922776148582
60.45333333333333,81,563.8404171559262,70,0.028000000000000004,2,60.43428152492669
60.48,45,513.8866005475093,64,0.04,0,60.46000977517106
60.48,77,562.332507902506,70,0.028000000000000004,2,60.46094819159335
60.48,62,585.3712600853273,73,0.033600000000000005,1,60.461417399804496
60.50666666666666,76,551.8949638655507,69,0.028000000000000004,2,60.48745845552297
60.51199999999999,65,560.542818228813,70,0.033600000000000005,1,60.49294819159335
60.519999999999996,43,580.1732656482791,73,0.042,0,60.501417399804495
60.533333333333324,77,438.022475824008,55,0.08533333333333334,2,60.51193548387096
60.54399999999999,67,558.5002801287305,70,0.033600000000000005,1,60.524948191593346
60.559999999999995,47,576.5520374574454,72,0.042,0,60.54126099706745
60.575999999999986,65,457.6382159309883,57,0.1024,1,60.554914956011714
60.599999999999994,48,529.7243785251964,66,0.042,0,60.58032258064515
60.63999999999999,47,431.1853886437377,54,0.05333333333333334,0,60.61844574780058
60.69333333333333,48,391.1853886437377,49,0.05333333333333334,0,60.670997067448674
60.69333333333333,81,518.236404096614,65,0.05600000000000001,2,60.67349951124144
60.74666666666666,47,431.1853886437377,54,0.05333333333333334,0,60.72511241446725
60.74666666666666,83,529.3264134003067,66,0.084,2,60.72698924731182
60.76799999999999,62,522.7452665156561,65,0.06720000000000001,1,60.7481661779081
60.82666666666666,81,593.6161087493406,74,0.028000000000000004,2,60.80824046920821
60.83199999999999,60,533.9502736420217,67,0.032,1,60.8124789833822
60.853333333333325,84,590.4672709822037,74,0.028000000000000004,2,60.83490713587487
60.86399999999998,62,493.95027364202167,62,0.032,1,60.84369696969695
60.87999999999999,43,525.520825195416,66,0.084,0,60.860322580645146
60.87999999999999,86,573.9763483074166,72,0.028000000000000004,2,60.86126099706744
60.89599999999999,60,533.9502736420217,67,0.032,1,60.8764789833822
60.90666666666665,84,478.06200540739144,60,0.035555555555555556,2,60.88605083088952
60.92799999999998,62,623.8682756211622,78,0.033600000000000005,1,60.91019941348972
60.942222222222206,86,438.06200540739144,55,0.035555555555555556,2,60.92082437275984
60.95999999999999,45,561.7975181063897,70,0.04,0,60.94094819159334
60.95999999999998,59,589.0805687397813,74,0.033600000000000005,1,60.94157380254153
60.97777777777776,84,478.06200540739144,60,0.035555555555555556,2,60.95716194200063
60.991999999999976,57,570.4358848756921,71,0.033600000000000005,1,60.97310459433038
60.999999999999986,47,521.7975181063897,65,0.04,0,60.980166177908096
61.02399999999997,59,489.3125420948387,61,0.1024,1,61.00354056695989
61.039999999999985,45,561.7975181063897,70,0.04,0,61.02094819159334
61.066666666666656,81,524.7004616377827,66,0.028000000000000004,2,61.046989247311814
61.079999999999984,43,619.1464079432036,77,0.042,0,61.062043010752674
61.09333333333332,83,565.0855258777552,71,0.028000000000000004,2,61.07443792766372
61.11999999999998,47,600.0697389040516,75,0.042,0,61.10173020527858
61.11999999999998,81,627.6453814050236,78,0.028000000000000004,2,61.10219941348972
61.14666666666665,77,598.721293076621,75,0.084,2,61.12839687194524
61.15999999999998,48,593.3114394607782,74,0.042,0,61.14157380254153
61.19999999999998,47,482.2504579183309,60,0.128,0,61.17938416422285
61.21599999999997,62,540.0843511885774,68,0.06720000000000001,1,61.19663538611923
61.226666666666645,79,587.478459256285,73,0.05600000000000001,2,61.208084066471145
61.27999999999998,77,485.137549785552,61,0.08533333333333334,2,61.2595405669599
61.27999999999997,64,566.4690309551448,71,0.1008,1,61.26110459433038
61.37599999999997,62,650.8655644378027,81,0.033600000000000005,1,61.35866862170085
61.407999999999966,65,615.8572060629425,77,0.033600000000000005,1,61.390043010752656
61.439999999999976,43,547.8544945071346,68,0.084,0,61.42063538611924
61.43999999999998,81,546.9818608644671,68,0.05600000000000001,2,61.420635386119244
61.43999999999996,67,627.8104003658392,78,0.033600000000000005,1,61.4221994134897
61.47199999999996,65,511.12826523891295,64,0.1024,1,61.45200977517102
61.49333333333332,83,571.7159541247547,71,0.084,2,61.47443792766372
61.519999999999975,41,578.4726317100398,72,0.126,0,61.501260997067426
61.573333333333316,81,653.7382968719504,82,0.028000000000000004,2,61.556158357771245
61.59999999999998,84,653.7036099381879,82,0.028000000000000004,2,61.58282502443791
61.626666666666644,86,629.6317492069933,79,0.028000000000000004,2,61.60902248289343
61.63999999999997,43,662.8859099596506,83,0.042,0,61.62298142717495
61.65333333333331,84,497.70813558602674,62,0.035555555555555556,2,61.633030303030274
61.66399999999996,62,599.1514870123627,75,0.033600000000000005,1,61.645730205278554
61.67999999999997,40,630.3403660379252,79,0.042,0,61.66235581622676
61.68888888888886,86,457.70813558602674,57,0.035555555555555556,2,61.66780384490059
61.695999999999955,64,590.7909164488414,74,0.033600000000000005,1,61.6775738025415
61.71999999999997,38,637.4437091158538,80,0.042,0,61.702512218963804
61.724444444444416,84,497.70813558602674,62,0.035555555555555556,2,61.70414141414138
61.72799999999995,62,666.0220958102325,83,0.033600000000000005,1,61.71098142717493
61.75999999999997,40,516.735043940102,65,0.128,0,61.74016617790808
61.75999999999995,59,628.9258920182764,79,0.032,1,61.742355816226734
61.791999999999945,60,588.9258920182764,74,0.032,1,61.77357380254149
61.81333333333331,81,603.0382978210777,75,0.05600000000000001,2,61.795063538611906
61.82399999999995,59,628.9258920182764,79,0.032,1,61.806355816226734
61.855999999999945,60,612.6112186648397,77,0.06720000000000001,1,61.838043010752635
61.866666666666646,83,591.9897869049377,74,0.084,2,61.84824046920819
61.919999999999945,59,541.8010679610907,68,0.1024,1,61.900635386119205
61.946666666666644,81,649.2312253794146,81,0.028000000000000004,2,61.929335288367525
61.97333333333331,84,655.058621894745,82,0.028000000000000004,2,61.95615835777124
61.999999999999964,43,613.9796063920753,77,0.084,0,61.982043010752655
61.99999999999997,86,651.814330703157,81,0.028000000000000004,2,61.98266862170085
62.026666666666635,84,557.6330771865843,70,0.08533333333333334,2,62.00761485825999
62.07999999999996,45,618.1685918109794,77,0.04,0,62.06204301075265
62.111999999999945,67,599.5775780593463,75,0.06720000000000001,1,62.09373020527854
62.11999999999996,47,578.1685918109794,72,0.04,0,62.10126099706741
62.15999999999996,45,618.1685918109794,77,0.04,0,62.14204301075265
62.175999999999945,69,621.0557998058588,78,0.032,1,62.15819941348968
62.18666666666664,86,627.5900978224192,78,0.05600000000000001,2,62.16886608015638
62.19999999999996,43,719.8871954915709,90,0.042,0,62.18407624633427
62.20799999999994,71,581.0557998058588,73,0.032,1,62.18941739980444
62.239999999999974,84,598.5660012467962,75,0.084,2,62.22173020527857
62.239999999999945,69,621.0557998058588,78,0.032,1,62.22219941348968
62.23999999999996,47,673.9477403391991,84,0.042,0,62.223137829911984
62.27199999999994,67,682.1492029714747,85,0.033600000000000005,1,62.255294232649014
62.27999999999996,48,648.2580429516618,81,0.042,0,62.26266862170084
62.30399999999994,71,674.6787725603622,84,0.033600000000000005,1,62.28713782991196
62.31999999999996,47,564.2084174073943,71,0.128,0,62.30110459433036
62.31999999999997,86,693.5264278658558,87,0.028000000000000004,2,62.30360703812314
62.335999999999935,72,663.0449895792068,83,0.033600000000000005,1,62.31898142717491
62.346666666666636,83,669.1109433530884,84,0.028000000000000004,2,62.32980449657866
62.36799999999993,71,533.4470504448477,67,0.042666666666666665,1,62.348478983382144
62.3733333333333,81,670.100524187042,84,0.028000000000000004,2,62.356471163245324
62.39999999999996,83,571.7770711492635,71,0.08533333333333334,2,62.38110459433037
62.4106666666666,72,493.4470504448477,62,0.042666666666666665,1,62.39036363636357
62.45333333333326,71,533.4470504448477,67,0.042666666666666665,1,62.433812316715475
62.55999999999993,67,602.4745527137973,75,0.06720000000000001,1,62.541730205278526
62.55999999999997,86,606.3567016879866,76,0.05600000000000001,2,62.54188660801561
62.55999999999995,48,638.2945624715742,80,0.042,0,62.542512218963786
62.59999999999995,50,632.2957268429531,79,0.042,0,62.58235581622674
62.6133333333333,88,651.0750329225355,81,0.084,2,62.59600195503418
62.62399999999993,69,639.6923040925702,80,0.032,1,62.606512218963765
62.63999999999995,48,714.4875343831701,89,0.042,0,62.623919843597214
62.65599999999993,71,599.6923040925702,75,0.032,1,62.63773020527852
62.67999999999995,45,672.8086611851786,84,0.126,0,62.663137829911975
62.68799999999993,69,639.6923040925702,80,0.032,1,62.670512218963765
62.6933333333333,86,718.5942820374306,90,0.028000000000000004,2,62.67740957966761
62.71999999999996,89,668.3075967101723,84,0.028000000000000004,2,62.70313782991199
62.71999999999993,67,730.5373682850066,91,0.033600000000000005,1,62.70423264907129
62.74666666666663,91,645.4132327819556,81,0.028000000000000004,2,62.72933528836751
62.751999999999924,71,675.4993289501695,84,0.033600000000000005,1,62.73513782991195
62.77333333333329,89,582.2960455175443,73,0.035555555555555556,2,62.75475073313779
62.78399999999992,72,651.5731473209423,81,0.033600000000000005,1,62.7666686217008
62.79999999999995,47,671.5827693053815,84,0.084,0,62.78313782991197
62.808888888888845,91,542.2960455175443,68,0.035555555555555556,2,62.789524275008105
62.81599999999992,71,572.723906974814,72,0.042666666666666665,1,62.79726099706737
62.8444444444444,89,582.2960455175443,73,0.035555555555555556,2,62.8258618442489
62.858666666666586,72,532.723906974814,67,0.042666666666666665,1,62.8391456500488
62.879999999999946,45,576.3111485163415,72,0.128,0,62.8612609970674
62.90133333333325,71,572.723906974814,72,0.042666666666666665,1,62.8825943304007
62.933333333333294,86,618.9278718837143,77,0.028000000000000004,2,62.915376344085985
62.95999999999996,88,648.7314225065456,81,0.028000000000000004,2,62.94266862170084
62.98666666666662,86,725.24425882924,91,0.028000000000000004,2,62.97089931573798
63.00799999999992,67,618.1130175306839,77,0.06720000000000001,1,62.99004301075261
63.013333333333286,83,695.5050233269415,87,0.084,2,62.99694037145645
63.07199999999992,65,660.0979738384318,83,0.032,1,63.054981427174894
63.093333333333284,84,660.604198476201,83,0.05600000000000001,2,63.07631476050826
63.103999999999914,67,620.0979738384318,78,0.032,1,63.08619941348965
63.11999999999994,48,635.5355040266179,79,0.084,0,63.102355816226726
63.13599999999992,65,660.0979738384318,83,0.032,1,63.118981427174894
63.14666666666662,83,601.6782863068495,75,0.08533333333333334,2,63.12839687194521
63.167999999999914,67,712.2109049250014,89,0.033600000000000005,1,63.15191984359718
63.19999999999994,50,645.7778446626272,81,0.04,0,63.18266862170082
63.19999999999991,64,693.2932371731824,87,0.033600000000000005,1,63.18360703812308
63.23199999999991,62,691.3384376249822,86,0.033600000000000005,1,63.21545063538603
63.23999999999994,52,605.7778446626272,76,0.04,0,63.22188660801558
63.2639999999999,64,596.5285994146526,75,0.1024,1,63.2457302052785
63.27999999999994,50,645.7778446626272,81,0.04,0,63.26266862170082
63.30666666666662,86,637.5439487292996,80,0.05600000000000001,2,63.289178885630456
63.319999999999936,48,744.8232018729558,93,0.042,0,63.30454545454539
63.35999999999996,88,654.8799491269057,82,0.084,2,63.342825024437886
63.359999999999935,52,695.7403023582403,87,0.042,0,63.3436070381231
63.399999999999935,53,690.4818166811752,86,0.042,0,63.383450635386055
63.439999999999934,52,588.1793947462697,74,0.128,0,63.42157380254148
63.439999999999955,86,732.5151927886182,92,0.028000000000000004,2,63.42438905180836
63.455999999999904,67,641.2834554408047,80,0.06720000000000001,1,63.43851221896374
63.46666666666662,89,689.8568577787215,86,0.028000000000000004,2,63.45011730205274
63.49333333333328,91,688.4714217348356,86,0.028000000000000004,2,63.4767839687194
63.519999999999946,89,567.583055974088,71,0.08533333333333334,2,63.50110459433035
63.519999999999904,69,630.6330614131595,79,0.032,1,63.50235581622669
63.5519999999999,71,590.6330614131595,74,0.032,1,63.53357380254145
63.583999999999904,69,630.6330614131595,79,0.032,1,63.56635581622669
63.6159999999999,67,746.7826645051972,93,0.033600000000000005,1,63.600545454545355
63.6479999999999,71,718.9949716525481,90,0.033600000000000005,1,63.63207624633421
63.67999999999993,48,625.6800888670518,78,0.084,0,63.66219941348967
63.67999999999995,86,629.9763796691461,79,0.05600000000000001,2,63.662355816226736
63.67999999999989,72,690.7635409186378,86,0.033600000000000005,1,63.66345063538601
63.71199999999989,71,569.7073007850111,71,0.1024,1,63.69310459433029
63.733333333333285,88,646.7414141339231,81,0.084,2,63.716001955034166
63.75999999999993,50,644.4770973545299,81,0.04,0,63.74266862170081
63.799999999999926,52,604.4770973545299,76,0.04,0,63.78188660801557
63.81333333333328,86,748.6453283612856,94,0.028000000000000004,2,63.798035190615785
63.839999999999925,50,644.4770973545299,81,0.04,0,63.82266862170081
63.83999999999995,89,704.4707087495455,88,0.028000000000000004,2,63.82376344086016
63.86666666666661,91,687.0881823212068,86,0.028000000000000004,2,63.85011730205273
63.879999999999924,48,702.8404664168604,88,0.042,0,63.86376344086014
63.893333333333274,89,559.0676033929175,70,0.035555555555555556,2,63.87428152492663
63.90399999999989,72,666.3285137113012,83,0.033600000000000005,1,63.88698142717487
63.91999999999992,52,720.0977128109286,90,0.042,0,63.904076246334235
63.92888888888883,91,519.0676033929175,65,0.035555555555555556,2,63.90905506679694
63.935999999999886,74,642.0629066004384,80,0.033600000000000005,1,63.91851221896372
63.95999999999992,53,688.2517693716801,86,0.042,0,63.94345063538604
63.96444444444438,89,559.0676033929175,70,0.035555555555555556,2,63.94539263603774
63.96799999999988,72,713.9852576142077,89,0.033600000000000005,1,63.951919843597146
63.99999999999992,52,581.8526372826606,73,0.128,0,63.98141739980442
63.99999999999988,69,713.7309412791469,89,0.1008,1,63.98391984359714
64.05333333333327,91,647.1030235738348,81,0.05600000000000001,2,64.03600195503415
64.09599999999988,71,668.010832678327,84,0.06720000000000001,1,64.0791378299119
64.1066666666666,89,659.3653860488511,82,0.084,2,64.08949169110453
64.15999999999987,69,598.3233577611987,75,0.042666666666666665,1,64.14173020527846
64.1866666666666,91,698.8915345306224,87,0.028000000000000004,2,64.17027370478976
64.20266666666653,71,558.3233577611987,70,0.042666666666666665,1,64.18361485825989
64.21333333333327,88,701.7454112656803,88,0.028000000000000004,2,64.19709677419348
64.23999999999992,53,616.660919613436,77,0.084,0,64.22204301075261
64.23999999999994,86,684.1549906505616,86,0.028000000000000004,2,64.22345063538606
64.2453333333332,69,598.3233577611987,75,0.042666666666666665,1,64.2270635386118
64.26666666666661,88,593.4242611578162,74,0.035555555555555556,2,64.24824046920816
64.30222222222217,89,553.4242611578162,69,0.035555555555555556,2,64.28301401107848
64.31999999999992,52,653.0717050692538,82,0.126,0,64.30282502443785
64.33777777777772,88,593.4242611578162,74,0.035555555555555556,2,64.31935158031926
64.35199999999986,72,631.5866663021301,79,0.06720000000000001,1,64.33435581622665
64.41599999999985,74,637.0806894366671,80,0.1008,1,64.39851221896369
64.4266666666666,91,607.4452323515474,76,0.05600000000000001,2,64.40855327468225
64.43999999999993,53,710.8304534857065,89,0.042,0,64.42391984359719
64.47999999999993,93,637.1867035631258,80,0.084,2,64.46251221896377
64.47999999999993,50,703.5127664251654,88,0.042,0,64.46376344086015
64.51199999999986,72,716.9626567200258,90,0.033600000000000005,1,64.49607624633417
64.51999999999994,48,667.2700491114213,83,0.042,0,64.50298142717492
64.54399999999985,76,708.0997708270119,89,0.033600000000000005,1,64.52791984359712
64.55999999999995,50,571.3120697180929,71,0.05333333333333334,0,64.54110459433035
64.55999999999993,91,702.6925709419172,88,0.028000000000000004,2,64.54376344086015
64.57599999999985,77,682.099028559847,85,0.033600000000000005,1,64.55929423264892
64.5866666666666,95,698.888833372371,87,0.028000000000000004,2,64.57027370478977
64.60799999999985,76,562.9258100583329,70,0.042666666666666665,1,64.5889481915932
64.61333333333327,52,531.3120697180929,66,0.05333333333333334,0,64.59365591397844
64.61333333333327,96,637.6165596668352,80,0.028000000000000004,2,64.5958455522971
64.63999999999994,95,562.773979010946,70,0.08533333333333334,2,64.6209481915933
64.65066666666651,77,522.9258100583329,65,0.042666666666666665,1,64.63083284457463
64.66666666666661,50,571.3120697180929,71,0.05333333333333334,0,64.64777126099702
64.69333333333319,76,562.9258100583329,70,0.042666666666666665,1,64.67428152492654
64.79999999999994,53,618.4118827109425,77,0.084,0,64.78204301075263
64.79999999999994,91,622.6498518269445,78,0.028000000000000004,2,64.78219941348968
64.79999999999984,72,639.9190810481516,80,0.06720000000000001,1,64.78251221896367
64.82666666666661,93,648.5199465640228,81,0.028000000000000004,2,64.80933528836749
64.85333333333328,91,686.0323515276756,86,0.028000000000000004,2,64.8367839687194
64.86399999999983,74,653.8671713031337,82,0.032,1,64.84682502443776
64.87999999999994,55,627.4027657816155,78,0.126,0,64.86219941348968
64.87999999999995,88,660.4593881871931,83,0.084,2,64.86298142717493
64.89599999999983,76,613.8671713031337,77,0.032,1,64.87804301075252
64.92799999999983,74,653.8671713031337,82,0.032,1,64.91082502443776
64.95999999999995,89,674.6532661864171,84,0.05600000000000001,2,64.94313782991198
64.95999999999984,72,708.002957491494,89,0.033600000000000005,1,64.9439198435971
64.99199999999983,76,673.5879145187744,84,0.033600000000000005,1,64.97513782991186
64.99999999999994,53,700.243823355989,88,0.042,0,64.98376344086016
65.01333333333328,88,555.123902971055,69,0.035555555555555556,2,64.99412512218959
65.02399999999983,77,642.2509939464501,80,0.033600000000000005,1,65.00651221896366
65.03999999999995,57,686.0374963188448,86,0.042,0,65.02345063538607
65.04888888888884,89,515.123902971055,64,0.035555555555555556,2,65.02889866405991
65.05599999999983,76,555.1615584858358,69,0.1024,1,65.03679178885614
65.07999999999996,59,643.9217005276965,80,0.042,0,65.06251221896379
65.08444444444439,88,555.123902971055,69,0.035555555555555556,2,65.0652362333007
65.11999999999996,57,565.9723653698469,71,0.05333333333333334,0,65.10110459433037
65.17333333333329,59,525.9723653698469,66,0.05333333333333334,0,65.15365591397845
65.17333333333328,91,593.1485146291839,74,0.05600000000000001,2,65.15490713587482
65.22666666666663,57,565.9723653698469,71,0.05333333333333334,0,65.20777126099703
65.2266666666666,93,621.3825260239564,78,0.084,2,65.20886608015634
65.24799999999982,72,597.3049454880675,75,0.06720000000000001,1,65.22973020527841
65.3066666666666,91,671.3786453865474,84,0.028000000000000004,2,65.28980449657863
65.31199999999981,71,606.2736462208659,76,0.1008,1,65.29388660801546
65.33333333333327,95,672.9885317375677,84,0.028000000000000004,2,65.3164711632453
65.35999999999996,53,602.3537741718543,75,0.042,0,65.34173020527855
65.35999999999994,96,671.0792063099818,84,0.028000000000000004,2,65.34313782991197
65.38666666666661,95,541.5244212051871,68,0.035555555555555556,2,65.36730205278587
65.39999999999996,55,612.7894735034317,77,0.042,0,65.38204301075265
65.40799999999982,72,678.9196723831061,85,0.033600000000000005,1,65.39129423264889
65.42222222222217,96,501.5244212051871,63,0.035555555555555556,2,65.4020755946562
65.43999999999981,69,640.8482285696332,80,0.033600000000000005,1,65.42251221896365
65.43999999999997,53,671.9693287285324,84,0.042,0,65.423137829912
65.45777777777772,95,541.5244212051871,68,0.035555555555555556,2,65.43841316389698
65.47199999999981,67,651.1471981656206,81,0.033600000000000005,1,65.45466862170069
65.47999999999998,50,650.802649215524,81,0.126,0,65.46266862170086
65.5039999999998,69,535.1888326185231,67,0.042666666666666665,1,65.48447898338202
65.54666666666647,71,495.18883261852307,62,0.042666666666666665,1,65.52636363636344
65.54666666666661,88,556.4413552513421,70,0.05600000000000001,2,65.52761485825997
65.58933333333314,69,535.1888326185231,67,0.042666666666666665,1,65.56981231671536
65.59999999999994,89,579.7529517246061,72,0.084,2,65.58126099706739
65.59999999999998,52,636.4810738508493,80,0.084,0,65.58251221896381
65.67999999999998,50,516.5737813543662,65,0.128,0,65.6601661779081
65.67999999999994,88,682.8769621332315,85,0.028000000000000004,2,65.66329423264901
65.6959999999998,69,576.1239184053003,72,0.06720000000000001,1,65.67726099706725
65.7066666666666,91,625.2560759074588,78,0.028000000000000004,2,65.68886608015634
65.73333333333328,93,612.5303640376458,77,0.028000000000000004,2,65.71537634408597
65.75999999999995,91,521.9943586525616,65,0.08533333333333334,2,65.74016617790807
65.75999999999979,71,583.7538825443402,73,0.1008,1,65.74141739980429
65.8559999999998,69,646.3800767603476,81,0.033600000000000005,1,65.83866862170068
65.88799999999979,72,624.1317705902305,78,0.033600000000000005,1,65.87019941348953
65.91999999999997,50,543.8461528475589,68,0.084,0,65.90063538611923
65.91999999999994,88,561.604194613466,70,0.05600000000000001,2,65.9009481915933
65.91999999999979,74,613.8487217276946,77,0.033600000000000005,1,65.90204301075248
65.95199999999979,72,487.06473987257414,61,0.1024,1,65.93154056695971
65.97333333333327,86,571.8727869451357,71,0.084,2,65.95443792766368
65.99999999999997,52,554.2505154975597,69,0.04,0,65.98079178885628
66.03999999999998,53,514.2505154975597,64,0.04,0,66.02000977517105
66.05333333333327,88,641.2799283211289,80,0.028000000000000004,2,66.0358455522971
66.07999999999997,52,554.2505154975597,69,0.04,0,66.06079178885628
66.07999999999994,84,606.0971349282843,76,0.028000000000000004,2,66.06188660801558
66.10666666666661,83,585.9412442407133,73,0.028000000000000004,2,66.08808406647111
66.11999999999998,50,622.1030639744745,78,0.042,0,66.10219941348971
66.13333333333328,84,494.7477355787364,62,0.08533333333333334,2,66.11303030303026
66.14399999999978,69,556.077265353547,70,0.033600000000000005,1,66.12494819159313
66.15999999999998,53,611.7911436703642,76,0.042,0,66.14188660801562
66.17599999999977,71,578.3240616828103,72,0.033600000000000005,1,66.15726099706723
66.19999999999999,55,588.0763961900253,74,0.042,0,66.18157380254154
66.20799999999977,69,640.5639985297478,80,0.033600000000000005,1,66.1905122189636
66.24,53,481.67729842713493,60,0.05333333333333334,0,66.21938416422287
66.23999999999977,65,618.261694602312,77,0.032,1,66.22204301075246
66.27199999999976,67,578.261694602312,72,0.032,1,66.25326099706722
66.29333333333332,55,441.67729842713493,55,0.05333333333333334,0,66.27193548387096
66.29333333333328,88,564.3017242782423,71,0.05600000000000001,2,66.27443792766368
66.30399999999976,65,618.261694602312,77,0.032,1,66.28604301075245
66.33599999999977,67,566.5696541699582,71,0.06720000000000001,1,66.31710459433017
66.34666666666666,53,481.67729842713493,60,0.05333333333333334,0,66.32605083088954
66.34666666666661,89,556.432202641612,70,0.084,2,66.32761485825996
66.39999999999976,65,496.47989054219056,62,0.1024,1,66.37969696969674
66.4266666666666,88,628.2723048065644,79,0.028000000000000004,2,66.40902248289339
66.45333333333328,91,574.686443251349,72,0.028000000000000004,2,66.43459433040073
66.47999999999999,50,527.309927328919,66,0.084,0,66.46032258064515
66.47999999999995,93,572.9210874984836,72,0.028000000000000004,2,66.4612609970674
66.50666666666662,91,454.8046451386665,57,0.035555555555555556,2,66.48558162267835
66.54222222222218,93,414.8046451386665,52,0.035555555555555556,2,66.52035516454868
66.55999999999999,52,503.2947453213528,63,0.04,0,66.53985337243401
66.57777777777773,91,454.8046451386665,57,0.035555555555555556,2,66.55669273378946
66.59199999999976,69,500.1469512518022,63,0.06720000000000001,1,66.57185337243378
66.6,53,463.2947453213528,58,0.04,0,66.57907135874878
66.63999999999999,52,503.2947453213528,63,0.04,0,66.61985337243401
66.65599999999975,71,535.5587924556194,67,0.1008,1,66.63647898338196
66.66666666666661,88,520.0451212715194,65,0.028000000000000004,2,66.64683284457473
66.67999999999999,50,601.1096238066613,75,0.042,0,66.66173020527859
66.69333333333329,89,526.6238206309833,66,0.028000000000000004,2,66.67365591397845
66.72,53,587.7375467863897,73,0.042,0,66.7014173998045
66.71999999999996,88,621.9420617150303,78,0.028000000000000004,2,66.7021994134897
66.74666666666663,84,583.2157250280579,73,0.084,2,66.72808406647113
66.75199999999975,69,592.9593231509549,74,0.033600000000000005,1,66.7335738025413
66.76,55,566.3298349559111,71,0.042,0,66.74110459433041
66.78399999999975,72,575.3021107920258,72,0.033600000000000005,1,66.7652609970672
66.80000000000001,53,425.555747680934,53,0.128,0,66.77828934506356
66.81599999999975,74,517.9830741948931,65,0.033600000000000005,1,66.79616617790786
66.82666666666663,86,555.2659522509961,69,0.05600000000000001,2,66.80745845552293
66.84799999999974,72,432.3469875458235,54,0.1024,1,66.82644574780034
66.87999999999995,84,445.12748694970026,56,0.08533333333333334,2,66.85875855327464
67.04,43,466.7556060977979,58,0.084,0,67.01907135874879
67.04,62,478.50277131887265,60,0.06720000000000001,1,67.01938416422288
67.04,81,491.5566195588518,61,0.05600000000000001,2,67.01954056695993
67.04,36,820.0,102,0.9,20,67.02595307917889
67.04,40,820.0,102,0.9,20,67.02595307917889
67.04,55,820.0,102,0.9,20,67.02595307917889
67.04,60,820.0,102,0.5018387096773961,20,67.02595307917889
67.04,64,820.0,102,0.05305669599217822,20,67.02595307917889
67.04,67,820.0,102,0.21368230694036583,20,67.02595307917889
67.09333333333333,79,512.277013472494,64,0.084,2,67.0733431085044
67.104,64,512.6380917458598,64,0.1008,1,67.08400977517107
67.12,45,522.634141301812,65,0.04,0,67.10016617790812
67.16000000000001,47,482.63414130181195,60,0.04,0,67.13938416422289
67.17333333333333,81,568.0723146389507,71,0.028000000000000004,2,67.15443792766374
67.2,45,522.634141301812,65,0.04,0,67.18016617790812
67.2,77,541.034613876321,68,0.028000000000000004,2,67.18063538611926
67.2,62,579.0274062832867,72,0.033600000000000005,1,67.18126099706745
67.22666666666667,76,538.393700494337,67,0.028000000000000004,2,67.20714565004889
67.232,65,553.9190707133528,69,0.033600000000000005,1,67.21279178885631
67.24000000000001,43,577.3734983928132,72,0.042,0,67.22126099706746
67.25333333333334,77,449.62258435517685,56,0.08533333333333334,2,67.23209188660803
67.264,67,540.6923655247093,68,0.033600000000000005,1,67.24463538611926
67.28000000000002,47,568.8584159744116,71,0.042,0,67.26110459433042
67.29599999999999,65,430.99092324287403,54,0.1024,1,67.27444574780058
67.32000000000002,48,560.8909855430512,70,0.042,0,67.30094819159338
67.36000000000003,47,434.0030806754345,54,0.128,0,67.33844574780062
67.41333333333334,81,503.1321716822845,63,0.05600000000000001,2,67.39318670576736
67.46666666666667,83,538.7833562215012,67,0.084,2,67.44714565004888
67.48799999999999,62,523.5140195897842,65,0.06720000000000001,1,67.4681661779081
67.54666666666667,81,607.2532579032226,76,0.028000000000000004,2,67.52855327468231
67.55199999999998,60,549.7105903180544,69,0.1008,1,67.53279178885629
67.57333333333334,84,600.6838575467764,75,0.028000000000000004,2,67.55506353861193
67.60000000000002,43,526.5806697538487,66,0.084,0,67.58032258064519
67.60000000000001,86,549.6827905692005,69,0.028000000000000004,2,67.58079178885632
67.62666666666668,84,495.55969177170334,62,0.035555555555555556,2,67.60636363636365
67.64799999999998,62,618.502886689215,77,0.033600000000000005,1,67.63004301075267
67.66222222222224,86,455.55969177170334,57,0.035555555555555556,2,67.64113717823398
67.68000000000002,45,545.1325886511102,68,0.126,0,67.66063538611928
67.67999999999998,59,604.3664133530265,76,0.033600000000000005,1,67.66188660801562
67.69777777777779,84,495.55969177170334,62,0.035555555555555556,2,67.67747474747476
67.71199999999997,57,581.8018044628503,73,0.033600000000000005,1,67.69341739980447
67.74399999999997,59,470.7127407160268,59,0.1024,1,67.7232277614858
67.78666666666668,81,514.3724959735965,64,0.028000000000000004,2,67.76667644183775
67.80000000000003,43,666.0978601945935,83,0.042,0,67.782981427175
67.81333333333335,83,556.0944905873588,70,0.028000000000000004,2,67.7942815249267
67.84000000000003,47,607.6938028700772,76,0.042,0,67.82188660801567
67.84000000000002,81,614.0484472288135,77,0.028000000000000004,2,67.82204301075271
67.86666666666669,77,604.049074439965,76,0.084,2,67.84855327468233
67.88000000000004,48,577.6151447221819,72,0.042,0,67.86126099706749
67.92000000000004,47,472.4238615909218,59,0.05333333333333334,0,67.89922776148588
67.93599999999996,62,550.0488375117535,69,0.06720000000000001,1,67.91679178885627
67.94666666666669,79,590.1293667551558,74,0.05600000000000001,2,67.92824046920823
67.97333333333337,48,432.4238615909218,54,0.05333333333333334,0,67.95177908113396
68.00000000000001,77,491.0713453809493,61,0.08533333333333334,2,67.97954056695994
67.99999999999996,64,572.6029717666815,72,0.1008,1,67.98126099706741
68.02666666666671,47,472.4238615909218,59,0.05333333333333334,0,68.00589442815254
68.09599999999996,62,642.8647609034076,80,0.033600000000000005,1,68.0785122189638
68.12799999999996,65,609.1337816843641,76,0.033600000000000005,1,68.1098866080156
68.16000000000004,43,552.7162390350852,69,0.084,0,68.14079178885635
68.16000000000001,81,569.1911114983851,71,0.05600000000000001,2,68.14110459433041
68.15999999999995,67,610.280412297416,76,0.033600000000000005,1,68.1418866080156
68.19199999999995,65,511.7133759853323,64,0.1024,1,68.17200977517102
68.21333333333334,83,579.8297399652266,72,0.084,2,68.19459433040079
68.24000000000004,41,590.943882547874,74,0.126,0,68.22157380254158
68.29333333333334,81,670.9275499370689,84,0.028000000000000004,2,68.27647116324536
68.32000000000001,84,632.1741327289815,79,0.028000000000000004,2,68.3023558162268
68.34666666666668,86,605.4046135434818,76,0.028000000000000004,2,68.32855327468232
68.36000000000004,43,656.2367794036132,82,0.042,0,68.34282502443797
68.37333333333335,84,497.14569860287486,62,0.035555555555555556,2,68.35303030303032
68.38399999999994,62,579.3768017750755,72,0.033600000000000005,1,68.3652609970674
68.40000000000005,40,663.0380803263098,83,0.042,0,68.38298142717503
68.40888888888891,86,457.14569860287486,57,0.035555555555555556,2,68.38780384490065
68.41599999999994,64,616.3306498047284,77,0.033600000000000005,1,68.39804301075263
68.44000000000005,38,613.7846136122326,77,0.042,0,68.42204301075274
68.44444444444446,84,497.14569860287486,62,0.035555555555555556,2,68.42414141414143
68.44799999999994,62,659.5907329126577,82,0.033600000000000005,1,68.43082502443787
68.48000000000006,40,522.324433150051,65,0.128,0,68.46016617790818
68.47999999999993,59,659.3429799360146,82,0.1008,1,68.46282502443786
68.53333333333335,81,571.6148003609236,71,0.05600000000000001,2,68.51443792766375
68.57599999999994,60,643.7857558275404,80,0.06720000000000001,1,68.55851221896377
68.58666666666667,83,589.8783445691532,74,0.084,2,68.56824046920822
68.63999999999993,59,547.627286311738,68,0.042666666666666665,1,68.62063538611919
68.66666666666667,81,685.8182123363368,86,0.028000000000000004,2,68.65011730205279
68.68266666666659,60,507.627286311738,63,0.042666666666666665,1,68.66252003910061
68.69333333333334,84,634.5932406289527,79,0.028000000000000004,2,68.67568914956013
68.72000000000006,48,607.8409813825166,76,0.084,0,68.7018866080157
68.72000000000001,86,655.2915583315561,82,0.028000000000000004,2,68.70282502443794
68.72533333333327,59,547.627286311738,68,0.042666666666666665,1,68.70596871945253
68.74666666666668,84,540.4545301617305,68,0.08533333333333334,2,68.72730205278594
68.80000000000005,50,632.8273705530061,79,0.04,0,68.78235581622684
68.83199999999992,67,622.8339663925373,78,0.06720000000000001,1,68.81419941348966
68.84000000000006,52,592.8273705530061,74,0.04,0,68.82157380254161
68.88000000000005,50,632.8273705530061,79,0.04,0,68.86235581622684
68.89599999999992,69,627.8893149406243,78,0.1008,1,68.87819941348965
68.90666666666668,86,594.1491572798583,74,0.05600000000000001,2,68.88824046920823
68.92000000000006,48,705.0241405168822,88,0.042,0,68.90376344086027
68.96000000000001,84,634.4736575527131,79,0.084,2,68.9423558162268
68.96000000000006,52,661.3191295996938,83,0.042,0,68.94298142717504
68.99199999999992,67,691.2888768814818,86,0.033600000000000005,1,68.97545063538604
69.00000000000007,53,663.1616707725183,83,0.042,0,68.98298142717505
69.02399999999992,71,685.8219058242103,86,0.033600000000000005,1,69.00745063538604
69.04000000000008,52,563.5916322319755,70,0.128,0,69.02094819159343
69.04,86,697.9081760286399,87,0.028000000000000004,2,69.02360703812317
69.05599999999991,72,665.7276483242204,83,0.033600000000000005,1,69.03898142717489
69.06666666666668,83,665.8843116707892,83,0.028000000000000004,2,69.04964809384165
69.08799999999991,71,542.137854557182,68,0.1024,1,69.06863538611917
69.09333333333335,81,658.6703762477712,82,0.028000000000000004,2,69.07615835777128
69.12000000000002,83,536.0040160927158,67,0.035555555555555556,2,69.10047898338223
69.15555555555558,84,496.0040160927158,62,0.035555555555555556,2,69.13525252525255
69.19111111111113,83,536.0040160927158,67,0.035555555555555556,2,69.17159009449334
69.28000000000007,48,602.5420703661986,75,0.042,0,69.26173020527867
69.28000000000002,86,609.121069249326,76,0.05600000000000001,2,69.26188660801566
69.2799999999999,67,625.0055780662528,78,0.06720000000000001,1,69.26219941348964
69.32000000000008,50,629.3577029199034,79,0.042,0,69.30235581622686
69.33333333333334,88,644.9179317522663,81,0.084,2,69.31600195503422
69.3439999999999,69,635.0121828298797,79,0.032,1,69.32635581622668
69.36000000000008,48,720.5435450622896,90,0.042,0,69.3440762463344
69.37599999999989,71,595.0121828298797,74,0.032,1,69.35757380254144
69.40000000000009,45,655.2227301895456,82,0.04,0,69.38282502443802
69.40799999999989,69,635.0121828298797,79,0.032,1,69.39035581622667
69.41333333333334,86,712.4466785526363,89,0.028000000000000004,2,69.3972531769306
69.4400000000001,47,615.2227301895456,77,0.04,0,69.42204301075279
69.44000000000001,89,700.9501605201979,88,0.028000000000000004,2,69.42376344086023
69.4399999999999,67,716.1663742543891,90,0.033600000000000005,1,69.42407624633421
69.46666666666668,91,659.1775205015546,82,0.028000000000000004,2,69.44949169110461
69.4719999999999,71,688.6430353091599,86,0.033600000000000005,1,69.45545063538601
69.48000000000009,45,655.2227301895456,82,0.04,0,69.46282502443802
69.49333333333335,89,576.7361881230728,72,0.08533333333333334,2,69.4745943304008
69.50399999999989,72,685.6656385556228,86,0.033600000000000005,1,69.48745063538601
69.5200000000001,47,684.5757668400885,86,0.084,0,69.50345063538622
69.53599999999989,71,566.7411188575911,71,0.042666666666666665,1,69.51710459433029
69.57866666666655,72,526.7411188575911,66,0.042666666666666665,1,69.55898924731171
69.6000000000001,45,566.0225344798984,71,0.128,0,69.5811045943305
69.62133333333323,71,566.7411188575911,71,0.042666666666666665,1,69.60243792766363
69.65333333333335,86,623.0335146562829,78,0.028000000000000004,2,69.63553274682309
69.68000000000002,88,655.8531776996072,82,0.028000000000000004,2,69.66282502443795
69.70666666666669,86,720.0836235569404,90,0.028000000000000004,2,69.690742913001
69.72799999999988,67,616.1554915276542,77,0.06720000000000001,1,69.71004301075257
69.73333333333336,83,688.9498065172089,86,0.084,2,69.71678396871948
69.79199999999987,65,648.3443428936256,81,0.1008,1,69.77466862170076
69.81333333333336,84,679.7320213594446,85,0.05600000000000001,2,69.79662756598243
69.84000000000009,48,625.6577217068021,78,0.084,0,69.82219941348983
69.86666666666669,83,577.4972388328326,72,0.08533333333333334,2,69.84792766373414
69.88799999999988,67,743.4881692430741,93,0.033600000000000005,1,69.87254545454533
69.92000000000009,50,649.9380533140293,81,0.126,0,69.90266862170097
69.91999999999987,64,690.9163078621592,86,0.033600000000000005,1,69.903450635386
69.95199999999987,62,671.0339092844961,84,0.033600000000000005,1,69.9351378299119
69.98399999999987,64,587.7923361749397,73,0.1024,1,69.96541739980437
70.02666666666669,86,636.6173603504524,80,0.05600000000000001,2,70.00917888563052
70.04000000000009,48,718.7526581384741,90,0.042,0,70.0240762463344
70.08000000000001,88,642.7617025310101,80,0.084,2,70.06251221896385
70.0800000000001,52,693.5681845317492,87,0.042,0,70.06360703812327
70.1200000000001,53,680.5872732028631,85,0.042,0,70.10329423264918
70.16000000000011,52,579.5959394624748,72,0.05333333333333334,0,70.14126099706756
70.16000000000001,86,729.0985290427989,91,0.028000000000000004,2,70.14423264907137
70.17599999999986,67,639.8998059132864,80,0.06720000000000001,1,70.1585122189637
70.18666666666668,89,693.7797420429489,87,0.028000000000000004,2,70.17027370478985
70.21333333333344,53,539.5959394624748,67,0.05333333333333334,0,70.19381231671565
70.21333333333335,91,672.3553580846637,84,0.028000000000000004,2,70.19647116324538
70.24000000000002,89,580.6634470871862,73,0.08533333333333334,2,70.22141739980452
70.23999999999985,69,670.277620647547,84,0.1008,1,70.22313782991188
70.26666666666678,52,579.5959394624748,72,0.05333333333333334,0,70.24792766373423
70.33599999999986,67,705.5506706160736,88,0.033600000000000005,1,70.31976344086007
70.36799999999985,71,688.5764735315146,86,0.033600000000000005,1,70.35145063538597
70.4000000000001,53,639.2690159500244,80,0.084,0,70.38251221896394
70.40000000000002,91,646.2265997597202,81,0.05600000000000001,2,70.3826686217009
70.39999999999985,72,685.3276198303565,86,0.033600000000000005,1,70.38345063538597
70.43199999999985,71,561.6202561753979,70,0.1024,1,70.4129481915932
70.45333333333335,93,653.7847154215526,82,0.084,2,70.43615835777128
70.4800000000001,55,664.2260681621589,83,0.04,0,70.46298142717508
70.52000000000011,57,624.2260681621589,78,0.04,0,70.50219941348985
70.53333333333335,91,722.0405043034524,90,0.028000000000000004,2,70.51740957966766
70.5600000000001,55,664.2260681621589,83,0.04,0,70.54298142717508
70.56000000000002,95,711.3897571643955,89,0.028000000000000004,2,70.54391984359728
70.58666666666669,96,655.8384752630254,82,0.028000000000000004,2,70.56949169110462
70.60000000000011,53,721.4333737896249,90,0.042,0,70.58407624633442
70.61333333333336,95,592.7725415962864,74,0.035555555555555556,2,70.5949071358749
70.62399999999984,72,626.4175827314257,78,0.033600000000000005,1,70.60619941348958
70.64000000000011,57,682.748897599268,85,0.042,0,70.62329423264919
70.64888888888892,96,552.7725415962864,69,0.035555555555555556,2,70.62968067774523
70.65599999999984,74,678.7429290987957,85,0.033600000000000005,1,70.63929423264891
70.68000000000012,59,664.9829356477885,83,0.042,0,70.6629814271751
70.68444444444447,95,592.7725415962864,74,0.035555555555555556,2,70.66601824698601
70.68799999999983,72,753.741063489201,94,0.033600000000000005,1,70.67270185728233
70.72000000000013,57,567.7281905076118,71,0.05333333333333334,0,70.70110459433053
70.71999999999983,69,689.7219574370592,86,0.1008,1,70.70345063538595
70.77333333333345,59,527.7281905076118,66,0.05333333333333334,0,70.75365591397862
70.77333333333335,91,624.5835832495059,78,0.05600000000000001,2,70.75553274682309
70.81599999999983,71,670.6670493608211,84,0.06720000000000001,1,70.79913782991186
70.8266666666668,57,567.7281905076118,71,0.05333333333333334,0,70.8077712609972
70.82666666666668,89,650.8645608823213,81,0.084,2,70.80933528836756
70.87999999999982,69,576.2759163918693,72,0.1024,1,70.86126099706728
70.90666666666668,91,750.7813821020355,94,0.028000000000000004,2,70.89136852394918
70.93333333333335,88,719.388788585965,90,0.028000000000000004,2,70.91740957966766
70.96000000000012,53,651.4614537370921,81,0.084,0,70.942668621701
70.96000000000002,86,688.2341380775295,86,0.028000000000000004,2,70.94345063538614
70.9866666666667,88,582.2976257189756,73,0.08533333333333334,2,70.96808406647119
71.04000000000012,52,631.6598274047468,79,0.126,0,71.0223558162269
71.07199999999982,72,630.5680177019397,79,0.06720000000000001,1,71.0543558162266
71.13599999999981,74,647.3975379206171,81,0.1008,1,71.11866862170069
71.14666666666669,91,636.2311549477419,80,0.05600000000000001,2,71.12917888563052
71.16000000000012,53,702.8114953239742,88,0.042,0,71.14376344086034
71.20000000000002,93,642.5572943620658,80,0.084,2,71.18251221896385
71.20000000000013,50,689.9758651226084,86,0.042,0,71.18345063538625
71.23199999999981,72,731.0103510769649,91,0.033600000000000005,1,71.21623264907117
71.24000000000014,48,685.938111928001,86,0.042,0,71.22345063538626
71.26399999999981,76,652.1726336470911,82,0.033600000000000005,1,71.24682502443774
71.28000000000014,50,565.286609787325,71,0.05333333333333334,0,71.26110459433055
71.28000000000002,91,706.0573194048649,88,0.028000000000000004,2,71.26376344086023
71.29599999999981,77,666.061858166156,83,0.033600000000000005,1,71.27898142717478
71.30666666666669,95,691.9059639187049,86,0.028000000000000004,2,71.2901173020528
71.3279999999998,76,568.6259956686679,71,0.1024,1,71.30910459433021
71.33333333333347,52,525.286609787325,66,0.05333333333333334,0,71.31365591397864
71.33333333333336,96,664.5640786142163,83,0.028000000000000004,2,71.31631476050833
71.36000000000003,95,578.5858510834412,72,0.035555555555555556,2,71.34126099706748
71.38666666666681,50,565.286609787325,71,0.05333333333333334,0,71.36777126099722
71.39555555555559,96,538.5858510834412,67,0.035555555555555556,2,71.3760345389378
71.43111111111114,95,578.5858510834412,72,0.035555555555555556,2,71.41237210817859
71.52000000000002,91,623.4634393410898,78,0.028000000000000004,2,71.50219941348976
71.5199999999998,72,632.9258483657205,79,0.06720000000000001,1,71.50235581622658
71.52000000000014,53,640.0260430296414,80,0.084,0,71.50251221896397
71.5466666666667,93,627.214978087734,78,0.028000000000000004,2,71.52886608015643
71.57333333333337,91,700.8183015832972,88,0.028000000000000004,2,71.55709677419358
71.58399999999979,74,650.7412907193416,81,0.1008,1,71.56666862170067
71.60000000000014,55,641.1788358443282,80,0.126,0,71.58251221896397
71.60000000000004,88,683.3387793794168,85,0.084,2,71.58329423264911
71.68000000000004,89,643.9986623409503,80,0.05600000000000001,2,71.66251221896387
71.6799999999998,72,726.5274342049594,91,0.033600000000000005,1,71.66423264907115
71.71199999999979,76,657.9633862832178,82,0.033600000000000005,1,71.69482502443772
71.72000000000014,53,701.6041129326462,88,0.042,0,71.70376344086036
71.73333333333336,88,555.8801042537142,69,0.08533333333333334,2,71.71412512218967
71.74399999999979,77,670.1144400818246,84,0.033600000000000005,1,71.72713782991181
71.76000000000015,57,663.0124470949748,83,0.042,0,71.74298142717512
71.77599999999978,76,553.8185377316601,69,0.1024,1,71.75679178885609
71.80000000000015,59,657.190471401136,82,0.042,0,71.78282502443808
71.84000000000016,57,555.2763567111793,69,0.128,0,71.82079178885647
71.89333333333336,91,598.6393061843414,75,0.05600000000000001,2,71.87506353861195
71.94666666666669,93,614.5262754444188,77,0.084,2,71.92870967741938
71.96799999999978,72,597.9900065877131,75,0.06720000000000001,1,71.94973020527837
72.02666666666669,91,683.2752735123815,85,0.028000000000000004,2,72.00996089931576
72.03199999999977,71,615.4531775261842,77,0.1008,1,72.01404301075246
72.05333333333336,95,649.5320481999371,81,0.028000000000000004,2,72.03600195503424
72.08000000000015,50,599.2381156658976,75,0.042,0,72.06173020527875
72.08000000000003,96,638.430371495467,80,0.028000000000000004,2,72.06251221896386
72.1066666666667,95,532.3790091012061,67,0.08533333333333334,2,72.08714565004891
72.12000000000016,52,609.7990426703203,76,0.042,0,72.1018866080158
72.12799999999977,72,668.7355620905943,84,0.033600000000000005,1,72.1111378299118
72.15999999999977,69,650.2277490203611,81,0.033600000000000005,1,72.14266862170065
72.16000000000017,50,684.5711572785452,86,0.042,0,72.14345063538629
72.19199999999977,67,623.0209759440128,78,0.033600000000000005,1,72.1741994134895
72.20000000000017,47,660.7990075536826,83,0.126,0,72.18298142717515
72.22399999999976,69,514.68883949291,64,0.042666666666666665,1,72.20400977517083
72.26666666666642,71,474.68883949291,59,0.042666666666666665,1,72.24589442815225
72.2666666666667,88,605.9233620241093,76,0.05600000000000001,2,72.24855327468234
72.3093333333331,69,514.68883949291,64,0.042666666666666665,1,72.28934310850417
72.32000000000002,89,604.949400169849,76,0.084,2,72.30188660801566
72.32000000000018,48,621.3282008585434,78,0.084,0,72.30219941348992
72.40000000000018,47,530.2104276095466,66,0.05333333333333334,0,72.38032258064534
72.40000000000002,88,659.6260733694256,82,0.028000000000000004,2,72.38282502443795
72.41599999999976,69,564.2451824418941,71,0.06720000000000001,1,72.39710459433016
72.42666666666669,91,639.3567031966035,80,0.028000000000000004,2,72.40917888563052
72.4533333333335,48,490.2104276095466,61,0.05333333333333334,0,72.43287390029343
72.45333333333336,93,604.6585409765971,76,0.028000000000000004,2,72.435219941349
72.48000000000003,91,508.88918767626353,64,0.08533333333333334,2,72.4600097751711
72.47999999999975,71,585.2975031389024,73,0.1008,1,72.46141739980425
72.50666666666685,47,530.2104276095466,66,0.05333333333333334,0,72.48698924731201
72.57599999999975,69,654.7653178889741,82,0.033600000000000005,1,72.55882502443768
72.60799999999975,72,649.9634121740311,81,0.033600000000000005,1,72.59066862170063
72.64000000000003,88,549.0377107485084,69,0.05600000000000001,2,72.62079178885634
72.64000000000017,50,548.1529737469838,69,0.084,0,72.62079178885648
72.63999999999974,74,578.6827166370912,72,0.033600000000000005,1,72.6212609970672
72.67199999999974,72,507.549541166715,63,0.042666666666666665,1,72.65185337243376
72.69333333333336,86,581.3770379570559,73,0.084,2,72.67475073313786
72.7146666666664,74,467.549541166715,58,0.042666666666666665,1,72.69373802541519
72.72000000000017,52,536.6276931106626,67,0.126,0,72.70047898338238
72.75733333333308,72,507.549541166715,63,0.042666666666666665,1,72.7371867057671
72.77333333333335,88,634.3531235476415,79,0.028000000000000004,2,72.75568914956014
72.80000000000003,84,609.3631887185808,76,0.028000000000000004,2,72.78188660801567
72.8266666666667,83,586.0024363707432,73,0.028000000000000004,2,72.8080840664712
72.84000000000017,50,626.0625584370215,78,0.042,0,72.82219941348991
72.85333333333337,84,525.3142612560417,66,0.035555555555555556,2,72.83365591397853
72.86399999999973,69,558.8651446680389,70,0.033600000000000005,1,72.84494819159309
72.88000000000018,53,612.9631680731926,77,0.042,0,72.86204301075287
72.88888888888893,86,485.31426125604173,61,0.035555555555555556,2,72.86842945584885
72.89599999999973,71,571.6897403180847,71,0.033600000000000005,1,72.87710459433013
72.92000000000019,55,562.7827732515827,70,0.042,0,72.90094819159354
72.92444444444448,84,525.3142612560417,66,0.035555555555555556,2,72.90476702508964
72.92799999999973,69,627.9035634920074,78,0.033600000000000005,1,72.91019941348947
72.96000000000019,53,474.68765895524496,59,0.128,0,72.93922776148602
72.95999999999972,65,604.7337697860655,76,0.032,1,72.94188660801537
72.99199999999972,67,564.7337697860655,71,0.032,1,72.97310459433012
73.01333333333336,88,513.8983371529039,64,0.05600000000000001,2,72.99334310850443
73.02399999999972,65,604.7337697860655,76,0.032,1,73.00588660801536
73.05599999999973,67,584.2858577467,73,0.06720000000000001,1,73.03741739980423
73.06666666666669,89,531.9668331904752,66,0.084,2,73.04698924731186
73.11999999999972,65,448.61355294772136,56,0.1024,1,73.09875855327441
73.14666666666669,88,623.5701897017781,78,0.028000000000000004,2,73.12886608015643
73.17333333333336,91,603.5792976722186,75,0.028000000000000004,2,73.15506353861196
73.20000000000019,50,513.0522511276309,64,0.084,0,73.18000977517126
73.20000000000003,93,558.4376337216405,70,0.028000000000000004,2,73.18094819159339
73.2266666666667,91,478.8278173334992,60,0.035555555555555556,2,73.20605083088958
73.26222222222226,93,438.8278173334992,55,0.035555555555555556,2,73.2408243727599
73.28000000000019,52,540.7225832180646,68,0.04,0,73.26063538611945
73.29777777777781,91,478.8278173334992,60,0.035555555555555556,2,73.27716194200069
73.31199999999971,69,516.9870268674582,65,0.06720000000000001,1,73.29216617790783
73.32000000000019,53,500.72258321806464,63,0.04,0,73.29985337243421
73.36000000000018,52,540.7225832180646,68,0.04,0,73.34063538611944
73.3759999999997,71,522.9325115155441,65,0.032,1,73.35616617790782
73.3866666666667,88,509.50918452230235,64,0.028000000000000004,2,73.36667644183777
73.40000000000019,50,595.614686480526,74,0.042,0,73.38157380254174
73.4079999999997,72,482.9325115155441,60,0.032,1,73.38738416422258
73.41333333333337,89,522.9000390977135,65,0.028000000000000004,2,73.39349951124149
73.4399999999997,71,522.9325115155441,65,0.032,1,73.42016617790782
73.4400000000002,53,575.1960491343177,72,0.042,0,73.42126099706765
73.44000000000004,88,595.2245957743149,74,0.028000000000000004,2,73.42157380254159
73.46666666666671,84,576.6094376645942,72,0.084,2,73.44792766373416
73.47199999999971,69,588.7743581849279,74,0.033600000000000005,1,73.45357380254126
73.4800000000002,55,557.5259078342906,70,0.042,0,73.46094819159356
73.5039999999997,72,578.8781115213691,72,0.033600000000000005,1,73.48526099706716
73.52000000000021,53,443.0234627797902,55,0.128,0,73.49860215053785
73.5359999999997,74,580.7346308835424,73,0.033600000000000005,1,73.5174173998042
73.54666666666671,86,545.9065430441814,68,0.05600000000000001,2,73.52730205278597
73.5679999999997,72,452.9799769818055,57,0.1024,1,73.54691495601143
73.60000000000004,84,427.83435301966995,53,0.08533333333333334,2,73.57828934506358
73.76,43,820.0,102,0.9,20,73.74595307917889
73.76,47,820.0,102,0.9,20,73.74595307917889
73.76,50,820.0,102,0.9,20,73.74595307917889
73.76,67,820.0,102,0.14814748041140546,20,73.74595307917889
73.76,71,820.0,102,0.41295002307272,20,73.74595307917889
73.76,74,820.0,102,0.9,20,73.74595307917889
73.7835156183112,65,456.3479560006028,57,0.5449999999999999,13,73.76243057432293
73.79441540621661,64,424.33856275348705,53,0.2102333144729397,11,73.77270475128016
73.92143682547494,67,390.62869481991424,49,0.22878597971571935,11,73.8991005595903
73.97267763609536,45,558.9269562218237,70,0.07905390682766267,12,73.95362582768871
73.9764130123975,88,425.35362940783534,53,0.5374559294655314,10,73.95470235746104
74.00996152616365,64,406.3297944975617,51,0.16194424701739762,11,73.9879380657531
74.05985959766397,45,400.78928347275007,50,0.5346026842785938,12,74.03767973451637
74.15490999971657,67,405.5768312416568,51,0.5300913020454573,13,74.13288653930601
74.17238162682571,48,505.02085221297517,63,0.4267472648598226,12,74.15223499925973
74.17565455128467,64,469.70724076611316,59,0.10729362381017438,11,74.1548823127705
74.17928356098741,69,478.8512547921981,60,0.4800788945941815,13,74.1586677252103
74.18530095171397,71,440.8462691905736,55,0.150742632790961,13,74.16390310225161
74.19355954121546,53,508.2700085276547,64,0.5153667586709518,12,74.17356931638653
74.19501478343409,60,521.2492931413152,65,0.5142336062568089,12,74.1751809613422
74.28873018878008,64,430.5929763613742,54,0.4255075396186595,12,74.26717593658067
74.30192257400834,59,460.9314174211847,58,0.4997955856477579,11,74.28099393275713
74.30957728098485,100,486.00206844618367,61,0.4976005028358789,10,74.28911784794478
74.3207690499193,72,525.6005247591048,66,0.3264955640011732,13,74.30109163056447
74.33887593288287,62,516.7605421201653,65,0.16928052031451102,12,74.31904211079099
74.34088718176788,71,446.2862275048621,56,0.4912122491059026,12,74.31964573504257
74.34430762524731,96,437.9472831462674,55,0.05625879070103224,10,74.32290977578495
74.34611155039674,108,549.9343748548655,69,0.49024406911642543,10,74.32690333925305
74.40228195847034,96,607.8368830126697,76,0.2786683275912435,10,74.38416856648598
74.4469629093934,93,513.2113439377187,64,0.09994502985390852,10,74.42697268456448
74.51378206414557,62,485.0724245983997,61,0.47061673791898906,12,74.4933226311055
74.52405331986027,76,536.3063154223729,67,0.16526470673665983,13,74.50453230324248
74.55159513377322,93,529.07636564377,66,0.11137993930881407,10,74.53191771441838
74.60491090537077,48,464.0486634289111,58,0.1823530840230586,11,74.58398226411956
74.6510133920241,72,593.917782036566,74,0.2579827584257782,13,74.63258719456564
74.66186001178883,69,611.3236824343519,76,0.425143635738902,13,74.64374661980447
74.66750586487089,93,551.3518973305746,69,0.42252843511912447,10,74.6482976537272
74.68657589700977,96,574.8829190441506,72,0.4104507032113912,10,74.66783689407723
74.69306680470055,76,600.91746119594,75,0.33789529883970715,13,74.67479700997914
74.71673528460597,64,556.7147811559702,70,0.3409738025517822,12,74.69768347619933
74.74595091073286,47,541.4015512897562,68,0.4090514274071805,11,74.72658629685212
74.77806928902655,45,653.9306153709628,82,0.045279255054277885,11,74.76089431346448
74.79023075381221,48,566.7733443141702,71,0.12755821149682844,11,74.77133534814261
74.81272542690728,95,578.0512359158745,72,0.28218429628872854,10,74.79398642397473
74.81419730183066,79,587.384107613684,73,0.27882435505210423,13,74.79561470163516
74.82975616871425,45,587.6832226183002,73,0.14453479162157634,11,74.81117356851875
74.84398857098591,57,593.5863276995353,74,0.380220987447003,11,74.82556237352746
74.84883845275981,52,566.1154669843728,71,0.20922738487163428,11,74.82994304709021
74.84718443870263,81,664.5995736021716,83,0.25645607397754133,13,74.8301658658776
74.85063973694652,88,536.291748713893,67,0.11238537051616049,10,74.83111872032873
74.8508556447415,84,641.1099584729945,80,0.17190114709478166,10,74.83336786370533
74.8801539454082,55,573.7058706152757,72,0.3747144618224321,11,74.86141494247565
74.89776764211634,60,626.9134857520245,78,0.255638164518582,12,74.87996705560607
74.91290133129054,72,647.6946766547044,81,0.3623707531898874,12,74.89556995299142
74.92185054888675,48,614.8775348960813,77,0.35836448792890363,11,74.90389355963944
74.94962843324227,91,614.5679395512839,77,0.3559909124139954,10,74.93167144399496
74.96583546914401,88,644.8670554283005,81,0.050025783540969544,10,74.94850409084489
74.97192977255342,50,684.0561649744894,86,0.3442874387964719,11,74.95538040793954
74.97741412749126,45,677.466396321609,85,0.3426622200534397,11,74.96070836014033
75.02039204447384,88,672.4429760567817,84,0.34119914912112465,10,75.00352987438586
75.02433604647521,62,667.1243665766898,83,0.27374050535430683,12,75.00731747365019
75.02666197267695,84,697.0757111338368,87,0.3286719755161111,10,75.01026901080012
75.03424167343273,76,689.5495041325852,86,0.3280509889612681,13,75.01769230881885
75.03776806530468,100,683.3901136067826,85,0.326027616794091,10,75.02106229795375
75.06098865705023,64,646.6786532660968,81,0.11517078954616522,10,75.04365727875111
75.0622838239462,52,608.9431878623908,76,0.3188935395149907,13,75.04417043196185
75.06097424886697,40,684.2520928071797,86,0.3250864489452396,11,75.04442488425309
75.08164292038562,83,691.2929978105232,86,0.19235864722747464,13,75.06509355577174
75.09567561582705,79,703.8560499722772,88,0.08841534000976992,13,75.07943905668726
75.09834569582553,95,659.3474502781694,82,0.30966575279021374,10,75.08117072026346
75.09999336463954,96,683.8710294189208,85,0.11536402865140871,10,75.08328759728862
75.10817130446902,81,689.8676642530941,86,0.09421130992204041,13,75.09162193985514
75.15824940389787,60,635.945841540194,79,0.0523917947113074,11,75.14060522012466
75.17928261375182,64,744.433223906059,93,0.11907505853317957,12,75.16382806829728
75.18815253941453,79,753.8547433309642,94,0.04729178911575616,13,75.17285439669703
75.20628779523173,81,747.0711782591659,93,0.11699632206591104,13,75.19083324977719
75.2143899767128,60,693.766303592142,87,0.24330038869369275,11,75.19799701483596
75.21540422968883,65,732.6360458753933,92,0.27851875909658314,12,75.19979328149724
75.21910617139457,96,746.3454785080476,93,0.11897461682466826,10,75.20365162594003
75.24013152305619,79,765.2754906190869,96,0.07367607685481914,13,75.22514618581279
75.24391163145874,93,728.4144339177234,91,0.055687075186379505,10,75.2281442805301
75.27978358129833,83,647.7785935493258,81,0.1156576231430887,13,75.26245220299921
75.29013852931752,57,757.4187363383588,95,0.05032990804347549,11,75.27499678933707
75.29396986195779,67,728.421136455537,91,0.25922865407807916,12,75.27820251102915
75.30198173267019,62,720.9211217864487,90,0.05290171482661322,11,75.2860579790045
75.30429608870729,64,695.6671960078027,87,0.14138722146708005,12,75.28790312683046
75.30569352580446,93,670.156197173746,84,0.059842365423430695,10,75.28883135571648
75.32074988431991,77,657.9371749725108,82,0.25209158930425984,13,75.30357490875784
75.31880759991101,79,768.8312930344315,96,0.057403589984967314,13,75.30382226266761
75.32844052003469,81,733.5246738714953,92,0.1631861793871775,13,75.3128295718431
75.33388085228216,69,761.2611758787452,95,0.2148087409772711,12,75.31873911230171
75.34182956632286,96,806.2564850540616,101,0.22041565323199108,10,75.3276262427647
75.34609404830918,57,730.8218619357666,91,0.08177702538577136,11,75.33032669738054
75.35247153927808,45,727.8714275697707,91,0.2453955112869941,11,75.33670418834944
75.35901114282194,33,752.1816101446234,94,0.24239033922497,11,75.34371300010444
75.35847582286337,62,788.417837341708,99,0.24384495529894612,11,75.34395969383111
75.36615602869188,59,737.7524044562858,92,0.24226089883024415,11,75.35054508050028
75.36772064196103,93,819.7119566669721,102,0.08661961793202522,10,75.35367372113991
75.37996945020619,55,767.6864052071028,96,0.05588833977808861,12,75.36498411296279
75.38308802274055,79,675.9892698182191,84,0.23722585849828098,13,75.36622585265258
75.38419309426475,89,771.4516718650243,96,0.23648221407619174,10,75.36920775702134
75.39825156612275,83,763.904023940635,95,0.23621905566064688,13,75.3831098261423
75.42644532723124,84,760.7231114850903,95,0.05745442134672885,13,75.41130358725079
75.43349668464315,57,697.8957156799537,87,0.1025263648893383,12,75.41710372276631
75.4405717945781,52,743.4622575395351,93,0.10928101658736977,12,75.42511724912356
75.44054498451018,55,783.6176228163047,98,0.22467442685300548,12,75.42587245274088
75.44708604722227,64,883.6604571096746,110,0.04653888154200104,11,75.43429034829754
75.46074788452648,93,746.9877769069179,93,0.05352966246179392,10,75.44529333907194
75.46159554624715,60,748.2577765972626,94,0.06525146267270088,11,75.44629740352966
75.47164407054714,48,768.6068324556443,96,0.21827729466730333,12,75.45665873330374
75.4745988668754,72,789.4065772026983,99,0.21602375363287063,11,75.46008273784314
75.4770217927861,88,760.9333722388412,95,0.07300339363318187,13,75.46188005280565
75.48174033423433,40,746.4061558998783,93,0.07387132804690111,12,75.46628578877979
75.4881839227683,105,703.8102705482985,88,0.15079014045290762,10,75.47194736362852
75.49015097047435,84,695.7812648429086,87,0.0630926392451937,13,75.47375800859751
75.49584468573663,81,776.4493658419448,97,0.12276556246944892,10,75.48101575123027
75.50128377529408,64,741.443117423213,93,0.053238604304946764,11,75.48582922983954
75.5180263250919,93,807.1143523214316,101,0.11656662784612137,13,75.50382300153373
75.53012657881233,60,837.8897688586045,105,0.2058680401282909,11,75.51654886620236
75.53961542489905,57,771.1779473051054,96,0.06536538409458614,11,75.52463008765565
75.55400239873353,69,740.1374254884664,93,0.09541953055245755,11,75.53854785327898
75.55454000569138,52,759.845979167354,95,0.04887927648219204,11,75.53939826571093
75.55455597820814,88,783.3010684061165,98,0.17069970496411713,10,75.53988344643884
75.55636677687497,84,794.9660928109262,99,0.06613275189911405,13,75.54185064784271
75.55983518507313,64,727.379756982553,91,0.07039881751594634,11,75.54406783414449
75.55998605133304,40,776.2120492442504,97,0.049031237242369914,12,75.54515711682669
75.5674016222919,96,803.3448148823069,100,0.07717593683021107,10,75.55304189599669
75.60364070943814,86,767.2540854144949,96,0.09041104870802996,13,75.58865537219474
75.60732446301424,52,817.2295406885534,102,0.1882762737303441,11,75.59327754219312
75.60841678162316,57,846.3134290806423,106,0.1875553823312195,11,75.59499547175024
75.61386088583836,40,784.9350025402977,98,0.11127816718055328,12,75.59918835406906
75.62079061032567,28,794.5389194393932,99,0.18628389339785356,12,75.60627448129341
75.62376665094313,81,765.29097294353,96,0.15962278444991795,13,75.60878131369972
75.62749952877408,84,794.3384619397808,99,0.1555147122287036,13,75.61298339974182
75.6348093967429,45,689.1631301976795,86,0.0915387628990868,12,75.61826003212902
75.63398278069269,64,792.2647264025726,99,0.18366272027117048,11,75.61946665166043
75.6411569803085,93,729.6772044179413,91,0.07021048655692652,10,75.62538962937985
75.64115881395435,105,844.3586619562732,106,0.1810817414866469,13,75.62773750408142
75.6498903645962,96,787.7625739392458,98,0.1810813979425861,10,75.6352178328269
75.65093254073383,98,796.1943557214408,100,0.17945464142660222,13,75.63657281443862
75.6537963183378,69,776.2651295477672,97,0.1792617028578421,13,75.63896738383144
75.6538115106411,33,852.5240899740787,107,0.1787328847174552,11,75.64054660350523
75.68194361824177,41,835.413046934324,104,0.17873008464821877,12,75.66820950289475
75.69795693898683,86,825.5042864439229,103,0.13763822983069474,10,75.68406642090277
75.71339581486151,93,876.0031121063292,110,0.05464954515353327,13,75.70060011593678
75.72900211858627,45,806.4241698737575,101,0.10195064902628814,12,75.7147987950281
75.72966984480777,40,804.8327323944826,101,0.1326418491451119,12,75.71546652124961
75.73088129412045,88,753.3135984933997,94,0.08894782788095312,13,75.71558315140295
75.75054293453,36,832.5581066080348,104,0.12495375659212982,12,75.73680881918298
75.77414017917438,93,827.1918924750164,103,0.07075710038638305,13,75.76024966109031
75.77900845312168,55,839.8623222738506,105,0.15839171034152066,11,75.7654307405117
75.78585132044701,47,802.2860278988346,100,0.15764965920451307,12,75.7714915941518
75.78698181075961,81,837.6710875537651,105,0.087367535498596,10,75.77340409814964
75.78801424100278,84,795.0951242005241,99,0.06517656969426866,10,75.77349811197053
75.82326509463093,88,828.9039885543236,104,0.09649745449828628,13,75.8095309792839
75.83391953203093,45,915.6918820143014,114,0.15120729854568665,12,75.82174944405439
75.84106437702867,86,801.2500953595024,100,0.14973935805469307,10,75.82670465073346
75.84520761647823,95,785.1460353567304,98,0.1487732951359056,13,75.83053508470893
75.84600743686211,89,783.0073936518786,98,0.14821986242107105,10,75.8313349050928
75.84716684914038,57,853.5128639437636,107,0.048840710619198265,11,75.8339019420045
75.85036648777191,93,797.2502030380205,100,0.11715430060000187,13,75.8360067614767
75.8553315343201,96,839.6906354410277,105,0.07995115262080332,13,75.84175382171013
75.8586600189082,84,764.1423023146242,96,0.127616503215516,10,75.8436746816648
75.86559126384536,40,895.6962635900836,112,0.12605704898167402,12,75.85310837039472
75.87337271796908,33,831.1204052951073,104,0.14459359757959778,12,75.85963860262206
75.87292116854327,76,907.1483376659868,113,0.14557014319809264,10,75.86059467782968
75.87335082146697,38,891.5509139455905,111,0.05986023301671651,12,75.86071152527929
75.87934934625821,81,839.5448571781212,105,0.08671963933449944,10,75.86577163364824
75.88112230207032,36,800.9699184873677,100,0.09896653768687258,12,75.86676257577511
75.88526767669293,100,849.094393232301,106,0.14363345887584522,13,75.87184636682001
75.89221389744611,72,861.9780894352674,108,0.11619937719255347,10,75.87910539304728
75.90194597618186,57,809.6470735767904,101,0.14229435357519582,11,75.8877426526237
75.92288571628464,88,929.6686894438739,116,0.14114981092391704,13,75.91102843378219
75.93836745722074,38,883.1080665017454,110,0.08330198825903323,12,75.925571758296
75.94122110336319,96,789.9250533890023,99,0.054942923900479175,13,75.92670497433093
75.96997416643337,81,899.0712769622598,112,0.12685225737744588,10,75.95749127298274
75.97298999658305,93,772.8144549291675,97,0.06592714859281557,13,75.9581610620767
75.976225444799,60,829.4651519420318,104,0.1211700126455878,11,75.96249132945198
75.97599861855137,69,851.6600276268172,106,0.1336719302167661,10,75.96257730867845
75.98211718775329,36,951.8930067848922,119,0.09339652405834442,12,75.97072911346199
75.98407533542161,98,878.098980641971,110,0.1328249127755896,13,75.97127963649687
75.98877407833095,84,898.7266602546837,112,0.08151892594362209,10,75.97629118488031
75.99821234019751,40,819.5468347102209,102,0.13222370215121465,12,75.9841654193764
76.00085122178957,96,810.5439313268064,101,0.13139532622350075,13,75.98664789823141
76.01372608011276,72,846.5831361948125,106,0.09100579817393395,11,76.00030477023984
76.0230461598733,108,792.7723520787217,99,0.1294332667297063,13,76.00853003084104
76.02200021986575,62,893.5675300141564,112,0.13009523641673704,11,76.00951732641511
76.02729505642796,38,848.0499792089892,106,0.1291710938084541,12,76.01387374655503
76.04282232601653,93,828.0399624364952,104,0.12879320426423002,10,76.02908821066951
76.04521375190967,33,842.7307033764954,105,0.12149979889421558,12,76.0316360392997
76.04479540391218,89,893.9217122578584,112,0.12786469275223944,13,76.03231251046154
76.05709407246125,105,803.4873266976499,100,0.12769349116700912,13,76.04273434616604
76.05932707018208,45,834.1539440931974,104,0.12687042988336872,12,76.04559295483506
76.07591861522276,84,860.004226967973,108,0.07446593864357964,13,76.06281011082393
76.0827033501303,36,841.4542265189456,105,0.12566018904210519,12,76.06912563752033
76.08606841260958,57,789.5280259699572,99,0.12525233593987717,11,76.07155228357732
76.09287811789366,48,895.6589537951727,112,0.12505563788851182,12,76.08039522444302
76.10208265197049,60,851.2263971536596,106,0.12419219834408923,11,76.08866134209757
76.10167002107377,81,903.8007308858483,113,0.11777807278506713,13,76.08934353036018
76.10443615464341,77,857.2179025585676,107,0.12417044752573536,13,76.09117124750753
76.10621225305967,28,841.8331329342994,105,0.10878131320158502,12,76.0926345404497
76.10926267007555,72,871.4334592618866,109,0.12395585221238492,11,76.09631056841377
76.13155976775006,88,800.3470036708717,100,0.12380094291710636,10,76.11720004145485
76.15194160107457,64,874.4920234546333,109,0.12276189913940622,11,76.13898949941279
76.1520499200127,31,883.435903275052,110,0.12195613260616261,12,76.13925422108797
76.1546025401811,84,903.3648469812559,113,0.12195221888645308,13,76.14227604946751
76.1614435473046,55,741.373513781804,93,0.12186111836491526,11,76.14598900185005
76.17186995354093,33,834.8887224966983,104,0.12162765964289901,12,76.15813583819391
76.17595264179178,91,878.5190524062551,110,0.12130182538008821,10,76.16315694286705
76.17926799818626,93,891.6802769468788,111,0.12118411273586399,10,76.16662870199858
76.1893250667711,96,843.5924875257278,105,0.05029069565177736,10,76.17574735416113
76.19197774157236,83,885.6842685729371,111,0.12083751770403633,13,76.17933844538467
76.21157996097249,53,891.0438506433787,111,0.12077586525925732,11,76.1989406647848
76.216604614006,45,878.9587759322047,110,0.12039324656950584,12,76.20380891508127
76.2204627744724,28,819.5012746623706,102,0.1203158843800371,12,76.20641585365128
76.22476089933294,81,886.5384292520379,111,0.12026222355879046,13,76.21212160314525
76.22495630265125,40,906.2934771878247,113,0.12020831825481415,12,76.21262981193766
76.22775753950862,38,845.484815668817,106,0.12020601475341375,12,76.21433622963569
76.23043413356622,57,849.6171198630092,106,0.10451501066465141,11,76.2170128236933
76.23674159511535,52,831.5378053746582,104,0.12014664927812713,11,76.22300747976833
76.24231707888072,69,840.7018726422089,105,0.12009075647168166,11,76.22873936627074
76.24477216515993,96,828.2923678997688,104,0.12004094848784796,10,76.23103804981291
76.26816797381422,77,834.6151312917781,104,0.06710513454664635,13,76.2544338584672
76.27289422796859,100,843.3248289858099,105,0.1200111936964986,10,76.25931651535862
76.28372644842537,26,827.91751021539,103,0.12002789522400387,12,76.2698359303413
76.3142046446157,74,861.6502310429402,108,0.05771965434781635,13,76.30109614021687
76.31489262145315,89,875.5390667275244,109,0.12049278076294068,13,76.30194051979137
76.33916713054563,57,884.8356883859227,111,0.12050536410995366,11,76.32652783435795
76.340742316572,77,804.6835934886766,101,0.05117826976835261,13,76.32653899301384
76.34502166580863,33,840.9013436168328,105,0.10806880011419195,12,76.33144395319866
76.34836895834492,91,865.3172791146335,108,0.1212116989217617,10,76.33526045394609
76.34934733963219,36,830.7179147994117,104,0.12130888592367384,12,76.33561322428517
76.36386667358254,84,873.8555744180035,109,0.1213379985348032,13,76.35091457192075
76.37189419405986,93,847.462388446593,106,0.12180752563675584,10,76.35847288418694
76.37447741866058,62,910.3740011822208,114,0.12209723987963211,11,76.36230733068403
76.37833192359695,74,791.8809004276748,99,0.1223111185606327,11,76.36381579456469
76.37747113819427,35,863.2414494937219,108,0.12219502376681102,12,76.36436263379544
76.39676418360331,77,812.4582054439492,102,0.12312115451042771,13,76.3827172627822
76.39655773564388,103,881.6260812072388,110,0.12234505005078183,10,76.38376203671915
76.4124590679698,96,904.7015368488753,113,0.12313057550807416,13,76.40013257725622
76.41624979314406,65,829.4275343794703,104,0.12388800110570336,11,76.40251567779704
76.42197269881962,72,817.7052183778927,102,0.12408311713794973,11,76.4079257779985
76.42531310711006,88,786.7749624634222,98,0.08342012477110472,13,76.41064057534075
76.45725158450337,29,847.4160674921131,106,0.12456878623850504,12,76.44383027463044
76.45777766044873,33,853.014606404724,107,0.1264947866857613,12,76.44451275331285
76.482720269436,86,833.2358654414893,104,0.055412995070635136,10,76.46898615408898
76.48725229443782,89,905.5152010079112,113,0.11847172675544015,13,76.47492580372423
76.50573555245161,45,846.4881043955913,106,0.12100021966979113,12,76.49231424257869
76.50442958417877,74,955.8727533510211,119,0.0714666883833911,11,76.49304150988746
76.51068026179384,101,862.7045840904165,108,0.13005149816847306,10,76.49757175739501
76.51107438535135,88,916.4101233893755,115,0.1304566982849134,10,76.49906070011185
76.5311783880373,91,845.2323271440087,106,0.0565724581531083,10,76.51775707816438
76.53188740486165,38,852.8277619932932,107,0.13221945954187153,12,76.51862249772577
76.54282045903254,86,850.0089267744962,106,0.08837150433113095,11,76.52939914915962
76.58339871635492,74,827.2901452735751,103,0.08454324624467346,11,76.56950819827085
76.59243804071632,91,863.4503238364542,108,0.1373077167964959,13,76.57932953631749
76.59409484503679,33,869.151556010019,109,0.13827447264928938,12,76.58114274337501
76.59466649514017,93,874.9388239983197,109,0.1384543892496925,13,76.58171439347839
76.59974900592948,41,809.598747704118,101,0.13851666140627078,12,76.58554568237132
76.60911483949116,105,794.4170079804462,99,0.13907471761818452,13,76.5945987104589
76.61092781999378,98,855.5026547455092,107,0.07102614182655997,13,76.5976629128579
76.61307006224898,89,782.7996016263894,98,0.14032987341793302,10,76.59839753047967
76.62022670756033,79,823.9611807249613,103,0.1405747417270572,11,76.60633618947627
76.62472973819993,81,885.5430554418003,111,0.14140285432227828,13,76.61209044201225
76.63220498033255,45,822.824007858212,103,0.1419318370491941,12,76.61831446224848
76.6332928954049,96,858.7292693196473,107,0.10148238523664588,10,76.62002798826903
76.63587915788958,86,867.1738677065932,108,0.04967277018728112,13,76.62277065349075
76.67372397628483,74,784.6184954901032,98,0.12370399156535938,11,76.65905144451553
76.6745775060228,100,819.9991500345809,102,0.06438773689869037,13,76.66053058520168
76.67668941595319,53,770.9393619753585,96,0.1481912963125277,12,76.66170407870979
76.68679755908329,98,865.2464192230451,108,0.08267605517660115,10,76.67368905468446
76.69211595544733,86,784.5938384447436,98,0.08354334806183317,10,76.67744342367803
76.69292425043258,50,815.7148125586791,102,0.10021762734832407,12,76.67887732961147
76.70703408568465,55,851.4548039521769,106,0.15067852966916656,12,76.69361277581173
76.7374916746817,62,859.545507363023,107,0.15265718599310574,12,76.72422676754583
76.74102650253793,96,790.6461848841286,99,0.0872185879299775,10,76.72651037350568
76.74521646481787,100,753.1115598786976,94,0.07793491805885366,10,76.72991832210037
76.76376516497265,88,791.4623230361005,99,0.15696262916905368,10,76.7492490359404
76.77478641973399,98,844.539137427811,106,0.05585981645816219,10,76.76136510986106
76.78003369256098,86,814.8376697331778,102,0.05759298870340047,10,76.76598677173986
76.79782907230681,50,834.9924003651073,104,0.1637825100516911,12,76.78409495695979
76.8021151623761,74,802.2791080961688,100,0.07861428978687968,13,76.78775543608089
76.80264921790642,72,777.5315400003777,97,0.16743187948045507,11,76.78782028340007
76.8261181472951,100,854.9528313046819,107,0.08092409189985517,13,76.81285324015923
76.83042984120105,96,935.5657531839597,117,0.1094513126020712,10,76.81872896143565
76.8358026389292,98,843.7052886445574,105,0.10161899782115824,13,76.82222492631922
76.84340869494962,86,774.9536934987048,97,0.1732432197076862,10,76.82857976044326
76.85565834963356,65,782.5681469474721,98,0.17459519102404086,11,76.84098581786425
76.88494743847774,74,838.7229381602833,105,0.17680282983755014,10,76.87136972586777
76.90661062109154,57,821.6388290478643,103,0.18222988452629058,12,76.89272010300748
76.91298065561725,100,805.8952807028409,101,0.13616914690099235,10,76.89877733205908
76.92557139140466,88,796.0068383179444,100,0.12068635493158808,13,76.91121166510945
76.93768298938694,71,836.8721285991569,105,0.09684638281822344,11,76.92410527677697
76.93981327159302,59,780.4012341098304,98,0.19250944570182343,12,76.92514073982372
76.9425780394874,98,828.5052343452803,104,0.18343516705821628,10,76.92884392414038
76.9461323756995,96,868.8949016982401,109,0.1934955057513969,13,76.93318027403772
76.97464426704178,79,816.350187353859,102,0.19421479032455652,11,76.96059734622067
76.99530989413218,67,833.1388451298001,104,0.2000832879994195,12,76.98157577878516
77.01165323095795,77,777.8311457805778,97,0.10849287103593042,11,76.99682429645159
77.03937296946812,71,849.1625851928545,106,0.20795306084043713,12,77.0259516595952
77.04532168074583,81,809.5132207201697,101,0.14188642656098238,11,77.03111835718767
77.0514141490733,88,790.3811339727398,99,0.04892752828848302,13,77.03689802004104
77.05414980251824,100,807.7242129409182,101,0.21670765838278377,10,77.03994647896008
77.06540364389386,76,784.9148250504269,98,0.21732087758001206,10,77.05073111212455
77.07313638690408,65,810.3422122508267,101,0.21985775666350732,12,77.05893306334592
77.08256032293264,86,770.029129483574,96,0.08560737274069197,13,77.06757498568923
77.08767740686935,69,676.4414149886146,85,0.22376845209908125,12,77.07097163951842
77.10581088557292,88,765.2492118457759,96,0.22494470838525887,12,77.09082554832952
77.12577171294207,77,746.1974983746657,93,0.14458147898283868,12,77.11031716748752
77.1325772339161,98,752.1637273743236,94,0.12199917132677285,10,77.1172790911986
77.17301129293628,86,775.1369353017399,97,0.2199006163965248,13,77.15818235842993
77.17833238684905,93,806.2446051725288,101,0.13502472193944015,13,77.16412906329089
77.19424134288843,81,700.3868589249108,88,0.04530244999502998,11,77.17800478374865
77.20295538987122,89,681.6533686908145,85,0.0849976031179932,13,77.1862496225203
77.23023284095747,72,769.5730941760577,96,0.0769454860031783,11,77.21524750371407
77.24297976551298,81,786.071167030299,98,0.08654031285704888,12,77.22830723374368
77.26051482166515,98,703.558881787458,88,0.1748470484276322,10,77.24427826252537
77.267353121763,74,738.9356136646919,92,0.23962746870804608,11,77.2517421735714
77.27785563571767,77,615.761357226942,77,0.250377937561704,13,77.25989864647036
77.28490069502847,84,745.1852808646985,93,0.17331053677728903,13,77.26944614957392
77.2909197574076,89,787.4314705290028,98,0.07229109329409311,12,77.27624722563829
77.3123347296977,72,756.5514365789476,95,0.06674023925877293,11,77.29719298971725
77.31703660296708,65,683.6237227004397,85,0.28025749398098393,11,77.30033083561615
77.3210159553183,93,674.6717187074169,84,0.11151452253852312,10,77.30415378523033
77.33080381378649,105,698.2273342924984,87,0.2825076038300535,10,77.31441085190966
77.3370225221628,81,659.1742690144952,82,0.2684654899922475,11,77.31984754660073
77.33876116039535,91,779.8737765389961,97,0.15079587423239615,10,77.323932225889
77.36899286438693,89,741.926229377159,93,0.2871252498880369,10,77.35353831893238
77.385795399064,72,672.8401645202437,84,0.2950428402690755,12,77.36893322897602
77.39978874217738,86,678.3779280061152,85,0.1591454733190244,11,77.38308297482645
77.40910511348362,69,701.0820880438455,88,0.1298396661942104,12,77.39286855434383
77.4286523820948,67,648.9033749686123,81,0.3056296227220104,12,77.41132100379568
77.43564416383762,95,689.0976281820425,86,0.12474548142901198,10,77.41909479922374
77.43846889427911,93,623.0246347590576,78,0.24873658886434213,10,77.42066830776885
77.44067467556688,98,684.0993455278953,86,0.13063668728073707,11,77.424125310953
77.44686209223582,107,646.418714309209,81,0.31401109308663544,10,77.4295307139367
77.463993245491,84,700.9864356250126,88,0.2939594137947762,11,77.44775668635121
77.4976850893687,91,615.2664582374028,77,0.3202214117629449,10,77.47972810012139
77.50551425307772,88,644.7776625256131,81,0.32921161447266806,10,77.4881828747786
77.51385742331561,74,638.2981577383325,80,0.13734162117728033,12,77.49636964227945
77.5225894349291,83,644.3283165928436,81,0.11097277833884334,13,77.50525805662998
77.5313567404348,77,708.3407553534513,89,0.0513024622198185,11,77.51527658403207
77.54331916872964,69,739.2514279942873,92,0.14905030729236557,12,77.52770822053805
77.55386816805866,79,647.963103532128,81,0.1102352089118267,13,77.53653678975954
77.56518543739278,86,612.7453338975889,77,0.11026259161117025,10,77.54722844814547
77.56617165895187,95,644.7796702113236,81,0.07381374948699715,13,77.54884028065275
77.57693697379581,98,656.4758244721667,82,0.3474873668475473,13,77.55976199823374
77.5892232300251,77,633.7877698419708,79,0.3503534690957407,13,77.57157904625188
77.610331609418,81,665.0570571419795,83,0.0627645423546096,13,77.59331303659297
77.6384058105309,83,655.6221842209774,82,0.07132263123525717,13,77.62123083496883
77.64529821391297,95,629.8140110443323,79,0.3666402914109052,10,77.62765403013975
77.65651184996699,74,624.8538628786163,78,0.2283140912691789,12,77.63871126345673
77.66427689750685,89,638.3228662442741,80,0.09143905094578997,10,77.64678911647069
77.66941618244458,79,630.6101370140544,79,0.3734398023675508,13,77.65177199867136
77.67078529004466,71,612.9471274487779,77,0.37478560010801115,12,77.65282830079735
77.6780961517726,81,662.02990088089,83,0.14905199497480737,13,77.66107757894758
77.68044802900395,86,615.0394360051276,77,0.0982528849790566,10,77.66249103975665
77.69251828861755,93,605.2180573464068,76,0.11880956780465624,11,77.67440489663319
77.69924630886658,69,643.6973997120008,80,0.1529613216566713,12,77.68175852783041
77.71613606639959,83,580.2540613829979,73,0.38256046162104557,13,77.69755346620408
77.75728158394904,76,645.2791203944818,81,0.38693208309947014,12,77.73995020564992
77.76118515666379,89,618.486579720466,77,0.08544514998188901,10,77.74322816741648
77.76592431128968,84,554.10693199117,69,0.2576052227256821,13,77.74671610014599
77.7840137194571,86,602.7788484428753,75,0.1410133622723987,13,77.7657439247357
77.81789188379268,93,525.9661754844867,66,0.15395901950113966,10,77.79821446443785
77.83214814674741,81,660.4659981402023,83,0.21157952286683723,13,77.81512957392239
77.83932442919762,96,550.3686930325387,69,0.41619447421861827,10,77.82011621805393
77.84844055121806,72,555.4231973918688,69,0.4179524760561501,12,77.82923234007437
77.85209951485682,89,588.5558612673427,74,0.39890214083025455,10,77.83367331739836
77.85845885241963,69,572.1830811430461,72,0.18150847941027848,11,77.83971984948708
77.88667801001722,101,614.0269896360275,77,0.42260555665367333,10,77.86872102076991
77.89138996860665,74,544.7365055929143,68,0.11479717163792713,12,77.8720253547259
77.92955787351836,86,621.0607708934446,78,0.10210385003169165,10,77.9117572870081
77.9586273857684,98,523.6667558485411,65,0.10030402938512395,13,77.93879356367651
77.97653809781973,93,542.1891074599556,68,0.09870063138839213,10,77.95717348393899
78.01103073750753,74,552.6636039521773,69,0.07042808730283923,11,77.99182252636383
78.02868593675241,84,544.5710047695657,68,0.4187803629986132,13,78.00932132287167
78.03838215365758,86,538.8906980980773,67,0.09562533213859126,13,78.01886113703979
78.04574934551515,69,535.5075813941371,67,0.1885488405002559,11,78.02622832889736
78.05138651614406,81,526.2994858325566,66,0.22064604450265335,13,78.03170909678923
78.06346220694238,98,543.9860212510464,68,0.4661724364450728,10,78.04409759306164
78.0659964016081,64,539.104334568233,67,0.4686636775329133,11,78.04647538499032
78.08039513194517,93,537.047876558096,67,0.469182525988007,13,78.06087411532738
78.08614601933627,74,565.4479140116421,71,0.048138435049220336,12,78.06725061366667
78.09419366400338,62,471.68033391147634,59,0.4732581803436127,11,78.07342142548922
78.13838187484798,86,568.174306546062,71,0.07329675239698019,10,78.11948646917838
78.14037927354482,74,508.53925068663756,64,0.1563240424110387,12,78.1203890487159
78.21163437497702,77,557.0981429965871,70,0.0746945047105737,12,78.19258256657038
78.21808625187839,86,492.5991795998266,62,0.2032585732518396,10,78.19778322157536
78.2396109914895,69,522.4255221930722,65,0.05055170655729569,11,78.21977716939762
78.25725287758345,89,529.2930185527583,66,0.501159788343691,12,78.23757545822862
78.26003616347005,65,501.6584630443721,63,0.5039839009402345,11,78.23988953590407
78.27750176885786,81,500.68650277951986,63,0.5044217873257248,13,78.25735514129188
78.29273650432103,77,490.4916915358143,61,0.5071213810022308,11,78.27227707128095
78.29547550352089,69,504.8759183878773,63,0.509407517400424,11,78.27532887595491
78.30326734332634,74,433.0440547779723,54,0.5098116814268981,11,78.28171309112693
78.35310454397397,79,473.3838692707292,59,0.5109499340314195,11,78.3323323054598
78.42634482513023,86,495.26622324829526,62,0.08325322422929105,13,78.4060417948272
78.45496874354379,84,414.517950520639,52,0.5265934376751582,13,78.43310168587028
78.51428524388542,86,509.7691257040766,64,0.23486865756948816,10,78.4942950190565
78.61041372968775,95,464.27477098969365,58,0.5349501895166453,10,78.58948508843653
78.68688394872548,93,492.8805291292308,62,0.541256714542088,13,78.66658091842245
78.75446670692901,86,499.4691333594981,62,0.5441036686703296,13,78.73416367662598
