exponent_c,residual_jitter_std_ms,notes
0.3,1.044552,526
0.4,0.476884,526
0.5,0.0,526
0.6,0.401524,526
0.7,0.740423,526
